origin,destination,vehicule_type,co2_train_kg,co2_avion_kg,co2_saved_kg,is_substitutable,distance_km,station_lat,station_long,station_lat_dest,station_long_dest,origin_city,destination_city,trip_count_corridor,trip_count_origin,service_share,origin_station_traffic,origin_city_population,dest_station_traffic,dest_city_population
"Aalen, Hauptbahnhof",Aulendorf Bahnhof,Train Longue Distance Nuit,1.6559830698861469,,,0,104.30732362598556,48.8416777,10.0961295,47.9529683,9.6438996,"Aalen, Hauptbahnhof",Aulendorf Bahnhof,1.0,468.0,0.002136752136752137,,,,
"Aalen, Hauptbahnhof",Bahnhof Überlingen,Train Longue Distance Nuit,2.187760624208272,86.41508424436721,84.22732362015894,1,137.80301235879767,48.8416777,10.0961295,47.7689677,9.1630584,"Aalen, Hauptbahnhof",Bahnhof Überlingen,1.0,468.0,0.002136752136752137,,,,
"Aalen, Hauptbahnhof",Friedrichshafen Stadtbahnhof,Train Longue Distance Nuit,2.2218791782150396,80.21870271873803,77.996823540523,1,139.95207723702694,48.8416777,10.0961295,47.6532824,9.4735701,"Aalen, Hauptbahnhof",Friedrichshafen Stadtbahnhof,1.0,468.0,0.002136752136752137,,,,58403.0
"Aalen, Hauptbahnhof",Ludwigshafen(Bodensee) Bahnhof,Train Longue Distance Nuit,2.1861708953186914,83.10473122817474,80.91856033285605,1,137.70287826396392,48.8416777,10.0961295,47.8156006,9.0531495,"Aalen, Hauptbahnhof",Ludwigshafen(Bodensee) Bahnhof,1.0,468.0,0.002136752136752137,,,,
"Aalen, Hauptbahnhof",Radolfzell Bahnhof,Train Longue Distance Nuit,2.358582822032291,83.10473122817474,80.74614840614245,1,148.56278798389337,48.8416777,10.0961295,47.735852,8.969157,"Aalen, Hauptbahnhof",Radolfzell Bahnhof,1.0,468.0,0.002136752136752137,,,,31734.0
"Aalen, Hauptbahnhof","Salem, Bahnhof",Train Longue Distance Nuit,2.131307674556341,73.24215134947005,71.11084367491371,1,134.24714503378314,48.8416777,10.0961295,47.7577,9.2969523,"Aalen, Hauptbahnhof","Salem, Bahnhof",1.0,468.0,0.002136752136752137,,,,
"Aalen, Hauptbahnhof",Singen (Htw) Bahnhof,Train Longue Distance Nuit,2.4118238258427604,91.65087945577606,89.2390556299333,1,151.9163407560318,48.8416777,10.0961295,47.7596204,8.8421802,"Aalen, Hauptbahnhof",Singen (Htw) Bahnhof,1.0,468.0,0.002136752136752137,,,,47621.0
"Aalen, Hauptbahnhof",Sipplingen Bahnhof,Train Longue Distance Nuit,2.1885931505155076,83.10473122817474,80.91613807765924,1,137.85545165756537,48.8416777,10.0961295,47.7955392,9.0956039,"Aalen, Hauptbahnhof",Sipplingen Bahnhof,1.0,468.0,0.002136752136752137,,,,
"Aalen, Hauptbahnhof",Uhldingen-Mühlhofen Bahnhof,Train Longue Distance Nuit,2.189659573045758,86.41508424436721,84.22542467132145,1,137.92262364863683,48.8416777,10.0961295,47.7369033,9.24856,"Aalen, Hauptbahnhof",Uhldingen-Mühlhofen Bahnhof,1.0,468.0,0.002136752136752137,,,14285.0,
"Aalen, Hauptbahnhof",Überlingen Bahnhof Therme,Train Longue Distance Nuit,2.197922568514248,86.41508424436721,84.21716167585296,1,138.44309451462885,48.8416777,10.0961295,47.7694386,9.1446878,"Aalen, Hauptbahnhof",Überlingen Bahnhof Therme,1.0,468.0,0.002136752136752137,,,,21507.0
Aberdeen,London Euston,InterCity,33.7257231050284,173.35209803456127,139.62637492953286,0,637.2963549703024,57.14469,-2.0964,51.52817,-0.13308,Aberdeen,London Euston,,,,,198590.0,106903.0,8961989.0
Aichstetten Bahnhof,München Hbf Gleis 15,Train Longue Distance,1.8068815280140051,78.51797677083692,76.71109524282292,1,113.8121395826408,47.8877939,10.0746777,48.1401826,11.5575268,Aichstetten Bahnhof,München Hbf Gleis 15,1.0,311.0,0.003215434083601286,,,,
Aichstetten Bahnhof,München Hbf Gleis 19,Train Longue Distance,1.8070865240920735,78.51797677083692,76.71089024674485,1,113.82505190804191,47.8877939,10.0746777,48.1405003,11.5575896,Aichstetten Bahnhof,München Hbf Gleis 19,1.0,311.0,0.003215434083601286,,,,
Aichstetten Bahnhof,München Hbf Gleis 24,Train Longue Distance,1.8073197181573073,78.51797677083692,76.71065705267962,1,113.8397403727203,47.8877939,10.0746777,48.14086,11.5576615,Aichstetten Bahnhof,München Hbf Gleis 24,100.0,311.0,0.3215434083601286,,,,
Aichstetten Bahnhof,München Hbf Gleis 24,Train Longue Distance Nuit,1.8073197181573073,78.51797677083692,76.71065705267962,1,113.8397403727203,47.8877939,10.0746777,48.14086,11.5576615,Aichstetten Bahnhof,München Hbf Gleis 24,100.0,311.0,0.3215434083601286,,,,
Aichstetten Bahnhof,Pasing Gleis 3,Train Longue Distance,1.7017203830006529,72.14315187937964,70.441431496379,1,107.18823274128577,47.8877939,10.0746777,48.1496771,11.4616496,Aichstetten Bahnhof,Pasing Gleis 3,116.0,311.0,0.3729903536977492,,,,35728.0
Aichstetten Bahnhof,Pasing Gleis 3,Train Longue Distance Nuit,1.7017203830006529,72.14315187937964,70.441431496379,1,107.18823274128577,47.8877939,10.0746777,48.1496771,11.4616496,Aichstetten Bahnhof,Pasing Gleis 3,116.0,311.0,0.3729903536977492,,,,35728.0
"Aitrach (Kr Ravensb), Bahnhof",München Hbf Gleis 15,Train Longue Distance,1.7778951914023193,71.44984380574309,69.67194861434076,1,111.98634362574448,47.9435397,10.0801574,48.1401826,11.5575268,"Aitrach (Kr Ravensb), Bahnhof",München Hbf Gleis 15,1.0,311.0,0.003215434083601286,,,,
"Aitrach (Kr Ravensb), Bahnhof",München Hbf Gleis 19,Train Longue Distance,1.778072184012099,71.44984380574309,69.67177162173098,1,111.99749206425416,47.9435397,10.0801574,48.1405003,11.5575896,"Aitrach (Kr Ravensb), Bahnhof",München Hbf Gleis 19,1.0,311.0,0.003215434083601286,,,,
"Aitrach (Kr Ravensb), Bahnhof",München Hbf Gleis 24,Train Longue Distance,1.7782736933085888,71.44984380574309,69.6715701124345,1,112.01018476370551,47.9435397,10.0801574,48.14086,11.5576615,"Aitrach (Kr Ravensb), Bahnhof",München Hbf Gleis 24,100.0,311.0,0.3215434083601286,,,,
"Aitrach (Kr Ravensb), Bahnhof",München Hbf Gleis 24,Train Longue Distance Nuit,1.7782736933085888,71.44984380574309,69.6715701124345,1,112.01018476370551,47.9435397,10.0801574,48.14086,11.5576615,"Aitrach (Kr Ravensb), Bahnhof",München Hbf Gleis 24,100.0,311.0,0.3215434083601286,,,,
"Aitrach (Kr Ravensb), Bahnhof",Pasing Gleis 3,Train Longue Distance,1.6704865452276272,64.92988064884076,63.25939410361314,1,105.2208708256253,47.9435397,10.0801574,48.1496771,11.4616496,"Aitrach (Kr Ravensb), Bahnhof",Pasing Gleis 3,116.0,311.0,0.3729903536977492,,,,35728.0
"Aitrach (Kr Ravensb), Bahnhof",Pasing Gleis 3,Train Longue Distance Nuit,1.6704865452276272,64.92988064884076,63.25939410361314,1,105.2208708256253,47.9435397,10.0801574,48.1496771,11.4616496,"Aitrach (Kr Ravensb), Bahnhof",Pasing Gleis 3,116.0,311.0,0.3729903536977492,,,,35728.0
Albbruck Bahnhof,Friedrichshafen Stadtbahnhof,Train Longue Distance Nuit,0.08889809194699681,75.50541228176218,75.41651418981517,1,100.79148746825035,47.5922386,8.1317835,47.6533671,9.473588,Albbruck Bahnhof,Friedrichshafen Stadtbahnhof,1.0,13.0,0.07692307692307693,,,,58403.0
Albi Ville,Paris Austerlitz,InterCity,4.342637857744452,146.44238794263202,142.09975008488757,1,547.0695210058518,43.92445,2.13817,48.84185,2.36646,Albi Ville,Paris Austerlitz,,,,575993.0,51290.0,23798578.0,2103778.0
Allmendingen,Donaueschingen Bahnhof,Train Longue Distance Nuit,1.5896255042433427,,,0,100.12758278176761,48.3277261,9.7223495,47.947842,8.4989429,Allmendingen,Donaueschingen Bahnhof,6.0,288.0,0.020833333333333332,14285.0,,,21604.0
Altona,Augsburg Hbf,EuroNight,33.281683925916234,140.92290696784627,107.64122304193003,1,580.5282387217205,53.5519791,9.9343519,48.3655187,10.8854791,Altona,Augsburg Hbf,6.0,87.0,0.06896551724137931,,250192.0,,301105.0
Altona,Freilassing,EuroNight,38.43951242028132,180.3644797314578,141.9249673111765,0,670.4955942836441,53.5519791,9.9343519,47.8367638,12.9764786,Altona,Freilassing,2.0,87.0,0.022988505747126436,,250192.0,,15909.0
Altona,Ingolstadt Hbf,EuroNight,31.22794453983519,146.7312287017971,115.50328416196191,1,544.705120178531,53.5519791,9.9343519,48.7446003,11.4372693,Altona,Ingolstadt Hbf,18.0,87.0,0.20689655172413793,,250192.0,,120658.0
Altona,Kufstein Bahnhof,EuroNight,39.10308662943855,182.23845360798325,143.1353669785447,0,682.0702359922998,53.5519791,9.9343519,47.5830959,12.1655874,Altona,Kufstein Bahnhof,28.0,87.0,0.3218390804597701,,250192.0,,
Altona,München Hbf Gleis 10,EuroNight,35.10726991992699,147.75416112610137,112.64689120617437,0,612.3717062607185,53.5519791,9.9343519,48.1401586,11.5538976,Altona,München Hbf Gleis 10,1.0,87.0,0.011494252873563218,,250192.0,,
Altona,München Hbf Gleis 14,EuroNight,35.110456096525205,147.75416112610137,112.64370502957615,0,612.427282339529,53.5519791,9.9343519,48.1400807,11.5575178,Altona,München Hbf Gleis 14,2.0,87.0,0.022988505747126436,,250192.0,,
Altona,Nürnberg Hbf,EuroNight,26.56876589329071,98.34736282177252,71.77859692848182,1,463.4356513743365,53.5519791,9.9343519,49.4457552,11.0821383,Altona,Nürnberg Hbf,27.0,87.0,0.3103448275862069,,250192.0,,
Altona,Ostbahnhof Gleis 6,EuroNight,35.22603971051883,147.75416112610137,112.52812141558253,0,614.4433928225856,53.5519791,9.9343519,48.1274186,11.6053531,Altona,Ostbahnhof Gleis 6,14.0,87.0,0.16091954022988506,,250192.0,,
Altona,Ostbahnhof Gleis 8,EuroNight,35.22689144369295,147.75416112610137,112.52726968240842,0,614.4582494975222,53.5519791,9.9343519,48.1273047,11.6055327,Altona,Ostbahnhof Gleis 8,18.0,87.0,0.20689655172413793,,250192.0,,
Altona,Pasing Gleis 9,EuroNight,34.97824054933434,147.58071035299716,112.60246980366281,0,610.121063131595,53.5519791,9.9343519,48.1500966,11.461955,Altona,Pasing Gleis 9,3.0,87.0,0.034482758620689655,,250192.0,,35728.0
Altona,Rosenheim,EuroNight,37.398765921295706,177.09678047357883,139.69801455228313,0,652.3419836262987,53.5519791,9.9343519,47.8501304,12.119432,Altona,Rosenheim,28.0,87.0,0.3218390804597701,,250192.0,,60167.0
Altstädten (Allgäu),Ulm Hbf,Train Longue Distance Nuit,0.09146870518909607,,,0,103.70601495362367,47.4883577,10.280886,48.3993531,9.9825824,Altstädten (Allgäu),Ulm Hbf,144.0,312.0,0.46153846153846156,,,,120451.0
Amsterdam Centraal,Innsbruck Hbf,Nightjet,36.95080284880041,183.30433797467967,146.35353512587926,0,734.988320977054,52.37921,4.90029,47.26337,11.40111,Amsterdam Centraal,Innsbruck Hbf,,,,,741636.0,,132493.0
Amsterdam Centraal,Milano Centrale,InterCity,41.62607305114689,222.89528511551345,181.26921206436657,0,827.9841081104923,52.37921,4.90029,45.48727,9.20511,Amsterdam Centraal,Milano Centrale,,,,,741636.0,,
Amsterdam Centraal,Wien Hbf,Nightjet,47.15037481931036,240.8216810086296,193.67130618931924,0,937.867979856593,52.37921,4.90029,48.1851,16.37711,Amsterdam Centraal,Wien Hbf,,,,,741636.0,,
Amsterdam Centraal,Zürich HB,Nightjet,30.869305746002446,150.58851960661812,119.71921386061567,0,614.0212783148834,52.37921,4.90029,47.37818,8.54021,Amsterdam Centraal,Zürich HB,,,,,741636.0,,415367.0
"Amsterdam, Centraal",Dortmund Hbf,EuroNight,10.042844115994122,86.32928664663707,76.28644253064294,1,199.76218554310623,52.3789574,4.9006063,51.5177175,7.4587657,"Amsterdam, Centraal",Dortmund Hbf,40.0,235.0,0.1702127659574468,,,,588462.0
"Amsterdam, Centraal",Freilassing,EuroNight,38.4699863115845,210.27774782486105,171.80776151327655,0,765.2063951860704,52.3789574,4.9006063,47.8367638,12.9764786,"Amsterdam, Centraal",Freilassing,24.0,235.0,0.10212765957446808,,,,15909.0
"Amsterdam, Centraal",Ingolstadt Hbf,EuroNight,30.82652030406724,149.8988182712433,119.07229796717606,0,613.1702332033904,52.3789574,4.9006063,48.7446003,11.4372693,"Amsterdam, Centraal",Ingolstadt Hbf,81.0,235.0,0.3446808510638298,,,,120658.0
"Amsterdam, Centraal",Kufstein Bahnhof,EuroNight,37.39212635477388,186.27017863944073,148.87805228466686,0,743.7666856580714,52.3789574,4.9006063,47.5830959,12.1655874,"Amsterdam, Centraal",Kufstein Bahnhof,80.0,235.0,0.3404255319148936,,,,
"Amsterdam, Centraal",München Hbf Gleis 10,EuroNight,33.54303286185423,176.37470338052273,142.8316705186685,0,667.2043772497559,52.3789574,4.9006063,48.1401586,11.5538976,"Amsterdam, Centraal",München Hbf Gleis 10,4.0,235.0,0.01702127659574468,,,,
"Amsterdam, Centraal",München Hbf Gleis 14,EuroNight,33.55249182101806,176.37470338052273,142.82221155950467,0,667.3925253812719,52.3789574,4.9006063,48.1400807,11.5575178,"Amsterdam, Centraal",München Hbf Gleis 14,43.0,235.0,0.1829787234042553,,,,
"Amsterdam, Centraal",München Hbf Gleis 15,EuroNight,33.55209517083685,176.37470338052273,142.82260820968588,0,667.3846356135747,52.3789574,4.9006063,48.1401826,11.5575268,"Amsterdam, Centraal",München Hbf Gleis 15,1.0,235.0,0.00425531914893617,,,,
"Amsterdam, Centraal",Münster (Westf) Hauptbahnhof,EuroNight,9.668712477271262,84.38774711007544,74.71903463280418,1,192.3203341144779,52.3789574,4.9006063,51.9566277,7.6353295,"Amsterdam, Centraal",Münster (Westf) Hauptbahnhof,43.0,235.0,0.1829787234042553,,,290061.0,4738.0
"Amsterdam, Centraal",Nürnberg Hbf,EuroNight,27.253060452612853,148.0258944700216,120.77283401740874,1,542.0905528227883,52.3789574,4.9006063,49.4457552,11.0821383,"Amsterdam, Centraal",Nürnberg Hbf,114.0,235.0,0.4851063829787234,,,,
"Amsterdam, Centraal",Ostbahnhof Gleis 6,EuroNight,33.72545977993006,176.37470338052273,142.64924360059268,0,670.8330305909628,52.3789574,4.9006063,48.1274186,11.6053531,"Amsterdam, Centraal",Ostbahnhof Gleis 6,15.0,235.0,0.06382978723404255,,,,
"Amsterdam, Centraal",Ostbahnhof Gleis 8,EuroNight,33.726382182802524,176.37470338052273,142.6483211977202,0,670.8513781040405,52.3789574,4.9006063,48.1273047,11.6055327,"Amsterdam, Centraal",Ostbahnhof Gleis 8,39.0,235.0,0.16595744680851063,,,,
"Amsterdam, Centraal",Passau Hbf,EuroNight,37.07860296527655,184.81582588327515,147.7372229179986,0,737.5303927532433,52.3789574,4.9006063,48.5736385,13.450331,"Amsterdam, Centraal",Passau Hbf,2.0,235.0,0.00851063829787234,,,,50560.0
"Amsterdam, Centraal",Rosenheim,EuroNight,36.169847142944725,182.5188741971042,146.34902705415948,0,719.4543331134329,52.3789574,4.9006063,47.8499797,12.1192703,"Amsterdam, Centraal",Rosenheim,80.0,235.0,0.3404255319148936,,,,60167.0
Ankara,Kars,InterCity,57.77360651101507,221.54920629337312,163.77559978235806,0,873.3727363721098,39.93498,32.84395,40.60528,43.10639,Ankara,Kars,,,,,3517182.0,,91450.0
Ankara,Kurtalan,InterCity,52.73768399810979,222.0562932707762,169.3186092726664,0,797.2439001981827,39.93498,32.84395,37.92809,41.69722,Ankara,Kurtalan,,,,,3517182.0,11803.0,32114.0
Ankara,Malatya,InterCity,33.27893437084952,138.5159111317286,105.23697676087906,1,503.0829081005218,39.93498,32.84395,38.3768,38.32295,Ankara,Malatya,,,,,3517182.0,,750491.0
Ankara,Tatvan,InterCity,54.73455676057651,228.6188283894652,173.88427162888868,0,827.4309412029706,39.93498,32.84395,38.50882,42.2762,Ankara,Tatvan,,,,,3517182.0,,73222.0
Ankara,İstanbul Halkalı,InterCity,24.164780561690485,112.26928669065079,88.10450612896031,1,365.30280516538903,39.93498,32.84395,41.01849,28.76616,Ankara,İstanbul Halkalı,,,,,3517182.0,,15701602.0
Ankara,İzmir Basmane,InterCity,34.34299709480415,140.42012256908865,106.0771254742845,1,519.1685123931088,39.93498,32.84395,38.42271,27.14408,Ankara,İzmir Basmane,,,,,3517182.0,,2938292.0
Arad,București Nord,InterCity,17.733158356745523,127.63186999136757,109.89871163462205,1,418.867119159711,46.19134,21.32492,44.44677,26.07441,Arad,București Nord,,,,526511.0,169065.0,,
Augsburg Hbf,Altona,EuroNight,9.216452110132522,140.92290696784627,131.70645485771377,1,580.5273437977149,48.3655307,10.885533,53.5519791,9.9343519,Augsburg Hbf,Altona,5.0,493.0,0.010141987829614604,,301105.0,,250192.0
Augsburg Hbf,"Amsterdam, Centraal",EuroNight,9.771554262259171,150.9823110577112,141.21075679545203,0,615.4922059876021,48.3656739,10.8858924,52.3789574,4.9006063,Augsburg Hbf,"Amsterdam, Centraal",22.0,493.0,0.04462474645030426,,301105.0,,
Augsburg Hbf,Esslingen (N) Gleis 5,Train Longue Distance,1.9658497287920815,79.12183817027584,77.15598844148376,1,123.82525376619309,48.365656,10.8858385,48.7385696,9.3006174,Augsburg Hbf,Esslingen (N) Gleis 5,2.0,493.0,0.004056795131845842,,301105.0,,92390.0
Augsburg Hbf,Hamburg Hbf,EuroNight,9.208814616068336,143.17741052941125,133.9685959133429,1,580.0462721131479,48.3655307,10.885533,53.5527529,10.0079239,Augsburg Hbf,Hamburg Hbf,6.0,493.0,0.012170385395537525,,301105.0,203396.0,1973896.0
Augsburg Hbf,Heimenkirch,Train Longue Distance Nuit,1.7429390540098508,67.53796526524285,65.795026211233,1,109.78452091268902,48.3650353,10.8854791,47.6288722,9.9022551,Augsburg Hbf,Heimenkirch,149.0,272.0,0.5477941176470589,,301105.0,,
Augsburg Hbf,Hergatz,Train Longue Distance Nuit,1.7806160573469447,81.7714281466976,79.99081208935065,1,112.15772596037696,48.3650353,10.8854791,47.6466862,9.82712,Augsburg Hbf,Hergatz,149.0,272.0,0.5477941176470589,,301105.0,,
Augsburg Hbf,Immenstadt,Train Longue Distance Nuit,1.629302466865178,69.60724480864609,67.9779423417809,1,102.62676158132894,48.3650353,10.8854791,47.5589318,10.214222,Augsburg Hbf,Immenstadt,149.0,272.0,0.5477941176470589,,301105.0,,
Augsburg Hbf,Karlsruhe Hauptbahnhof,Train Longue Distance,3.100571591020813,80.47574933177594,77.37517774075513,1,195.29929396704543,48.365656,10.8858385,48.993367,8.401278,Augsburg Hbf,Karlsruhe Hauptbahnhof,4.0,493.0,0.008113590263691683,,301105.0,,283799.0
Augsburg Hbf,Kufstein Bahnhof,EuroNight,2.048498896145976,83.82987781358618,81.78137891744021,1,129.03117259674832,48.3655187,10.8854791,47.5830959,12.1655874,Augsburg Hbf,Kufstein Bahnhof,13.0,493.0,0.02636916835699797,,301105.0,,
Augsburg Hbf,Lindau-Insel,Train Longue Distance Nuit,2.0308068258540017,81.7714281466976,79.7406213208436,1,127.91678167384742,48.3653218,10.885003,47.5451508,9.6804521,Augsburg Hbf,Lindau-Insel,54.0,272.0,0.19852941176470587,,301105.0,,24518.0
Augsburg Hbf,Lindau-Reutin,Train Longue Distance Nuit,2.0045625626428802,81.7714281466976,79.76686558405473,1,126.26370387017384,48.3650353,10.8854791,47.5523177,9.7012121,Augsburg Hbf,Lindau-Reutin,149.0,272.0,0.5477941176470589,,301105.0,28711.0,24518.0
Augsburg Hbf,Münster (Westf) Hauptbahnhof,EuroNight,7.326261481242924,97.11059140304894,89.78432992180602,1,461.4677173874354,48.3656739,10.8858924,51.9566277,7.6353295,Augsburg Hbf,Münster (Westf) Hauptbahnhof,19.0,493.0,0.038539553752535496,,301105.0,290061.0,4738.0
Augsburg Hbf,Nürnberg Hbf,EuroNight,1.9202482862084762,76.87927646789355,74.95902818168507,1,120.95290288539155,48.3656739,10.8858924,49.4457552,11.0821383,Augsburg Hbf,Nürnberg Hbf,48.0,493.0,0.0973630831643002,,301105.0,,
Augsburg Hbf,Oberstaufen,Train Longue Distance Nuit,1.7560368021640957,67.53796526524285,65.78192846307876,1,110.60952394583622,48.3650353,10.8854791,47.5539364,10.0255039,Augsburg Hbf,Oberstaufen,149.0,272.0,0.5477941176470589,,301105.0,,
Augsburg Hbf,Paris Gare de l'Est,Train Longue Distance,9.984448728140709,166.97673354979761,156.9922848216569,0,628.9020362900421,48.365656,10.8858385,48.8785739,2.3603054,Augsburg Hbf,Paris Gare de l'Est,4.0,493.0,0.008113590263691683,,301105.0,,2103778.0
Augsburg Hbf,Rosenheim,EuroNight,1.7155911898973186,74.6120813854986,72.89649019560127,1,108.06192932081876,48.3655187,10.8854791,47.8499013,12.1191804,Augsburg Hbf,Rosenheim,13.0,493.0,0.02636916835699797,,301105.0,,60167.0
Augsburg Hbf,Röthenbach (Allgäu),Train Longue Distance Nuit,1.7144193538834402,67.53796526524285,65.8235459113594,1,107.98811752856136,48.3650353,10.8854791,47.6205715,9.9535579,Augsburg Hbf,Röthenbach (Allgäu),149.0,272.0,0.5477941176470589,,301105.0,,
Augsburg Hbf,Strasbourg Gare Centrale,Train Longue Distance,3.7087862066492217,93.87710291992184,90.16831671327262,1,233.60961241176753,48.365656,10.8858385,48.5851086,7.7338837,Augsburg Hbf,Strasbourg Gare Centrale,4.0,493.0,0.008113590263691683,,301105.0,24568668.0,293771.0
Augsburg Hbf,Stuttgart Hauptbahnhof (oben) Gleis 1,Train Longue Distance,2.1234218697911564,86.32842274261672,84.20500087282556,1,133.75043271549237,48.365656,10.8858385,48.7856758,9.1822195,Augsburg Hbf,Stuttgart Hauptbahnhof (oben) Gleis 1,2.0,493.0,0.004056795131845842,,301105.0,,612663.0
Augsburg Messe Bstg 2,Heimenkirch,Train Longue Distance Nuit,1.709389887236203,67.53796526524285,65.82857537800665,1,107.67132068759153,48.3387921,10.8861169,47.6288722,9.9022551,Augsburg Messe Bstg 2,Heimenkirch,41.0,45.0,0.9111111111111111,,301105.0,,
Augsburg Messe Bstg 2,Hergatz,Train Longue Distance Nuit,1.7486930522856081,81.7714281466976,80.022735094412,1,110.146954666516,48.3387921,10.8861169,47.6466862,9.82712,Augsburg Messe Bstg 2,Hergatz,41.0,45.0,0.9111111111111111,,301105.0,,
Augsburg Messe Bstg 2,Immenstadt,Train Longue Distance Nuit,1.589478054513141,69.60724480864609,68.01776675413295,1,100.11829519483126,48.3387921,10.8861169,47.5589318,10.214222,Augsburg Messe Bstg 2,Immenstadt,41.0,45.0,0.9111111111111111,,301105.0,,
Augsburg Messe Bstg 2,Lindau-Insel,Train Longue Distance Nuit,1.9988889448110136,81.7714281466976,79.77253920188659,1,125.90633313246497,48.3387921,10.8861169,47.5451508,9.6804521,Augsburg Messe Bstg 2,Lindau-Insel,25.0,45.0,0.5555555555555556,,301105.0,,24518.0
Augsburg Messe Bstg 2,Lindau-Reutin,Train Longue Distance Nuit,1.97246056174206,81.7714281466976,79.79896758495555,1,124.24165795805366,48.3387921,10.8861169,47.5523177,9.7012121,Augsburg Messe Bstg 2,Lindau-Reutin,41.0,45.0,0.9111111111111111,,301105.0,28711.0,24518.0
Augsburg Messe Bstg 2,Oberstaufen,Train Longue Distance Nuit,1.7190712525018825,67.53796526524285,65.81889401274097,1,108.28113205479231,48.3387921,10.8861169,47.5539364,10.0255039,Augsburg Messe Bstg 2,Oberstaufen,41.0,45.0,0.9111111111111111,,301105.0,,
Augsburg Messe Bstg 2,Röthenbach (Allgäu),Train Longue Distance Nuit,1.6798487573464576,67.53796526524285,65.85811650789638,1,105.81057932391393,48.3387921,10.8861169,47.6205715,9.9535579,Augsburg Messe Bstg 2,Röthenbach (Allgäu),41.0,45.0,0.9111111111111111,,301105.0,,
Augsburg Morellstraße,Heimenkirch,Train Longue Distance Nuit,1.7358937589887276,67.53796526524285,65.80207150625412,1,109.34075075514787,48.3550375,10.893025,47.6288722,9.9022551,Augsburg Morellstraße,Heimenkirch,41.0,61.0,0.6721311475409836,,301105.0,,
Augsburg Morellstraße,Hergatz,Train Longue Distance Nuit,1.7744888751190897,81.7714281466976,79.99693927157851,1,111.77178603672775,48.3550375,10.893025,47.6466862,9.82712,Augsburg Morellstraße,Hergatz,41.0,61.0,0.6721311475409836,,301105.0,,
Augsburg Morellstraße,Immenstadt,Train Longue Distance Nuit,1.6183530566015785,69.60724480864609,67.98889175204451,1,101.93707839516114,48.3550375,10.893025,47.5589318,10.214222,Augsburg Morellstraße,Immenstadt,41.0,61.0,0.6721311475409836,,301105.0,,
Augsburg Morellstraße,Lindau-Insel,Train Longue Distance Nuit,2.0247087425376527,81.7714281466976,79.74671940415995,1,127.53267463704034,48.3550375,10.893025,47.5451508,9.6804521,Augsburg Morellstraße,Lindau-Insel,25.0,61.0,0.4098360655737705,,301105.0,,24518.0
Augsburg Morellstraße,Lindau-Reutin,Train Longue Distance Nuit,1.9983446895192734,81.7714281466976,79.77308345717833,1,125.87205149403333,48.3550375,10.893025,47.5523177,9.7012121,Augsburg Morellstraße,Lindau-Reutin,41.0,61.0,0.6721311475409836,,301105.0,28711.0,24518.0
Augsburg Morellstraße,Oberstaufen,Train Longue Distance Nuit,1.7469558867815076,67.53796526524285,65.79100937846134,1,110.03753381087853,48.3550375,10.893025,47.5539364,10.0255039,Augsburg Morellstraße,Oberstaufen,41.0,61.0,0.6721311475409836,,301105.0,,
Augsburg Morellstraße,Röthenbach (Allgäu),Train Longue Distance Nuit,1.7067814487382746,67.53796526524285,65.83118381650458,1,107.50701995076055,48.3550375,10.893025,47.6205715,9.9535579,Augsburg Morellstraße,Röthenbach (Allgäu),41.0,61.0,0.6721311475409836,,301105.0,,
Aulendorf Bahnhof,"Aalen, Hauptbahnhof",Train Longue Distance,1.6561508500437363,,,0,104.31789178909904,47.9529382,9.6439535,48.8416955,10.096417,Aulendorf Bahnhof,"Aalen, Hauptbahnhof",2.0,832.0,0.002403846153846154,,,,
Aulendorf Bahnhof,Bad Säckingen Bahnhof,Train Longue Distance,2.130378814312196,89.31685650156261,87.18647768725042,1,134.1886378377548,47.9529683,9.6438996,47.5559371,7.9487877,Aulendorf Bahnhof,Bad Säckingen Bahnhof,2.0,832.0,0.002403846153846154,,,,16549.0
Aulendorf Bahnhof,Badischer Bahnhof,Train Longue Distance,2.5095571238960392,107.34791910933423,104.83836198543818,1,158.0723811977853,47.9529683,9.6438996,47.5677212,7.6082453,Aulendorf Bahnhof,Badischer Bahnhof,2.0,832.0,0.002403846153846154,,,,
Aulendorf Bahnhof,Rheinfelden (Baden) Bahnhof,Train Longue Distance,2.3149842431505876,97.46319174659945,95.14820750344886,1,145.81659379885284,47.9529683,9.6438996,47.5569071,7.784378,Aulendorf Bahnhof,Rheinfelden (Baden) Bahnhof,2.0,832.0,0.002403846153846154,,,,34674.0
Aulendorf Bahnhof,Tiengen (Hochrhein) Bahnhof,Train Longue Distance,1.7203894108427056,66.18052896768648,64.46013955684379,1,108.3641604209313,47.9529683,9.6438996,47.635513,8.2723429,Aulendorf Bahnhof,Tiengen (Hochrhein) Bahnhof,2.0,832.0,0.002403846153846154,,,,
Aulendorf Bahnhof,Waldshut Bahnhof,Train Longue Distance,1.7880390288986894,66.18052896768648,64.39248993878779,1,112.62528526698723,47.9529683,9.6438996,47.6215161,8.2193782,Aulendorf Bahnhof,Waldshut Bahnhof,2.0,832.0,0.002403846153846154,,,,
Aurillac,Paris Austerlitz,InterCity,3.460877362381138,129.28067347916195,125.81979611678081,1,435.98858180664377,44.9212,2.43623,48.84185,2.36646,Aurillac,Paris Austerlitz,,,,204937.0,26214.0,23798578.0,2103778.0
Bad Schussenried,Bad Säckingen Bahnhof,Train Longue Distance,2.1813896560916946,89.31685650156261,87.13546684547092,1,137.40171681101629,47.9937673,9.668244,47.5559371,7.9487877,Bad Schussenried,Bad Säckingen Bahnhof,1.0,644.0,0.0015527950310559005,106903.0,,,16549.0
Bad Schussenried,Badischer Bahnhof,Train Longue Distance,2.556700215006045,107.34791910933423,104.79121889432818,1,161.04183767989701,47.9937673,9.668244,47.5677212,7.6082453,Bad Schussenried,Badischer Bahnhof,1.0,644.0,0.0015527950310559005,106903.0,,,
Bad Schussenried,Rheinfelden (Baden) Bahnhof,Train Longue Distance,2.3642049294021312,97.46319174659945,95.09898681719731,1,148.91691417246983,47.9937673,9.668244,47.5569071,7.784378,Bad Schussenried,Rheinfelden (Baden) Bahnhof,1.0,644.0,0.0015527950310559005,106903.0,,,34674.0
Bad Schussenried,Tiengen (Hochrhein) Bahnhof,Train Longue Distance,1.7715084900757405,66.18052896768648,64.40902047761074,1,111.58405707204211,47.9937673,9.668244,47.635513,8.2723429,Bad Schussenried,Tiengen (Hochrhein) Bahnhof,1.0,644.0,0.0015527950310559005,106903.0,,,
Bad Schussenried,Waldshut Bahnhof,Train Longue Distance,1.839192932179777,66.18052896768648,64.34133603550671,1,115.84737542074684,47.9937673,9.668244,47.6215161,8.2193782,Bad Schussenried,Waldshut Bahnhof,1.0,644.0,0.0015527950310559005,106903.0,,,
Bad Säckingen Bahnhof,Bermatingen-Ahausen Bahnhof,Train Longue Distance Nuit,0.09382531079903171,70.7316531233847,70.63782781258567,1,106.3779034002627,47.5558643,7.9487338,47.7305231,9.3448325,Bad Säckingen Bahnhof,Bermatingen-Ahausen Bahnhof,1.0,83.0,0.012048192771084338,,16549.0,106903.0,
Bad Säckingen Bahnhof,Friedrichshafen Hafenbahnhof,Train Longue Distance,0.10185147912914128,76.01111230856814,75.909260829439,1,115.47786749335746,47.5558643,7.9487338,47.6515396,9.4824544,Bad Säckingen Bahnhof,Friedrichshafen Hafenbahnhof,6.0,83.0,0.07228915662650602,,16549.0,,58403.0
Bad Säckingen Bahnhof,Friedrichshafen Stadtbahnhof,Train Longue Distance Nuit,0.10128271766989883,76.01111230856814,75.90982959089824,1,114.8330132311778,47.5558643,7.9487338,47.6533671,9.473588,Bad Säckingen Bahnhof,Friedrichshafen Stadtbahnhof,10.0,83.0,0.12048192771084337,,16549.0,,58403.0
Bad Säckingen Bahnhof,Markdorf Bahnhof,Train Longue Distance Nuit,0.09644358028671952,70.7316531233847,70.63520954309799,1,109.34646291011283,47.5558643,7.9487338,47.7168416,9.3884457,Bad Säckingen Bahnhof,Markdorf Bahnhof,1.0,83.0,0.012048192771084338,,16549.0,,
Bad Säckingen Bahnhof,"Salem, Bahnhof",Train Longue Distance Nuit,0.09123482388810993,68.90141986943075,68.81018504554264,1,103.44084341055547,47.5558643,7.9487338,47.7577,9.2969523,Bad Säckingen Bahnhof,"Salem, Bahnhof",10.0,83.0,0.12048192771084337,,16549.0,,
Badischer Bahnhof,Bahnhof Überlingen,Train Longue Distance Nuit,0.10456534377110825,77.98580146752106,77.88123612374994,1,118.55481153186875,47.5677212,7.6082453,47.7689677,9.1630584,Badischer Bahnhof,Bahnhof Überlingen,10.0,83.0,0.12048192771084337,,,,
Badischer Bahnhof,Bermatingen-Ahausen Bahnhof,Train Longue Distance Nuit,0.11583829861368218,90.17022748095826,90.05438918234458,1,131.33593947129498,47.5677212,7.6082453,47.7305231,9.3448325,Badischer Bahnhof,Bermatingen-Ahausen Bahnhof,1.0,83.0,0.012048192771084338,,,106903.0,
Badischer Bahnhof,Friedrichshafen Hafenbahnhof,Train Longue Distance,0.12419070398227039,95.80427340177137,95.6800826977891,1,140.80578682797096,47.5677212,7.6082453,47.6515396,9.4824544,Badischer Bahnhof,Friedrichshafen Hafenbahnhof,6.0,83.0,0.07228915662650602,,,,58403.0
Badischer Bahnhof,Friedrichshafen Stadtbahnhof,Train Longue Distance Nuit,0.12361569517646023,95.80427340177137,95.68065770659491,1,140.1538494064175,47.5677212,7.6082453,47.6533671,9.473588,Badischer Bahnhof,Friedrichshafen Stadtbahnhof,10.0,83.0,0.12048192771084337,,,,58403.0
Badischer Bahnhof,Ludwigshafen(Bodensee) Bahnhof,Train Longue Distance Nuit,0.0984312421439182,71.47349510994772,71.3750638678038,1,111.60004778222017,47.5677212,7.6082453,47.8155463,9.0531316,Badischer Bahnhof,Ludwigshafen(Bodensee) Bahnhof,1.0,83.0,0.012048192771084338,,,,
Badischer Bahnhof,Markdorf Bahnhof,Train Longue Distance Nuit,0.11853504288275392,90.17022748095826,90.0516924380755,1,134.39347265618358,47.5677212,7.6082453,47.7168416,9.3884457,Badischer Bahnhof,Markdorf Bahnhof,1.0,83.0,0.012048192771084338,,,,
Badischer Bahnhof,Radolfzell Bahnhof,Train Longue Distance Nuit,0.09140423134256959,71.47349510994772,71.38209087860515,1,103.63291535438728,47.5677212,7.6082453,47.7356829,8.9691391,Badischer Bahnhof,Radolfzell Bahnhof,10.0,83.0,0.12048192771084337,,,,31734.0
Badischer Bahnhof,"Salem, Bahnhof",Train Longue Distance Nuit,0.11308578577316719,87.02616594157469,86.91308015580152,1,128.21517661356825,47.5677212,7.6082453,47.7577,9.2969523,Badischer Bahnhof,"Salem, Bahnhof",10.0,83.0,0.12048192771084337,,,,
Badischer Bahnhof,Uhldingen-Mühlhofen Bahnhof,Train Longue Distance Nuit,0.1096305604165119,77.98580146752106,77.87617090710455,1,124.29768754706564,47.5677212,7.6082453,47.7369576,9.248578,Badischer Bahnhof,Uhldingen-Mühlhofen Bahnhof,1.0,83.0,0.012048192771084338,,,14285.0,
Bahnhof Überlingen,Badischer Bahnhof,Train Longue Distance,0.10456534377110825,77.98580146752106,77.88123612374994,1,118.55481153186875,47.7689677,9.1630584,47.5677212,7.6082453,Bahnhof Überlingen,Badischer Bahnhof,15.0,105.0,0.14285714285714285,,,,
Bahnhof Überlingen,Rheinfelden (Baden) Bahnhof,Train Longue Distance,0.09340776882900444,67.43431751076349,67.34090974193448,1,105.90449980612748,47.7689677,9.1630584,47.5569071,7.784378,Bahnhof Überlingen,Rheinfelden (Baden) Bahnhof,15.0,105.0,0.14285714285714285,,,,34674.0
Bar,Zemun,InterCity,16.86035198450588,117.86530498666922,101.00495300216333,1,324.00076837130325,42.08724,19.10525,44.85313,20.3687,Bar,Zemun,,,,75034.0,311.0,,155591.0
Bergen,Oslo S,InterCity,0.2687139847522605,103.77385174357755,103.50513775882528,1,304.664381805284,60.39026,5.33354,59.9104,10.755,Bergen,Oslo S,,,,1857062.0,294029.0,,1082575.0
Berlin Hbf,Budapest Nyugati,EuroNight,39.52879636432528,176.69984828541607,137.1710519210908,0,689.4958375078542,52.52508,13.3694,47.51133,19.05866,Berlin Hbf,Budapest Nyugati,,,,,3426354.0,,1741041.0
Berlin Hbf,Graz Hbf,Nightjet,35.76243735340023,150.7139023639589,114.95146501055868,0,623.7997096354479,52.52508,13.3694,47.0723,15.41644,Berlin Hbf,Graz Hbf,,,,,3426354.0,,303270.0
Berlin Hbf,Paris Gare du Nord,InterCity,50.09766039092203,235.563976778825,185.46631638790296,0,873.8472072374328,52.52508,13.3694,48.88085,2.3555,Berlin Hbf,Paris Gare du Nord,,,,,3426354.0,257024152.0,2103778.0
Berlin Hbf,Stockholm C,EuroNight,46.47131967075317,224.52698857676734,178.05566890601418,0,810.5934008503954,52.52508,13.3694,59.33001,18.05763,Berlin Hbf,Stockholm C,,,,,3426354.0,,1515017.0
Berlin Hbf,Stockholm C,InterCity,46.47131967075317,224.52698857676734,178.05566890601418,0,810.5934008503954,52.52508,13.3694,59.33001,18.05763,Berlin Hbf,Stockholm C,,,,,3426354.0,,1515017.0
Berlin Hbf,Zürich HB,Nightjet,38.30629461833689,173.89871398780514,135.59241936946825,0,668.1718928717406,52.52508,13.3694,47.37818,8.54021,Berlin Hbf,Zürich HB,,,,,3426354.0,,415367.0
Beuggen Bahnhof,Bahnhof Überlingen,Train Longue Distance Nuit,0.0911464891799297,67.43431751076349,67.34317102158356,1,103.34069068019238,47.5819992,7.8110041,47.7689677,9.1630584,Beuggen Bahnhof,Bahnhof Überlingen,1.0,10.0,0.1,28711.0,,,
Beuggen Bahnhof,Bermatingen-Ahausen Bahnhof,Train Longue Distance Nuit,0.10236511100371185,79.65498511743743,79.55262000643373,1,116.06021655749642,47.5819992,7.8110041,47.7305231,9.3448325,Beuggen Bahnhof,Bermatingen-Ahausen Bahnhof,1.0,10.0,0.1,28711.0,,106903.0,
Beuggen Bahnhof,Friedrichshafen Stadtbahnhof,Train Longue Distance Nuit,0.11013247510654259,85.15239397633096,85.04226150122442,1,124.86675182147685,47.5819992,7.8110041,47.6533671,9.473588,Beuggen Bahnhof,Friedrichshafen Stadtbahnhof,1.0,10.0,0.1,28711.0,,,58403.0
Beuggen Bahnhof,Markdorf Bahnhof,Train Longue Distance Nuit,0.10505376065803633,79.65498511743743,79.5499313567794,1,119.10857217464434,47.5819992,7.8110041,47.7168416,9.3884457,Beuggen Bahnhof,Markdorf Bahnhof,1.0,10.0,0.1,28711.0,,,
Beuggen Bahnhof,"Salem, Bahnhof",Train Longue Distance Nuit,0.0996363880294701,77.05398519591597,76.9543488078865,1,112.96642633726766,47.5819992,7.8110041,47.7577,9.2969523,Beuggen Bahnhof,"Salem, Bahnhof",1.0,10.0,0.1,28711.0,,,
Beuggen Bahnhof,Uhldingen-Mühlhofen Bahnhof,Train Longue Distance Nuit,0.0961676801732549,67.43431751076349,67.33814983059024,1,109.03365099008492,47.5819992,7.8110041,47.7369576,9.248578,Beuggen Bahnhof,Uhldingen-Mühlhofen Bahnhof,1.0,10.0,0.1,28711.0,,14285.0,
Biberach (Riß),Bad Säckingen Bahnhof,Train Longue Distance,2.3886427508515014,96.97923166505085,94.59058891419934,1,150.4562075366277,48.1019531,9.7929571,47.5559371,7.9487877,Biberach (Riß),Bad Säckingen Bahnhof,2.0,981.0,0.0020387359836901123,,,,16549.0
Biberach (Riß),Badischer Bahnhof,Train Longue Distance,2.755218487249479,113.3872548214373,110.63203633418782,1,173.5461380227689,48.1019531,9.7929571,47.5677212,7.6082453,Biberach (Riß),Badischer Bahnhof,2.0,981.0,0.0020387359836901123,,,,
Biberach (Riß),Erzingen (Baden) Bahnhof,Train Longue Distance,1.7915426625914956,73.65708431420853,71.86554165161704,1,112.84597270039654,48.1019531,9.7929571,47.6601803,8.430635,Biberach (Riß),Erzingen (Baden) Bahnhof,6.0,981.0,0.0061162079510703364,,,,
Biberach (Riß),Rheinfelden (Baden) Bahnhof,Train Longue Distance,2.5674475202099565,104.24020729412956,101.67275977391961,1,161.71879064058683,48.1019531,9.7929571,47.5569071,7.784378,Biberach (Riß),Rheinfelden (Baden) Bahnhof,2.0,981.0,0.0020387359836901123,,,,34674.0
Biberach (Riß),Tiengen (Hochrhein) Bahnhof,Train Longue Distance,1.9800531076157681,73.65708431420853,71.67703120659276,1,124.71989843888687,48.1019531,9.7929571,47.635513,8.2723429,Biberach (Riß),Tiengen (Hochrhein) Bahnhof,2.0,981.0,0.0020387359836901123,,,,
Biberach (Riß),Waldshut Bahnhof,Train Longue Distance,2.04759793133712,73.65708431420853,71.60948638287141,1,128.97442248281178,48.1019531,9.7929571,47.6215161,8.2193782,Biberach (Riß),Waldshut Bahnhof,2.0,981.0,0.0020387359836901123,,,,
Biberach Süd,Bad Säckingen Bahnhof,Train Longue Distance,2.389619811925794,96.97923166505085,94.58961185312505,1,150.51775081417196,48.0869954,9.8032518,47.5559371,7.9487877,Biberach Süd,Bad Säckingen Bahnhof,1.0,170.0,0.0058823529411764705,,,,16549.0
Biberach Süd,Badischer Bahnhof,Train Longue Distance,2.7581493888739774,113.3872548214373,110.62910543256332,1,173.73075011803837,48.0869954,9.8032518,47.5677212,7.6082453,Biberach Süd,Badischer Bahnhof,1.0,170.0,0.0058823529411764705,,,,
Biberach Süd,Erzingen (Baden) Bahnhof,Train Longue Distance,1.791470706648172,73.65708431420853,71.86561360756036,1,112.84144032805317,48.0869954,9.8032518,47.6601803,8.430635,Biberach Süd,Erzingen (Baden) Bahnhof,3.0,170.0,0.01764705882352941,,,,
Biberach Süd,Rheinfelden (Baden) Bahnhof,Train Longue Distance,2.5693495703215454,104.24020729412956,101.67085772380801,1,161.83859727396987,48.0869954,9.8032518,47.5569071,7.784378,Biberach Süd,Rheinfelden (Baden) Bahnhof,1.0,170.0,0.0058823529411764705,,,,34674.0
Biberach Süd,Tiengen (Hochrhein) Bahnhof,Train Longue Distance,1.9806131881827216,73.65708431420853,71.67647112602582,1,124.7551768822576,48.0869954,9.8032518,47.635513,8.2723429,Biberach Süd,Tiengen (Hochrhein) Bahnhof,1.0,170.0,0.0058823529411764705,,,,
Biberach Süd,Waldshut Bahnhof,Train Longue Distance,2.0482136788759795,73.65708431420853,71.60887063533255,1,129.0132072862169,48.0869954,9.8032518,47.6215161,8.2193782,Biberach Süd,Waldshut Bahnhof,1.0,170.0,0.0058823529411764705,,,,
Bielsko-Biała Gł.,Świnoujście,InterCity,53.757836203224734,153.60932610942044,99.8514899061957,1,559.173648330782,49.83154,19.04941,53.90482,14.26663,Bielsko-Biała Gł.,Świnoujście,,,,,,,40919.0
Bielsko-Biała Główna,Kołobrzeg,InterCity,51.93431772797026,147.25336380511732,95.31904607714705,1,540.2059303082054,49.82238,19.05838,54.18238,15.57209,Bielsko-Biała Główna,Kołobrzeg,,,,,,,44377.0
Bistrița Nord,București Nord,InterCity,16.527447092271817,101.99326571470677,85.46581862243495,1,323.07934733505,47.13248,24.4839,44.44677,26.07441,Bistrița Nord,București Nord,,,,,78877.0,,
Blaubeuren,Donaueschingen Bahnhof,Train Longue Distance,1.7218492514784762,68.52657951690541,66.80473026542694,1,108.45611309388235,48.4038201,9.7919599,47.947842,8.4989429,Blaubeuren,Donaueschingen Bahnhof,34.0,437.0,0.07780320366132723,28711.0,,,21604.0
Blaubeuren,Geisingen Bahnhof,Train Longue Distance,1.589216292101253,71.69443648770864,70.10522019560739,1,100.10180726261356,48.4038201,9.7919599,47.9214569,8.6523841,Blaubeuren,Geisingen Bahnhof,34.0,437.0,0.07780320366132723,28711.0,,,
Blaubeuren,Villingen Bahnhof/ZOB,Train Longue Distance,1.6752504871008158,,,0,105.52094275011439,48.4038201,9.7919599,48.0574872,8.4655974,Blaubeuren,Villingen Bahnhof/ZOB,8.0,437.0,0.018306636155606407,28711.0,,,
Blaustein,Donaueschingen Bahnhof,Train Longue Distance Nuit,1.8636736211194673,71.35827056852887,69.4945969474094,1,117.38936892916776,48.4149353,9.9188829,47.947842,8.4989429,Blaustein,Donaueschingen Bahnhof,1.0,183.0,0.00546448087431694,106903.0,,,21604.0
Blaustein,Geisingen Bahnhof,Train Longue Distance Nuit,1.7269402486177192,73.57205037624536,71.84511012762763,1,108.7767856272184,48.4149353,9.9188829,47.9214569,8.6523841,Blaustein,Geisingen Bahnhof,1.0,183.0,0.00546448087431694,106903.0,,,
Blaustein,Immendingen Bahnhof,Train Longue Distance Nuit,1.6354261964020296,,,0,103.0124840263309,48.4149353,9.9188829,47.9362701,8.7294236,Blaustein,Immendingen Bahnhof,1.0,183.0,0.00546448087431694,106903.0,,14285.0,
Bobingen,Hergatz,Train Longue Distance Nuit,1.6204524282667387,67.88797724450095,66.2675248162342,1,102.06931394978199,48.2666434,10.8379762,47.6466862,9.82712,Bobingen,Hergatz,53.0,99.0,0.5353535353535354,,16682.0,,
Bobingen,Lindau-Insel,Train Longue Distance Nuit,1.8704144146619077,67.88797724450095,66.01756282983904,1,117.81395909938952,48.2666434,10.8379762,47.5451508,9.6804521,Bobingen,Lindau-Insel,28.0,99.0,0.2828282828282828,,16682.0,,24518.0
Bobingen,Lindau-Reutin,Train Longue Distance Nuit,1.8437566761681587,67.88797724450095,66.04422056833279,1,116.13483724919115,48.2666434,10.8379762,47.5523177,9.7012121,Bobingen,Lindau-Reutin,53.0,99.0,0.5353535353535354,,16682.0,28711.0,24518.0
Bodø,Trondheim S,InterCity,0.41116851002706584,99.36718550878444,98.95601699875738,1,466.17744901027874,67.28638,14.39118,63.43624,10.39914,Bodø,Trondheim S,,,,,34073.0,,216518.0
Bohumín,Hel,InterCity,35.6291015606554,147.60814668320785,111.97904512255245,1,524.6208669884766,49.90073,18.35944,54.61104,18.80089,Bohumín,Hel,,,,,20315.0,420572.0,
Bohumín,Łeba,InterCity,36.85997477684184,139.18866408497598,102.32868930813414,1,542.7448652242813,49.90073,18.35944,54.75691,17.5532,Bohumín,Łeba,,,,,20315.0,,
Bolzano / Bozen,Roma Termini,InterCity,8.241179979846212,139.34849853561434,131.10731855576813,1,519.0967485415856,46.49638,11.35879,41.90049,12.50279,Bolzano / Bozen,Roma Termini,,,,,107436.0,,
Bratislava Nové Mesto,Split,EuroNight,12.886370064370363,142.0729766151391,129.18660655076874,1,521.7998892278248,48.17193,17.14648,43.50489,16.44279,Bratislava Nové Mesto,Split,,,,,423737.0,,149830.0
Bratislava hl.st.,Humenné,InterCity,8.968684155556977,115.09979715480776,106.13111299925079,1,363.16343357454554,48.15891,17.10647,48.93017,21.90117,Bratislava hl.st.,Humenné,,,,,423737.0,,30450.0
Brașov,Budapest Keleti,InterCity,27.522664389080326,146.72596722969826,119.20330284061794,1,538.0143949699024,45.64379,25.58684,47.50059,19.08426,Brașov,Budapest Keleti,,,,,253200.0,,1741041.0
Bregenz,Wien Hbf,Nightjet,0.441842004288582,140.04880021752078,139.6069582132322,1,500.954653388415,47.503,9.73963,48.1851,16.37711,Bregenz,Wien Hbf,,,,,29806.0,,
Briançon,Paris Austerlitz,InterCity,24.560202820900635,150.92484719085417,126.36464436995354,1,546.0006851829762,44.88961,6.63263,48.84185,2.36646,Briançon,Paris Austerlitz,,,,220693.0,11411.0,23798578.0,2103778.0
Bruxelles Midi / Brussel Zuid,Milano Porta Garibaldi,InterCity,,,,0,,,,45.4846,9.18776,Bruxelles Midi / Brussel Zuid,Milano Porta Garibaldi,,,,106903.0,,22.0,
Bruxelles Midi / Brussel Zuid,Praha hl.n.,InterCity,,,,0,,,,50.08321,14.43531,Bruxelles Midi / Brussel Zuid,Praha hl.n.,,,,106903.0,,,
Bruxelles Midi / Brussel Zuid,Wien Hbf,Nightjet,,,,0,,,,48.1851,16.37711,Bruxelles Midi / Brussel Zuid,Wien Hbf,,,,106903.0,,,
București Nord,Arad,InterCity,21.427566347734174,127.63186999136757,106.2043036436334,1,418.867119159711,44.44677,26.07441,46.19134,21.32492,București Nord,Arad,,,,,,526511.0,169065.0
București Nord,Bistrița Nord,InterCity,16.527447092271817,101.99326571470677,85.46581862243495,1,323.07934733505,44.44677,26.07441,47.13248,24.4839,București Nord,Bistrița Nord,,,,,,,78877.0
București Nord,Budapest Keleti,InterCity,32.62124858512483,170.75741043003597,138.13616184491116,0,637.6817691986246,44.44677,26.07441,47.50059,19.08426,București Nord,Budapest Keleti,,,,,,,1741041.0
București Nord,Chişinău,InterCity,18.31178363316442,111.24849236183962,92.9367087286752,1,357.95964565572797,44.44677,26.07441,47.01287,28.86019,București Nord,Chişinău,,,,,,,
București Nord,Cluj-Napoca,InterCity,16.573986066646732,101.04428771974281,84.47030165309607,1,323.9890934914132,44.44677,26.07441,46.7842,23.58662,București Nord,Cluj-Napoca,,,,,,,286598.0
București Nord,Iași,InterCity,16.56643309861343,101.8177051409195,85.25127204230607,1,323.841447701412,44.44677,26.07441,47.15723,27.60345,București Nord,Iași,,,,,,,378954.0
București Nord,Kyiv Pasazhyrskyi,InterCity,,,,0,,44.44677,26.07441,,,București Nord,Kyiv Pasazhyrskyi,,,,,,,
București Nord,Oradea,InterCity,22.18318771769572,130.18687110355506,108.00368338585935,1,433.6380428042795,44.44677,26.07441,47.07012,21.93653,București Nord,Oradea,,,,,,,183105.0
București Nord,Satu Mare,InterCity,22.80321588627676,131.36165767825844,108.55844179198168,1,445.75838388999847,44.44677,26.07441,47.79629,22.8946,București Nord,Satu Mare,,,,,,,112490.0
București Nord,Vatra Dornei Băi,InterCity,16.743044050789983,104.10509602851754,87.36205197772756,1,327.293847266987,44.44677,26.07441,47.34743,25.35576,București Nord,Vatra Dornei Băi,,,,,,,16054.0
București Nord,Wien Hbf,InterCity,43.58527127102663,227.00589866999323,183.4206273989666,0,852.0070230476704,44.44677,26.07441,48.1851,16.37711,București Nord,Wien Hbf,,,,,,,
București Nord,İstanbul Halkalı,InterCity,22.50852369427678,97.08038651041906,74.57186281614229,1,439.9977264500113,44.44677,26.07441,41.01849,28.76616,București Nord,İstanbul Halkalı,,,,,,,15701602.0
Budapest Déli,Koper,InterCity,19.448493783845915,100.28254865984789,80.83405487600197,1,459.38430139469756,47.50043,19.02466,45.53913,13.73831,Budapest Déli,Koper,,,,,1741041.0,,25753.0
Budapest Déli,Rijeka,InterCity,18.067851465498176,125.1684261391682,107.10057467367002,1,426.77275759396673,47.50043,19.02466,45.33032,14.43111,Budapest Déli,Rijeka,,,,,1741041.0,,107964.0
Budapest Keleti,Brașov,InterCity,22.77737742544579,146.72596722969826,123.94858980425246,1,538.0143949699024,47.50059,19.08426,45.64379,25.58684,Budapest Keleti,Brașov,,,,,1741041.0,,253200.0
Budapest Keleti,București Nord,InterCity,26.996895380792967,170.75741043003597,143.760515049243,0,637.6817691986246,47.50059,19.08426,44.44677,26.07441,Budapest Keleti,București Nord,,,,,1741041.0,,
Budapest Keleti,Kyiv Pasazhyrskyi,InterCity,,,,0,,47.50059,19.08426,,,Budapest Keleti,Kyiv Pasazhyrskyi,,,,,1741041.0,,
Budapest Keleti,Split,InterCity,20.727686341738224,103.85567188453399,83.12798554279577,1,489.599545109085,47.50059,19.08426,43.50489,16.44279,Budapest Keleti,Split,,,,,1741041.0,,149830.0
Budapest Keleti,Stuttgart Hbf,EuroNight,31.663980934754772,185.02405618023815,153.3600752454834,0,747.9209404467774,47.50059,19.08426,48.78408,9.18164,Budapest Keleti,Stuttgart Hbf,,,,,1741041.0,,612663.0
Budapest Keleti,Zürich HB,EuroNight,33.551899650481616,211.40046667679877,177.84856702631714,0,792.5146364909679,47.50059,19.08426,47.37818,8.54021,Budapest Keleti,Zürich HB,,,,,1741041.0,,415367.0
Budapest Nyugati,Berlin Hbf,EuroNight,29.190495776732515,176.69984828541607,147.50935250868355,0,689.4958375078542,47.51133,19.05866,52.52508,13.3694,Budapest Nyugati,Berlin Hbf,,,,,1741041.0,,3426354.0
Budapest Nyugati,Warszawa Wschodnia,EuroNight,23.11842203294339,148.25798901496188,125.1395669820185,1,546.0700593571285,47.51133,19.05866,52.25183,21.05204,Budapest Nyugati,Warszawa Wschodnia,,,,,1741041.0,,
Budapest-Keleti,București Nord,InterCity,26.997293184399478,170.75741043003597,143.7601172456365,0,637.6911655423157,47.50044,19.08399,44.44677,26.07441,Budapest-Keleti,București Nord,,,,,1741041.0,,
Burgas,Sofia,InterCity,,,,0,,,,,,Burgas,Sofia,,,,,210646.0,,1152556.0
Cerbère,Paris Austerlitz,InterCity,21.418630918415207,180.46050361609517,159.04187269767996,0,714.240059971162,42.44277,3.16553,48.84185,2.36646,Cerbère,Paris Austerlitz,,,,85261.0,1209.0,23798578.0,2103778.0
Chelm,Kharkiv,InterCity,,,,0,,51.1412,23.49404,,,Chelm,Kharkiv,,,,,60231.0,,
Chelm,Kyiv Pasazhyrskyi,InterCity,,,,0,,51.1412,23.49404,,,Chelm,Kyiv Pasazhyrskyi,,,,,60231.0,,
Chelm,Świnoujście,InterCity,66.82639282819957,175.21808926819259,108.39169643999301,0,695.1090393829659,51.1412,23.49404,53.90482,14.26663,Chelm,Świnoujście,,,,,60231.0,,40919.0
Cherkasy,Ivano-Frankivsk,InterCity,,,,0,,,,,,Cherkasy,Ivano-Frankivsk,,,,,,,
Chernihiv,Ivano-Frankivsk,InterCity,,,,0,,,,,,Chernihiv,Ivano-Frankivsk,,,,,,,
Chernivtsi,Dnipro Holovny,InterCity,,,,0,,,,,,Chernivtsi,Dnipro Holovny,,,,,,,
Chernivtsi,Kharkiv,InterCity,,,,0,,,,,,Chernivtsi,Kharkiv,,,,,,,
Chernivtsi,Kryvyi Rih,InterCity,,,,0,,,,,,Chernivtsi,Kryvyi Rih,,,,,,,
Chernivtsi,Kyiv Pasazhyrskyi,InterCity,,,,0,,,,,,Chernivtsi,Kyiv Pasazhyrskyi,,,,,,,
Chernivtsi,Odesa Holovna,InterCity,,,,0,,,,,,Chernivtsi,Odesa Holovna,,,,,,,
Chişinău,București Nord,InterCity,18.31178363316442,111.24849236183962,92.9367087286752,1,357.95964565572797,47.01287,28.86019,44.44677,26.07441,Chişinău,București Nord,,,,,,,
Chişinău,Kyiv Pasazhyrskyi,InterCity,,,,0,,47.01287,28.86019,,,Chişinău,Kyiv Pasazhyrskyi,,,,,,,
Chop,Kyiv Pasazhyrskyi,InterCity,,,,0,,48.43271,22.20555,,,Chop,Kyiv Pasazhyrskyi,,,,14231.0,,,
Chop,Lozova,InterCity,,,,0,,48.43271,22.20555,,,Chop,Lozova,,,,14231.0,,,
Chop,Praha hl.n.,InterCity,14.636951817446953,141.28395089654148,126.64699907909453,1,592.6851238033265,48.43271,22.20555,50.08321,14.43531,Chop,Praha hl.n.,,,,14231.0,,,
Cluj-Napoca,București Nord,InterCity,16.573986066646732,101.04428771974281,84.47030165309607,1,323.9890934914132,46.7842,23.58662,44.44677,26.07441,Cluj-Napoca,București Nord,,,,,286598.0,,
Cluj-Napoca,Iași,InterCity,15.73335530673664,121.97107603525751,106.23772072852087,1,307.55640211776995,46.7842,23.58662,47.15723,27.60345,Cluj-Napoca,Iași,,,,,286598.0,,378954.0
Constanța,Oradea,InterCity,31.319189234425373,152.87203074984026,121.55284151541488,0,612.2290490739184,44.16877,28.63189,47.07012,21.93653,Constanța,Oradea,,,,,317832.0,,183105.0
Constanța,Suceava Nord,InterCity,22.08687679554062,96.22897056919008,74.14209377364946,1,431.7553521686727,44.16877,28.63189,47.67639,26.23626,Constanța,Suceava Nord,,,,,317832.0,,84308.0
Dnipro Holovny,Chernivtsi,InterCity,,,,0,,,,,,Dnipro Holovny,Chernivtsi,,,,,,,
Dnipro Holovny,Kovel,InterCity,,,,0,,,,,,Dnipro Holovny,Kovel,,,,,,,
Dnipro Holovny,Lviv,InterCity,,,,0,,,,,,Dnipro Holovny,Lviv,,,,,,,
Dnipro Holovny,Odesa Holovna,InterCity,,,,0,,,,,,Dnipro Holovny,Odesa Holovna,,,,,,,
Dnipro Holovny,Truskavets,InterCity,,,,0,,,,,,Dnipro Holovny,Truskavets,,,,,,106903.0,
Dnipro Holovny,Uzhhorod,InterCity,,,,0,,,,,,Dnipro Holovny,Uzhhorod,,,,,,,
Dobrich,Sofia,InterCity,,,,0,,,,,,Dobrich,Sofia,,,,,69434.0,,1152556.0
Donaueschingen Bahnhof,Allmendingen,Train Longue Distance,5.740146161985816,,,0,100.1246496072879,47.9478781,8.4989609,48.3277261,9.7223495,Donaueschingen Bahnhof,Allmendingen,4.0,176.0,0.022727272727272728,,21604.0,14285.0,
Donaueschingen Bahnhof,Blaubeuren,Train Longue Distance,6.217806558898757,68.52657951690541,62.30877295800666,1,108.45642000521117,47.947842,8.4989429,48.4038261,9.7919599,Donaueschingen Bahnhof,Blaubeuren,42.0,176.0,0.23863636363636365,,21604.0,28711.0,
Donaueschingen Bahnhof,Blaustein,Train Longue Distance,6.731668509534523,71.35827056852887,64.62660205899434,1,117.41964956453032,47.9478781,8.4989609,48.4142257,9.919898,Donaueschingen Bahnhof,Blaustein,2.0,176.0,0.011363636363636364,,21604.0,106903.0,
Donaueschingen Bahnhof,Herrlingen,Train Longue Distance,6.656045172087467,68.52657951690541,61.87053434481795,1,116.10056117368684,47.947842,8.4989429,48.4176719,9.8974491,Donaueschingen Bahnhof,Herrlingen,23.0,176.0,0.13068181818181818,,21604.0,503.0,
Donaueschingen Bahnhof,Schelklingen,Train Longue Distance,5.909744153047491,66.91757255993014,61.007828406882645,1,103.08292609536873,47.947842,8.4989429,48.3715701,9.7350607,Donaueschingen Bahnhof,Schelklingen,42.0,176.0,0.23863636363636365,,21604.0,,
Donaueschingen Bahnhof,Ulm Hbf,Train Longue Distance,6.931750643385315,71.35827056852887,64.42651992514355,1,120.90965713213525,47.947842,8.4989429,48.3993472,9.9823129,Donaueschingen Bahnhof,Ulm Hbf,21.0,176.0,0.11931818181818182,,21604.0,,120451.0
Donnersbergerbrücke,Kempten (Allgäu) Hbf Bstg SEV,Train Longue Distance Nuit,1.6297810188052193,70.1889006771193,68.55911965831409,1,102.65690468664772,48.1425324,11.5348982,47.7117585,10.3162706,Donnersbergerbrücke,Kempten (Allgäu) Hbf Bstg SEV,1.0,13.0,0.07692307692307693,,,,61399.0
Dortmund Hbf,"Amsterdam, Centraal",EuroNight,11.452366097186282,86.32928664663707,74.87692054945079,1,199.76218554310623,51.5177175,7.4587657,52.3789574,4.9006063,Dortmund Hbf,"Amsterdam, Centraal",31.0,71.0,0.43661971830985913,,588462.0,,
Dortmund Hbf,Freilassing,EuroNight,32.67316924319629,139.44871635064914,106.77554710745284,1,569.9139934274601,51.5177175,7.4587657,47.8367638,12.9764786,Dortmund Hbf,Freilassing,17.0,71.0,0.23943661971830985,,588462.0,,15909.0
Dortmund Hbf,Ingolstadt Hbf,EuroNight,24.009838092421838,122.73582764382516,98.72598955140333,1,418.8005946698384,51.5176113,7.4588016,48.7446003,11.4372693,Dortmund Hbf,Ingolstadt Hbf,18.0,71.0,0.2535211267605634,,588462.0,,120658.0
Dortmund Hbf,Kufstein Bahnhof,EuroNight,31.736297439972116,149.491210222527,117.75491278255488,1,553.5722560609125,51.5177175,7.4587657,47.5830959,12.1655874,Dortmund Hbf,Kufstein Bahnhof,7.0,71.0,0.09859154929577464,,588462.0,,
Dortmund Hbf,München Hbf Gleis 10,EuroNight,27.326891625192548,99.27814073009989,71.95124910490735,1,476.6595434361162,51.5179635,7.4587028,48.1401586,11.5538976,Dortmund Hbf,München Hbf Gleis 10,1.0,71.0,0.014084507042253521,,588462.0,,
Dortmund Hbf,München Hbf Gleis 14,EuroNight,27.33508217610871,99.27814073009989,71.94305855399118,1,476.8024101885349,51.5177175,7.4587657,48.1400807,11.5575178,Dortmund Hbf,München Hbf Gleis 14,5.0,71.0,0.07042253521126761,,588462.0,,
Dortmund Hbf,Nürnberg Hbf,EuroNight,19.756014000836352,106.3410182842516,86.58500428341526,1,344.6016745305486,51.5176113,7.4588016,49.4457552,11.0821383,Dortmund Hbf,Nürnberg Hbf,34.0,71.0,0.4788732394366197,,588462.0,,
Dortmund Hbf,Ostbahnhof Gleis 8,EuroNight,27.522274545654096,99.27814073009989,71.7558661844458,1,480.067583213921,51.5177175,7.4587657,48.1273047,11.6055327,Dortmund Hbf,Ostbahnhof Gleis 8,17.0,71.0,0.23943661971830985,,588462.0,,
Dortmund Hbf,Passau Hbf,EuroNight,30.86754368641262,144.32113124373555,113.45358755732293,1,538.4186932916906,51.5176113,7.4588016,48.5736385,13.450331,Dortmund Hbf,Passau Hbf,2.0,71.0,0.028169014084507043,,588462.0,,50560.0
Dortmund Hbf,Rosenheim,EuroNight,30.25568022632768,144.9871145168534,114.73143429052573,1,527.746035693837,51.5177175,7.4587657,47.8499797,12.1192703,Dortmund Hbf,Rosenheim,7.0,71.0,0.09859154929577464,,588462.0,,60167.0
Duved,Malmö C,InterCity,0.7630664448730051,236.1536577820716,235.3905913371986,0,865.1546994025,63.38985,12.91755,55.60944,13.00084,Duved,Malmö C,,,,,,,362133.0
Duved,Stockholm C,InterCity,0.46541994462081054,137.46825920800663,137.00283926338582,1,527.6870120417353,63.38985,12.91755,59.33001,18.05763,Duved,Stockholm C,,,,,,,1515017.0
Düsseldorf Hbf,Innsbruck Hbf,InterCity,27.780292496807814,150.74620065151365,122.96590815470583,1,552.5777240085893,51.2212,6.79271,47.26337,11.40111,Düsseldorf Hbf,Innsbruck Hbf,,,,106903.0,618685.0,,132493.0
Düsseldorf Hbf,Villach Hbf,InterCity,36.4900286115084,181.36955146199315,144.87952285048476,0,725.8230618512234,51.2212,6.79271,46.61862,13.84854,Düsseldorf Hbf,Villach Hbf,,,,106903.0,618685.0,,58882.0
Edinburgh Waverley,London Euston,InterCity,28.12066763523828,148.43326389325432,120.31259625801604,1,531.3807187308821,55.9544,-3.18441,51.52817,-0.13308,Edinburgh Waverley,London Euston,,,,,514990.0,106903.0,8961989.0
Edirne,Villach Hbf,InterCity,89.58918681969266,188.67805281048553,99.08886599079287,0,1154.2618380191282,41.65543,26.5802,46.61862,13.84854,Edirne,Villach Hbf,,,,,180002.0,,58882.0
Enzisweiler,Esslingen (N) Gleis 3,Train Longue Distance Nuit,0.11763202007623957,85.12953880351212,85.01190678343588,1,133.36963727464803,47.5641329,9.6651717,48.7386467,9.3006623,Enzisweiler,Esslingen (N) Gleis 3,4.0,24.0,0.16666666666666666,,,,92390.0
Enzisweiler,Geislingen (Steige) Gleis 2,Train Longue Distance Nuit,0.10412173373212188,77.05150851608066,76.94738678234853,1,118.05185230399306,47.5641329,9.6651717,48.6192303,9.8417176,Enzisweiler,Geislingen (Steige) Gleis 2,5.0,24.0,0.20833333333333334,,,,
Enzisweiler,Göppingen Gleis 4,Train Longue Distance Nuit,0.11141146658539335,75.70462044939134,75.59320898280595,1,126.31685553899472,47.5641329,9.6651717,48.700094,9.6520653,Enzisweiler,Göppingen Gleis 4,5.0,24.0,0.20833333333333334,,,,58040.0
Enzisweiler,Plochingen Gleis 1,Train Longue Distance Nuit,0.11389645043621635,85.12953880351212,85.0156423530759,1,129.13429754673055,47.5641329,9.6651717,48.7130825,9.4116941,Enzisweiler,Plochingen Gleis 1,4.0,24.0,0.16666666666666666,,,,
Enzisweiler,Stuttgart Hauptbahnhof (oben) Gleis 11,Train Longue Distance Nuit,0.12382473566336749,93.44916233298383,93.32533759732047,1,140.39085676118762,47.5641329,9.6651717,48.7851371,9.1833513,Enzisweiler,Stuttgart Hauptbahnhof (oben) Gleis 11,1.0,24.0,0.041666666666666664,,,,612663.0
Enzisweiler,Stuttgart Hauptbahnhof (oben) Gleis 13,Train Longue Distance Nuit,0.12381187461341135,93.44916233298383,93.32535045837042,1,140.37627507189495,47.5641329,9.6651717,48.7850424,9.1835849,Enzisweiler,Stuttgart Hauptbahnhof (oben) Gleis 13,3.0,24.0,0.125,,,,612663.0
Eriskirch Bahnhof,Esslingen (N) Gleis 3,Train Longue Distance Nuit,0.10986962169553297,78.27794794084004,78.1680783191445,1,124.56873208110314,47.6285453,9.5265886,48.7386467,9.3006623,Eriskirch Bahnhof,Esslingen (N) Gleis 3,7.0,41.0,0.17073170731707318,,,,92390.0
Eriskirch Bahnhof,Geislingen (Steige) Gleis 2,Train Longue Distance Nuit,0.09932622735153665,73.56657906690694,73.4672528395554,1,112.61477023983745,47.6285453,9.5265886,48.6192303,9.8417176,Eriskirch Bahnhof,Geislingen (Steige) Gleis 2,5.0,41.0,0.12195121951219512,,,,
Eriskirch Bahnhof,Geislingen (Steige) Gleis 3,Train Longue Distance Nuit,0.09933202773575991,73.56657906690694,73.46724703917118,1,112.62134663918357,47.6285332,9.5265347,48.6192481,9.8418793,Eriskirch Bahnhof,Geislingen (Steige) Gleis 3,3.0,41.0,0.07317073170731707,,,,
Eriskirch Bahnhof,Göppingen Gleis 4,Train Longue Distance Nuit,0.10541099761230467,70.63408378155901,70.5286727839467,1,119.51360273503931,47.6285453,9.5265886,48.700094,9.6520653,Eriskirch Bahnhof,Göppingen Gleis 4,8.0,41.0,0.1951219512195122,,,,58040.0
Eriskirch Bahnhof,Plochingen Gleis 1,Train Longue Distance Nuit,0.10662992192130316,78.27794794084004,78.17131801891874,1,120.89560308537773,47.6285453,9.5265886,48.7130825,9.4116941,Eriskirch Bahnhof,Plochingen Gleis 1,7.0,41.0,0.17073170731707318,,,,
Eriskirch Bahnhof,Stuttgart Hauptbahnhof (oben) Gleis 11,Train Longue Distance Nuit,0.1156283601644375,86.17616942087686,86.06054106071242,1,131.09791401863663,47.6285453,9.5265886,48.7851371,9.1833513,Eriskirch Bahnhof,Stuttgart Hauptbahnhof (oben) Gleis 11,2.0,41.0,0.04878048780487805,,,,612663.0
Eriskirch Bahnhof,Stuttgart Hauptbahnhof (oben) Gleis 13,Train Longue Distance Nuit,0.11561629198550737,86.17616942087686,86.06055312889136,1,131.08423127608543,47.6285453,9.5265886,48.7850424,9.1835849,Eriskirch Bahnhof,Stuttgart Hauptbahnhof (oben) Gleis 13,4.0,41.0,0.0975609756097561,,,,612663.0
Eriskirch Bahnhof,Stuttgart Hauptbahnhof (oben) Gleis 14,Train Longue Distance Nuit,0.11560961037240078,86.17616942087686,86.06055981050446,1,131.0766557510213,47.6285332,9.5265347,48.7849833,9.1837017,Eriskirch Bahnhof,Stuttgart Hauptbahnhof (oben) Gleis 14,1.0,41.0,0.024390243902439025,,,,612663.0
Esslingen (N) Gleis 5,Augsburg Hbf,Train Longue Distance,7.09890179841585,79.12183817027584,72.02293637185998,1,123.82525376619309,48.7385696,9.3006174,48.365656,10.8858385,Esslingen (N) Gleis 5,Augsburg Hbf,2.0,519.0,0.0038535645472061657,,92390.0,,301105.0
Esslingen (N) Gleis 5,Enzisweiler,Train Longue Distance,7.645638971041593,85.12953880351212,77.48389983247053,1,133.36192169966148,48.7385696,9.3006174,47.5641329,9.6651717,Esslingen (N) Gleis 5,Enzisweiler,3.0,519.0,0.005780346820809248,,92390.0,,
Esslingen (N) Gleis 5,Eriskirch Bahnhof,Train Longue Distance,7.141109780903608,78.27794794084004,71.13683815993643,1,124.5614823112438,48.7385696,9.3006174,47.6285332,9.5265347,Esslingen (N) Gleis 5,Eriskirch Bahnhof,3.0,519.0,0.005780346820809248,,92390.0,,
Esslingen (N) Gleis 5,Friedrichshafen Stadtbahnhof,Train Longue Distance,6.957778158929352,78.27794794084004,71.32016978191068,1,121.36365182154809,48.7385696,9.3006174,47.6532219,9.4735251,Esslingen (N) Gleis 5,Friedrichshafen Stadtbahnhof,75.0,519.0,0.14450867052023122,,92390.0,,58403.0
Esslingen (N) Gleis 5,Friedrichshafen Stadtbahnhof,Train Longue Distance Nuit,6.957778158929352,78.27794794084004,71.32016978191068,1,121.36365182154809,48.7385696,9.3006174,47.6532219,9.4735251,Esslingen (N) Gleis 5,Friedrichshafen Stadtbahnhof,75.0,210.0,0.35714285714285715,,92390.0,,58403.0
Esslingen (N) Gleis 5,Kressbronn Bahnhof,Train Longue Distance,7.405322147527922,85.12953880351212,77.7242166559842,1,129.1701054862711,48.7385696,9.3006174,47.5940803,9.5989479,Esslingen (N) Gleis 5,Kressbronn Bahnhof,3.0,519.0,0.005780346820809248,,92390.0,,
Esslingen (N) Gleis 5,Langenargen Bahnhof,Train Longue Distance,7.335193737571778,78.27794794084004,70.94275420326827,1,127.9468644265093,48.7385696,9.3006174,47.5994777,9.5445998,Esslingen (N) Gleis 5,Langenargen Bahnhof,3.0,519.0,0.005780346820809248,,92390.0,,
Esslingen (N) Gleis 5,Lindau-Aeschach,Train Longue Distance,7.693363926436739,85.12953880351212,77.43617487707539,1,134.19438211122863,48.7385696,9.3006174,47.5592531,9.684746,Esslingen (N) Gleis 5,Lindau-Aeschach,3.0,519.0,0.005780346820809248,,92390.0,,24518.0
Esslingen (N) Gleis 5,Lindau-Reutin,Train Longue Distance,7.751687535553829,85.12953880351212,77.37785126795829,1,135.2117135104453,48.7385696,9.3006174,47.5523177,9.7012121,Esslingen (N) Gleis 5,Lindau-Reutin,3.0,519.0,0.005780346820809248,,92390.0,28711.0,24518.0
Esslingen (N) Gleis 5,Meckenbeuren Bahnhof,Train Longue Distance,6.711372020660063,78.27794794084004,71.56657592017997,1,117.06562045456239,48.7385696,9.3006174,47.6998799,9.5584339,Esslingen (N) Gleis 5,Meckenbeuren Bahnhof,75.0,519.0,0.14450867052023122,,92390.0,28711.0,
Esslingen (N) Gleis 5,Meckenbeuren Bahnhof,Train Longue Distance Nuit,6.711372020660063,78.27794794084004,71.56657592017997,1,117.06562045456239,48.7385696,9.3006174,47.6998799,9.5584339,Esslingen (N) Gleis 5,Meckenbeuren Bahnhof,75.0,210.0,0.35714285714285715,,92390.0,28711.0,
Esslingen (N) Gleis 5,München Hbf Gleis 14,Train Longue Distance,10.27848301843715,111.60794835919485,101.32946534075771,1,179.28629022217248,48.7385696,9.3006174,48.1400807,11.5575178,Esslingen (N) Gleis 5,München Hbf Gleis 14,2.0,519.0,0.0038535645472061657,,92390.0,,
Esslingen (N) Gleis 5,Nonnenhorn,Train Longue Distance,7.53399597325305,85.12953880351212,77.59554283025906,1,131.41454689086078,48.7385696,9.3006174,47.5752,9.6126293,Esslingen (N) Gleis 5,Nonnenhorn,3.0,519.0,0.005780346820809248,,92390.0,,
Esslingen (N) Gleis 5,Paris Gare de l'Est,Train Longue Distance,29.141049196833066,137.98839068428038,108.84734148744731,1,508.30366643699745,48.7385696,9.3006174,48.8785739,2.3603054,Esslingen (N) Gleis 5,Paris Gare de l'Est,2.0,519.0,0.0038535645472061657,,92390.0,,2103778.0
Esslingen (N) Gleis 5,Ravensburg Bahnhof,Train Longue Distance,6.219073269939172,67.16044693442137,60.9413736644822,1,108.4785150870255,48.7385696,9.3006174,47.78441,9.6059638,Esslingen (N) Gleis 5,Ravensburg Bahnhof,160.0,519.0,0.30828516377649323,,92390.0,,48825.0
Esslingen (N) Gleis 5,Ravensburg Bahnhof,Train Longue Distance Nuit,6.219073269939172,67.16044693442137,60.9413736644822,1,108.4785150870255,48.7385696,9.3006174,47.78441,9.6059638,Esslingen (N) Gleis 5,Ravensburg Bahnhof,160.0,210.0,0.7619047619047619,,92390.0,,48825.0
Esslingen (N) Gleis 5,Strasbourg Gare Centrale,Train Longue Distance,6.6688623106593115,74.87811666511568,68.20925435445638,1,116.32412891434346,48.7385696,9.3006174,48.5851086,7.7338837,Esslingen (N) Gleis 5,Strasbourg Gare Centrale,2.0,519.0,0.0038535645472061657,,92390.0,24568668.0,293771.0
Esslingen (N) Gleis 5,Wasserburg (Bodensee),Train Longue Distance,7.575980911847772,85.12953880351212,77.55355789166435,1,132.14688490925818,48.7385696,9.3006174,47.5718123,9.6392733,Esslingen (N) Gleis 5,Wasserburg (Bodensee),3.0,519.0,0.005780346820809248,,92390.0,,
Finninger Straße,Altstädten (Allgäu),Train Longue Distance Nuit,1.621505596015279,,,0,102.13565104656583,48.3908832,10.0260519,47.4883577,10.280886,Finninger Straße,Altstädten (Allgäu),9.0,143.0,0.06293706293706294,,,,
Finninger Straße,Fischen,Train Longue Distance Nuit,1.6755913618079736,,,0,105.54241382010416,48.3908832,10.0260519,47.4561086,10.2717771,Finninger Straße,Fischen,9.0,143.0,0.06293706293706294,,,,
Finninger Straße,Langenwang (Schwab),Train Longue Distance Nuit,1.7106767534267575,,,0,107.75237801881818,48.3908832,10.0260519,47.4364373,10.2760441,Finninger Straße,Langenwang (Schwab),9.0,143.0,0.06293706293706294,,,,
Finninger Straße,Oberstdorf,Train Longue Distance Nuit,1.754781734388051,,,0,110.53046953817405,48.3908832,10.0260519,47.4113789,10.2785683,Finninger Straße,Oberstdorf,9.0,143.0,0.06293706293706294,,,,
Fischen,Ulm Hbf,Train Longue Distance Nuit,0.09443947863413572,,,0,107.07423881421283,47.4561086,10.2717771,48.3993531,9.9825824,Fischen,Ulm Hbf,149.0,325.0,0.4584615384615385,,,,120451.0
Fort William / An Gearasdan,London Euston,InterCity,,,,0,,,,51.52817,-0.13308,Fort William / An Gearasdan,London Euston,,,,,15757.0,106903.0,8961989.0
Freilassing,Altona,EuroNight,10.644788054847133,180.3644797314578,169.71969167661067,0,670.4955942836441,47.8367638,12.9764786,53.5519791,9.9343519,Freilassing,Altona,6.0,57.0,0.10526315789473684,,15909.0,,250192.0
Freilassing,"Amsterdam, Centraal",EuroNight,12.148416729974054,210.27774782486105,198.129331094887,0,765.2063951860704,47.8367638,12.9764786,52.3789574,4.9006063,Freilassing,"Amsterdam, Centraal",15.0,57.0,0.2631578947368421,,15909.0,,
Freilassing,Dortmund Hbf,EuroNight,9.047954559654357,139.44871635064914,130.40076179099478,1,569.9139934274601,47.8367638,12.9764786,51.5177175,7.4587657,Freilassing,Dortmund Hbf,10.0,57.0,0.17543859649122806,,15909.0,,588462.0
Freilassing,Hamburg Hbf,EuroNight,10.620195416987938,182.1017832625631,171.48158784557515,0,668.9465493189682,47.8367638,12.9764786,53.5527529,10.0079239,Freilassing,Hamburg Hbf,6.0,57.0,0.10526315789473684,,15909.0,203396.0,1973896.0
Freilassing,Nürnberg Hbf,EuroNight,3.598456546690024,95.35445920546866,91.75600265877863,1,226.6601503332089,47.8367638,12.9764786,49.4457552,11.0821383,Freilassing,Nürnberg Hbf,22.0,57.0,0.38596491228070173,,15909.0,,
Freilassing,Ostbahnhof Gleis 6,EuroNight,1.6994648105967658,75.93113557834293,74.23167076774617,1,107.04615838981897,47.8367638,12.9764786,48.1274186,11.6053531,Freilassing,Ostbahnhof Gleis 6,24.0,57.0,0.42105263157894735,,15909.0,,
Friedrichshafen Stadtbahnhof,"Aalen, Hauptbahnhof",Train Longue Distance,0.1234656273324565,80.21870271873803,80.09523709140558,1,139.98370445856744,47.6530827,9.4734982,48.8416955,10.096417,Friedrichshafen Stadtbahnhof,"Aalen, Hauptbahnhof",2.0,463.0,0.004319654427645789,,58403.0,,
Friedrichshafen Stadtbahnhof,Amstetten (Württ),Train Longue Distance Nuit,0.09442880685729368,64.86054989725548,64.76612109039819,1,107.06213929398375,47.6530827,9.4734982,48.5782387,9.8730059,Friedrichshafen Stadtbahnhof,Amstetten (Württ),7.0,463.0,0.01511879049676026,,58403.0,11803.0,15559.0
Friedrichshafen Stadtbahnhof,Bad Säckingen Bahnhof,Train Longue Distance Nuit,0.10127654560981027,76.01111230856814,75.90983576295834,1,114.82601543062388,47.6532824,9.4735701,47.5559371,7.9487877,Friedrichshafen Stadtbahnhof,Bad Säckingen Bahnhof,15.0,463.0,0.032397408207343416,,58403.0,,16549.0
Friedrichshafen Stadtbahnhof,Badischer Bahnhof,Train Longue Distance Nuit,0.12361405005349116,95.80427340177137,95.68065935171788,1,140.15198418763168,47.6532824,9.4735701,47.5677212,7.6082453,Friedrichshafen Stadtbahnhof,Badischer Bahnhof,15.0,463.0,0.032397408207343416,,58403.0,,
Friedrichshafen Stadtbahnhof,Ebersbach (F) Gleis 2,Train Longue Distance Nuit,0.1043243852486637,70.63408378155901,70.52975939631035,1,118.28161592819013,47.6530827,9.4734982,48.716218,9.526939,Friedrichshafen Stadtbahnhof,Ebersbach (F) Gleis 2,6.0,463.0,0.012958963282937365,,58403.0,,
Friedrichshafen Stadtbahnhof,Esslingen (N) Gleis 3,Train Longue Distance Nuit,0.10706334100455617,78.27794794084004,78.17088459983547,1,121.38700794167366,47.6530827,9.4734982,48.7386467,9.3006623,Friedrichshafen Stadtbahnhof,Esslingen (N) Gleis 3,95.0,463.0,0.20518358531317496,,58403.0,,92390.0
Friedrichshafen Stadtbahnhof,Geislingen (Steige) Gleis 2,Train Longue Distance Nuit,0.09776640525418663,73.56657906690694,73.46881266165275,1,110.84626446052906,47.653125,9.4734982,48.6192303,9.8417176,Friedrichshafen Stadtbahnhof,Geislingen (Steige) Gleis 2,9.0,463.0,0.019438444924406047,,58403.0,,
Friedrichshafen Stadtbahnhof,Geislingen (Steige) Gleis 3,Train Longue Distance Nuit,0.09777472799744774,73.56657906690694,73.4688043389095,1,110.85570067737838,47.6530827,9.4734982,48.6192481,9.8418793,Friedrichshafen Stadtbahnhof,Geislingen (Steige) Gleis 3,104.0,463.0,0.22462203023758098,,58403.0,,
Friedrichshafen Stadtbahnhof,Giengen (Brenz),Train Longue Distance,0.10719785093078403,76.44780816370294,76.34061031277216,1,121.53951352696602,47.6530827,9.4734982,48.619741,10.2380274,Friedrichshafen Stadtbahnhof,Giengen (Brenz),2.0,463.0,0.004319654427645789,,58403.0,169298.0,
Friedrichshafen Stadtbahnhof,Gingen (F) Gleis 2,Train Longue Distance Nuit,0.10095064827285816,73.56657906690694,73.46562841863408,1,114.45651731616572,47.6530827,9.4734982,48.6607998,9.7880702,Friedrichshafen Stadtbahnhof,Gingen (F) Gleis 2,7.0,463.0,0.01511879049676026,,58403.0,,
Friedrichshafen Stadtbahnhof,Göppingen Gleis 4,Train Longue Distance Nuit,0.10334635801018205,70.63408378155901,70.53073742354883,1,117.1727415081429,47.6530827,9.4734982,48.700094,9.6520653,Friedrichshafen Stadtbahnhof,Göppingen Gleis 4,113.0,463.0,0.24406047516198703,,58403.0,,58040.0
Friedrichshafen Stadtbahnhof,Heidenheim (Brenz),Train Longue Distance,0.11021122251946461,78.01163314770437,77.9014219251849,1,124.95603460256758,47.6530827,9.4734982,48.6803766,10.1565142,Friedrichshafen Stadtbahnhof,Heidenheim (Brenz),2.0,463.0,0.004319654427645789,,58403.0,,
Friedrichshafen Stadtbahnhof,Kuchen Gleis 2,Train Longue Distance Nuit,0.09920850387305467,73.56657906690694,73.46737056303388,1,112.48129690822525,47.6530827,9.4734982,48.6403726,9.803683,Friedrichshafen Stadtbahnhof,Kuchen Gleis 2,7.0,463.0,0.01511879049676026,,58403.0,,
Friedrichshafen Stadtbahnhof,Langenau (Württ),Train Longue Distance,0.09283216371471807,68.82010331389196,68.72727115017724,1,105.25188629786629,47.6530827,9.4734982,48.4932982,10.1258817,Friedrichshafen Stadtbahnhof,Langenau (Württ),2.0,463.0,0.004319654427645789,,58403.0,11803.0,
Friedrichshafen Stadtbahnhof,"Oberkochen, Bahnhof",Train Longue Distance,0.11825329881189939,80.21870271873803,80.10044941992614,1,134.07403493412627,47.6530827,9.4734982,48.7824026,10.10761,Friedrichshafen Stadtbahnhof,"Oberkochen, Bahnhof",2.0,463.0,0.004319654427645789,,58403.0,,
Friedrichshafen Stadtbahnhof,Plochingen Gleis 1,Train Longue Distance Nuit,0.10403685733793742,78.27794794084004,78.1739110835021,1,117.95562056455489,47.6530827,9.4734982,48.7130825,9.4116941,Friedrichshafen Stadtbahnhof,Plochingen Gleis 1,97.0,463.0,0.20950323974082075,,58403.0,,
Friedrichshafen Stadtbahnhof,Reichenbach (F) Gleis 2,Train Longue Distance Nuit,0.1034624050357868,68.63252197450122,68.52905956946543,1,117.30431409953151,47.6530827,9.4734982,48.7080085,9.4644522,Friedrichshafen Stadtbahnhof,Reichenbach (F) Gleis 2,6.0,463.0,0.012958963282937365,,58403.0,,
Friedrichshafen Stadtbahnhof,Rheinfelden (Baden) Bahnhof,Train Longue Distance Nuit,0.1120948373121167,85.15239397633096,85.04029913901884,1,127.09165228131144,47.6532824,9.4735701,47.5569071,7.784378,Friedrichshafen Stadtbahnhof,Rheinfelden (Baden) Bahnhof,15.0,463.0,0.032397408207343416,,58403.0,,34674.0
Friedrichshafen Stadtbahnhof,Sontheim (Brenz),Train Longue Distance,0.10353878247170922,75.70299199718205,75.59945321471034,1,117.39090983186986,47.6530827,9.4734982,48.5591633,10.2849464,Friedrichshafen Stadtbahnhof,Sontheim (Brenz),2.0,463.0,0.004319654427645789,,58403.0,,
Friedrichshafen Stadtbahnhof,Stuttgart Hauptbahnhof (oben) Gleis 11,Train Longue Distance Nuit,0.11263200138873608,86.17616942087686,86.06353741948813,1,127.70068184663954,47.6530827,9.4734982,48.7851371,9.1833513,Friedrichshafen Stadtbahnhof,Stuttgart Hauptbahnhof (oben) Gleis 11,22.0,463.0,0.047516198704103674,,58403.0,,612663.0
Friedrichshafen Stadtbahnhof,Stuttgart Hauptbahnhof (oben) Gleis 12,Train Longue Distance Nuit,0.11262480751741448,86.17616942087686,86.06354461335944,1,127.6925255299484,47.6530827,9.4734982,48.785078,9.1834861,Friedrichshafen Stadtbahnhof,Stuttgart Hauptbahnhof (oben) Gleis 12,13.0,463.0,0.028077753779697623,,58403.0,,612663.0
Friedrichshafen Stadtbahnhof,Stuttgart Hauptbahnhof (oben) Gleis 13,Train Longue Distance Nuit,0.11262028096376776,86.17616942087686,86.06354913991309,1,127.68739338295664,47.6530827,9.4734982,48.7850424,9.1835849,Friedrichshafen Stadtbahnhof,Stuttgart Hauptbahnhof (oben) Gleis 13,44.0,463.0,0.09503239740820735,,58403.0,,612663.0
Friedrichshafen Stadtbahnhof,Stuttgart Hauptbahnhof (oben) Gleis 14,Train Longue Distance,0.11260011958340121,86.17616942087686,86.06356930129346,1,127.66453467505805,47.6532219,9.4735251,48.7849833,9.1837017,Friedrichshafen Stadtbahnhof,Stuttgart Hauptbahnhof (oben) Gleis 14,7.0,463.0,0.01511879049676026,,58403.0,,612663.0
Friedrichshafen Stadtbahnhof,Stuttgart Hauptbahnhof (oben) Gleis 3,Train Longue Distance,0.11266944697170754,86.17616942087686,86.06349997390515,1,127.743137156131,47.6532219,9.4735251,48.7855574,9.182444,Friedrichshafen Stadtbahnhof,Stuttgart Hauptbahnhof (oben) Gleis 3,4.0,463.0,0.008639308855291577,,58403.0,,612663.0
Friedrichshafen Stadtbahnhof,Stuttgart Hauptbahnhof (oben) Gleis 9,Train Longue Distance,0.11263055731991085,86.17616942087686,86.06353886355694,1,127.69904458039777,47.6532219,9.4735251,48.7852318,9.1831178,Friedrichshafen Stadtbahnhof,Stuttgart Hauptbahnhof (oben) Gleis 9,5.0,463.0,0.01079913606911447,,58403.0,,612663.0
Friedrichshafen Stadtbahnhof,Süßen Gleis 3,Train Longue Distance Nuit,0.10280812988991153,73.56657906690694,73.46377093701703,1,116.56250554411737,47.6530827,9.4734982,48.6838225,9.7597733,Friedrichshafen Stadtbahnhof,Süßen Gleis 3,7.0,463.0,0.01511879049676026,,58403.0,106903.0,
Friedrichshafen Stadtbahnhof,Uhingen Gleis 2,Train Longue Distance Nuit,0.10378365085970895,70.63408378155901,70.5303001306993,1,117.66853838969267,47.6530827,9.4734982,48.708702,9.5846737,Friedrichshafen Stadtbahnhof,Uhingen Gleis 2,6.0,463.0,0.012958963282937365,,58403.0,,
Friedrichshafen Stadtbahnhof,Westerstetten,Train Longue Distance Nuit,0.09046223947299169,64.86054989725548,64.77008765778248,1,102.56489736166857,47.6530827,9.4734982,48.5188013,9.9500455,Friedrichshafen Stadtbahnhof,Westerstetten,7.0,463.0,0.01511879049676026,,58403.0,,
Gare de Abancourt,Gare de Douai,EuroNight,0.9608325716239323,70.9716551610979,70.01082258947396,1,121.04214810077251,49.6856202,1.7742912,50.3716757,3.0899613,Gare de Abancourt,Gare de Douai,10.0,91.0,0.10989010989010989,90965.0,569.0,3472422.0,40250.0
Gare de Abancourt,Gare de Lille Flandres,EuroNight,1.114082697719117,91.4343070430306,90.32022434531149,1,140.3480344821261,49.6856202,1.7742912,50.6365763,3.0698721,Gare de Abancourt,Gare de Lille Flandres,10.0,91.0,0.10989010989010989,90965.0,569.0,25331979.0,238246.0
Gare de Achiet,Gare de Montérolier - Buchy,EuroNight,2.311248552183563,83.71022846763967,81.39897991545611,1,119.11196414056703,50.1319184,2.7801146,49.6031673,1.334721,Gare de Achiet,Gare de Montérolier - Buchy,6.0,12.0,0.5,,75580.0,32330.0,591.0
Gare de Achiet,Gare de Morgny,EuroNight,2.505558144877193,82.91861702890458,80.41305888402738,1,129.12585780649314,50.1319184,2.7801146,49.5228742,1.2473588,Gare de Achiet,Gare de Morgny,4.0,12.0,0.3333333333333333,,75580.0,,650.0
Gare de Achiet,Gare de Rouen Rive Droite,EuroNight,2.77276048263969,82.91861702890458,80.1458565462649,1,142.89633491237322,50.1319184,2.7801146,49.4486637,1.0941026,Gare de Achiet,Gare de Rouen Rive Droite,6.0,12.0,0.5,,75580.0,7773267.0,117662.0
Gare de Achiet,Gare de Serqueux,EuroNight,2.034919362466137,,,0,104.87112772965041,50.1319184,2.7801146,49.6315502,1.5394027,Gare de Achiet,Gare de Serqueux,6.0,12.0,0.5,,75580.0,80617.0,943.0
Gare de Albert,Gare de Longuerue - Vieux-Manoir,EuroNight,2.1379796062919785,82.91861702890458,80.7806374226126,1,110.18241632096364,50.0053968,2.6444827,49.5566792,1.2762275,Gare de Albert,Gare de Longuerue - Vieux-Manoir,3.0,20.0,0.15,684803.0,9521.0,19440.0,346.0
Gare de Albert,Gare de Montérolier - Buchy,EuroNight,2.019799572119864,83.71022846763967,81.6904288955198,1,104.09191775509501,50.0053968,2.6444827,49.6031673,1.334721,Gare de Albert,Gare de Montérolier - Buchy,10.0,20.0,0.5,684803.0,9521.0,32330.0,591.0
Gare de Albert,Gare de Morgny,EuroNight,2.207958672703161,82.91861702890458,80.71065835620142,1,113.78884109993614,50.0053968,2.6444827,49.5228742,1.2473588,Gare de Albert,Gare de Morgny,8.0,20.0,0.4,684803.0,9521.0,,650.0
Gare de Albert,Gare de Rouen Rive Droite,EuroNight,2.4735698509149673,82.91861702890458,80.44504717798961,1,127.47731657982723,50.0053968,2.6444827,49.4486637,1.0941026,Gare de Albert,Gare de Rouen Rive Droite,10.0,20.0,0.5,684803.0,9521.0,7773267.0,117662.0
Gare de Alençon,Gare de Saint-Pierre-des-Corps,EuroNight,0.995985885221121,78.1836505084145,77.18766462319338,1,125.47063305884618,48.4338845,0.0985309,47.3861437,0.7235445,Gare de Alençon,Gare de Saint-Pierre-des-Corps,4.0,176.0,0.022727272727272728,478757.0,25490.0,4356356.0,15898.0
Gare de Alençon,Gare de Tours,EuroNight,0.9863020379964749,78.1836505084145,77.19734847041802,1,124.25069765639644,48.4338845,0.0985309,47.3898771,0.6928408,Gare de Alençon,Gare de Tours,19.0,176.0,0.10795454545454546,478757.0,25490.0,7013155.0,139259.0
Gare de Amboise,Gare de Ancenis,Train Longue Distance,1.291107502365669,102.69028737218537,101.3991798698197,1,162.64896729222335,47.4214655,0.9817614,47.369337,-1.1777593,Gare de Amboise,Gare de Ancenis,16.0,31.0,0.5161290322580645,855042.0,12937.0,1179679.0,75580.0
Gare de Amboise,Gare de Angers Saint-Laud,Train Longue Distance,0.9192300585471488,73.91720492654906,72.99797486800192,1,115.80121674819209,47.4214655,0.9817614,47.4646464,-0.5567748,Gare de Amboise,Gare de Angers Saint-Laud,16.0,31.0,0.5161290322580645,855042.0,12937.0,7116373.0,159022.0
Gare de Amboise,Gare de Batz-sur-Mer,Train Longue Distance,2.073032627497653,100.0455096013167,97.97247697381904,1,261.1530142980162,47.4214655,0.9817614,47.28086,-2.4788695,Gare de Amboise,Gare de Batz-sur-Mer,6.0,31.0,0.1935483870967742,855042.0,12937.0,336887.0,2892.0
Gare de Amboise,Gare de La Baule les Pins,Train Longue Distance,2.00482555485852,100.0455096013167,98.04068404645818,1,252.5605385309297,47.4214655,0.9817614,47.2834533,-2.3648905,Gare de Amboise,Gare de La Baule les Pins,6.0,31.0,0.1935483870967742,855042.0,12937.0,27557.0,75580.0
Gare de Amboise,Gare de La Baule-Escoublac,Train Longue Distance,2.0189818170970577,100.0455096013167,98.02652778421964,1,254.34389230247638,47.4214655,0.9817614,47.2884613,-2.389211,Gare de Amboise,Gare de La Baule-Escoublac,6.0,31.0,0.1935483870967742,855042.0,12937.0,27557.0,16912.0
Gare de Amboise,Gare de Le Croisic,Train Longue Distance,2.0893873993386736,100.0455096013167,97.95612220197802,1,263.2133282109692,47.4214655,0.9817614,47.2898903,-2.5073397,Gare de Amboise,Gare de Le Croisic,6.0,31.0,0.1935483870967742,855042.0,12937.0,152113.0,4056.0
Gare de Amboise,Gare de Le Pouliguen,Train Longue Distance,2.0456161081944626,100.0455096013167,97.99989349312223,1,257.6991821862513,47.4214655,0.9817614,47.2825083,-2.4331287,Gare de Amboise,Gare de Le Pouliguen,6.0,31.0,0.1935483870967742,855042.0,12937.0,125948.0,4173.0
Gare de Amboise,Gare de Nantes,Train Longue Distance,1.5208078689189224,78.22070806379215,76.69990019487322,1,191.58577335839283,47.4214655,0.9817614,47.2174913,-1.542077,Gare de Amboise,Gare de Nantes,16.0,31.0,0.5161290322580645,855042.0,12937.0,17553626.0,327734.0
Gare de Amboise,Gare de Pornichet,Train Longue Distance,1.9938555437974559,100.0455096013167,98.05165405751924,1,251.1785769460136,47.4214655,0.9817614,47.2704262,-2.3448644,Gare de Amboise,Gare de Pornichet,6.0,31.0,0.1935483870967742,855042.0,12937.0,230185.0,12800.0
Gare de Amboise,Gare de Saint-Nazaire,Train Longue Distance,1.9128220958131787,94.12341143989187,92.21058934407868,1,240.97028165950854,47.4214655,0.9817614,47.2864903,-2.211079,Gare de Amboise,Gare de Saint-Nazaire,6.0,31.0,0.1935483870967742,855042.0,12937.0,1371500.0,74568.0
Gare de Amboise,Gare de Savenay,Train Longue Distance,1.7533050555436387,89.82235620116829,88.06905114562466,1,220.87491251494566,47.4214655,0.9817614,47.3586008,-1.951011,Gare de Amboise,Gare de Savenay,6.0,31.0,0.1935483870967742,855042.0,12937.0,38477.0,9543.0
Gare de Amiens,Gare de Rouen Rive Droite,EuroNight,0.795751092628672,65.78378695403553,64.98803586140686,1,100.24579146241774,49.8905865,2.3082788,49.4486637,1.0941026,Gare de Amiens,Gare de Rouen Rive Droite,16.0,37.0,0.43243243243243246,7395165.0,136449.0,7773267.0,117662.0
Gare de Amilly - Ouerray,Gare de Le Mans,Train Longue Distance,0.8050329610600339,,,0,101.41508705719751,48.4382945,1.3893962,47.9956159,0.1926141,Gare de Amilly - Ouerray,Gare de Le Mans,11.0,50.0,0.22,56169.0,13582.0,5440432.0,146249.0
Gare de Ancenis,Gare de Amboise,Train Longue Distance,1.291107502365669,102.69028737218537,101.3991798698197,1,162.64896729222335,47.369337,-1.1777593,47.4214655,0.9817614,Gare de Ancenis,Gare de Amboise,15.0,423.0,0.03546099290780142,1179679.0,75580.0,855042.0,12937.0
Gare de Ancenis,Gare de Beaugency,Train Longue Distance,1.7080406765260094,84.71757485038509,83.00953417385908,1,215.1726727797946,47.369337,-1.1777593,47.7784038,1.6259389,Gare de Ancenis,Gare de Beaugency,15.0,423.0,0.03546099290780142,1179679.0,75580.0,531504.0,8024.0
Gare de Ancenis,Gare de Blois - Chambord,Train Longue Distance,1.5044190086167806,116.46270220251616,114.95828319389938,1,189.5211651066743,47.369337,-1.1777593,47.5854518,1.3237539,Gare de Ancenis,Gare de Blois - Chambord,15.0,423.0,0.03546099290780142,1179679.0,75580.0,203396.0,47219.0
Gare de Ancenis,Gare de Cinq-Mars-la-Pile,Train Longue Distance,0.9783703588196159,72.46031081947545,71.48194046065584,1,123.25149393041268,47.369337,-1.1777593,47.3451747,0.4581184,Gare de Ancenis,Gare de Cinq-Mars-la-Pile,10.0,423.0,0.02364066193853428,1179679.0,75580.0,186647.0,4015.0
Gare de Ancenis,Gare de La Suze,Train Longue Distance Nuit,0.852168500616367,76.64498384124045,75.79281534062407,1,107.35304870450578,47.369337,-1.1777593,47.8922362,0.0265714,Gare de Ancenis,Gare de La Suze,9.0,423.0,0.02127659574468085,1179679.0,75580.0,,75580.0
Gare de Ancenis,Gare de Langeais,Train Longue Distance,0.9502445290377148,72.46031081947545,71.51006629043773,1,119.70830549731859,47.369337,-1.1777593,47.3240248,0.4097404,Gare de Ancenis,Gare de Langeais,10.0,423.0,0.02364066193853428,1179679.0,75580.0,307322.0,4367.0
Gare de Ancenis,Gare de Le Croisic,Train Longue Distance,0.7985002553461191,,,0,100.59212085489028,47.369337,-1.1777593,47.2898903,-2.5073397,Gare de Ancenis,Gare de Le Croisic,24.0,423.0,0.05673758865248227,1179679.0,75580.0,152113.0,4056.0
Gare de Ancenis,Gare de Le Mans,Train Longue Distance Nuit,0.9842146993802021,76.64498384124045,75.66076914186024,1,123.98774242632932,47.369337,-1.1777593,47.9956159,0.1926141,Gare de Ancenis,Gare de Le Mans,46.0,423.0,0.10874704491725769,1179679.0,75580.0,5440432.0,146249.0
Gare de Ancenis,Gare de Mer,Train Longue Distance,1.6267103158654648,84.71757485038509,83.09086453451962,1,204.9269735280253,47.369337,-1.1777593,47.7058923,1.5063578,Gare de Ancenis,Gare de Mer,15.0,423.0,0.03546099290780142,1179679.0,75580.0,336887.0,6250.0
Gare de Ancenis,Gare de Meung-sur-Loire,Train Longue Distance,1.7556052079001683,86.5876153423396,84.83201013443943,1,221.1646772361008,47.369337,-1.1777593,47.8299537,1.6919208,Gare de Ancenis,Gare de Meung-sur-Loire,15.0,423.0,0.03546099290780142,1179679.0,75580.0,466159.0,6670.0
Gare de Ancenis,Gare de Onzain - Chaumont-sur-Loire,Train Longue Distance,1.4155650870045844,116.46270220251616,115.04713711551157,1,178.32767535961003,47.369337,-1.1777593,47.4920275,1.1860922,Gare de Ancenis,Gare de Onzain - Chaumont-sur-Loire,15.0,423.0,0.03546099290780142,1179679.0,75580.0,278696.0,75580.0
Gare de Ancenis,Gare de Orléans,Train Longue Distance,1.8934937784317818,100.43873083667052,98.54523705823874,1,238.53537143257515,47.369337,-1.1777593,47.907891,1.9042468,Gare de Ancenis,Gare de Orléans,15.0,423.0,0.03546099290780142,1179679.0,75580.0,5221422.0,116357.0
Gare de Ancenis,Gare de Port Boulet,Train Longue Distance,0.8050712816481914,,,0,101.4199145437379,47.369337,-1.1777593,47.2488391,0.1556491,Gare de Ancenis,Gare de Port Boulet,10.0,423.0,0.02364066193853428,1179679.0,75580.0,166392.0,832.0
Gare de Ancenis,Gare de Saint-Pierre-des-Corps,Train Longue Distance,1.136491781914413,91.96712071558062,90.8306289336662,1,143.17104836412358,47.369337,-1.1777593,47.3861437,0.7235445,Gare de Ancenis,Gare de Saint-Pierre-des-Corps,15.0,423.0,0.03546099290780142,1179679.0,75580.0,4356356.0,15898.0
Gare de Ancenis,Gare de Tours,Train Longue Distance,1.1181518776860295,91.96712071558062,90.84896883789459,1,140.8606547853401,47.369337,-1.1777593,47.3898771,0.6928408,Gare de Ancenis,Gare de Tours,37.0,423.0,0.08747044917257683,1179679.0,75580.0,7013155.0,139259.0
Gare de Angers Maître École,Gare de Batz-sur-Mer,Train Longue Distance,1.174987077876015,88.91481603847376,87.73982896059775,1,148.02054395011527,47.466953,-0.5324366,47.28086,-2.4788695,Gare de Angers Maître École,Gare de Batz-sur-Mer,2.0,53.0,0.03773584905660377,46045.0,159022.0,336887.0,2892.0
Gare de Angers Maître École,Gare de La Baule les Pins,Train Longue Distance,1.107207366627121,88.91481603847376,87.80760867184664,1,139.48190559676507,47.466953,-0.5324366,47.2834533,-2.3648905,Gare de Angers Maître École,Gare de La Baule les Pins,2.0,53.0,0.03773584905660377,46045.0,159022.0,27557.0,75580.0
Gare de Angers Maître École,Gare de La Baule-Escoublac,Train Longue Distance,1.1209073185614526,88.91481603847376,87.79390871991231,1,141.20777507702854,47.466953,-0.5324366,47.2884613,-2.389211,Gare de Angers Maître École,Gare de La Baule-Escoublac,2.0,53.0,0.03773584905660377,46045.0,159022.0,27557.0,16912.0
Gare de Angers Maître École,Gare de Le Croisic,Train Longue Distance,1.1906667249787068,88.91481603847376,87.72414931349505,1,149.99580813538762,47.466953,-0.5324366,47.2898903,-2.5073397,Gare de Angers Maître École,Gare de Le Croisic,2.0,53.0,0.03773584905660377,46045.0,159022.0,152113.0,4056.0
Gare de Angers Maître École,Gare de Le Pouliguen,Train Longue Distance,1.1476976266125916,88.91481603847376,87.76711841186116,1,144.582719401939,47.466953,-0.5324366,47.2825083,-2.4331287,Gare de Angers Maître École,Gare de Le Pouliguen,2.0,53.0,0.03773584905660377,46045.0,159022.0,125948.0,4173.0
Gare de Angers Maître École,Gare de Pornichet,Train Longue Distance,1.0972590745177062,88.91481603847376,87.81755696395605,1,138.22865640182744,47.466953,-0.5324366,47.2704262,-2.3448644,Gare de Angers Maître École,Gare de Pornichet,2.0,53.0,0.03773584905660377,46045.0,159022.0,230185.0,12800.0
Gare de Angers Maître École,Gare de Saint-Nazaire,Train Longue Distance,1.0159004404413747,79.43518361720312,78.41928317676175,1,127.9793953692838,47.466953,-0.5324366,47.2864903,-2.211079,Gare de Angers Maître École,Gare de Saint-Nazaire,2.0,53.0,0.03773584905660377,46045.0,159022.0,1371500.0,74568.0
Gare de Angers Maître École,Gare de Savenay,Train Longue Distance,0.8526968431241468,71.22979233142547,70.37709548830132,1,107.4196073474612,47.466953,-0.5324366,47.3586008,-1.951011,Gare de Angers Maître École,Gare de Savenay,2.0,53.0,0.03773584905660377,46045.0,159022.0,38477.0,9543.0
Gare de Angers Saint-Laud,Gare de Amboise,Train Longue Distance,0.9192300585471488,73.91720492654906,72.99797486800192,1,115.80121674819209,47.4646464,-0.5567748,47.4214655,0.9817614,Gare de Angers Saint-Laud,Gare de Amboise,15.0,552.0,0.02717391304347826,7116373.0,159022.0,855042.0,12937.0
Gare de Angers Saint-Laud,Gare de Batz-sur-Mer,Train Longue Distance,1.1603232162461148,88.91481603847376,87.75449282222765,1,146.17324467701118,47.4646464,-0.5567748,47.28086,-2.4788695,Gare de Angers Saint-Laud,Gare de Batz-sur-Mer,24.0,552.0,0.043478260869565216,7116373.0,159022.0,336887.0,2892.0
Gare de Angers Saint-Laud,Gare de Beaugency,Train Longue Distance,1.327733881725583,103.11627763979298,101.7885437580674,1,167.26302364897745,47.4646464,-0.5567748,47.7784038,1.6259389,Gare de Angers Saint-Laud,Gare de Beaugency,15.0,552.0,0.02717391304347826,7116373.0,159022.0,531504.0,8024.0
Gare de Angers Saint-Laud,Gare de Blois - Chambord,Train Longue Distance,1.1258942599554624,85.9455137430386,84.81961948308314,1,141.83601158421044,47.4646464,-0.5567748,47.5854518,1.3237539,Gare de Angers Saint-Laud,Gare de Blois - Chambord,15.0,552.0,0.02717391304347826,7116373.0,159022.0,203396.0,47219.0
Gare de Angers Saint-Laud,Gare de La Baule les Pins,Train Longue Distance,1.092542666925655,88.91481603847376,87.8222733715481,1,137.6345007464922,47.4646464,-0.5567748,47.2834533,-2.3648905,Gare de Angers Saint-Laud,Gare de La Baule les Pins,24.0,552.0,0.043478260869565216,7116373.0,159022.0,27557.0,75580.0
Gare de Angers Saint-Laud,Gare de La Baule-Escoublac,Train Longue Distance,1.1062432436842204,88.91481603847376,87.80857279478954,1,139.3604489398111,47.4646464,-0.5567748,47.2884613,-2.389211,Gare de Angers Saint-Laud,Gare de La Baule-Escoublac,24.0,552.0,0.043478260869565216,7116373.0,159022.0,27557.0,16912.0
Gare de Angers Saint-Laud,Gare de Le Croisic,Train Longue Distance,1.1760049251956561,88.91481603847376,87.7388111132781,1,148.14876860615473,47.4646464,-0.5567748,47.2898903,-2.5073397,Gare de Angers Saint-Laud,Gare de Le Croisic,24.0,552.0,0.043478260869565216,7116373.0,159022.0,152113.0,4056.0
Gare de Angers Saint-Laud,Gare de Le Pouliguen,Train Longue Distance,1.1330334059586264,88.91481603847376,87.78178263251513,1,142.7353749003057,47.4646464,-0.5567748,47.2825083,-2.4331287,Gare de Angers Saint-Laud,Gare de Le Pouliguen,24.0,552.0,0.043478260869565216,7116373.0,159022.0,125948.0,4173.0
Gare de Angers Saint-Laud,Gare de Mer,Train Longue Distance,1.2465693390469066,103.11627763979298,101.86970830074608,1,157.03821353576552,47.4646464,-0.5567748,47.7058923,1.5063578,Gare de Angers Saint-Laud,Gare de Mer,15.0,552.0,0.02717391304347826,7116373.0,159022.0,336887.0,6250.0
Gare de Angers Saint-Laud,Gare de Meung-sur-Loire,Train Longue Distance,1.3754474638968588,105.84306045705279,104.46761299315592,1,173.27380497566878,47.4646464,-0.5567748,47.8299537,1.6919208,Gare de Angers Saint-Laud,Gare de Meung-sur-Loire,15.0,552.0,0.02717391304347826,7116373.0,159022.0,466159.0,6670.0
Gare de Angers Saint-Laud,Gare de Onzain - Chaumont-sur-Loire,Train Longue Distance,1.0399943390014132,85.9455137430386,84.9055194040372,1,131.0146559588578,47.4646464,-0.5567748,47.4920275,1.1860922,Gare de Angers Saint-Laud,Gare de Onzain - Chaumont-sur-Loire,15.0,552.0,0.02717391304347826,7116373.0,159022.0,278696.0,75580.0
Gare de Angers Saint-Laud,Gare de Orléans,Train Longue Distance,1.5136979613716182,80.32972904692946,78.81603108555784,1,190.6900933952656,47.4646464,-0.5567748,47.907891,1.9042468,Gare de Angers Saint-Laud,Gare de Orléans,15.0,552.0,0.02717391304347826,7116373.0,159022.0,5221422.0,116357.0
Gare de Angers Saint-Laud,Gare de Pornichet,Train Longue Distance,1.0825947231079343,88.91481603847376,87.83222131536583,1,136.38129542805925,47.4646464,-0.5567748,47.2704262,-2.3448644,Gare de Angers Saint-Laud,Gare de Pornichet,24.0,552.0,0.043478260869565216,7116373.0,159022.0,230185.0,12800.0
Gare de Angers Saint-Laud,Gare de Rennes,EuroNight,0.8695008347194606,67.19072013453248,66.32121929981302,1,109.53651231033768,47.4646464,-0.5567748,48.1035178,-1.6727439,Gare de Angers Saint-Laud,Gare de Rennes,38.0,552.0,0.06884057971014493,7116373.0,159022.0,15689647.0,230890.0
Gare de Angers Saint-Laud,Gare de Saint-Nazaire,Train Longue Distance,1.0012360373365543,79.43518361720312,78.43394757986657,1,126.13202788316381,47.4646464,-0.5567748,47.2864903,-2.211079,Gare de Angers Saint-Laud,Gare de Saint-Nazaire,24.0,552.0,0.043478260869565216,7116373.0,159022.0,1371500.0,74568.0
Gare de Angers Saint-Laud,Gare de Savenay,Train Longue Distance,0.8380416069029561,71.22979233142547,70.39175072452251,1,105.57339467157422,47.4646464,-0.5567748,47.3586008,-1.951011,Gare de Angers Saint-Laud,Gare de Savenay,24.0,552.0,0.043478260869565216,7116373.0,159022.0,38477.0,9543.0
Gare de Argentan,Gare de Château-du-Loir,EuroNight,0.9667210802540899,79.68648559438716,78.71976451413308,1,121.78396072739858,48.7385458,-0.0252909,47.6833356,0.4149592,Gare de Argentan,Gare de Château-du-Loir,19.0,210.0,0.09047619047619047,398579.0,13527.0,155829.0,229.0
Gare de Argentan,Gare de Dreux,EuroNight,0.8123834563938618,,,0,102.34107538345451,48.7385458,-0.0252909,48.731493,1.3701634,Gare de Argentan,Gare de Dreux,44.0,210.0,0.20952380952380953,398579.0,13527.0,28711.0,31543.0
Gare de Argentan,Gare de Folligny,EuroNight,0.8077385448342994,74.66990487250939,73.8621663276751,1,101.75592653493315,48.7385458,-0.0252909,48.8299473,-1.407223,Gare de Argentan,Gare de Folligny,12.0,210.0,0.05714285714285714,398579.0,13527.0,440344.0,1119.0
Gare de Argentan,Gare de Granville,EuroNight,0.9127510650960633,74.66990487250939,73.75715380741333,1,114.98501701890441,48.7385458,-0.0252909,48.8383212,-1.5875472,Gare de Argentan,Gare de Granville,35.0,210.0,0.16666666666666666,398579.0,13527.0,375919.0,12510.0
Gare de Argentan,Gare de Paris Montparnasse Hall 1 - 2,EuroNight,1.36708165050934,103.60464132574845,102.23755967523911,1,172.21991062098007,48.7385458,-0.0252909,48.8411711,2.3205138,Gare de Argentan,Gare de Paris Montparnasse Hall 1 - 2,39.0,210.0,0.18571428571428572,398579.0,13527.0,68925312.0,2103778.0
Gare de Argentan,Gare de Paris Montparnasse Vaugirard,EuroNight,1.36708165050934,103.60464132574845,102.23755967523911,1,172.21991062098007,48.7385458,-0.0252909,48.8411711,2.3205138,Gare de Argentan,Gare de Paris Montparnasse Vaugirard,6.0,210.0,0.02857142857142857,398579.0,13527.0,68925312.0,2103778.0
Gare de Argentan,Gare de Saint-Pierre-des-Corps,EuroNight,1.2728137130792434,97.44188740768026,96.16907369460101,1,160.34438310396112,48.7385458,-0.0252909,47.3861437,0.7235445,Gare de Argentan,Gare de Saint-Pierre-des-Corps,4.0,210.0,0.01904761904761905,398579.0,13527.0,4356356.0,15898.0
Gare de Argentan,Gare de Tours,EuroNight,1.2635328480220274,97.44188740768026,96.17835455965823,1,159.17521391056027,48.7385458,-0.0252909,47.3898771,0.6928408,Gare de Argentan,Gare de Tours,19.0,210.0,0.09047619047619047,398579.0,13527.0,7013155.0,139259.0
Gare de Argentan,Gare de Versailles Chantiers,EuroNight,1.258306794139806,97.36497688065268,96.10667008651286,1,158.51685489289568,48.7385458,-0.0252909,48.795829,2.1358823,Gare de Argentan,Gare de Versailles Chantiers,10.0,210.0,0.047619047619047616,398579.0,13527.0,24372929.0,84095.0
Gare de Argentan,Gare de Écommoy,EuroNight,0.8250726476752209,,,0,103.93961295984138,48.7385458,-0.0252909,47.8245481,0.2690699,Gare de Argentan,Gare de Écommoy,12.0,210.0,0.05714285714285714,398579.0,13527.0,90899.0,4868.0
Gare de Arras,Gare de Longuerue - Vieux-Manoir,EuroNight,2.6164841785614494,100.31160770113048,97.69512352256903,1,134.8425159019506,50.2868105,2.78016,49.5566792,1.2762275,Gare de Arras,Gare de Longuerue - Vieux-Manoir,3.0,20.0,0.15,4773655.0,42875.0,19440.0,346.0
Gare de Arras,Gare de Montérolier - Buchy,EuroNight,2.490642094940497,97.96355238866548,95.47291029372498,1,128.35714774997408,50.2868105,2.78016,49.6031673,1.334721,Gare de Arras,Gare de Montérolier - Buchy,10.0,20.0,0.5,4773655.0,42875.0,32330.0,591.0
Gare de Arras,Gare de Morgny,EuroNight,2.693216718937229,100.31160770113048,97.61839098219326,1,138.79698613364403,50.2868105,2.78016,49.5228742,1.2473588,Gare de Arras,Gare de Morgny,8.0,20.0,0.4,4773655.0,42875.0,,650.0
Gare de Arras,Gare de Rouen Rive Droite,EuroNight,2.9610367610516226,100.31160770113048,97.35057094007887,1,152.59929710635038,50.2868105,2.78016,49.4486637,1.0941026,Gare de Arras,Gare de Rouen Rive Droite,10.0,20.0,0.5,4773655.0,42875.0,7773267.0,117662.0
Gare de Arras,Gare de Serqueux,EuroNight,2.22818229249854,,,0,114.83108083377346,50.2868105,2.78016,49.6315502,1.5394027,Gare de Arras,Gare de Serqueux,10.0,20.0,0.5,4773655.0,42875.0,80617.0,943.0
Gare de Audrieu,Gare de Dol-de-Bretagne,EuroNight,0.894871021897782,73.20790412655536,72.31303310465758,1,112.73255503877326,49.216131,-0.5960138,48.5442508,-1.7505361,Gare de Audrieu,Gare de Dol-de-Bretagne,4.0,76.0,0.05263157894736842,28711.0,1167.0,654150.0,5829.0
Gare de Audrieu,Gare de Pontchaillou,EuroNight,1.1601149291925676,99.40258921485902,98.24247428566645,1,146.14700544124057,49.216131,-0.5960138,48.1186426,-1.6911174,Gare de Audrieu,Gare de Pontchaillou,4.0,76.0,0.05263157894736842,28711.0,1167.0,405981.0,75580.0
Gare de Audrieu,Gare de Rennes,EuroNight,1.1655337075270273,99.40258921485902,98.23705550733199,1,146.82964317548848,49.216131,-0.5960138,48.1035178,-1.6727439,Gare de Audrieu,Gare de Rennes,4.0,76.0,0.05263157894736842,28711.0,1167.0,15689647.0,230890.0
Gare de Auffay,Gare de Paris Saint-Lazare,Train Longue Distance,1.0238452656162529,90.74813391304268,89.72428864742642,1,128.9802551796741,49.7160925,1.0984238,48.8762428,2.3253309,Gare de Auffay,Gare de Paris Saint-Lazare,2.0,121.0,0.01652892561983471,56169.0,75580.0,114093491.0,2103778.0
Gare de Auray,Gare de Brest,Train Longue Distance,1.0742429085658147,96.09237118414309,95.01812827557727,1,135.32916459634853,47.6800865,-2.9993628,48.3876203,-4.4803058,Gare de Auray,Gare de Brest,2.0,239.0,0.008368200836820083,1317309.0,14207.0,2777923.0,142346.0
Gare de Auray,Gare de Nantes,Train Longue Distance Nuit,0.9609012509167377,67.16398281988076,66.20308156896402,1,121.05080006509671,47.6800865,-2.9993628,47.2174913,-1.542077,Gare de Auray,Gare de Nantes,29.0,239.0,0.12133891213389121,1317309.0,14207.0,17553626.0,327734.0
Gare de Auray,Gare de Rennes,EuroNight,0.8695672679641346,,,0,109.54488132579172,47.6800865,-2.9993628,48.1035178,-1.6727439,Gare de Auray,Gare de Rennes,57.0,239.0,0.2384937238493724,1317309.0,14207.0,15689647.0,230890.0
Gare de Batz-sur-Mer,Gare de Amboise,Train Longue Distance,2.073032627497653,100.0455096013167,97.97247697381904,1,261.1530142980162,47.28086,-2.4788695,47.4214655,0.9817614,Gare de Batz-sur-Mer,Gare de Amboise,7.0,152.0,0.046052631578947366,336887.0,2892.0,855042.0,12937.0
Gare de Batz-sur-Mer,Gare de Angers Saint-Laud,Train Longue Distance,1.1603232162461148,88.91481603847376,87.75449282222765,1,146.17324467701118,47.28086,-2.4788695,47.4646464,-0.5567748,Gare de Batz-sur-Mer,Gare de Angers Saint-Laud,11.0,152.0,0.07236842105263158,336887.0,2892.0,7116373.0,159022.0
Gare de Batz-sur-Mer,Gare de Beaugency,Train Longue Distance,2.4851885504473015,120.56229889667506,118.07711034622776,1,313.0748992752962,47.28086,-2.4788695,47.7784038,1.6259389,Gare de Batz-sur-Mer,Gare de Beaugency,7.0,152.0,0.046052631578947366,336887.0,2892.0,531504.0,8024.0
Gare de Batz-sur-Mer,Gare de Blois - Chambord,Train Longue Distance,2.286091880450608,108.99968206914752,106.71359018869691,1,287.9934341711524,47.28086,-2.4788695,47.5854518,1.3237539,Gare de Batz-sur-Mer,Gare de Blois - Chambord,7.0,152.0,0.046052631578947366,336887.0,2892.0,203396.0,47219.0
Gare de Batz-sur-Mer,Gare de Le Mans,Train Longue Distance,1.7094145962138911,82.4402280106919,80.730813414478,1,215.3457541211755,47.28086,-2.4788695,47.9956159,0.1926141,Gare de Batz-sur-Mer,Gare de Le Mans,2.0,152.0,0.013157894736842105,336887.0,2892.0,5440432.0,146249.0
Gare de Batz-sur-Mer,Gare de Mer,Train Longue Distance,2.405915402862969,120.56229889667506,118.15638349381209,1,303.0883601490261,47.28086,-2.4788695,47.7058923,1.5063578,Gare de Batz-sur-Mer,Gare de Mer,7.0,152.0,0.046052631578947366,336887.0,2892.0,336887.0,6250.0
Gare de Batz-sur-Mer,Gare de Meung-sur-Loire,Train Longue Distance,2.53099587147972,122.34695171943295,119.81595584795323,1,318.84553684551776,47.28086,-2.4788695,47.8299537,1.6919208,Gare de Batz-sur-Mer,Gare de Meung-sur-Loire,7.0,152.0,0.046052631578947366,336887.0,2892.0,466159.0,6670.0
Gare de Batz-sur-Mer,Gare de Onzain - Chaumont-sur-Loire,Train Longue Distance,2.197922427265222,108.99968206914752,106.8017596418823,1,276.88617123522573,47.28086,-2.4788695,47.4920275,1.1860922,Gare de Batz-sur-Mer,Gare de Onzain - Chaumont-sur-Loire,7.0,152.0,0.046052631578947366,336887.0,2892.0,278696.0,75580.0
Gare de Batz-sur-Mer,Gare de Orléans,Train Longue Distance,2.66669726873491,108.12201520054764,105.45531793181273,1,335.9406990091849,47.28086,-2.4788695,47.907891,1.9042468,Gare de Batz-sur-Mer,Gare de Orléans,7.0,152.0,0.046052631578947366,336887.0,2892.0,5221422.0,116357.0
Gare de Batz-sur-Mer,Gare de Sablé-sur-Sarthe,Train Longue Distance,1.3656108565993232,94.8629081983585,93.49729734175918,1,172.0346254219354,47.28086,-2.4788695,47.8417564,-0.3419969,Gare de Batz-sur-Mer,Gare de Sablé-sur-Sarthe,2.0,152.0,0.013157894736842105,336887.0,2892.0,662172.0,12326.0
Gare de Batz-sur-Mer,Gare de Saint-Pierre-des-Corps,Train Longue Distance,1.9178284601515634,93.52763600767815,91.60980754752659,1,241.60096499767744,47.28086,-2.4788695,47.3861437,0.7235445,Gare de Batz-sur-Mer,Gare de Saint-Pierre-des-Corps,7.0,152.0,0.046052631578947366,336887.0,2892.0,4356356.0,15898.0
Gare de Batz-sur-Mer,Gare de Saumur,Train Longue Distance,1.4417445230542316,108.0169586614439,106.57521413838967,1,181.62566427994855,47.28086,-2.4788695,47.2689958,-0.0714032,Gare de Batz-sur-Mer,Gare de Saumur,9.0,152.0,0.05921052631578947,336887.0,2892.0,966833.0,26241.0
Gare de Batz-sur-Mer,Gare de Tours,Train Longue Distance,1.8995838741798827,93.52763600767815,91.62805213349827,1,239.302579261764,47.28086,-2.4788695,47.3898771,0.6928408,Gare de Batz-sur-Mer,Gare de Tours,9.0,152.0,0.05921052631578947,336887.0,2892.0,7013155.0,139259.0
Gare de Bayeux,Gare de Dol-de-Bretagne,EuroNight,0.8847791674393716,69.3793392532793,68.49456008583992,1,111.46122038792788,49.2697288,-0.6980999,48.5442508,-1.7505361,Gare de Bayeux,Gare de Dol-de-Bretagne,10.0,244.0,0.040983606557377046,662073.0,12659.0,654150.0,5829.0
Gare de Bayeux,Gare de Mantes-la-Jolie,Train Longue Distance,1.4087829343288498,117.62516260162394,116.21637966729509,1,177.47328474790248,49.2697288,-0.6980999,48.9898402,1.70337,Gare de Bayeux,Gare de Mantes-la-Jolie,5.0,244.0,0.020491803278688523,662073.0,12659.0,9911587.0,43526.0
Gare de Bayeux,Gare de Paris Saint-Lazare,Train Longue Distance,1.7822786903595247,96.44457857712337,94.66229988676385,1,224.5249043032911,49.2697288,-0.6980999,48.8762428,2.3253309,Gare de Bayeux,Gare de Paris Saint-Lazare,51.0,244.0,0.20901639344262296,662073.0,12659.0,114093491.0,2103778.0
Gare de Bayeux,Gare de Pontchaillou,EuroNight,1.1691775268708022,98.00225362261612,96.83307609574533,1,147.2886781142356,49.2697288,-0.6980999,48.1186426,-1.6911174,Gare de Bayeux,Gare de Pontchaillou,10.0,244.0,0.040983606557377046,662073.0,12659.0,405981.0,75580.0
Gare de Bayeux,Gare de Rennes,EuroNight,1.1756308940591877,98.00225362261612,96.82662272855694,1,148.1016495413439,49.2697288,-0.6980999,48.1035178,-1.6727439,Gare de Bayeux,Gare de Rennes,10.0,244.0,0.040983606557377046,662073.0,12659.0,15689647.0,230890.0
Gare de Bayeux,Gare de Évreux Normandie,Train Longue Distance,1.089609149620888,96.73326473676977,95.64365558714888,1,137.26494704218797,49.2697288,-0.6980999,49.0187469,1.1496289,Gare de Bayeux,Gare de Évreux Normandie,11.0,244.0,0.045081967213114756,662073.0,12659.0,89813.0,49360.0
Gare de Beaugency,Gare de Ancenis,Train Longue Distance,1.7080406765260094,84.71757485038509,83.00953417385908,1,215.1726727797946,47.7784038,1.6259389,47.369337,-1.1777593,Gare de Beaugency,Gare de Ancenis,16.0,31.0,0.5161290322580645,531504.0,8024.0,1179679.0,75580.0
Gare de Beaugency,Gare de Angers Saint-Laud,Train Longue Distance,1.327733881725583,103.11627763979298,101.7885437580674,1,167.26302364897745,47.7784038,1.6259389,47.4646464,-0.5567748,Gare de Beaugency,Gare de Angers Saint-Laud,16.0,31.0,0.5161290322580645,531504.0,8024.0,7116373.0,159022.0
Gare de Beaugency,Gare de Batz-sur-Mer,Train Longue Distance,2.4851885504473015,120.56229889667506,118.07711034622776,1,313.0748992752962,47.7784038,1.6259389,47.28086,-2.4788695,Gare de Beaugency,Gare de Batz-sur-Mer,6.0,31.0,0.1935483870967742,531504.0,8024.0,336887.0,2892.0
Gare de Beaugency,Gare de La Baule les Pins,Train Longue Distance,2.417909324497887,120.56229889667506,118.14438957217718,1,304.59931021641313,47.7784038,1.6259389,47.2834533,-2.3648905,Gare de Beaugency,Gare de La Baule les Pins,6.0,31.0,0.1935483870967742,531504.0,8024.0,27557.0,75580.0
Gare de Beaugency,Gare de La Baule-Escoublac,Train Longue Distance,2.4312596090294356,120.56229889667506,118.13103928764562,1,306.28112988529045,47.7784038,1.6259389,47.2884613,-2.389211,Gare de Beaugency,Gare de La Baule-Escoublac,6.0,31.0,0.1935483870967742,531504.0,8024.0,27557.0,16912.0
Gare de Beaugency,Gare de Le Croisic,Train Longue Distance,2.500290485794201,120.56229889667506,118.06200841088086,1,314.9773854616025,47.7784038,1.6259389,47.2898903,-2.5073397,Gare de Beaugency,Gare de Le Croisic,6.0,31.0,0.1935483870967742,531504.0,8024.0,152113.0,4056.0
Gare de Beaugency,Gare de Le Pouliguen,Train Longue Distance,2.4580745073681745,120.56229889667506,118.10422438930688,1,309.6591720040533,47.7784038,1.6259389,47.2825083,-2.4331287,Gare de Beaugency,Gare de Le Pouliguen,6.0,31.0,0.1935483870967742,531504.0,8024.0,125948.0,4173.0
Gare de Beaugency,Gare de Nantes,Train Longue Distance,1.9528618719078028,100.27808214234616,98.32522027043836,1,246.01434516349244,47.7784038,1.6259389,47.2174913,-1.542077,Gare de Beaugency,Gare de Nantes,16.0,31.0,0.5161290322580645,531504.0,8024.0,17553626.0,327734.0
Gare de Beaugency,Gare de Pornichet,Train Longue Distance,2.4085771130028224,120.56229889667506,118.15372178367224,1,303.4236725879091,47.7784038,1.6259389,47.2704262,-2.3448644,Gare de Beaugency,Gare de Pornichet,6.0,31.0,0.1935483870967742,531504.0,8024.0,230185.0,12800.0
Gare de Beaugency,Gare de Saint-Nazaire,Train Longue Distance,2.3272737319797248,114.59453890551384,112.26726517353411,1,293.1813721314846,47.7784038,1.6259389,47.2864903,-2.211079,Gare de Beaugency,Gare de Saint-Nazaire,6.0,31.0,0.1935483870967742,531504.0,8024.0,1371500.0,74568.0
Gare de Beaugency,Gare de Saumur,Train Longue Distance,1.1070875630089307,88.88163156119283,87.7745439981839,1,139.46681317824778,47.7784038,1.6259389,47.2689958,-0.0714032,Gare de Beaugency,Gare de Saumur,16.0,31.0,0.5161290322580645,531504.0,8024.0,966833.0,26241.0
Gare de Beaugency,Gare de Savenay,Train Longue Distance,2.162002585854671,109.52658479373505,107.36458220788039,1,272.3611219267663,47.7784038,1.6259389,47.3586008,-1.951011,Gare de Beaugency,Gare de Savenay,6.0,31.0,0.1935483870967742,531504.0,8024.0,38477.0,9543.0
Gare de Beaumont-le-Roger,Gare de Paris Saint-Lazare,Train Longue Distance,0.9163414813261194,88.05690063417974,87.14055915285363,1,115.43732443009819,49.0741994,0.7726988,48.8762428,2.3253309,Gare de Beaumont-le-Roger,Gare de Paris Saint-Lazare,6.0,25.0,0.24,16294.0,2769.0,114093491.0,2103778.0
Gare de Bernay,Gare de Carentan,Train Longue Distance Nuit,1.0785512215866917,97.0194248189536,95.9408735973669,1,135.871910000843,49.0871158,0.5956878,49.302483,-1.2449382,Gare de Bernay,Gare de Carentan,12.0,263.0,0.045627376425855515,655294.0,9765.0,227651.0,75580.0
Gare de Bernay,Gare de Cherbourg,Train Longue Distance Nuit,1.3627373301275227,102.32094755985213,100.95821022972461,1,171.6726291417892,49.0871158,0.5956878,49.6335183,-1.6214867,Gare de Bernay,Gare de Cherbourg,12.0,263.0,0.045627376425855515,655294.0,9765.0,,75580.0
Gare de Bernay,Gare de Lison,Train Longue Distance Nuit,0.9581245086979443,65.75725537199723,64.79913086329928,1,120.70099630863496,49.0871158,0.5956878,49.2268337,-1.0503391,Gare de Bernay,Gare de Lison,12.0,263.0,0.045627376425855515,655294.0,9765.0,211039.0,451.0
Gare de Bernay,Gare de Paris Saint-Lazare,Train Longue Distance,1.019088550159934,88.05690063417974,87.0378120840198,1,128.38102168807436,49.0871158,0.5956878,48.8762428,2.3253309,Gare de Bernay,Gare de Paris Saint-Lazare,79.0,263.0,0.30038022813688214,655294.0,9765.0,114093491.0,2103778.0
Gare de Bernay,Gare de Valognes,Train Longue Distance Nuit,1.2504551926907002,102.32094755985213,101.07049236716144,1,157.5277390640842,49.0871158,0.5956878,49.5054544,-1.4798601,Gare de Bernay,Gare de Valognes,12.0,263.0,0.045627376425855515,655294.0,9765.0,282866.0,6969.0
Gare de Blois - Chambord,Gare de Ancenis,Train Longue Distance,1.5044190086167806,116.46270220251616,114.95828319389938,1,189.5211651066743,47.5854518,1.3237539,47.369337,-1.1777593,Gare de Blois - Chambord,Gare de Ancenis,16.0,31.0,0.5161290322580645,203396.0,47219.0,1179679.0,75580.0
Gare de Blois - Chambord,Gare de Angers Saint-Laud,Train Longue Distance,1.1258942599554624,85.9455137430386,84.81961948308314,1,141.83601158421044,47.5854518,1.3237539,47.4646464,-0.5567748,Gare de Blois - Chambord,Gare de Angers Saint-Laud,16.0,31.0,0.5161290322580645,203396.0,47219.0,7116373.0,159022.0
Gare de Blois - Chambord,Gare de Batz-sur-Mer,Train Longue Distance,2.286091880450608,108.99968206914752,106.71359018869691,1,287.9934341711524,47.5854518,1.3237539,47.28086,-2.4788695,Gare de Blois - Chambord,Gare de Batz-sur-Mer,6.0,31.0,0.1935483870967742,203396.0,47219.0,336887.0,2892.0
Gare de Blois - Chambord,Gare de La Baule les Pins,Train Longue Distance,2.218214156976389,108.99968206914752,106.78146791217114,1,279.4424485986885,47.5854518,1.3237539,47.2834533,-2.3648905,Gare de Blois - Chambord,Gare de La Baule les Pins,6.0,31.0,0.1935483870967742,203396.0,47219.0,27557.0,75580.0
Gare de Blois - Chambord,Gare de La Baule-Escoublac,Train Longue Distance,2.2319985112283485,108.99968206914752,106.76768355791917,1,281.1789507720268,47.5854518,1.3237539,47.2884613,-2.389211,Gare de Blois - Chambord,Gare de La Baule-Escoublac,6.0,31.0,0.1935483870967742,203396.0,47219.0,27557.0,16912.0
Gare de Blois - Chambord,Gare de Le Croisic,Train Longue Distance,2.301857355528944,108.99968206914752,106.69782471361859,1,289.979510648645,47.5854518,1.3237539,47.2898903,-2.5073397,Gare de Blois - Chambord,Gare de Le Croisic,6.0,31.0,0.1935483870967742,203396.0,47219.0,152113.0,4056.0
Gare de Blois - Chambord,Gare de Le Pouliguen,Train Longue Distance,2.258773519279753,108.99968206914752,106.74090854986777,1,284.55196765932897,47.5854518,1.3237539,47.2825083,-2.4331287,Gare de Blois - Chambord,Gare de Le Pouliguen,6.0,31.0,0.1935483870967742,203396.0,47219.0,125948.0,4173.0
Gare de Blois - Chambord,Gare de Nantes,Train Longue Distance,1.742581595115115,87.80564852813012,86.06306693301501,1,219.524010470536,47.5854518,1.3237539,47.2174913,-1.542077,Gare de Blois - Chambord,Gare de Nantes,16.0,31.0,0.5161290322580645,203396.0,47219.0,17553626.0,327734.0
Gare de Blois - Chambord,Gare de Pornichet,Train Longue Distance,2.208034474732164,108.99968206914752,106.79164759441537,1,278.160049726904,47.5854518,1.3237539,47.2704262,-2.3448644,Gare de Blois - Chambord,Gare de Pornichet,6.0,31.0,0.1935483870967742,203396.0,47219.0,230185.0,12800.0
Gare de Blois - Chambord,Gare de Saint-Nazaire,Train Longue Distance,2.1267035096377676,103.03861902197599,100.91191551233823,1,267.9142743307845,47.5854518,1.3237539,47.2864903,-2.211079,Gare de Blois - Chambord,Gare de Saint-Nazaire,6.0,31.0,0.1935483870967742,203396.0,47219.0,1371500.0,74568.0
Gare de Blois - Chambord,Gare de Saumur,Train Longue Distance,0.8786765451490853,67.50703991689785,66.62836337174876,1,110.69243451109666,47.5854518,1.3237539,47.2689958,-0.0714032,Gare de Blois - Chambord,Gare de Saumur,16.0,31.0,0.5161290322580645,203396.0,47219.0,966833.0,26241.0
Gare de Blois - Chambord,Gare de Savenay,Train Longue Distance,1.9639320561060944,98.37310467311144,96.40917261700535,1,247.40892619124398,47.5854518,1.3237539,47.3586008,-1.951011,Gare de Blois - Chambord,Gare de Savenay,6.0,31.0,0.1935483870967742,203396.0,47219.0,38477.0,9543.0
Gare de Bournezeau,Gare de Langeais,Train Longue Distance,1.1254650212474868,97.23523730973017,96.10977228848267,1,141.78193767290085,46.6515229,-1.1783978,47.3240248,0.4097404,Gare de Bournezeau,Gare de Langeais,6.0,34.0,0.17647058823529413,2085.0,3452.0,307322.0,4367.0
Gare de Bournezeau,Gare de Saumur,Train Longue Distance,0.8612498747796011,73.13083549272511,72.26958561794551,1,108.49708676991699,46.6515229,-1.1783978,47.2689958,-0.0714032,Gare de Bournezeau,Gare de Saumur,6.0,34.0,0.17647058823529413,2085.0,3452.0,966833.0,26241.0
Gare de Bournezeau,Gare de Tours,Train Longue Distance,1.3009561291807339,114.83235800194888,113.53140187276814,1,163.8896610205006,46.6515229,-1.1783978,47.3898771,0.6928408,Gare de Bournezeau,Gare de Tours,6.0,34.0,0.17647058823529413,2085.0,3452.0,7013155.0,139259.0
Gare de Bressuire,Gare de Tours,Train Longue Distance Nuit,0.8642949733694811,,,0,108.8806970735048,46.8384051,-0.4961401,47.3898771,0.6928408,Gare de Bressuire,Gare de Tours,11.0,51.0,0.21568627450980393,20062.0,19970.0,7013155.0,139259.0
Gare de Brest,Gare de Auray,Train Longue Distance Nuit,1.0742429085658147,96.09237118414309,95.01812827557727,1,135.32916459634853,48.3876203,-4.4803058,47.6800865,-2.9993628,Gare de Brest,Gare de Auray,2.0,280.0,0.007142857142857143,2777923.0,142346.0,1317309.0,14207.0
Gare de Brest,Gare de Broons,Train Longue Distance,1.3172107521247645,109.55859692775192,108.24138617562716,1,165.93735854431398,48.3876203,-4.4803058,48.3333985,-2.2357459,Gare de Brest,Gare de Broons,1.0,280.0,0.0035714285714285713,2777923.0,142346.0,70577.0,2943.0
Gare de Brest,Gare de Caulnes,Train Longue Distance,1.367036464317718,109.55859692775192,108.1915604634342,1,172.21421823100502,48.3876203,-4.4803058,48.2844266,-2.1555927,Gare de Brest,Gare de Caulnes,1.0,280.0,0.0035714285714285713,2777923.0,142346.0,90645.0,2501.0
Gare de Brest,Gare de Guingamp,EuroNight,0.7963133750812257,68.54838722413638,67.75207384905515,1,100.31662573459633,48.3876203,-4.4803058,48.555661,-3.143343,Gare de Brest,Gare de Guingamp,47.0,280.0,0.16785714285714284,2777923.0,142346.0,1070109.0,7111.0
Gare de Brest,Gare de Lamballe,EuroNight,1.1551775145377672,74.26699844174611,73.11182092720834,1,145.52500813023016,48.3876203,-4.4803058,48.4660608,-2.5115459,Gare de Brest,Gare de Lamballe,47.0,280.0,0.16785714285714284,2777923.0,142346.0,711369.0,75580.0
Gare de Brest,Gare de Lorient,Train Longue Distance,0.8619425524489402,67.6499926473566,66.78805009490766,1,108.58434775118924,48.3876203,-4.4803058,47.7555982,-3.3662209,Gare de Brest,Gare de Lorient,6.0,280.0,0.02142857142857143,2777923.0,142346.0,,58329.0
Gare de Brest,Gare de Montauban-de-Bretagne,Train Longue Distance,1.4362974309281595,113.96073490746777,112.5244374765396,1,180.93945967852852,48.3876203,-4.4803058,48.1902428,-2.052675,Gare de Brest,Gare de Montauban-de-Bretagne,1.0,280.0,0.0035714285714285713,2777923.0,142346.0,354751.0,6597.0
Gare de Brest,Gare de Montfort-sur-Meu,Train Longue Distance,1.503354122649161,113.96073490746777,112.45738078481861,1,189.38701469503158,48.3876203,-4.4803058,48.1388793,-1.9491409,Gare de Brest,Gare de Montfort-sur-Meu,1.0,280.0,0.0035714285714285713,2777923.0,142346.0,636464.0,6810.0
Gare de Brest,Gare de Nantes,Train Longue Distance,2.0249599106306433,102.50884972177289,100.48388981114225,1,255.09699050524605,48.3876203,-4.4803058,47.2174913,-1.542077,Gare de Brest,Gare de Nantes,6.0,280.0,0.02142857142857143,2777923.0,142346.0,17553626.0,327734.0
Gare de Brest,Gare de Plestan,Train Longue Distance,1.194495398469356,109.55859692775192,108.36410152928256,1,150.47813031863896,48.3876203,-4.4803058,48.4257122,-2.4424838,Gare de Brest,Gare de Plestan,1.0,280.0,0.0035714285714285713,2777923.0,142346.0,14569.0,1635.0
Gare de Brest,Gare de Plénée-Jugon,Train Longue Distance,1.2461448140047524,109.55859692775192,108.31245211374717,1,156.98473343471306,48.3876203,-4.4803058,48.3766559,-2.3546105,Gare de Brest,Gare de Plénée-Jugon,1.0,280.0,0.0035714285714285713,2777923.0,142346.0,20761.0,2579.0
Gare de Brest,Gare de Quédillac,Train Longue Distance,1.3760575892192082,113.96073490746777,112.58467731824855,1,173.35066631635277,48.3876203,-4.4803058,48.2484813,-2.1452205,Gare de Brest,Gare de Quédillac,1.0,280.0,0.0035714285714285713,2777923.0,142346.0,33144.0,1287.0
Gare de Brest,Gare de Redon,Train Longue Distance,1.5545267763439776,78.81117426138718,77.2566474850432,1,195.8335571106044,48.3876203,-4.4803058,47.6520047,-2.08777,Gare de Brest,Gare de Redon,6.0,280.0,0.02142857142857143,2777923.0,142346.0,1104562.0,9542.0
Gare de Brest,Gare de Rennes,EuroNight,1.6691342953878494,81.84306621242112,80.17393191703327,1,210.2713901975119,48.3876203,-4.4803058,48.1035178,-1.6727439,Gare de Brest,Gare de Rennes,47.0,280.0,0.16785714285714284,2777923.0,142346.0,15689647.0,230890.0
Gare de Brest,Gare de Saint-Brieuc,EuroNight,1.0098154144622453,74.26699844174611,73.25718302728387,1,127.21282621091527,48.3876203,-4.4803058,48.5075822,-2.765,Gare de Brest,Gare de Saint-Brieuc,47.0,280.0,0.16785714285714284,2777923.0,142346.0,28711.0,44364.0
Gare de Brest,Gare de Vannes,Train Longue Distance,1.202867823930366,96.09237118414309,94.88950336021273,1,151.5328576379902,48.3876203,-4.4803058,47.6651702,-2.75245,Gare de Brest,Gare de Vannes,6.0,280.0,0.02142857142857143,2777923.0,142346.0,2313942.0,55790.0
Gare de Brest,Gare de Yffiniac,Train Longue Distance,1.0730083398812855,74.26699844174611,73.19399010186483,1,135.17363818106392,48.3876203,-4.4803058,48.4700837,-2.6524471,Gare de Brest,Gare de Yffiniac,1.0,280.0,0.0035714285714285713,2777923.0,142346.0,29992.0,5074.0
Gare de Bretoncelles,Gare de Angers Maître École,Train Longue Distance Nuit,1.1983764670646448,99.50715459747447,98.30877813040982,1,150.96705304417296,48.4327315,0.8923604,47.466953,-0.5324366,Gare de Bretoncelles,Gare de Angers Maître École,2.0,52.0,0.038461538461538464,26008.0,1455.0,46045.0,159022.0
Gare de Bretoncelles,Gare de Angers Saint-Laud,Train Longue Distance Nuit,1.209982032661142,99.50715459747447,98.29717256481332,1,152.42907944836756,48.4327315,0.8923604,47.4646464,-0.5567748,Gare de Bretoncelles,Gare de Angers Saint-Laud,2.0,52.0,0.038461538461538464,26008.0,1455.0,7116373.0,159022.0
Gare de Bretoncelles,Gare de Le Vieux Briollay,Train Longue Distance Nuit,1.111141863040097,99.50715459747447,98.39601273443436,1,139.9775589619674,48.4327315,0.8923604,47.5736883,-0.4830019,Gare de Bretoncelles,Gare de Le Vieux Briollay,2.0,52.0,0.038461538461538464,26008.0,1455.0,29188.0,75580.0
Gare de Bretoncelles,Gare de Morannes,Train Longue Distance Nuit,0.9859020469187475,88.51133399691656,87.52543194999781,1,124.20030825381046,48.4327315,0.8923604,47.7390037,-0.4181549,Gare de Bretoncelles,Gare de Morannes,2.0,52.0,0.038461538461538464,26008.0,1455.0,38346.0,75580.0
Gare de Bretoncelles,Gare de Paris Montparnasse Hall 1 - 2,Train Longue Distance,0.9076737696524719,,,0,114.34539804137968,48.4327315,0.8923604,48.8411711,2.3205138,Gare de Bretoncelles,Gare de Paris Montparnasse Hall 1 - 2,13.0,52.0,0.25,26008.0,1455.0,68925312.0,2103778.0
Gare de Bretoncelles,Gare de Sablé-sur-Sarthe,Train Longue Distance Nuit,0.8948358992928154,88.51133399691656,87.61649809762375,1,112.72813042237533,48.4327315,0.8923604,47.8417564,-0.3419969,Gare de Bretoncelles,Gare de Sablé-sur-Sarthe,2.0,52.0,0.038461538461538464,26008.0,1455.0,662172.0,12326.0
Gare de Bretoncelles,Gare de Tiercé,Train Longue Distance Nuit,1.0788594244110443,94.01518854906095,92.9363291246499,1,135.9107362573752,48.4327315,0.8923604,47.6175243,-0.4694093,Gare de Bretoncelles,Gare de Tiercé,2.0,52.0,0.038461538461538464,26008.0,1455.0,120085.0,4589.0
Gare de Bretoncelles,Gare de Étriché - Châteauneuf,Train Longue Distance Nuit,1.0520306417643597,94.01518854906095,92.96315790729659,1,132.53094504464093,48.4327315,0.8923604,47.6567338,-0.460868,Gare de Bretoncelles,Gare de Étriché - Châteauneuf,2.0,52.0,0.038461538461538464,26008.0,1455.0,28711.0,1600.0
Gare de Bretteville - Norrey,Gare de Dol-de-Bretagne,EuroNight,0.9245845929498733,73.20790412655536,72.28331953360549,1,116.47576126856553,49.2034122,-0.5127396,48.5442508,-1.7505361,Gare de Bretteville - Norrey,Gare de Dol-de-Bretagne,4.0,76.0,0.05263157894736842,22271.0,1027.0,654150.0,5829.0
Gare de Bretteville - Norrey,Gare de Pontchaillou,EuroNight,1.1784251621818793,99.40258921485902,98.22416405267714,1,148.45366114662124,49.2034122,-0.5127396,48.1186426,-1.6911174,Gare de Bretteville - Norrey,Gare de Pontchaillou,4.0,76.0,0.05263157894736842,22271.0,1027.0,405981.0,75580.0
Gare de Bretteville - Norrey,Gare de Pontorson - Mont-Saint-Michel,EuroNight,0.8133713122495869,65.67406363403155,64.86069232178197,1,102.4655218253448,49.2034122,-0.5127396,48.5527292,-1.5049304,Gare de Bretteville - Norrey,Gare de Pontorson - Mont-Saint-Michel,4.0,76.0,0.05263157894736842,22271.0,1027.0,78308.0,4280.0
Gare de Bretteville - Norrey,Gare de Rennes,EuroNight,1.1832006248041027,99.40258921485902,98.21938859005492,1,149.05525633712557,49.2034122,-0.5127396,48.1035178,-1.6727439,Gare de Bretteville - Norrey,Gare de Rennes,4.0,76.0,0.05263157894736842,22271.0,1027.0,15689647.0,230890.0
Gare de Brion-près-Thouet,Gare de La Roche-sur-Yon,Train Longue Distance,0.8248455386398524,,,0,103.91100260013258,47.0487214,-0.1848964,46.6720757,-1.4356603,Gare de Brion-près-Thouet,Gare de La Roche-sur-Yon,2.0,30.0,0.06666666666666667,,759.0,1218501.0,54849.0
Gare de Briouze,Gare de Dreux,EuroNight,1.0126843454587244,92.04988226550782,91.0371979200491,1,127.57424357000814,48.7018635,-0.3682037,48.731493,1.3701634,Gare de Briouze,Gare de Dreux,30.0,60.0,0.5,45439.0,1512.0,28711.0,31543.0
Gare de Briouze,Gare de Nonancourt,EuroNight,0.9110215982268158,87.27666385975924,86.36564226153243,1,114.76714515328999,48.7018635,-0.3682037,48.7757617,1.1928376,Gare de Briouze,Gare de Nonancourt,4.0,60.0,0.06666666666666667,45439.0,1512.0,11803.0,2321.0
Gare de Briouze,Gare de Paris Montparnasse Hall 1 - 2,EuroNight,1.5688571872662864,82.62908507008417,81.06022788281788,1,197.63884949184762,48.7018635,-0.3682037,48.8411711,2.3205138,Gare de Briouze,Gare de Paris Montparnasse Hall 1 - 2,26.0,60.0,0.43333333333333335,45439.0,1512.0,68925312.0,2103778.0
Gare de Briouze,Gare de Paris Montparnasse Vaugirard,EuroNight,1.5688571872662864,82.62908507008417,81.06022788281788,1,197.63884949184762,48.7018635,-0.3682037,48.8411711,2.3205138,Gare de Briouze,Gare de Paris Montparnasse Vaugirard,2.0,60.0,0.03333333333333333,45439.0,1512.0,68925312.0,2103778.0
Gare de Briouze,Gare de Versailles Chantiers,EuroNight,1.4596575980430113,78.63773405408598,77.17807645604297,1,183.88228748337255,48.7018635,-0.3682037,48.795829,2.1358823,Gare de Briouze,Gare de Versailles Chantiers,7.0,60.0,0.11666666666666667,45439.0,1512.0,24372929.0,84095.0
Gare de Bréauté - Beuzeville,Gare de Paris Saint-Lazare,Train Longue Distance Nuit,1.2730381391473473,105.21320230875241,103.94016416960507,1,160.37265547333678,49.6033957,0.4174892,48.8762428,2.3253309,Gare de Bréauté - Beuzeville,Gare de Paris Saint-Lazare,64.0,234.0,0.27350427350427353,739866.0,1329.0,114093491.0,2103778.0
Gare de Caen,Gare de Cherbourg,Train Longue Distance,0.8355416291092004,,,0,105.25845667790381,49.1763537,-0.347613,49.6335183,-1.6214867,Gare de Caen,Gare de Cherbourg,74.0,584.0,0.1267123287671233,4255508.0,109400.0,,75580.0
Gare de Caen,Gare de Château-du-Loir,EuroNight,1.391440546164042,118.18356762167888,116.79212707551483,1,175.28855456841043,49.1763537,-0.347613,47.6833356,0.4149592,Gare de Caen,Gare de Château-du-Loir,19.0,584.0,0.032534246575342464,4255508.0,109400.0,155829.0,229.0
Gare de Caen,Gare de Dol-de-Bretagne,EuroNight,0.9873935963378658,73.20790412655536,72.2205105302175,1,124.38820815543787,49.1763537,-0.347613,48.5442508,-1.7505361,Gare de Caen,Gare de Dol-de-Bretagne,10.0,584.0,0.017123287671232876,4255508.0,109400.0,654150.0,5829.0
Gare de Caen,Gare de La Bonneville-sur-Iton,Train Longue Distance,0.8163708583830517,78.92500174238026,78.10863088399721,1,102.84339359826804,49.1763537,-0.347613,48.9884629,1.0350725,Gare de Caen,Gare de La Bonneville-sur-Iton,2.0,584.0,0.003424657534246575,4255508.0,109400.0,6880.0,2044.0
Gare de Caen,Gare de La Guierche,EuroNight,0.9893495243012781,74.72385449426494,73.73450496996367,1,124.63460875551499,49.1763537,-0.347613,48.1139412,0.1931078,Gare de Caen,Gare de La Guierche,7.0,584.0,0.011986301369863013,4255508.0,109400.0,29815.0,1300.0
Gare de Caen,Gare de La Hutte Coulombiers,EuroNight,0.8145243273129447,69.75203413244392,68.93750980513099,1,102.61077441584087,49.1763537,-0.347613,48.3032566,0.1054466,Gare de Caen,Gare de La Hutte Coulombiers,7.0,584.0,0.011986301369863013,4255508.0,109400.0,29337.0,75580.0
Gare de Caen,Gare de Le Mans,EuroNight,1.088875568450973,92.93328812467955,91.84441255622858,1,137.17253318858317,49.1763537,-0.347613,47.9956159,0.1926141,Gare de Caen,Gare de Le Mans,49.0,584.0,0.0839041095890411,4255508.0,109400.0,5440432.0,146249.0
Gare de Caen,Gare de Mantes-la-Jolie,Train Longue Distance,1.1970376232861353,100.28387387560747,99.08683625232133,1,150.79839043665098,49.1763537,-0.347613,48.9898402,1.70337,Gare de Caen,Gare de Mantes-la-Jolie,5.0,584.0,0.008561643835616438,4255508.0,109400.0,9911587.0,43526.0
Gare de Caen,Gare de Montbizot,EuroNight,0.9576585429976805,74.72385449426494,73.76619595126726,1,120.64229566612251,49.1763537,-0.347613,48.1513199,0.1908174,Gare de Caen,Gare de Montbizot,35.0,584.0,0.059931506849315065,4255508.0,109400.0,47015.0,1841.0
Gare de Caen,Gare de Neuville,EuroNight,1.02699151202052,92.93328812467955,91.90629661265903,1,129.3766077123356,49.1763537,-0.347613,48.0704854,0.1996015,Gare de Caen,Gare de Neuville,7.0,584.0,0.011986301369863013,4255508.0,109400.0,28711.0,373.0
Gare de Caen,Gare de Paris Saint-Lazare,Train Longue Distance,1.5694601791118326,85.42818228452069,83.85872210540886,1,197.71481218340045,49.1763537,-0.347613,48.8762428,2.3253309,Gare de Caen,Gare de Paris Saint-Lazare,90.0,584.0,0.1541095890410959,4255508.0,109400.0,114093491.0,2103778.0
Gare de Caen,Gare de Pontchaillou,EuroNight,1.218758363634209,99.40258921485902,98.18383085122481,1,153.53468929632263,49.1763537,-0.347613,48.1186426,-1.6911174,Gare de Caen,Gare de Pontchaillou,10.0,584.0,0.017123287671232876,4255508.0,109400.0,405981.0,75580.0
Gare de Caen,Gare de Pontorson - Mont-Saint-Michel,EuroNight,0.8686492394234259,65.67406363403155,64.80541439460814,1,109.42923147183495,49.1763537,-0.347613,48.5527292,-1.5049304,Gare de Caen,Gare de Pontorson - Mont-Saint-Michel,10.0,584.0,0.017123287671232876,4255508.0,109400.0,78308.0,4280.0
Gare de Caen,Gare de Rennes,EuroNight,1.2222857598934,99.40258921485902,98.18030345496562,1,153.97905768372388,49.1763537,-0.347613,48.1035178,-1.6727439,Gare de Caen,Gare de Rennes,10.0,584.0,0.017123287671232876,4255508.0,109400.0,15689647.0,230890.0
Gare de Caen,Gare de Rouen Rive Droite,EuroNight,0.8637198905682811,77.4746292156044,76.61090932503612,1,108.80825026055443,49.1763537,-0.347613,49.4486637,1.0941026,Gare de Caen,Gare de Rouen Rive Droite,48.0,584.0,0.0821917808219178,4255508.0,109400.0,7773267.0,117662.0
Gare de Caen,Gare de Saint-Pierre-des-Corps,EuroNight,1.7007681142818114,85.75764254988613,84.05687443560431,1,214.25650217709892,49.1763537,-0.347613,47.3861437,0.7235445,Gare de Caen,Gare de Saint-Pierre-des-Corps,4.0,584.0,0.00684931506849315,4255508.0,109400.0,4356356.0,15898.0
Gare de Caen,Gare de Teillé,EuroNight,0.9327580763929003,74.72385449426494,73.79109641787204,1,117.50542660530363,49.1763537,-0.347613,48.1813392,0.1914474,Gare de Caen,Gare de Teillé,7.0,584.0,0.011986301369863013,4255508.0,109400.0,5316.0,1824.0
Gare de Caen,Gare de Tours,EuroNight,1.691100746604214,85.75764254988613,84.06654180328191,1,213.03864280728322,49.1763537,-0.347613,47.3898771,0.6928408,Gare de Caen,Gare de Tours,19.0,584.0,0.032534246575342464,4255508.0,109400.0,7013155.0,139259.0
Gare de Caen,Gare de Vivoin - Beaumont,EuroNight,0.8830326083787583,74.72385449426494,73.84082188588619,1,111.24119531100507,49.1763537,-0.347613,48.2301948,0.1448486,Gare de Caen,Gare de Vivoin - Beaumont,35.0,584.0,0.059931506849315065,4255508.0,109400.0,45002.0,892.0
Gare de Caen,Gare de Écommoy,EuroNight,1.2465011663828733,92.93328812467955,91.68678695829668,1,157.02962539466785,49.1763537,-0.347613,47.8245481,0.2690699,Gare de Caen,Gare de Écommoy,12.0,584.0,0.02054794520547945,4255508.0,109400.0,90899.0,4868.0
Gare de Caen,Gare de Évreux Normandie,Train Longue Distance,0.8764200613415779,78.92500174238026,78.04858168103868,1,110.40817099289215,49.1763537,-0.347613,49.0187469,1.1496289,Gare de Caen,Gare de Évreux Normandie,35.0,584.0,0.059931506849315065,4255508.0,109400.0,89813.0,49360.0
Gare de Carentan,Gare de Bernay,Train Longue Distance,1.0785512215866917,97.0194248189536,95.9408735973669,1,135.871910000843,49.302483,-1.2449382,49.0871158,0.5956878,Gare de Carentan,Gare de Bernay,11.0,139.0,0.07913669064748201,227651.0,75580.0,655294.0,9765.0
Gare de Carentan,Gare de Lisieux,Train Longue Distance,0.8632180733343403,77.19784223148439,76.33462415815005,1,108.74503317389018,49.302483,-1.2449382,49.1382984,0.2311429,Gare de Carentan,Gare de Lisieux,14.0,139.0,0.10071942446043165,227651.0,75580.0,1232672.0,19645.0
Gare de Carentan,Gare de Mantes-la-Jolie,Train Longue Distance,1.7243984632298583,93.86327791070785,92.13887944747799,1,217.23336649406127,49.302483,-1.2449382,48.9898402,1.70337,Gare de Carentan,Gare de Mantes-la-Jolie,5.0,139.0,0.03597122302158273,227651.0,75580.0,9911587.0,43526.0
Gare de Carentan,Gare de Paris Saint-Lazare,Train Longue Distance,2.097563609414023,116.26495727418339,114.16739366476936,1,264.2433370388036,49.302483,-1.2449382,48.8762428,2.3253309,Gare de Carentan,Gare de Paris Saint-Lazare,51.0,139.0,0.3669064748201439,227651.0,75580.0,114093491.0,2103778.0
Gare de Carentan,Gare de Évreux Normandie,Train Longue Distance,1.4046130633853027,80.38703614317944,78.98242307979415,1,176.94797976635206,49.302483,-1.2449382,49.0187469,1.1496289,Gare de Carentan,Gare de Évreux Normandie,11.0,139.0,0.07913669064748201,227651.0,75580.0,89813.0,49360.0
Gare de Cerizay,Gare de Tours,Train Longue Distance,0.9607061167240176,78.76934799394465,77.80864187722064,1,121.02621777828391,46.8175516,-0.6673134,47.3898771,0.6928408,Gare de Cerizay,Gare de Tours,6.0,17.0,0.35294117647058826,56169.0,4793.0,7013155.0,139259.0
Gare de Cesson-Sévigné,Gare de Le Mans,EuroNight,1.0638987243668563,92.81686906767932,91.75297034331247,1,134.02604237425754,48.1128111,-1.6021099,47.9956159,0.1926141,Gare de Cesson-Sévigné,Gare de Le Mans,4.0,188.0,0.02127659574468085,207859.0,18761.0,5440432.0,146249.0
Gare de Cesson-Sévigné,Gare de Sillé-le-Guillaume,EuroNight,0.8697432322874175,71.92940742844085,71.05966419615343,1,109.56704866306593,48.1128111,-1.6021099,48.1817965,-0.1288914,Gare de Cesson-Sévigné,Gare de Sillé-le-Guillaume,4.0,188.0,0.02127659574468085,207859.0,18761.0,115577.0,2195.0
Gare de Champagné,Gare de Maintenon,Train Longue Distance Nuit,0.8907862587880132,78.31052792752028,77.41974166873227,1,112.21797162862349,48.0197494,0.3356649,48.5854799,1.5920603,Gare de Champagné,Gare de Maintenon,4.0,78.0,0.05128205128205128,203396.0,3666.0,1327025.0,4494.0
Gare de Champagné,Gare de Paris Montparnasse Hall 1 - 2,Train Longue Distance Nuit,1.3699787351564376,111.65846911213804,110.2884903769816,1,172.58487467327257,48.0197494,0.3356649,48.8411711,2.3205138,Gare de Champagné,Gare de Paris Montparnasse Hall 1 - 2,4.0,78.0,0.05128205128205128,203396.0,3666.0,68925312.0,2103778.0
Gare de Champagné,Gare de Rambouillet,Train Longue Distance Nuit,1.0362661973986054,85.45089700896287,84.41463081156427,1,130.54499841252272,48.0197494,0.3356649,48.6437724,1.83154,Gare de Champagné,Gare de Rambouillet,4.0,78.0,0.05128205128205128,203396.0,3666.0,5579876.0,27724.0
Gare de Champagné,Gare de Versailles Chantiers,Train Longue Distance Nuit,1.2576732619867104,107.7558885646408,106.49821530265409,1,158.43704484589446,48.0197494,0.3356649,48.795829,2.1358823,Gare de Champagné,Gare de Versailles Chantiers,4.0,78.0,0.05128205128205128,203396.0,3666.0,24372929.0,84095.0
Gare de Champagné,Gare de Épernon,Train Longue Distance Nuit,0.9439524211580415,85.45089700896287,84.50694458780482,1,118.91564892391554,48.0197494,0.3356649,48.6052007,1.681363,Gare de Champagné,Gare de Épernon,4.0,78.0,0.05128205128205128,203396.0,3666.0,1574579.0,5715.0
Gare de Champtocé-sur-Loire,Gare de Le Mans,Train Longue Distance Nuit,0.8150500325506669,65.59199348447531,64.77694345192464,1,102.67700082522889,47.4103145,-0.8686763,47.9956159,0.1926141,Gare de Champtocé-sur-Loire,Gare de Le Mans,4.0,114.0,0.03508771929824561,203396.0,1829.0,5440432.0,146249.0
Gare de Chantonnay,Gare de Langeais,Train Longue Distance,1.0436911859844513,78.8282153583887,77.78452417240425,1,131.4803711242695,46.6902585,-1.0542092,47.3240248,0.4097404,Gare de Chantonnay,Gare de Langeais,6.0,45.0,0.13333333333333333,16990.0,8557.0,307322.0,4367.0
Gare de Chantonnay,Gare de Tours,Train Longue Distance,1.2188571909283605,96.23720122933466,95.0183440384063,1,153.5471391948048,46.6902585,-1.0542092,47.3898771,0.6928408,Gare de Chantonnay,Gare de Tours,6.0,45.0,0.13333333333333333,16990.0,8557.0,7013155.0,139259.0
Gare de Chartres,Gare de Angers Maître École,Train Longue Distance Nuit,1.4720088442204486,117.47869912490316,116.0066902806827,1,185.43825198040423,48.4482028,1.4813126,47.466953,-0.5324366,Gare de Chartres,Gare de Angers Maître École,2.0,138.0,0.014492753623188406,3536538.0,38324.0,46045.0,159022.0
Gare de Chartres,Gare de Angers Saint-Laud,Train Longue Distance Nuit,1.4848748372698137,117.47869912490316,115.99382428763334,1,187.05906239226678,48.4482028,1.4813126,47.4646464,-0.5567748,Gare de Chartres,Gare de Angers Saint-Laud,2.0,138.0,0.014492753623188406,3536538.0,38324.0,7116373.0,159022.0
Gare de Chartres,Gare de La Suze,Train Longue Distance Nuit,0.986974413288736,72.42399476229339,71.43702034900465,1,124.33540101898917,48.4482028,1.4813126,47.8922362,0.0265714,Gare de Chartres,Gare de La Suze,2.0,138.0,0.014492753623188406,3536538.0,38324.0,,75580.0
Gare de Chartres,Gare de Le Mans,Train Longue Distance,0.8566764045461495,72.42399476229339,71.56731835774724,1,107.92093783650158,48.4482028,1.4813126,47.9956159,0.1926141,Gare de Chartres,Gare de Le Mans,51.0,138.0,0.3695652173913043,3536538.0,38324.0,5440432.0,146249.0
Gare de Chartres,Gare de Le Vieux Briollay,Train Longue Distance Nuit,1.3932122092756387,117.47869912490316,116.08548691562751,1,175.51174216120418,48.4482028,1.4813126,47.5736883,-0.4830019,Gare de Chartres,Gare de Le Vieux Briollay,2.0,138.0,0.014492753623188406,3536538.0,38324.0,29188.0,75580.0
Gare de Chartres,Gare de Morannes,Train Longue Distance Nuit,1.2828573824379217,108.32960309686531,107.04674571442739,1,161.60964757343433,48.4482028,1.4813126,47.7390037,-0.4181549,Gare de Chartres,Gare de Morannes,2.0,138.0,0.014492753623188406,3536538.0,38324.0,38346.0,75580.0
Gare de Chartres,Gare de Noyen,Train Longue Distance Nuit,1.0589429731238147,90.77180418792763,89.71286121480381,1,133.4017350874042,48.4482028,1.4813126,47.874387,-0.0982489,Gare de Chartres,Gare de Noyen,2.0,138.0,0.014492753623188406,3536538.0,38324.0,,75580.0
Gare de Chartres,Gare de Sablé-sur-Sarthe,Train Longue Distance Nuit,1.1998267048055438,108.32960309686531,107.12977639205977,1,151.1497486527518,48.4482028,1.4813126,47.8417564,-0.3419969,Gare de Chartres,Gare de Sablé-sur-Sarthe,2.0,138.0,0.014492753623188406,3536538.0,38324.0,662172.0,12326.0
Gare de Chartres,Gare de Tiercé,Train Longue Distance Nuit,1.3649673855701407,111.41274223153778,110.04777484596764,1,171.95356331193508,48.4482028,1.4813126,47.6175243,-0.4694093,Gare de Chartres,Gare de Tiercé,2.0,138.0,0.014492753623188406,3536538.0,38324.0,120085.0,4589.0
Gare de Chartres,Gare de Voivres,Train Longue Distance Nuit,0.9400061029526735,72.42399476229339,71.48398865934071,1,118.4185062928538,48.4482028,1.4813126,47.9305033,0.0852852,Gare de Chartres,Gare de Voivres,2.0,138.0,0.014492753623188406,3536538.0,38324.0,,75580.0
Gare de Chartres,Gare de Étriché - Châteauneuf,Train Longue Distance Nuit,1.342017438567442,111.41274223153778,110.07072479297034,1,169.06241352575483,48.4482028,1.4813126,47.6567338,-0.460868,Gare de Chartres,Gare de Étriché - Châteauneuf,2.0,138.0,0.014492753623188406,3536538.0,38324.0,28711.0,1600.0
Gare de Cherbourg,Gare de Bernay,Train Longue Distance,1.3627373301275227,102.32094755985213,100.95821022972461,1,171.6726291417892,49.6335183,-1.6214867,49.0871158,0.5956878,Gare de Cherbourg,Gare de Bernay,11.0,139.0,0.07913669064748201,,75580.0,655294.0,9765.0
Gare de Cherbourg,Gare de Caen,Train Longue Distance,0.8355416291092004,,,0,105.25845667790381,49.6335183,-1.6214867,49.1763537,-0.347613,Gare de Cherbourg,Gare de Caen,65.0,139.0,0.4676258992805755,,75580.0,4255508.0,109400.0
Gare de Cherbourg,Gare de Lisieux,Train Longue Distance,1.15069717851202,83.75070371985288,82.60000654134086,1,144.96059190123708,49.6335183,-1.6214867,49.1382984,0.2311429,Gare de Cherbourg,Gare de Lisieux,14.0,139.0,0.10071942446043165,,75580.0,1232672.0,19645.0
Gare de Cherbourg,Gare de Mantes-la-Jolie,Train Longue Distance,1.9956610843477947,95.66344274698707,93.66778166263927,1,251.40603229375094,49.6335183,-1.6214867,48.9898402,1.70337,Gare de Cherbourg,Gare de Mantes-la-Jolie,5.0,139.0,0.03597122302158273,,75580.0,9911587.0,43526.0
Gare de Cherbourg,Gare de Paris Saint-Lazare,Train Longue Distance,2.369689969728126,118.2280768678421,115.85838689811398,1,298.52481352080196,49.6335183,-1.6214867,48.8762428,2.3253309,Gare de Cherbourg,Gare de Paris Saint-Lazare,51.0,139.0,0.3669064748201439,,75580.0,114093491.0,2103778.0
Gare de Cherbourg,Gare de Évreux Normandie,Train Longue Distance,1.6838678988484321,83.33587771433479,81.65200981548635,1,212.12747528954802,49.6335183,-1.6214867,49.0187469,1.1496289,Gare de Cherbourg,Gare de Évreux Normandie,11.0,139.0,0.07913669064748201,,75580.0,89813.0,49360.0
Gare de Château-du-Loir,Gare de Argentan,EuroNight,0.9667210802540899,79.68648559438716,78.71976451413308,1,121.78396072739858,47.6833356,0.4149592,48.7385458,-0.0252909,Gare de Château-du-Loir,Gare de Argentan,18.0,149.0,0.12080536912751678,155829.0,229.0,398579.0,13527.0
Gare de Château-du-Loir,Gare de Caen,EuroNight,1.391440546164042,118.18356762167888,116.79212707551483,1,175.28855456841043,47.6833356,0.4149592,49.1763537,-0.347613,Gare de Château-du-Loir,Gare de Caen,18.0,149.0,0.12080536912751678,155829.0,229.0,4255508.0,109400.0
Gare de Château-du-Loir,Gare de Mézidon - Canon,EuroNight,1.257982904486254,103.61813504901735,102.3601521445311,1,158.47605246740412,47.6833356,0.4149592,49.070913,-0.0749139,Gare de Château-du-Loir,Gare de Mézidon - Canon,18.0,149.0,0.12080536912751678,155829.0,229.0,,75580.0
Gare de Château-du-Loir,Gare de Saint-Pierre-sur-Dives,EuroNight,1.2123743235609352,103.61813504901735,102.40576072545642,1,152.7304514438064,47.6833356,0.4149592,49.0231056,-0.0405856,Gare de Château-du-Loir,Gare de Saint-Pierre-sur-Dives,13.0,149.0,0.087248322147651,155829.0,229.0,75554.0,85038.0
Gare de Château-du-Loir,Gare de Surdon,EuroNight,0.8818764100002903,79.68648559438716,78.80460918438688,1,111.09554169819732,47.6833356,0.4149592,48.6647706,0.1344098,Gare de Château-du-Loir,Gare de Surdon,16.0,149.0,0.10738255033557047,155829.0,229.0,92366.0,75580.0
Gare de Château-du-Loir,Gare de Sées,EuroNight,0.8222155952009459,79.68648559438716,78.86426999918622,1,103.5796920132207,47.6833356,0.4149592,48.5999675,0.1664085,Gare de Château-du-Loir,Gare de Sées,18.0,149.0,0.12080536912751678,155829.0,229.0,103413.0,4168.0
Gare de Châteaubourg,Gare de Conlie,EuroNight,0.821380008196824,75.89112995489972,75.0697499467029,1,103.47442784036582,48.1063608,-1.4051588,48.1272219,-0.0116197,Gare de Châteaubourg,Gare de Conlie,4.0,192.0,0.020833333333333332,683698.0,7533.0,68499.0,1833.0
Gare de Châteaubourg,Gare de Le Mans,EuroNight,0.94777772721363,82.72012205968593,81.7723443324723,1,119.39754689010205,48.1063608,-1.4051588,47.9956159,0.1926141,Gare de Châteaubourg,Gare de Le Mans,8.0,192.0,0.041666666666666664,683698.0,7533.0,5440432.0,146249.0
Gare de Cinq-Mars-la-Pile,Gare de Ancenis,Train Longue Distance,0.9783703588196159,72.46031081947545,71.48194046065584,1,123.25149393041268,47.3451747,0.4581184,47.369337,-1.1777593,Gare de Cinq-Mars-la-Pile,Gare de Ancenis,16.0,114.0,0.14035087719298245,186647.0,4015.0,1179679.0,75580.0
Gare de Cinq-Mars-la-Pile,Gare de Batz-sur-Mer,Train Longue Distance,1.7584250805503494,81.26014185180067,79.50171677125032,1,221.5199144054358,47.3451747,0.4581184,47.28086,-2.4788695,Gare de Cinq-Mars-la-Pile,Gare de Batz-sur-Mer,5.0,114.0,0.043859649122807015,186647.0,4015.0,336887.0,2892.0
Gare de Cinq-Mars-la-Pile,Gare de Cerizay,Train Longue Distance,0.8212512353671436,,,0,103.45820551362354,47.3451747,0.4581184,46.8175516,-0.6673134,Gare de Cinq-Mars-la-Pile,Gare de Cerizay,5.0,114.0,0.043859649122807015,186647.0,4015.0,56169.0,4793.0
Gare de Cinq-Mars-la-Pile,Gare de Chantonnay,Train Longue Distance,1.0781247787592148,78.8282153583887,77.75009057962949,1,135.81818830425985,47.3451747,0.4581184,46.6902585,-1.0542092,Gare de Cinq-Mars-la-Pile,Gare de Chantonnay,5.0,114.0,0.043859649122807015,186647.0,4015.0,16990.0,8557.0
Gare de Cinq-Mars-la-Pile,Gare de La Baule les Pins,Train Longue Distance,1.69014732805259,81.26014185180067,79.56999452374808,1,212.91853465011212,47.3451747,0.4581184,47.2834533,-2.3648905,Gare de Cinq-Mars-la-Pile,Gare de La Baule les Pins,5.0,114.0,0.043859649122807015,186647.0,4015.0,27557.0,75580.0
Gare de Cinq-Mars-la-Pile,Gare de La Baule-Escoublac,Train Longue Distance,1.70447524497623,81.26014185180067,79.55566660682445,1,214.72351284658984,47.3451747,0.4581184,47.2884613,-2.389211,Gare de Cinq-Mars-la-Pile,Gare de La Baule-Escoublac,5.0,114.0,0.043859649122807015,186647.0,4015.0,27557.0,16912.0
Gare de Cinq-Mars-la-Pile,Gare de La Roche-sur-Yon,Train Longue Distance,1.285322186095849,97.23523730973017,95.94991512363431,1,161.92015445903868,47.3451747,0.4581184,46.6720757,-1.4356603,Gare de Cinq-Mars-la-Pile,Gare de La Roche-sur-Yon,5.0,114.0,0.043859649122807015,186647.0,4015.0,1218501.0,54849.0
Gare de Cinq-Mars-la-Pile,Gare de Le Croisic,Train Longue Distance,1.7750625050911577,81.26014185180067,79.48507934670951,1,223.61583586434335,47.3451747,0.4581184,47.2898903,-2.5073397,Gare de Cinq-Mars-la-Pile,Gare de Le Croisic,5.0,114.0,0.043859649122807015,186647.0,4015.0,152113.0,4056.0
Gare de Cinq-Mars-la-Pile,Gare de Le Pouliguen,Train Longue Distance,1.730997157806156,81.26014185180067,79.52914469399451,1,218.0646457301784,47.3451747,0.4581184,47.2825083,-2.4331287,Gare de Cinq-Mars-la-Pile,Gare de Le Pouliguen,5.0,114.0,0.043859649122807015,186647.0,4015.0,125948.0,4173.0
Gare de Cinq-Mars-la-Pile,Gare de Nantes,Train Longue Distance,1.2029726513163252,95.48866249250551,94.28568984118918,1,151.54606340593668,47.3451747,0.4581184,47.2174913,-1.542077,Gare de Cinq-Mars-la-Pile,Gare de Nantes,16.0,114.0,0.14035087719298245,186647.0,4015.0,17553626.0,327734.0
Gare de Cinq-Mars-la-Pile,Gare de Pornichet,Train Longue Distance,1.6787904590259604,81.26014185180067,79.5813513927747,1,211.48783812370377,47.3451747,0.4581184,47.2704262,-2.3448644,Gare de Cinq-Mars-la-Pile,Gare de Pornichet,5.0,114.0,0.043859649122807015,186647.0,4015.0,230185.0,12800.0
Gare de Cinq-Mars-la-Pile,Gare de Pouzauges,Train Longue Distance,0.9271535314717555,72.29309310479492,71.36593957332316,1,116.79938668074522,47.3451747,0.4581184,46.7524179,-0.8145972,Gare de Cinq-Mars-la-Pile,Gare de Pouzauges,5.0,114.0,0.043859649122807015,186647.0,4015.0,2187.0,5668.0
Gare de Cinq-Mars-la-Pile,Gare de Saint-Nazaire,Train Longue Distance,1.5980324398081225,119.8786333961404,118.28060095633228,1,201.3142403386398,47.3451747,0.4581184,47.2864903,-2.211079,Gare de Cinq-Mars-la-Pile,Gare de Saint-Nazaire,5.0,114.0,0.043859649122807015,186647.0,4015.0,1371500.0,74568.0
Gare de Cinq-Mars-la-Pile,Gare de Savenay,Train Longue Distance,1.440651475888786,112.7210289696943,111.28037749380552,1,181.48796622433687,47.3451747,0.4581184,47.3586008,-1.951011,Gare de Cinq-Mars-la-Pile,Gare de Savenay,5.0,114.0,0.043859649122807015,186647.0,4015.0,38477.0,9543.0
Gare de Clisson,Gare de La Rochelle,Train Longue Distance,0.8281908978864785,,,0,104.33243863523288,47.0860158,-1.2862919,46.1527022,-1.1458576,Gare de Clisson,Gare de La Rochelle,2.0,493.0,0.004056795131845842,1124278.0,7452.0,3137015.0,79851.0
Gare de Clères,Gare de Paris Saint-Lazare,Train Longue Distance,0.9490694888204381,81.38390391489077,80.43483442607032,1,119.56027825906249,49.5991119,1.1061752,48.8762428,2.3253309,Gare de Clères,Gare de Paris Saint-Lazare,2.0,121.0,0.01652892561983471,157511.0,1381.0,114093491.0,2103778.0
Gare de Conches,Gare de Paris Saint-Lazare,Train Longue Distance,0.8083116386600959,,,0,101.82812278408868,48.962359,0.9378896,48.8762428,2.3253309,Gare de Conches,Gare de Paris Saint-Lazare,6.0,25.0,0.24,,75580.0,114093491.0,2103778.0
Gare de Condé-sur-Huisne,Gare de Angers Maître École,Train Longue Distance Nuit,1.1496634915965256,96.84481521152195,95.69515171992542,1,144.83037183125793,48.383367,0.8488811,47.466953,-0.5324366,Gare de Condé-sur-Huisne,Gare de Angers Maître École,2.0,52.0,0.038461538461538464,24049.0,226.0,46045.0,159022.0
Gare de Condé-sur-Huisne,Gare de Angers Saint-Laud,Train Longue Distance Nuit,1.1613701399361671,96.84481521152195,95.68344507158578,1,146.30513226709084,48.383367,0.8488811,47.4646464,-0.5567748,Gare de Condé-sur-Huisne,Gare de Angers Saint-Laud,2.0,52.0,0.038461538461538464,24049.0,226.0,7116373.0,159022.0
Gare de Condé-sur-Huisne,Gare de Le Vieux Briollay,Train Longue Distance Nuit,1.0630174634510665,96.84481521152195,95.78179774807089,1,133.91502437025278,48.383367,0.8488811,47.5736883,-0.4830019,Gare de Condé-sur-Huisne,Gare de Le Vieux Briollay,2.0,52.0,0.038461538461538464,24049.0,226.0,29188.0,75580.0
Gare de Condé-sur-Huisne,Gare de Morannes,Train Longue Distance Nuit,0.9392129885618284,86.83744685193977,85.89823386337794,1,118.31859266336966,48.383367,0.8488811,47.7390037,-0.4181549,Gare de Condé-sur-Huisne,Gare de Morannes,2.0,52.0,0.038461538461538464,24049.0,226.0,38346.0,75580.0
Gare de Condé-sur-Huisne,Gare de Paris Montparnasse Hall 1 - 2,Train Longue Distance,0.9491032526170347,,,0,119.56453169778719,48.383367,0.8488811,48.8411711,2.3205138,Gare de Condé-sur-Huisne,Gare de Paris Montparnasse Hall 1 - 2,13.0,52.0,0.25,24049.0,226.0,68925312.0,2103778.0
Gare de Condé-sur-Huisne,Gare de Sablé-sur-Sarthe,Train Longue Distance Nuit,0.8491549837826508,86.83744685193977,85.98829186815712,1,106.9734169542266,48.383367,0.8488811,47.8417564,-0.3419969,Gare de Condé-sur-Huisne,Gare de Sablé-sur-Sarthe,2.0,52.0,0.038461538461538464,24049.0,226.0,662172.0,12326.0
Gare de Condé-sur-Huisne,Gare de Tiercé,Train Longue Distance Nuit,1.0310738240182225,91.04544321816265,90.01436939414442,1,129.89088234041603,48.383367,0.8488811,47.6175243,-0.4694093,Gare de Condé-sur-Huisne,Gare de Tiercé,2.0,52.0,0.038461538461538464,24049.0,226.0,120085.0,4589.0
Gare de Condé-sur-Huisne,Gare de Versailles Chantiers,Train Longue Distance,0.8349368863063213,,,0,105.18227340719594,48.383367,0.8488811,48.795829,2.1358823,Gare de Condé-sur-Huisne,Gare de Versailles Chantiers,13.0,52.0,0.25,24049.0,226.0,24372929.0,84095.0
Gare de Condé-sur-Huisne,Gare de Étriché - Châteauneuf,Train Longue Distance Nuit,1.0046100287460569,91.04544321816265,90.04083318941659,1,126.55707089267534,48.383367,0.8488811,47.6567338,-0.460868,Gare de Condé-sur-Huisne,Gare de Étriché - Châteauneuf,2.0,52.0,0.038461538461538464,24049.0,226.0,28711.0,1600.0
Gare de Conlie,Gare de Cesson-Sévigné,EuroNight,0.9372549814028174,87.78568353827536,86.84842855687255,1,118.07193013388982,48.1272219,-0.0116197,48.1128111,-1.6021099,Gare de Conlie,Gare de Cesson-Sévigné,7.0,126.0,0.05555555555555555,68499.0,1833.0,207859.0,18761.0
Gare de Conlie,Gare de Châteaubourg,EuroNight,0.821380008196824,75.89112995489972,75.0697499467029,1,103.47442784036582,48.1272219,-0.0116197,48.1063608,-1.4051588,Gare de Conlie,Gare de Châteaubourg,7.0,126.0,0.05555555555555555,68499.0,1833.0,683698.0,7533.0
Gare de Conlie,Gare de Noyal - Acigné,EuroNight,0.8933424977733447,75.89112995489972,74.99778745712638,1,112.53999719996784,48.1272219,-0.0116197,48.1187915,-1.5277647,Gare de Conlie,Gare de Noyal - Acigné,7.0,126.0,0.05555555555555555,68499.0,1833.0,332259.0,985.0
Gare de Conlie,Gare de Rennes,EuroNight,0.9790990264352386,87.78568353827536,86.80658451184013,1,123.34328879254707,48.1272219,-0.0116197,48.1035178,-1.6727439,Gare de Conlie,Gare de Rennes,7.0,126.0,0.05555555555555555,68499.0,1833.0,15689647.0,230890.0
Gare de Conlie,Gare de Servon,EuroNight,0.8566127638855737,75.89112995489972,75.03451719101415,1,107.91292062050563,48.1272219,-0.0116197,48.1122139,-1.4652101,Gare de Conlie,Gare de Servon,7.0,126.0,0.05555555555555555,68499.0,1833.0,,3565.0
Gare de Connerré - Beillé,Gare de Angers Maître École,Train Longue Distance,0.8077653481267012,70.9329515582073,70.12518621008059,1,101.75930311497874,48.0737072,0.4869016,47.466953,-0.5324366,Gare de Connerré - Beillé,Gare de Angers Maître École,2.0,163.0,0.012269938650306749,109988.0,2780.0,46045.0,159022.0
Gare de Connerré - Beillé,Gare de Angers Saint-Laud,Train Longue Distance,0.8199732538242708,70.9329515582073,70.11297830438302,1,103.29721010635811,48.0737072,0.4869016,47.4646464,-0.5567748,Gare de Connerré - Beillé,Gare de Angers Saint-Laud,2.0,163.0,0.012269938650306749,109988.0,2780.0,7116373.0,159022.0
Gare de Connerré - Beillé,Gare de Paris Montparnasse Hall 1 - 2,Train Longue Distance Nuit,1.269166846967369,89.35620988474514,88.08704303777778,1,159.88496434459168,48.0737072,0.4869016,48.8411711,2.3205138,Gare de Connerré - Beillé,Gare de Paris Montparnasse Hall 1 - 2,43.0,163.0,0.26380368098159507,109988.0,2780.0,68925312.0,2103778.0
Gare de Connerré - Beillé,Gare de Rambouillet,Train Longue Distance Nuit,0.9354591892659639,,,0,117.84570285537464,48.0737072,0.4869016,48.6437724,1.83154,Gare de Connerré - Beillé,Gare de Rambouillet,38.0,163.0,0.2331288343558282,109988.0,2780.0,5579876.0,27724.0
Gare de Connerré - Beillé,Gare de Versailles Chantiers,Train Longue Distance Nuit,1.1570289436181276,84.58269625196182,83.42566730834369,1,145.75824434594705,48.0737072,0.4869016,48.795829,2.1358823,Gare de Connerré - Beillé,Gare de Versailles Chantiers,43.0,163.0,0.26380368098159507,109988.0,2780.0,24372929.0,84095.0
Gare de Connerré - Beillé,Gare de Épernon,Train Longue Distance Nuit,0.8433272489764103,,,0,106.23926039007435,48.0737072,0.4869016,48.6052007,1.681363,Gare de Connerré - Beillé,Gare de Épernon,38.0,163.0,0.2331288343558282,109988.0,2780.0,1574579.0,5715.0
Gare de Corbie,Gare de Rouen Rive Droite,EuroNight,0.9009120655068908,65.78378695403553,64.88287488852865,1,113.49358346017775,49.9116341,2.4999483,49.4486637,1.0941026,Gare de Corbie,Gare de Rouen Rive Droite,10.0,20.0,0.5,485815.0,5982.0,7773267.0,117662.0
Gare de Courville-sur-Eure,Gare de Angers Maître École,Train Longue Distance Nuit,1.3587030733284973,107.03409300758885,105.67538993426035,1,171.1644083306245,48.4513371,1.2349025,47.466953,-0.5324366,Gare de Courville-sur-Eure,Gare de Angers Maître École,2.0,138.0,0.014492753623188406,28711.0,2791.0,46045.0,159022.0
Gare de Courville-sur-Eure,Gare de Angers Saint-Laud,Train Longue Distance Nuit,1.3711028519593045,107.03409300758885,105.66299015562954,1,172.7264867673601,48.4513371,1.2349025,47.4646464,-0.5567748,Gare de Courville-sur-Eure,Gare de Angers Saint-Laud,2.0,138.0,0.014492753623188406,28711.0,2791.0,7116373.0,159022.0
Gare de Courville-sur-Eure,Gare de La Suze,Train Longue Distance Nuit,0.8656992597022796,,,0,109.05760389295536,48.4513371,1.2349025,47.8922362,0.0265714,Gare de Courville-sur-Eure,Gare de La Suze,2.0,138.0,0.014492753623188406,28711.0,2791.0,,75580.0
Gare de Courville-sur-Eure,Gare de Le Vieux Briollay,Train Longue Distance Nuit,1.276300527495579,107.03409300758885,105.75779248009327,1,160.78363914028458,48.4513371,1.2349025,47.5736883,-0.4830019,Gare de Courville-sur-Eure,Gare de Le Vieux Briollay,2.0,138.0,0.014492753623188406,28711.0,2791.0,29188.0,75580.0
Gare de Courville-sur-Eure,Gare de Morannes,Train Longue Distance Nuit,1.1597116559808425,97.36531465440403,96.20560299842319,1,146.09620256750347,48.4513371,1.2349025,47.7390037,-0.4181549,Gare de Courville-sur-Eure,Gare de Morannes,2.0,138.0,0.014492753623188406,28711.0,2791.0,38346.0,75580.0
Gare de Courville-sur-Eure,Gare de Noyen,Train Longue Distance Nuit,0.935606387694467,80.83009957154925,79.89449318385479,1,117.86424637118506,48.4513371,1.2349025,47.874387,-0.0982489,Gare de Courville-sur-Eure,Gare de Noyen,2.0,138.0,0.014492753623188406,28711.0,2791.0,,75580.0
Gare de Courville-sur-Eure,Gare de Sablé-sur-Sarthe,Train Longue Distance Nuit,1.073272364173847,97.36531465440403,96.29204229023019,1,135.20689898889484,48.4513371,1.2349025,47.8417564,-0.3419969,Gare de Courville-sur-Eure,Gare de Sablé-sur-Sarthe,2.0,138.0,0.014492753623188406,28711.0,2791.0,662172.0,12326.0
Gare de Courville-sur-Eure,Gare de Tiercé,Train Longue Distance Nuit,1.2463645787603455,101.11620118184952,99.86983660308917,1,157.0124185891088,48.4513371,1.2349025,47.6175243,-0.4694093,Gare de Courville-sur-Eure,Gare de Tiercé,2.0,138.0,0.014492753623188406,28711.0,2791.0,120085.0,4589.0
Gare de Courville-sur-Eure,Gare de Voivres,Train Longue Distance Nuit,0.817881718067045,,,0,103.0337261359341,48.4513371,1.2349025,47.9305033,0.0852852,Gare de Courville-sur-Eure,Gare de Voivres,2.0,138.0,0.014492753623188406,28711.0,2791.0,,75580.0
Gare de Courville-sur-Eure,Gare de Étriché - Châteauneuf,Train Longue Distance Nuit,1.2218059819259302,101.11620118184952,99.8943951999236,1,153.91861702266692,48.4513371,1.2349025,47.6567338,-0.460868,Gare de Courville-sur-Eure,Gare de Étriché - Châteauneuf,2.0,138.0,0.014492753623188406,28711.0,2791.0,28711.0,1600.0
Gare de Coutances,Gare de Pontchaillou,EuroNight,0.8287290664191437,81.51127530433276,80.68254623791361,1,104.40023512460868,49.042928,-1.4417261,48.1186426,-1.6911174,Gare de Coutances,Gare de Pontchaillou,10.0,101.0,0.09900990099009901,222446.0,8321.0,405981.0,75580.0
Gare de Coutances,Gare de Rennes,EuroNight,0.8400886862700793,81.51127530433276,80.67118661806268,1,105.83127818973033,49.042928,-1.4417261,48.1035178,-1.6727439,Gare de Coutances,Gare de Rennes,10.0,101.0,0.09900990099009901,222446.0,8321.0,15689647.0,230890.0
Gare de Dieppe,Gare de Paris Saint-Lazare,Train Longue Distance,7.781454305486012,91.02255658219987,83.24110227671386,1,147.04184250729423,49.9217887,1.0811328,48.8762428,2.3253309,Gare de Dieppe,Gare de Paris Saint-Lazare,2.0,121.0,0.01652892561983471,695838.0,28496.0,114093491.0,2103778.0
Gare de Dol-de-Bretagne,Gare de Audrieu,EuroNight,0.894871021897782,73.20790412655536,72.31303310465758,1,112.73255503877326,48.5442508,-1.7505361,49.216131,-0.5960138,Gare de Dol-de-Bretagne,Gare de Audrieu,1.0,326.0,0.003067484662576687,654150.0,5829.0,28711.0,1167.0
Gare de Dol-de-Bretagne,Gare de Bayeux,EuroNight,0.8847791674393716,69.3793392532793,68.49456008583992,1,111.46122038792788,48.5442508,-1.7505361,49.2697288,-0.6980999,Gare de Dol-de-Bretagne,Gare de Bayeux,9.0,326.0,0.027607361963190184,654150.0,5829.0,662073.0,12659.0
Gare de Dol-de-Bretagne,Gare de Bretteville - Norrey,EuroNight,0.9245845929498733,73.20790412655536,72.28331953360549,1,116.47576126856553,48.5442508,-1.7505361,49.2034122,-0.5127396,Gare de Dol-de-Bretagne,Gare de Bretteville - Norrey,1.0,326.0,0.003067484662576687,654150.0,5829.0,22271.0,1027.0
Gare de Dol-de-Bretagne,Gare de Caen,EuroNight,0.9873935963378658,73.20790412655536,72.2205105302175,1,124.38820815543787,48.5442508,-1.7505361,49.1763537,-0.347613,Gare de Dol-de-Bretagne,Gare de Caen,9.0,326.0,0.027607361963190184,654150.0,5829.0,4255508.0,109400.0
Gare de Dol-de-Bretagne,Gare de Le Molay-Littry,EuroNight,0.8011901962716672,69.3793392532793,68.57814905700764,1,100.93098970416568,48.5442508,-1.7505361,49.2493264,-0.8809742,Gare de Dol-de-Bretagne,Gare de Le Molay-Littry,1.0,326.0,0.003067484662576687,654150.0,5829.0,56169.0,3124.0
Gare de Douai,Gare de Abancourt,EuroNight,2.34870184174739,70.9716551610979,68.62295331935051,1,121.04214810077251,50.3716757,3.0899613,49.6856202,1.7742912,Gare de Douai,Gare de Abancourt,10.0,20.0,0.5,3472422.0,40250.0,90965.0,569.0
Gare de Douai,Gare de Longuerue - Vieux-Manoir,EuroNight,3.070548596799069,107.51915358862121,104.44860499182214,1,158.24307342811116,50.3716757,3.0899613,49.5566792,1.2762275,Gare de Douai,Gare de Longuerue - Vieux-Manoir,3.0,20.0,0.15,3472422.0,40250.0,19440.0,346.0
Gare de Douai,Gare de Montérolier - Buchy,EuroNight,2.9458143981806315,105.87339585781304,102.9275814596324,1,151.81480097818138,50.3716757,3.0899613,49.6031673,1.334721,Gare de Douai,Gare de Montérolier - Buchy,10.0,20.0,0.5,3472422.0,40250.0,32330.0,591.0
Gare de Douai,Gare de Morgny,EuroNight,3.1461001895917255,107.51915358862121,104.37305339902949,1,162.13668262171333,50.3716757,3.0899613,49.5228742,1.2473588,Gare de Douai,Gare de Morgny,8.0,20.0,0.4,3472422.0,40250.0,,650.0
Gare de Douai,Gare de Poix-de-Picardie,EuroNight,1.9905443475227262,,,0,102.58422735120213,50.3716757,3.0899613,49.7777843,1.9898979,Gare de Douai,Gare de Poix-de-Picardie,10.0,20.0,0.5,3472422.0,40250.0,89813.0,2282.0
Gare de Douai,Gare de Rouen Rive Droite,EuroNight,3.41402015434004,107.51915358862121,104.10513343428117,1,175.9441431838817,50.3716757,3.0899613,49.4486637,1.0941026,Gare de Douai,Gare de Rouen Rive Droite,10.0,20.0,0.5,3472422.0,40250.0,7773267.0,117662.0
Gare de Douai,Gare de Serqueux,EuroNight,2.6783970858005515,70.9716551610979,68.29325807529735,1,138.03324499075197,50.3716757,3.0899613,49.6315502,1.5394027,Gare de Douai,Gare de Serqueux,10.0,20.0,0.5,3472422.0,40250.0,80617.0,943.0
Gare de Dreux,Gare de Argentan,EuroNight,0.8123834563938618,,,0,102.34107538345451,48.731493,1.3701634,48.7385458,-0.0252909,Gare de Dreux,Gare de Argentan,34.0,78.0,0.4358974358974359,28711.0,31543.0,398579.0,13527.0
Gare de Dreux,Gare de Briouze,EuroNight,1.0126843454587244,92.04988226550782,91.0371979200491,1,127.57424357000814,48.731493,1.3701634,48.7018635,-0.3682037,Gare de Dreux,Gare de Briouze,20.0,78.0,0.2564102564102564,28711.0,31543.0,45439.0,1512.0
Gare de Dreux,Gare de Flers,EuroNight,1.1313081884811966,92.04988226550782,90.91857407702662,1,142.51803835741958,48.731493,1.3701634,48.7447856,-0.5732157,Gare de Dreux,Gare de Flers,24.0,78.0,0.3076923076923077,28711.0,31543.0,155284.0,14432.0
Gare de Dreux,Gare de Folligny,EuroNight,1.6176450398854807,86.7220231911997,85.10437815131422,1,203.78496345244147,48.731493,1.3701634,48.8299473,-1.407223,Gare de Dreux,Gare de Folligny,10.0,78.0,0.1282051282051282,28711.0,31543.0,440344.0,1119.0
Gare de Dreux,Gare de Granville,EuroNight,1.7226106481391787,86.7220231911997,84.99941254306052,1,217.00814413443925,48.731493,1.3701634,48.8383212,-1.5875472,Gare de Dreux,Gare de Granville,24.0,78.0,0.3076923076923077,28711.0,31543.0,375919.0,12510.0
Gare de Dreux,Gare de Villedieu-les-Poêles,EuroNight,1.512237095677111,81.8212942495238,80.3090571538467,1,190.50605891623974,48.731493,1.3701634,48.8341501,-1.2254182,Gare de Dreux,Gare de Villedieu-les-Poêles,24.0,78.0,0.3076923076923077,28711.0,31543.0,89813.0,535.0
Gare de Dreux,Gare de Vire,EuroNight,1.3140829640871166,92.04988226550782,90.7357993014207,1,165.5433313286869,48.731493,1.3701634,48.8463297,-0.8828841,Gare de Dreux,Gare de Vire,24.0,78.0,0.3076923076923077,28711.0,31543.0,100571.0,1225.0
Gare de Flers,Gare de Dreux,EuroNight,1.1313081884811966,92.04988226550782,90.91857407702662,1,142.51803835741958,48.7447856,-0.5732157,48.731493,1.3701634,Gare de Flers,Gare de Dreux,32.0,80.0,0.4,155284.0,14432.0,28711.0,31543.0
Gare de Flers,Gare de Nonancourt,EuroNight,1.0279411385664252,87.27666385975924,86.24872272119282,1,129.49623816659425,48.7447856,-0.5732157,48.7757617,1.1928376,Gare de Flers,Gare de Nonancourt,4.0,80.0,0.05,155284.0,14432.0,11803.0,2321.0
Gare de Flers,Gare de Paris Montparnasse Hall 1 - 2,EuroNight,1.6847039354532924,82.62908507008417,80.94438113463087,1,212.23279610144778,48.7447856,-0.5732157,48.8411711,2.3205138,Gare de Flers,Gare de Paris Montparnasse Hall 1 - 2,31.0,80.0,0.3875,155284.0,14432.0,68925312.0,2103778.0
Gare de Flers,Gare de Paris Montparnasse Vaugirard,EuroNight,1.6847039354532924,82.62908507008417,80.94438113463087,1,212.23279610144778,48.7447856,-0.5732157,48.8411711,2.3205138,Gare de Flers,Gare de Paris Montparnasse Vaugirard,2.0,80.0,0.025,155284.0,14432.0,68925312.0,2103778.0
Gare de Flers,Gare de Verneuil-sur-Avre,EuroNight,0.8744731114026402,68.3404405132149,67.46596740181226,1,110.16290141126734,48.7447856,-0.5732157,48.7424865,0.9291927,Gare de Flers,Gare de Verneuil-sur-Avre,38.0,80.0,0.475,155284.0,14432.0,28711.0,836.0
Gare de Flers,Gare de Versailles Chantiers,EuroNight,1.5765687320028305,78.63773405408598,77.06116532208316,1,198.61032149191615,48.7447856,-0.5732157,48.795829,2.1358823,Gare de Flers,Gare de Versailles Chantiers,7.0,80.0,0.0875,155284.0,14432.0,24372929.0,84095.0
Gare de Folligny,Gare de Argentan,EuroNight,0.8077385448342994,74.66990487250939,73.8621663276751,1,101.75592653493315,48.8299473,-1.407223,48.7385458,-0.0252909,Gare de Folligny,Gare de Argentan,12.0,43.0,0.27906976744186046,440344.0,1119.0,398579.0,13527.0
Gare de Folligny,Gare de Dreux,EuroNight,1.6176450398854807,86.7220231911997,85.10437815131422,1,203.78496345244147,48.8299473,-1.407223,48.731493,1.3701634,Gare de Folligny,Gare de Dreux,10.0,43.0,0.23255813953488372,440344.0,1119.0,28711.0,31543.0
Gare de Folligny,Gare de L'Aigle,EuroNight,1.179991225987604,104.68179304108492,103.50180181509731,1,148.650948096196,48.8299473,-1.407223,48.7662297,0.620014,Gare de Folligny,Gare de L'Aigle,10.0,43.0,0.23255813953488372,440344.0,1119.0,213643.0,7663.0
Gare de Folligny,Gare de Nonancourt,EuroNight,1.5122780872800954,82.9429786497773,81.43070056249721,1,190.5112228873892,48.8299473,-1.407223,48.7757617,1.1928376,Gare de Folligny,Gare de Nonancourt,2.0,43.0,0.046511627906976744,440344.0,1119.0,11803.0,2321.0
Gare de Folligny,Gare de Paris Montparnasse Hall 1 - 2,EuroNight,2.1655841495269534,111.23591867661973,109.07033452709278,1,272.81231412534055,48.8299473,-1.407223,48.8411711,2.3205138,Gare de Folligny,Gare de Paris Montparnasse Hall 1 - 2,10.0,43.0,0.23255813953488372,440344.0,1119.0,68925312.0,2103778.0
Gare de Folligny,Gare de Sainte-Gauburge,EuroNight,1.072253989528112,104.68179304108492,103.60953905155681,1,135.0786079022565,48.8299473,-1.407223,48.7172834,0.4281636,Gare de Folligny,Gare de Sainte-Gauburge,2.0,43.0,0.046511627906976744,440344.0,1119.0,1370.0,75580.0
Gare de Folligny,Gare de Surdon,EuroNight,0.9090007571587007,74.66990487250939,73.7609041153507,1,114.51256703939288,48.8299473,-1.407223,48.6647706,0.1344098,Gare de Folligny,Gare de Surdon,7.0,43.0,0.16279069767441862,440344.0,1119.0,92366.0,75580.0
Gare de Folligny,Gare de Verneuil-sur-Avre,EuroNight,1.3609082243219992,114.81243167090511,113.45152344658311,1,171.44220513000744,48.8299473,-1.407223,48.7424865,0.9291927,Gare de Folligny,Gare de Verneuil-sur-Avre,10.0,43.0,0.23255813953488372,440344.0,1119.0,28711.0,836.0
Gare de Folligny,Gare de Versailles Chantiers,EuroNight,2.059474559247537,107.1370316296732,105.07755707042567,1,259.44501880165495,48.8299473,-1.407223,48.795829,2.1358823,Gare de Folligny,Gare de Versailles Chantiers,5.0,43.0,0.11627906976744186,440344.0,1119.0,24372929.0,84095.0
Gare de Fougeré,Gare de Langeais,Train Longue Distance,1.1467115527495395,97.23523730973017,96.08852575698063,1,144.45849744892158,46.6653633,-1.2321027,47.3240248,0.4097404,Gare de Fougeré,Gare de Langeais,6.0,34.0,0.17647058823529413,1548.0,1240.0,307322.0,4367.0
Gare de Fougeré,Gare de Saumur,Train Longue Distance,0.8790069176645803,73.13083549272511,72.25182857506053,1,110.73405362365588,46.6653633,-1.2321027,47.2689958,-0.0714032,Gare de Fougeré,Gare de Saumur,6.0,34.0,0.17647058823529413,1548.0,1240.0,966833.0,26241.0
Gare de Fougeré,Gare de Tours,Train Longue Distance,1.322942825728721,114.83235800194888,113.50941517622016,1,166.6594640625751,46.6653633,-1.2321027,47.3898771,0.6928408,Gare de Fougeré,Gare de Tours,6.0,34.0,0.17647058823529413,1548.0,1240.0,7013155.0,139259.0
Gare de Frénouville - Cagny,Gare de Évreux Normandie,Train Longue Distance,0.8223308410429581,66.34130240283702,65.51897156179406,1,103.59421025988387,49.1411537,-0.26041,49.0187469,1.1496289,Gare de Frénouville - Cagny,Gare de Évreux Normandie,2.0,60.0,0.03333333333333333,25986.0,2050.0,89813.0,49360.0
Gare de Gazeran,Gare de Champagné,Train Longue Distance,0.998306209051972,85.45089700896287,84.4525907999109,1,125.76293890803376,48.625821,1.7718286,48.0197494,0.3356649,Gare de Gazeran,Gare de Champagné,3.0,11.0,0.2727272727272727,370917.0,1492.0,203396.0,3666.0
Gare de Gazeran,Gare de Connerré - Beillé,Train Longue Distance,0.897543964754949,,,0,113.06928253400719,48.625821,1.7718286,48.0737072,0.4869016,Gare de Gazeran,Gare de Connerré - Beillé,3.0,11.0,0.2727272727272727,370917.0,1492.0,109988.0,2780.0
Gare de Gazeran,Gare de Le Mans,Train Longue Distance,1.0811263756751772,85.45089700896287,84.36977063328769,1,136.196318427208,48.625821,1.7718286,47.9956159,0.1926141,Gare de Gazeran,Gare de Le Mans,3.0,11.0,0.2727272727272727,370917.0,1492.0,5440432.0,146249.0
Gare de Gazeran,Gare de Montfort-le-Gesnois,Train Longue Distance,0.9533777538579787,85.45089700896287,84.49751925510489,1,120.10301761879299,48.625821,1.7718286,48.0405728,0.4062319,Gare de Gazeran,Gare de Montfort-le-Gesnois,3.0,11.0,0.2727272727272727,370917.0,1492.0,19174.0,2939.0
Gare de Gazeran,Gare de Saint-Mars-la-Brière,Train Longue Distance,0.9792141792067056,85.45089700896287,84.47168282975616,1,123.35779531452577,48.625821,1.7718286,48.0285279,0.3657048,Gare de Gazeran,Gare de Saint-Mars-la-Brière,3.0,11.0,0.2727272727272727,370917.0,1492.0,6668.0,2681.0
Gare de Gazeran,Gare de Sceaux - Boëssé,Train Longue Distance,0.8320217154373513,,,0,104.81503091929343,48.625821,1.7718286,48.1222299,0.5722332,Gare de Gazeran,Gare de Sceaux - Boëssé,3.0,11.0,0.2727272727272727,370917.0,1492.0,7637.0,20884.0
Gare de Granville,Gare de Argentan,EuroNight,0.9127510650960633,74.66990487250939,73.75715380741333,1,114.98501701890441,48.8383212,-1.5875472,48.7385458,-0.0252909,Gare de Granville,Gare de Argentan,45.0,145.0,0.3103448275862069,375919.0,12510.0,398579.0,13527.0
Gare de Granville,Gare de Dreux,EuroNight,1.7226106481391787,86.7220231911997,84.99941254306052,1,217.00814413443925,48.8383212,-1.5875472,48.731493,1.3701634,Gare de Granville,Gare de Dreux,32.0,145.0,0.2206896551724138,375919.0,12510.0,28711.0,31543.0
Gare de Granville,Gare de L'Aigle,EuroNight,1.284954230366499,104.68179304108492,103.39683881071842,1,161.87380075163756,48.8383212,-1.5875472,48.7662297,0.620014,Gare de Granville,Gare de L'Aigle,43.0,145.0,0.296551724137931,375919.0,12510.0,213643.0,7663.0
Gare de Granville,Gare de Nonancourt,EuroNight,1.6171481326302108,82.9429786497773,81.3258305171471,1,203.72236490680407,48.8383212,-1.5875472,48.7757617,1.1928376,Gare de Granville,Gare de Nonancourt,4.0,145.0,0.027586206896551724,375919.0,12510.0,11803.0,2321.0
Gare de Granville,Gare de Paris Montparnasse Hall 1 - 2,EuroNight,2.2701067100920853,111.23591867661973,108.96581196652765,1,285.97968129151997,48.8383212,-1.5875472,48.8411711,2.3205138,Gare de Granville,Gare de Paris Montparnasse Hall 1 - 2,31.0,145.0,0.21379310344827587,375919.0,12510.0,68925312.0,2103778.0
Gare de Granville,Gare de Paris Montparnasse Vaugirard,EuroNight,2.2701067100920853,111.23591867661973,108.96581196652765,1,285.97968129151997,48.8383212,-1.5875472,48.8411711,2.3205138,Gare de Granville,Gare de Paris Montparnasse Vaugirard,2.0,145.0,0.013793103448275862,375919.0,12510.0,68925312.0,2103778.0
Gare de Granville,Gare de Sainte-Gauburge,EuroNight,1.1772798625115761,104.68179304108492,103.50451317857333,1,148.30938051292216,48.8383212,-1.5875472,48.7172834,0.4281636,Gare de Granville,Gare de Sainte-Gauburge,4.0,145.0,0.027586206896551724,375919.0,12510.0,1370.0,75580.0
Gare de Granville,Gare de Surdon,EuroNight,1.0137344318540047,74.66990487250939,73.65617044065539,1,127.70652958604241,48.8383212,-1.5875472,48.6647706,0.1344098,Gare de Granville,Gare de Surdon,33.0,145.0,0.22758620689655173,375919.0,12510.0,92366.0,75580.0
Gare de Granville,Gare de Verneuil-sur-Avre,EuroNight,1.4658936594457823,114.81243167090511,113.34653801145933,1,184.6678835280653,48.8383212,-1.5875472,48.7424865,0.9291927,Gare de Granville,Gare de Verneuil-sur-Avre,38.0,145.0,0.2620689655172414,375919.0,12510.0,28711.0,836.0
Gare de Granville,Gare de Versailles Chantiers,EuroNight,2.1641826631389582,107.1370316296732,104.97284896653424,1,272.63576003262256,48.8383212,-1.5875472,48.795829,2.1358823,Gare de Granville,Gare de Versailles Chantiers,7.0,145.0,0.04827586206896552,375919.0,12510.0,24372929.0,84095.0
Gare de Guingamp,Gare de Brest,EuroNight,0.7963133750812257,68.54838722413638,67.75207384905515,1,100.31662573459633,48.555661,-3.143343,48.3876203,-4.4803058,Gare de Guingamp,Gare de Brest,42.0,283.0,0.14840989399293286,1070109.0,7111.0,2777923.0,142346.0
Gare de Guingamp,Gare de Rennes,EuroNight,0.9507894617727186,76.97508735739173,76.02429789561901,1,119.77695411598873,48.555661,-3.143343,48.1035178,-1.6727439,Gare de Guingamp,Gare de Rennes,47.0,283.0,0.16607773851590105,1070109.0,7111.0,15689647.0,230890.0
Gare de Hennebont,Gare de Nantes,Train Longue Distance Nuit,1.1594634156341321,98.29299430590828,97.13353089027414,1,146.06493016303,47.7991298,-3.2857957,47.2174913,-1.542077,Gare de Hennebont,Gare de Nantes,27.0,208.0,0.12980769230769232,192338.0,15910.0,17553626.0,327734.0
Gare de Hennebont,Gare de Rennes,EuroNight,0.9907009549788334,84.45162352981112,83.46092257483228,1,124.80485701421433,47.7991298,-3.2857957,48.1035178,-1.6727439,Gare de Hennebont,Gare de Rennes,39.0,208.0,0.1875,192338.0,15910.0,15689647.0,230890.0
Gare de Hennebont,Gare de Savenay,Train Longue Distance Nuit,0.8847676763055837,72.85265199676722,71.96788432046164,1,111.45977277722142,47.7991298,-3.2857957,47.3586008,-1.951011,Gare de Hennebont,Gare de Savenay,17.0,208.0,0.08173076923076923,192338.0,15910.0,38477.0,9543.0
Gare de Ingrandes,Gare de Le Mans,Train Longue Distance Nuit,0.841650675930353,65.59199348447531,64.75034280854496,1,106.02805189346851,47.4059297,-0.9208318,47.9956159,0.1926141,Gare de Ingrandes,Gare de Le Mans,4.0,114.0,0.03508771929824561,,1709.0,5440432.0,146249.0
Gare de Jouy,Gare de Champagné,Train Longue Distance,0.8383318456725937,79.4212658637817,78.5829340181091,1,105.60995788266486,48.5102492,1.5574626,48.0197494,0.3356649,Gare de Jouy,Gare de Champagné,3.0,11.0,0.2727272727272727,124677.0,1988.0,203396.0,3666.0
Gare de Jouy,Gare de Le Mans,Train Longue Distance,0.9218137192030711,79.4212658637817,78.49945214457863,1,116.12669680058843,48.5102492,1.5574626,47.9956159,0.1926141,Gare de Jouy,Gare de Le Mans,3.0,11.0,0.2727272727272727,124677.0,1988.0,5440432.0,146249.0
Gare de Jouy,Gare de Saint-Mars-la-Brière,Train Longue Distance,0.8191687795168351,79.4212658637817,78.60209708426487,1,103.1958653964267,48.5102492,1.5574626,48.0285279,0.3657048,Gare de Jouy,Gare de Saint-Mars-la-Brière,3.0,11.0,0.2727272727272727,124677.0,1988.0,6668.0,2681.0
Gare de L'Aigle,Gare de Folligny,EuroNight,1.179991225987604,104.68179304108492,103.50180181509731,1,148.650948096196,48.7662297,0.620014,48.8299473,-1.407223,Gare de L'Aigle,Gare de Folligny,12.0,100.0,0.12,213643.0,7663.0,440344.0,1119.0
Gare de L'Aigle,Gare de Granville,EuroNight,1.284954230366499,104.68179304108492,103.39683881071842,1,161.87380075163756,48.7662297,0.620014,48.8383212,-1.5875472,Gare de L'Aigle,Gare de Granville,35.0,100.0,0.35,213643.0,7663.0,375919.0,12510.0
Gare de L'Aigle,Gare de Paris Montparnasse Hall 1 - 2,EuroNight,0.9907913359314382,72.72158947250028,71.73079813656885,1,124.81624287370096,48.7662297,0.620014,48.8411711,2.3205138,Gare de L'Aigle,Gare de Paris Montparnasse Hall 1 - 2,39.0,100.0,0.39,213643.0,7663.0,68925312.0,2103778.0
Gare de L'Aigle,Gare de Paris Montparnasse Vaugirard,EuroNight,0.9907913359314382,72.72158947250028,71.73079813656885,1,124.81624287370096,48.7662297,0.620014,48.8411711,2.3205138,Gare de L'Aigle,Gare de Paris Montparnasse Vaugirard,6.0,100.0,0.06,213643.0,7663.0,68925312.0,2103778.0
Gare de L'Aigle,Gare de Versailles Chantiers,EuroNight,0.8820350943724375,66.425137681289,65.54310258691656,1,111.115532170879,48.7662297,0.620014,48.795829,2.1358823,Gare de L'Aigle,Gare de Versailles Chantiers,10.0,100.0,0.1,213643.0,7663.0,24372929.0,84095.0
Gare de L'Aigle,Gare de Villedieu-les-Poêles,EuroNight,1.0745816245165825,97.22258822614461,96.14800660162803,1,135.37183478414997,48.7662297,0.620014,48.8341501,-1.2254182,Gare de L'Aigle,Gare de Villedieu-les-Poêles,35.0,100.0,0.35,213643.0,7663.0,89813.0,535.0
Gare de L'Aigle,Gare de Vire,EuroNight,0.8765206494342831,,,0,110.42084271029013,48.7662297,0.620014,48.8463297,-0.8828841,Gare de L'Aigle,Gare de Vire,35.0,100.0,0.35,213643.0,7663.0,100571.0,1225.0
Gare de La Baule les Pins,Gare de Amboise,Train Longue Distance,2.00482555485852,100.0455096013167,98.04068404645818,1,252.5605385309297,47.2834533,-2.3648905,47.4214655,0.9817614,Gare de La Baule les Pins,Gare de Amboise,7.0,152.0,0.046052631578947366,27557.0,75580.0,855042.0,12937.0
Gare de La Baule les Pins,Gare de Angers Saint-Laud,Train Longue Distance,1.092542666925655,88.91481603847376,87.8222733715481,1,137.6345007464922,47.2834533,-2.3648905,47.4646464,-0.5567748,Gare de La Baule les Pins,Gare de Angers Saint-Laud,11.0,152.0,0.07236842105263158,27557.0,75580.0,7116373.0,159022.0
Gare de La Baule les Pins,Gare de Beaugency,Train Longue Distance,2.417909324497887,120.56229889667506,118.14438957217718,1,304.59931021641313,47.2834533,-2.3648905,47.7784038,1.6259389,Gare de La Baule les Pins,Gare de Beaugency,7.0,152.0,0.046052631578947366,27557.0,75580.0,531504.0,8024.0
Gare de La Baule les Pins,Gare de Blois - Chambord,Train Longue Distance,2.218214156976389,108.99968206914752,106.78146791217114,1,279.4424485986885,47.2834533,-2.3648905,47.5854518,1.3237539,Gare de La Baule les Pins,Gare de Blois - Chambord,7.0,152.0,0.046052631578947366,27557.0,75580.0,203396.0,47219.0
Gare de La Baule les Pins,Gare de Le Mans,Train Longue Distance,1.6457021187970506,82.4402280106919,80.79452589189485,1,207.3194909041384,47.2834533,-2.3648905,47.9956159,0.1926141,Gare de La Baule les Pins,Gare de Le Mans,2.0,152.0,0.013157894736842105,27557.0,75580.0,5440432.0,146249.0
Gare de La Baule les Pins,Gare de Mer,Train Longue Distance,2.3383944596283643,120.56229889667506,118.2239044370467,1,294.5823204369318,47.2834533,-2.3648905,47.7058923,1.5063578,Gare de La Baule les Pins,Gare de Mer,7.0,152.0,0.046052631578947366,27557.0,75580.0,336887.0,6250.0
Gare de La Baule les Pins,Gare de Meung-sur-Loire,Train Longue Distance,2.463907575025651,122.34695171943295,119.88304414440731,1,310.3940003811604,47.2834533,-2.3648905,47.8299537,1.6919208,Gare de La Baule les Pins,Gare de Meung-sur-Loire,7.0,152.0,0.046052631578947366,27557.0,75580.0,466159.0,6670.0
Gare de La Baule les Pins,Gare de Onzain - Chaumont-sur-Loire,Train Longue Distance,2.1298282307897125,108.99968206914752,106.86985383835781,1,268.3079151914478,47.2834533,-2.3648905,47.4920275,1.1860922,Gare de La Baule les Pins,Gare de Onzain - Chaumont-sur-Loire,7.0,152.0,0.046052631578947366,27557.0,75580.0,278696.0,75580.0
Gare de La Baule les Pins,Gare de Orléans,Train Longue Distance,2.599846990191646,108.12201520054764,105.52216821035599,1,327.51914716448044,47.2834533,-2.3648905,47.907891,1.9042468,Gare de La Baule les Pins,Gare de Orléans,7.0,152.0,0.046052631578947366,27557.0,75580.0,5221422.0,116357.0
Gare de La Baule les Pins,Gare de Sablé-sur-Sarthe,Train Longue Distance,1.3016844166689288,94.8629081983585,93.56122378168956,1,163.98140799558186,47.2834533,-2.3648905,47.8417564,-0.3419969,Gare de La Baule les Pins,Gare de Sablé-sur-Sarthe,2.0,152.0,0.013157894736842105,27557.0,75580.0,662172.0,12326.0
Gare de La Baule les Pins,Gare de Saint-Pierre-des-Corps,Train Longue Distance,1.8495833606671102,93.52763600767815,91.67805264701104,1,233.00369874869114,47.2834533,-2.3648905,47.3861437,0.7235445,Gare de La Baule les Pins,Gare de Saint-Pierre-des-Corps,7.0,152.0,0.046052631578947366,27557.0,75580.0,4356356.0,15898.0
Gare de La Baule les Pins,Gare de Saumur,Train Longue Distance,1.3734810522671361,108.0169586614439,106.64347760917676,1,173.02608368192696,47.2834533,-2.3648905,47.2689958,-0.0714032,Gare de La Baule les Pins,Gare de Saumur,9.0,152.0,0.05921052631578947,27557.0,75580.0,966833.0,26241.0
Gare de La Baule les Pins,Gare de Tours,Train Longue Distance,1.8313438692996076,93.52763600767815,91.69629213837855,1,230.70595481224586,47.2834533,-2.3648905,47.3898771,0.6928408,Gare de La Baule les Pins,Gare de Tours,9.0,152.0,0.05921052631578947,27557.0,75580.0,7013155.0,139259.0
Gare de La Baule-Escoublac,Gare de Amboise,Train Longue Distance,2.0189818170970577,100.0455096013167,98.02652778421964,1,254.34389230247638,47.2884613,-2.389211,47.4214655,0.9817614,Gare de La Baule-Escoublac,Gare de Amboise,7.0,152.0,0.046052631578947366,27557.0,16912.0,855042.0,12937.0
Gare de La Baule-Escoublac,Gare de Angers Saint-Laud,Train Longue Distance,1.1062432436842204,88.91481603847376,87.80857279478954,1,139.3604489398111,47.2884613,-2.389211,47.4646464,-0.5567748,Gare de La Baule-Escoublac,Gare de Angers Saint-Laud,11.0,152.0,0.07236842105263158,27557.0,16912.0,7116373.0,159022.0
Gare de La Baule-Escoublac,Gare de Beaugency,Train Longue Distance,2.4312596090294356,120.56229889667506,118.13103928764562,1,306.28112988529045,47.2884613,-2.389211,47.7784038,1.6259389,Gare de La Baule-Escoublac,Gare de Beaugency,7.0,152.0,0.046052631578947366,27557.0,16912.0,531504.0,8024.0
Gare de La Baule-Escoublac,Gare de Blois - Chambord,Train Longue Distance,2.2319985112283485,108.99968206914752,106.76768355791917,1,281.1789507720268,47.2884613,-2.389211,47.5854518,1.3237539,Gare de La Baule-Escoublac,Gare de Blois - Chambord,7.0,152.0,0.046052631578947366,27557.0,16912.0,203396.0,47219.0
Gare de La Baule-Escoublac,Gare de Le Mans,Train Longue Distance,1.6573392068679285,82.4402280106919,80.78288880382397,1,208.785488393541,47.2884613,-2.389211,47.9956159,0.1926141,Gare de La Baule-Escoublac,Gare de Le Mans,2.0,152.0,0.013157894736842105,27557.0,16912.0,5440432.0,146249.0
Gare de La Baule-Escoublac,Gare de Mer,Train Longue Distance,2.3519042793137883,120.56229889667506,118.21039461736127,1,296.284237756839,47.2884613,-2.389211,47.7058923,1.5063578,Gare de La Baule-Escoublac,Gare de Mer,7.0,152.0,0.046052631578947366,27557.0,16912.0,336887.0,6250.0
Gare de La Baule-Escoublac,Gare de Meung-sur-Loire,Train Longue Distance,2.477140946302618,122.34695171943295,119.86981077313034,1,312.0610917488811,47.2884613,-2.389211,47.8299537,1.6919208,Gare de La Baule-Escoublac,Gare de Meung-sur-Loire,7.0,152.0,0.046052631578947366,27557.0,16912.0,466159.0,6670.0
Gare de La Baule-Escoublac,Gare de Onzain - Chaumont-sur-Loire,Train Longue Distance,2.143828263422603,108.99968206914752,106.85585380572492,1,270.0715877327542,47.2884613,-2.389211,47.4920275,1.1860922,Gare de La Baule-Escoublac,Gare de Onzain - Chaumont-sur-Loire,7.0,152.0,0.046052631578947366,27557.0,16912.0,278696.0,75580.0
Gare de La Baule-Escoublac,Gare de Orléans,Train Longue Distance,2.6129432021715324,108.12201520054764,105.5090719983761,1,329.16895970918773,47.2884613,-2.389211,47.907891,1.9042468,Gare de La Baule-Escoublac,Gare de Orléans,7.0,152.0,0.046052631578947366,27557.0,16912.0,5221422.0,116357.0
Gare de La Baule-Escoublac,Gare de Sablé-sur-Sarthe,Train Longue Distance,1.3133980086244628,94.8629081983585,93.54951018973404,1,165.45704316256774,47.2884613,-2.389211,47.8417564,-0.3419969,Gare de La Baule-Escoublac,Gare de Sablé-sur-Sarthe,2.0,152.0,0.013157894736842105,27557.0,16912.0,662172.0,12326.0
Gare de La Baule-Escoublac,Gare de Saint-Pierre-des-Corps,Train Longue Distance,1.8638136990791563,93.52763600767815,91.663822308599,1,234.79638436371332,47.2884613,-2.389211,47.3861437,0.7235445,Gare de La Baule-Escoublac,Gare de Saint-Pierre-des-Corps,7.0,152.0,0.046052631578947366,27557.0,16912.0,4356356.0,15898.0
Gare de La Baule-Escoublac,Gare de Saumur,Train Longue Distance,1.3880253264727733,108.0169586614439,106.62893333497112,1,174.85831777182833,47.2884613,-2.389211,47.2689958,-0.0714032,Gare de La Baule-Escoublac,Gare de Saumur,9.0,152.0,0.05921052631578947,27557.0,16912.0,966833.0,26241.0
Gare de La Baule-Escoublac,Gare de Tours,Train Longue Distance,1.8455630084281847,93.52763600767815,91.68207299924997,1,232.4972295827897,47.2884613,-2.389211,47.3898771,0.6928408,Gare de La Baule-Escoublac,Gare de Tours,9.0,152.0,0.05921052631578947,27557.0,16912.0,7013155.0,139259.0
Gare de La Bonneville-sur-Iton,Gare de Caen,Train Longue Distance Nuit,0.8163708583830517,78.92500174238026,78.10863088399721,1,102.84339359826804,48.9884629,1.0350725,49.1763537,-0.347613,Gare de La Bonneville-sur-Iton,Gare de Caen,2.0,25.0,0.08,6880.0,2044.0,4255508.0,109400.0
Gare de La Chaize-le-Vicomte,Gare de Langeais,Train Longue Distance,1.1684533922947784,97.23523730973017,96.06678391743539,1,147.19745430773224,46.6768448,-1.2835958,47.3240248,0.4097404,Gare de La Chaize-le-Vicomte,Gare de Langeais,6.0,34.0,0.17647058823529413,1378.0,3948.0,307322.0,4367.0
Gare de La Chaize-le-Vicomte,Gare de Saumur,Train Longue Distance,0.8978706336263268,73.13083549272511,72.23296485909879,1,113.11043507512305,46.6768448,-1.2835958,47.2689958,-0.0714032,Gare de La Chaize-le-Vicomte,Gare de Saumur,6.0,34.0,0.17647058823529413,1378.0,3948.0,966833.0,26241.0
Gare de La Chaize-le-Vicomte,Gare de Tours,Train Longue Distance,1.3452616987038446,114.83235800194888,113.48709630324502,1,169.47111346735255,46.6768448,-1.2835958,47.3898771,0.6928408,Gare de La Chaize-le-Vicomte,Gare de Tours,6.0,34.0,0.17647058823529413,1378.0,3948.0,7013155.0,139259.0
Gare de La Chapelle-sur-Loire,Gare de Ancenis,Train Longue Distance,0.8420809533871382,72.46031081947545,71.61822986608831,1,106.08225666252685,47.2512247,0.2184879,47.369337,-1.1777593,Gare de La Chapelle-sur-Loire,Gare de Ancenis,2.0,38.0,0.05263157894736842,3371.0,1468.0,1179679.0,75580.0
Gare de La Chapelle-sur-Loire,Gare de Nantes,Train Longue Distance,1.0555583829859219,95.48866249250551,94.43310410951959,1,132.97535688913098,47.2512247,0.2184879,47.2174913,-1.542077,Gare de La Chapelle-sur-Loire,Gare de Nantes,2.0,38.0,0.05263157894736842,3371.0,1468.0,17553626.0,327734.0
Gare de La Ferté-Bernard,Gare de Angers Maître École,Train Longue Distance,0.941055502998215,75.2993347476271,74.35827924462889,1,118.55070584507621,48.1865289,0.6393795,47.466953,-0.5324366,Gare de La Ferté-Bernard,Gare de Angers Maître École,2.0,163.0,0.012269938650306749,297050.0,8740.0,46045.0,159022.0
Gare de La Ferté-Bernard,Gare de Angers Saint-Laud,Train Longue Distance,0.9531184919624168,75.2993347476271,74.34621625566469,1,120.07035676019359,48.1865289,0.6393795,47.4646464,-0.5567748,Gare de La Ferté-Bernard,Gare de Angers Saint-Laud,2.0,163.0,0.012269938650306749,297050.0,8740.0,7116373.0,159022.0
Gare de La Ferté-Bernard,Gare de Le Vieux Briollay,Train Longue Distance,0.8567726392166743,75.2993347476271,74.44256210841043,1,107.93306112580932,48.1865289,0.6393795,47.5736883,-0.4830019,Gare de La Ferté-Bernard,Gare de Le Vieux Briollay,2.0,163.0,0.012269938650306749,297050.0,8740.0,29188.0,75580.0
Gare de La Ferté-Bernard,Gare de Paris Montparnasse Hall 1 - 2,Train Longue Distance,1.1401955897906269,83.73542841073575,82.59523282094513,1,143.6376404372168,48.1865289,0.6393795,48.8411711,2.3205138,Gare de La Ferté-Bernard,Gare de Paris Montparnasse Hall 1 - 2,43.0,163.0,0.26380368098159507,297050.0,8740.0,68925312.0,2103778.0
Gare de La Ferté-Bernard,Gare de Rambouillet,Train Longue Distance,0.806638544951642,,,0,101.61735260161778,48.1865289,0.6393795,48.6437724,1.83154,Gare de La Ferté-Bernard,Gare de Rambouillet,38.0,163.0,0.2331288343558282,297050.0,8740.0,5579876.0,27724.0
Gare de La Ferté-Bernard,Gare de Tiercé,Train Longue Distance,0.8262608430357556,69.94658160902017,69.12032076598442,1,104.08929743458751,48.1865289,0.6393795,47.6175243,-0.4694093,Gare de La Ferté-Bernard,Gare de Tiercé,2.0,163.0,0.012269938650306749,297050.0,8740.0,120085.0,4589.0
Gare de La Ferté-Bernard,Gare de Versailles Chantiers,Train Longue Distance,1.0273892887644345,79.11207006501584,78.0846807762514,1,129.42671816130442,48.1865289,0.6393795,48.795829,2.1358823,Gare de La Ferté-Bernard,Gare de Versailles Chantiers,43.0,163.0,0.26380368098159507,297050.0,8740.0,24372929.0,84095.0
Gare de La Ferté-Bernard,Gare de Étriché - Châteauneuf,Train Longue Distance,0.8013835860785575,69.94658160902017,69.14519802294161,1,100.9553522396772,48.1865289,0.6393795,47.6567338,-0.460868,Gare de La Ferté-Bernard,Gare de Étriché - Châteauneuf,2.0,163.0,0.012269938650306749,297050.0,8740.0,28711.0,1600.0
Gare de La Guierche,Gare de Caen,EuroNight,0.9893495243012781,74.72385449426494,73.73450496996367,1,124.63460875551499,48.1139412,0.1931078,49.1763537,-0.347613,Gare de La Guierche,Gare de Caen,13.0,90.0,0.14444444444444443,29815.0,1300.0,4255508.0,109400.0
Gare de La Guierche,Gare de Mézidon - Canon,EuroNight,0.8590546750788599,,,0,108.22054359773996,48.1139412,0.1931078,49.070913,-0.0749139,Gare de La Guierche,Gare de Mézidon - Canon,13.0,90.0,0.14444444444444443,29815.0,1300.0,,75580.0
Gare de La Guierche,Gare de Saint-Pierre-sur-Dives,EuroNight,0.8140122925016261,,,0,102.54627015641549,48.1139412,0.1931078,49.0231056,-0.0405856,Gare de La Guierche,Gare de Saint-Pierre-sur-Dives,13.0,90.0,0.14444444444444443,29815.0,1300.0,75554.0,85038.0
Gare de La Hutte Coulombiers,Gare de Caen,EuroNight,0.8145243273129447,69.75203413244392,68.93750980513099,1,102.61077441584087,48.3032566,0.1054466,49.1763537,-0.347613,Gare de La Hutte Coulombiers,Gare de Caen,10.0,87.0,0.11494252873563218,29337.0,75580.0,4255508.0,109400.0
Gare de La Loupe,Gare de Angers Maître École,Train Longue Distance Nuit,1.2733992670864007,99.50715459747447,98.23375533038806,1,160.41814904086678,48.4738284,1.010898,47.466953,-0.5324366,Gare de La Loupe,Gare de Angers Maître École,2.0,138.0,0.014492753623188406,582162.0,3191.0,46045.0,159022.0
Gare de La Loupe,Gare de Angers Saint-Laud,Train Longue Distance Nuit,1.2851630282286142,99.50715459747447,98.22199156924586,1,161.90010433719,48.4738284,1.010898,47.4646464,-0.5567748,Gare de La Loupe,Gare de Angers Saint-Laud,2.0,138.0,0.014492753623188406,582162.0,3191.0,7116373.0,159022.0
Gare de La Loupe,Gare de Le Vieux Briollay,Train Longue Distance Nuit,1.1869904125306037,99.50715459747447,98.32016418494386,1,149.53267983504705,48.4738284,1.010898,47.5736883,-0.4830019,Gare de La Loupe,Gare de Le Vieux Briollay,2.0,138.0,0.014492753623188406,582162.0,3191.0,29188.0,75580.0
Gare de La Loupe,Gare de Morannes,Train Longue Distance Nuit,1.0630432181058425,88.51133399691656,87.44829077881072,1,133.91826884679296,48.4738284,1.010898,47.7390037,-0.4181549,Gare de La Loupe,Gare de Morannes,2.0,138.0,0.014492753623188406,582162.0,3191.0,38346.0,75580.0
Gare de La Loupe,Gare de Noyen,Train Longue Distance Nuit,0.8403362504258556,74.87261073218637,74.03227448176052,1,105.8624654101607,48.4738284,1.010898,47.874387,-0.0982489,Gare de La Loupe,Gare de Noyen,2.0,138.0,0.014492753623188406,582162.0,3191.0,,75580.0
Gare de La Loupe,Gare de Paris Montparnasse Hall 1 - 2,Train Longue Distance,0.8295504805189836,,,0,104.50371384718868,48.4738284,1.010898,48.8411711,2.3205138,Gare de La Loupe,Gare de Paris Montparnasse Hall 1 - 2,53.0,138.0,0.38405797101449274,582162.0,3191.0,68925312.0,2103778.0
Gare de La Loupe,Gare de Sablé-sur-Sarthe,Train Longue Distance Nuit,0.9725133600947037,88.51133399691656,87.53882063682185,1,122.51365080558122,48.4738284,1.010898,47.8417564,-0.3419969,Gare de La Loupe,Gare de Sablé-sur-Sarthe,2.0,138.0,0.014492753623188406,582162.0,3191.0,662172.0,12326.0
Gare de La Loupe,Gare de Tiercé,Train Longue Distance Nuit,1.1550886446360913,94.01518854906095,92.86009990442486,1,145.51381262737354,48.4738284,1.010898,47.6175243,-0.4694093,Gare de La Loupe,Gare de Tiercé,2.0,138.0,0.014492753623188406,582162.0,3191.0,120085.0,4589.0
Gare de La Loupe,Gare de Étriché - Châteauneuf,Train Longue Distance Nuit,1.1286114251786301,94.01518854906095,92.88657712388232,1,142.17831005021796,48.4738284,1.010898,47.6567338,-0.460868,Gare de La Loupe,Gare de Étriché - Châteauneuf,2.0,138.0,0.014492753623188406,582162.0,3191.0,28711.0,1600.0
Gare de La Membrolle-sur-Choisille,Gare de Alençon,Train Longue Distance,0.9412102913183942,78.1836505084145,77.2424402170961,1,118.57020550748226,47.4313396,0.6407405,48.4338845,0.0985309,Gare de La Membrolle-sur-Choisille,Gare de Alençon,3.0,9.0,0.3333333333333333,1467.0,3290.0,478757.0,25490.0
Gare de La Membrolle-sur-Choisille,Gare de La Hutte Coulombiers,Train Longue Distance,0.8323217235523285,66.87812166483033,66.045799941278,1,104.85282483652412,47.4313396,0.6407405,48.3032566,0.1054466,Gare de La Membrolle-sur-Choisille,Gare de La Hutte Coulombiers,3.0,9.0,0.3333333333333333,1467.0,3290.0,29337.0,75580.0
Gare de La Roche-sur-Yon,Gare de Brion-près-Thouet,Train Longue Distance,0.8248455386398524,,,0,103.91100260013258,46.6720757,-1.4356603,47.0487214,-0.1848964,Gare de La Roche-sur-Yon,Gare de Brion-près-Thouet,4.0,258.0,0.015503875968992248,1218501.0,54849.0,,759.0
Gare de La Roche-sur-Yon,Gare de Langeais,Train Longue Distance,1.251075851341567,97.23523730973017,95.9841614583886,1,157.60592735469476,46.6720757,-1.4356603,47.3240248,0.4097404,Gare de La Roche-sur-Yon,Gare de Langeais,6.0,258.0,0.023255813953488372,1218501.0,54849.0,307322.0,4367.0
Gare de La Roche-sur-Yon,Gare de Montreuil-Bellay,Train Longue Distance,0.8734695611734723,68.47519764335769,67.60172808218421,1,110.0364778500217,46.6720757,-1.4356603,47.1254197,-0.1482834,Gare de La Roche-sur-Yon,Gare de Montreuil-Bellay,10.0,258.0,0.03875968992248062,1218501.0,54849.0,2207745.0,3746.0
Gare de La Roche-sur-Yon,Gare de Saumur,Train Longue Distance,0.9760918328198422,73.13083549272511,72.15474365990526,1,122.96445361801993,46.6720757,-1.4356603,47.2689958,-0.0714032,Gare de La Roche-sur-Yon,Gare de Saumur,10.0,258.0,0.03875968992248062,1218501.0,54849.0,966833.0,26241.0
Gare de La Roche-sur-Yon,Gare de Tours,Train Longue Distance,1.4286600884281704,114.83235800194888,113.4036979135207,1,179.97733540289371,46.6720757,-1.4356603,47.3898771,0.6928408,Gare de La Roche-sur-Yon,Gare de Tours,6.0,258.0,0.023255813953488372,1218501.0,54849.0,7013155.0,139259.0
Gare de La Rochelle,Gare de Nantes,Train Longue Distance Nuit,0.9699872664310764,72.39576533573056,71.42577806929948,1,122.19542283082342,46.1527022,-1.1458576,47.2174913,-1.542077,Gare de La Rochelle,Gare de Nantes,2.0,10.0,0.2,3137015.0,79851.0,17553626.0,327734.0
Gare de La Suze,Gare de Ancenis,Train Longue Distance,0.852168500616367,76.64498384124045,75.79281534062407,1,107.35304870450578,47.8922362,0.0265714,47.369337,-1.1777593,Gare de La Suze,Gare de Ancenis,2.0,83.0,0.024096385542168676,,75580.0,1179679.0,75580.0
Gare de La Suze,Gare de Batz-sur-Mer,Train Longue Distance,1.586106159981489,82.4402280106919,80.85412185071041,1,199.81181153709863,47.8922362,0.0265714,47.28086,-2.4788695,Gare de La Suze,Gare de Batz-sur-Mer,2.0,83.0,0.024096385542168676,,75580.0,336887.0,2892.0
Gare de La Suze,Gare de La Baule les Pins,Train Longue Distance,1.521640186474186,82.4402280106919,80.91858782421771,1,191.6906256581237,47.8922362,0.0265714,47.2834533,-2.3648905,Gare de La Suze,Gare de La Baule les Pins,2.0,83.0,0.024096385542168676,,75580.0,27557.0,75580.0
Gare de La Suze,Gare de La Baule-Escoublac,Train Longue Distance,1.5335867705808317,82.4402280106919,80.90664124011107,1,193.19561231806898,47.8922362,0.0265714,47.2884613,-2.389211,Gare de La Suze,Gare de La Baule-Escoublac,2.0,83.0,0.024096385542168676,,75580.0,27557.0,16912.0
Gare de La Suze,Gare de Le Croisic,Train Longue Distance,1.5992631644333148,82.4402280106919,80.84096484625859,1,201.4692824934889,47.8922362,0.0265714,47.2898903,-2.5073397,Gare de La Suze,Gare de Le Croisic,2.0,83.0,0.024096385542168676,,75580.0,152113.0,4056.0
Gare de La Suze,Gare de Le Pouliguen,Train Longue Distance,1.5600068797526323,82.4402280106919,80.88022113093926,1,196.52392035180554,47.8922362,0.0265714,47.2825083,-2.4331287,Gare de La Suze,Gare de Le Pouliguen,2.0,83.0,0.024096385542168676,,75580.0,125948.0,4173.0
Gare de La Suze,Gare de Nantes,Train Longue Distance,1.1080648712441374,104.08357373269232,102.97550886144818,1,139.5899308697578,47.8922362,0.0265714,47.2174913,-1.542077,Gare de La Suze,Gare de Nantes,2.0,83.0,0.024096385542168676,,75580.0,17553626.0,327734.0
Gare de La Suze,Gare de Pornichet,Train Longue Distance,1.5147849725632356,82.4402280106919,80.92544303812866,1,190.8270310611282,47.8922362,0.0265714,47.2704262,-2.3448644,Gare de La Suze,Gare de Pornichet,2.0,83.0,0.024096385542168676,,75580.0,230185.0,12800.0
Gare de La Suze,Gare de Saint-Nazaire,Train Longue Distance,1.4353115125210891,76.61847757756745,75.18316606504635,1,180.81525730928308,47.8922362,0.0265714,47.2864903,-2.211079,Gare de La Suze,Gare de Saint-Nazaire,2.0,83.0,0.024096385542168676,,75580.0,1371500.0,74568.0
Gare de La Suze,Gare de Savenay,Train Longue Distance,1.2671936606827,112.77227129739754,111.50507763671484,1,159.63638960477448,47.8922362,0.0265714,47.3586008,-1.951011,Gare de La Suze,Gare de Savenay,2.0,83.0,0.024096385542168676,,75580.0,38477.0,9543.0
Gare de La Villette Saint-Prest,Gare de Champagné,Train Longue Distance,0.8086392508190042,72.42399476229339,71.61535551147439,1,101.869394157093,48.4827531,1.522905,48.0197494,0.3356649,Gare de La Villette Saint-Prest,Gare de Champagné,3.0,11.0,0.2727272727272727,109176.0,217.0,203396.0,3666.0
Gare de La Villette Saint-Prest,Gare de Le Mans,Train Longue Distance,0.8924366204896694,72.42399476229339,71.53155814180371,1,112.42587811661241,48.4827531,1.522905,47.9956159,0.1926141,Gare de La Villette Saint-Prest,Gare de Le Mans,3.0,11.0,0.2727272727272727,109176.0,217.0,5440432.0,146249.0
Gare de Lamballe,Gare de Brest,EuroNight,1.1551775145377672,74.26699844174611,73.11182092720834,1,145.52500813023016,48.4660608,-2.5115459,48.3876203,-4.4803058,Gare de Lamballe,Gare de Brest,42.0,216.0,0.19444444444444445,711369.0,75580.0,2777923.0,142346.0
Gare de Lamballe,Gare de Landerneau,EuroNight,1.0214368397384714,,,0,128.67685055914228,48.4660608,-2.5115459,48.4535734,-4.256528,Gare de Lamballe,Gare de Landerneau,42.0,216.0,0.19444444444444445,711369.0,75580.0,6837.0,16363.0
Gare de Lamballe,Gare de Landivisiau,EuroNight,0.9193275686893378,,,0,115.81350071672182,48.4660608,-2.5115459,48.4960033,-4.082181,Gare de Lamballe,Gare de Landivisiau,42.0,216.0,0.19444444444444445,711369.0,75580.0,253305.0,9426.0
Gare de Landerneau,Gare de Broons,Train Longue Distance,1.1890851007134526,97.04966534147765,95.8605802407642,1,149.796560936439,48.4535734,-4.256528,48.3333985,-2.2357459,Gare de Landerneau,Gare de Broons,1.0,268.0,0.0037313432835820895,6837.0,16363.0,70577.0,2943.0
Gare de Landerneau,Gare de Caulnes,Train Longue Distance,1.2409234325416652,97.04966534147765,95.80874190893599,1,156.32696303119994,48.4535734,-4.256528,48.2844266,-2.1555927,Gare de Landerneau,Gare de Caulnes,1.0,268.0,0.0037313432835820895,6837.0,16363.0,90645.0,2501.0
Gare de Landerneau,Gare de Lamballe,EuroNight,1.0214368397384714,,,0,128.67685055914228,48.4535734,-4.256528,48.4660608,-2.5115459,Gare de Landerneau,Gare de Lamballe,47.0,268.0,0.17537313432835822,6837.0,16363.0,711369.0,75580.0
Gare de Landerneau,Gare de Montauban-de-Bretagne,Train Longue Distance,1.31416193860291,103.1581456107403,101.8439836721374,1,165.55328024728016,48.4535734,-4.256528,48.1902428,-2.052675,Gare de Landerneau,Gare de Montauban-de-Bretagne,1.0,268.0,0.0037313432835820895,6837.0,16363.0,354751.0,6597.0
Gare de Landerneau,Gare de Montfort-sur-Meu,Train Longue Distance,1.3830629960444742,103.1581456107403,101.77508261469583,1,174.233181663451,48.4535734,-4.256528,48.1388793,-1.9491409,Gare de Landerneau,Gare de Montfort-sur-Meu,1.0,268.0,0.0037313432835820895,6837.0,16363.0,636464.0,6810.0
Gare de Landerneau,Gare de Plestan,Train Longue Distance,1.0625056455790476,97.04966534147765,95.9871596958986,1,133.85054744004125,48.4535734,-4.256528,48.4257122,-2.4424838,Gare de Landerneau,Gare de Plestan,1.0,268.0,0.0037313432835820895,6837.0,16363.0,14569.0,1635.0
Gare de Landerneau,Gare de Plénée-Jugon,Train Longue Distance,1.11627683812722,97.04966534147765,95.93338850335043,1,140.6244442085185,48.4535734,-4.256528,48.3766559,-2.3546105,Gare de Landerneau,Gare de Plénée-Jugon,1.0,268.0,0.0037313432835820895,6837.0,16363.0,20761.0,2579.0
Gare de Landerneau,Gare de Quédillac,Train Longue Distance,1.251587606204327,103.1581456107403,101.90655800453598,1,157.6703963472319,48.4535734,-4.256528,48.2484813,-2.1452205,Gare de Landerneau,Gare de Quédillac,1.0,268.0,0.0037313432835820895,6837.0,16363.0,33144.0,1287.0
Gare de Landerneau,Gare de Rennes,EuroNight,1.5488230300535268,119.30234883067666,117.75352580062314,1,195.11502016295373,48.4535734,-4.256528,48.1035178,-1.6727439,Gare de Landerneau,Gare de Rennes,47.0,268.0,0.17537313432835822,6837.0,16363.0,15689647.0,230890.0
Gare de Landerneau,Gare de Saint-Brieuc,EuroNight,0.873973916318008,,,0,110.10001465331419,48.4535734,-4.256528,48.5075822,-2.765,Gare de Landerneau,Gare de Saint-Brieuc,47.0,268.0,0.17537313432835822,6837.0,16363.0,28711.0,44364.0
Gare de Landerneau,Gare de Yffiniac,Train Longue Distance,0.9389837518241414,,,0,118.28971426356027,48.4535734,-4.256528,48.4700837,-2.6524471,Gare de Landerneau,Gare de Yffiniac,1.0,268.0,0.0037313432835820895,6837.0,16363.0,29992.0,5074.0
Gare de Landivisiau,Gare de Lamballe,EuroNight,0.9193275686893378,,,0,115.81350071672182,48.4960033,-4.082181,48.4660608,-2.5115459,Gare de Landivisiau,Gare de Lamballe,46.0,176.0,0.26136363636363635,253305.0,9426.0,711369.0,75580.0
Gare de Landivisiau,Gare de Rennes,EuroNight,1.4564983930814457,119.30234883067666,117.84585043759522,1,183.48430247939604,48.4960033,-4.082181,48.1035178,-1.6727439,Gare de Landivisiau,Gare de Rennes,46.0,176.0,0.26136363636363635,253305.0,9426.0,15689647.0,230890.0
Gare de Langeais,Gare de Ancenis,Train Longue Distance,0.9502445290377148,72.46031081947545,71.51006629043773,1,119.70830549731859,47.3240248,0.4097404,47.369337,-1.1777593,Gare de Langeais,Gare de Ancenis,16.0,120.0,0.13333333333333333,307322.0,4367.0,1179679.0,75580.0
Gare de Langeais,Gare de Batz-sur-Mer,Train Longue Distance,1.7293280783894365,81.26014185180067,79.53081377341123,1,217.85438125339334,47.3240248,0.4097404,47.28086,-2.4788695,Gare de Langeais,Gare de Batz-sur-Mer,5.0,120.0,0.041666666666666664,307322.0,4367.0,336887.0,2892.0
Gare de Langeais,Gare de Chantonnay,Train Longue Distance,1.0436911859844513,78.8282153583887,77.78452417240425,1,131.4803711242695,47.3240248,0.4097404,46.6902585,-1.0542092,Gare de Langeais,Gare de Chantonnay,5.0,120.0,0.041666666666666664,307322.0,4367.0,16990.0,8557.0
Gare de Langeais,Gare de La Baule les Pins,Train Longue Distance,1.6610416328338717,81.26014185180067,79.5991002189668,1,209.25190637866865,47.3240248,0.4097404,47.2834533,-2.3648905,Gare de Langeais,Gare de La Baule les Pins,5.0,120.0,0.041666666666666664,307322.0,4367.0,27557.0,75580.0
Gare de Langeais,Gare de La Baule-Escoublac,Train Longue Distance,1.675424930402155,81.26014185180067,79.58471692139851,1,211.06386122476127,47.3240248,0.4097404,47.2884613,-2.389211,Gare de Langeais,Gare de La Baule-Escoublac,5.0,120.0,0.041666666666666664,307322.0,4367.0,27557.0,16912.0
Gare de Langeais,Gare de La Roche-sur-Yon,Train Longue Distance,1.251075851341567,97.23523730973017,95.9841614583886,1,157.60592735469476,47.3240248,0.4097404,46.6720757,-1.4356603,Gare de Langeais,Gare de La Roche-sur-Yon,5.0,120.0,0.041666666666666664,307322.0,4367.0,1218501.0,54849.0
Gare de Langeais,Gare de Le Croisic,Train Longue Distance,1.7460574044260995,81.26014185180067,79.51408444737457,1,219.96188012422522,47.3240248,0.4097404,47.2898903,-2.5073397,Gare de Langeais,Gare de Le Croisic,5.0,120.0,0.041666666666666664,307322.0,4367.0,152113.0,4056.0
Gare de Langeais,Gare de Le Pouliguen,Train Longue Distance,1.7019023711645926,81.26014185180067,79.55823948063608,1,214.39939168110266,47.3240248,0.4097404,47.2825083,-2.4331287,Gare de Langeais,Gare de Le Pouliguen,5.0,120.0,0.041666666666666664,307322.0,4367.0,125948.0,4173.0
Gare de Langeais,Gare de Nantes,Train Longue Distance,1.1727253488785023,95.48866249250551,94.31593714362701,1,147.73561966219478,47.3240248,0.4097404,47.2174913,-1.542077,Gare de Langeais,Gare de Nantes,16.0,120.0,0.13333333333333333,307322.0,4367.0,17553626.0,327734.0
Gare de Langeais,Gare de Pornichet,Train Longue Distance,1.6495525007430556,81.26014185180067,79.61058935105761,1,207.80454783863135,47.3240248,0.4097404,47.2704262,-2.3448644,Gare de Langeais,Gare de Pornichet,5.0,120.0,0.041666666666666664,307322.0,4367.0,230185.0,12800.0
Gare de Langeais,Gare de Pouzauges,Train Longue Distance,0.8927215069885439,72.29309310479492,71.40037159780637,1,112.46176706834767,47.3240248,0.4097404,46.7524179,-0.8145972,Gare de Langeais,Gare de Pouzauges,5.0,120.0,0.041666666666666664,307322.0,4367.0,2187.0,5668.0
Gare de Langeais,Gare de Saint-Nazaire,Train Longue Distance,1.5689109426716785,119.8786333961404,118.30972245346872,1,197.64562139980833,47.3240248,0.4097404,47.2864903,-2.211079,Gare de Langeais,Gare de Saint-Nazaire,5.0,120.0,0.041666666666666664,307322.0,4367.0,1371500.0,74568.0
Gare de Langeais,Gare de Savenay,Train Longue Distance,1.4122886354724995,112.7210289696943,111.30874033422181,1,177.9149200645628,47.3240248,0.4097404,47.3586008,-1.951011,Gare de Langeais,Gare de Savenay,5.0,120.0,0.041666666666666664,307322.0,4367.0,38477.0,9543.0
Gare de Laval,Gare de Batz-sur-Mer,EuroNight,1.2390016275326656,93.45784939078281,92.21884776325015,1,156.0848611152262,48.0762555,-0.7609291,47.28086,-2.4788695,Gare de Laval,Gare de Batz-sur-Mer,3.0,303.0,0.009900990099009901,1700505.0,49400.0,336887.0,2892.0
Gare de Laval,Gare de La Baule les Pins,EuroNight,1.1824416719577178,93.45784939078281,92.2754077188251,1,148.95964625317686,48.0762555,-0.7609291,47.2834533,-2.3648905,Gare de Laval,Gare de La Baule les Pins,3.0,303.0,0.009900990099009901,1700505.0,49400.0,27557.0,75580.0
Gare de Laval,Gare de La Baule-Escoublac,EuroNight,1.191499126866471,93.45784939078281,92.26635026391634,1,150.10067105901624,48.0762555,-0.7609291,47.2884613,-2.389211,Gare de Laval,Gare de La Baule-Escoublac,3.0,303.0,0.009900990099009901,1700505.0,49400.0,27557.0,16912.0
Gare de Laval,Gare de Le Croisic,EuroNight,1.2484553726708172,93.45784939078281,92.209394018112,1,157.27580910441134,48.0762555,-0.7609291,47.2898903,-2.5073397,Gare de Laval,Gare de Le Croisic,3.0,303.0,0.009900990099009901,1700505.0,49400.0,152113.0,4056.0
Gare de Laval,Gare de Le Pouliguen,EuroNight,1.2158515810573478,93.45784939078281,92.24199780972546,1,153.16850353456132,48.0762555,-0.7609291,47.2825083,-2.4331287,Gare de Laval,Gare de Le Pouliguen,3.0,303.0,0.009900990099009901,1700505.0,49400.0,125948.0,4173.0
Gare de Laval,Gare de Nantes,EuroNight,0.8889964817530912,75.30160555211052,74.41260907035742,1,111.99250211049272,48.0762555,-0.7609291,47.2174913,-1.542077,Gare de Laval,Gare de Nantes,50.0,303.0,0.16501650165016502,1700505.0,49400.0,17553626.0,327734.0
Gare de Laval,Gare de Pornichet,EuroNight,1.1798599544901798,93.45784939078281,92.27798943629263,1,148.63441099649532,48.0762555,-0.7609291,47.2704262,-2.3448644,Gare de Laval,Gare de Pornichet,3.0,303.0,0.009900990099009901,1700505.0,49400.0,230185.0,12800.0
Gare de Laval,Gare de Saint-Nazaire,EuroNight,1.1083787597139152,84.98166192687809,83.87328316716417,1,139.62947338295731,48.0762555,-0.7609291,47.2864903,-2.211079,Gare de Laval,Gare de Saint-Nazaire,3.0,303.0,0.009900990099009901,1700505.0,49400.0,1371500.0,74568.0
Gare de Laval,Gare de Savenay,EuroNight,0.9490408755462794,74.85753001040312,73.90848913485685,1,119.55667366418234,48.0762555,-0.7609291,47.3586008,-1.951011,Gare de Laval,Gare de Savenay,3.0,303.0,0.009900990099009901,1700505.0,49400.0,38477.0,9543.0
Gare de Le Croisic,Gare de Amboise,Train Longue Distance,2.0893873993386736,100.0455096013167,97.95612220197802,1,263.2133282109692,47.2898903,-2.5073397,47.4214655,0.9817614,Gare de Le Croisic,Gare de Amboise,7.0,152.0,0.046052631578947366,152113.0,4056.0,855042.0,12937.0
Gare de Le Croisic,Gare de Ancenis,Train Longue Distance,0.7985002553461191,,,0,100.59212085489028,47.2898903,-2.5073397,47.369337,-1.1777593,Gare de Le Croisic,Gare de Ancenis,11.0,152.0,0.07236842105263158,152113.0,4056.0,1179679.0,75580.0
Gare de Le Croisic,Gare de Angers Saint-Laud,Train Longue Distance,1.1760049251956561,88.91481603847376,87.7388111132781,1,148.14876860615473,47.2898903,-2.5073397,47.4646464,-0.5567748,Gare de Le Croisic,Gare de Angers Saint-Laud,11.0,152.0,0.07236842105263158,152113.0,4056.0,7116373.0,159022.0
Gare de Le Croisic,Gare de Beaugency,Train Longue Distance,2.500290485794201,120.56229889667506,118.06200841088086,1,314.9773854616025,47.2898903,-2.5073397,47.7784038,1.6259389,Gare de Le Croisic,Gare de Beaugency,7.0,152.0,0.046052631578947366,152113.0,4056.0,531504.0,8024.0
Gare de Le Croisic,Gare de Blois - Chambord,Train Longue Distance,2.301857355528944,108.99968206914752,106.69782471361859,1,289.979510648645,47.2898903,-2.5073397,47.5854518,1.3237539,Gare de Le Croisic,Gare de Blois - Chambord,7.0,152.0,0.046052631578947366,152113.0,4056.0,203396.0,47219.0
Gare de Le Croisic,Gare de Le Mans,Train Longue Distance,1.7221330987054468,82.4402280106919,80.71809491198646,1,216.94798421585372,47.2898903,-2.5073397,47.9956159,0.1926141,Gare de Le Croisic,Gare de Le Mans,2.0,152.0,0.013157894736842105,152113.0,4056.0,5440432.0,146249.0
Gare de Le Croisic,Gare de Mer,Train Longue Distance,2.42125900282949,120.56229889667506,118.14103989384557,1,305.0212903539292,47.2898903,-2.5073397,47.7058923,1.5063578,Gare de Le Croisic,Gare de Mer,7.0,152.0,0.046052631578947366,152113.0,4056.0,336887.0,6250.0
Gare de Le Croisic,Gare de Meung-sur-Loire,Train Longue Distance,2.5459224840818226,122.34695171943295,119.80102923535112,1,320.7259365182442,47.2898903,-2.5073397,47.8299537,1.6919208,Gare de Le Croisic,Gare de Meung-sur-Loire,7.0,152.0,0.046052631578947366,152113.0,4056.0,466159.0,6670.0
Gare de Le Croisic,Gare de Onzain - Chaumont-sur-Loire,Train Longue Distance,2.214026346014392,108.99968206914752,106.78565572313313,1,278.9148835996967,47.2898903,-2.5073397,47.4920275,1.1860922,Gare de Le Croisic,Gare de Onzain - Chaumont-sur-Loire,7.0,152.0,0.046052631578947366,152113.0,4056.0,278696.0,75580.0
Gare de Le Croisic,Gare de Orléans,Train Longue Distance,2.68141741934734,108.12201520054764,105.4405977812003,1,337.79508936096494,47.2898903,-2.5073397,47.907891,1.9042468,Gare de Le Croisic,Gare de Orléans,7.0,152.0,0.046052631578947366,152113.0,4056.0,5221422.0,116357.0
Gare de Le Croisic,Gare de Sablé-sur-Sarthe,Train Longue Distance,1.3784868133818515,94.8629081983585,93.48442138497664,1,173.65669102820002,47.2898903,-2.5073397,47.8417564,-0.3419969,Gare de Le Croisic,Gare de Sablé-sur-Sarthe,2.0,152.0,0.013157894736842105,152113.0,4056.0,662172.0,12326.0
Gare de Le Croisic,Gare de Saint-Pierre-des-Corps,Train Longue Distance,1.9343047610996928,93.52763600767815,91.59333124657846,1,243.6765886998857,47.2898903,-2.5073397,47.3861437,0.7235445,Gare de Le Croisic,Gare de Saint-Pierre-des-Corps,7.0,152.0,0.046052631578947366,152113.0,4056.0,4356356.0,15898.0
Gare de Le Croisic,Gare de Saumur,Train Longue Distance,1.4587465213955018,108.0169586614439,106.5582121400484,1,183.7675134033134,47.2898903,-2.5073397,47.2689958,-0.0714032,Gare de Le Croisic,Gare de Saumur,9.0,152.0,0.05921052631578947,152113.0,4056.0,966833.0,26241.0
Gare de Le Croisic,Gare de Tours,Train Longue Distance,1.9160421898200932,93.52763600767815,91.61159381785806,1,241.3759372411304,47.2898903,-2.5073397,47.3898771,0.6928408,Gare de Le Croisic,Gare de Tours,9.0,152.0,0.05921052631578947,152113.0,4056.0,7013155.0,139259.0
Gare de Le Havre,Gare de Paris Saint-Lazare,Train Longue Distance Nuit,1.3812374355958585,116.69779343567143,115.31655600007556,1,174.00320428267304,49.4926229,0.1246437,48.8762428,2.3253309,Gare de Le Havre,Gare de Paris Saint-Lazare,72.0,357.0,0.20168067226890757,2070670.0,166687.0,114093491.0,2103778.0
Gare de Le Havre,Gare de Vernon - Giverny,Train Longue Distance,0.8558852969580292,81.1881654522936,80.33228015533557,1,107.82127701663255,49.4926229,0.1246437,49.0915726,1.4782972,Gare de Le Havre,Gare de Vernon - Giverny,2.0,357.0,0.0056022408963585435,2070670.0,166687.0,2046451.0,25290.0
Gare de Le Mans,Gare de Amilly - Ouerray,Train Longue Distance,0.8050329610600339,,,0,101.41508705719751,47.9956159,0.1926141,48.4382945,1.3893962,Gare de Le Mans,Gare de Amilly - Ouerray,13.0,757.0,0.017173051519154558,5440432.0,146249.0,56169.0,13582.0
Gare de Le Mans,Gare de Ancenis,Train Longue Distance,0.9842146993802021,76.64498384124045,75.66076914186024,1,123.98774242632932,47.9956159,0.1926141,47.369337,-1.1777593,Gare de Le Mans,Gare de Ancenis,53.0,757.0,0.07001321003963012,5440432.0,146249.0,1179679.0,75580.0
Gare de Le Mans,Gare de Batz-sur-Mer,Train Longue Distance,1.7094145962138911,82.4402280106919,80.730813414478,1,215.3457541211755,47.9956159,0.1926141,47.28086,-2.4788695,Gare de Le Mans,Gare de Batz-sur-Mer,8.0,757.0,0.010568031704095112,5440432.0,146249.0,336887.0,2892.0
Gare de Le Mans,Gare de Caen,EuroNight,1.088875568450973,92.93328812467955,91.84441255622858,1,137.17253318858317,47.9956159,0.1926141,49.1763537,-0.347613,Gare de Le Mans,Gare de Caen,43.0,757.0,0.05680317040951123,5440432.0,146249.0,4255508.0,109400.0
Gare de Le Mans,Gare de Cesson-Sévigné,EuroNight,1.0638987243668563,92.81686906767932,91.75297034331247,1,134.02604237425754,47.9956159,0.1926141,48.1128111,-1.6021099,Gare de Le Mans,Gare de Cesson-Sévigné,11.0,757.0,0.01453104359313078,5440432.0,146249.0,207859.0,18761.0
Gare de Le Mans,Gare de Chartres,Train Longue Distance,0.8566764045461495,72.42399476229339,71.56731835774724,1,107.92093783650158,47.9956159,0.1926141,48.4482028,1.4813126,Gare de Le Mans,Gare de Chartres,61.0,757.0,0.08058124174372523,5440432.0,146249.0,3536538.0,38324.0
Gare de Le Mans,Gare de Châteaubourg,EuroNight,0.94777772721363,82.72012205968593,81.7723443324723,1,119.39754689010205,47.9956159,0.1926141,48.1063608,-1.4051588,Gare de Le Mans,Gare de Châteaubourg,11.0,757.0,0.01453104359313078,5440432.0,146249.0,683698.0,7533.0
Gare de Le Mans,Gare de La Baule les Pins,Train Longue Distance,1.6457021187970506,82.4402280106919,80.79452589189485,1,207.3194909041384,47.9956159,0.1926141,47.2834533,-2.3648905,Gare de Le Mans,Gare de La Baule les Pins,8.0,757.0,0.010568031704095112,5440432.0,146249.0,27557.0,75580.0
Gare de Le Mans,Gare de La Baule-Escoublac,Train Longue Distance,1.6573392068679285,82.4402280106919,80.78288880382397,1,208.785488393541,47.9956159,0.1926141,47.2884613,-2.389211,Gare de Le Mans,Gare de La Baule-Escoublac,8.0,757.0,0.010568031704095112,5440432.0,146249.0,27557.0,16912.0
Gare de Le Mans,Gare de Le Croisic,Train Longue Distance,1.7221330987054468,82.4402280106919,80.71809491198646,1,216.94798421585372,47.9956159,0.1926141,47.2898903,-2.5073397,Gare de Le Mans,Gare de Le Croisic,8.0,757.0,0.010568031704095112,5440432.0,146249.0,152113.0,4056.0
Gare de Le Mans,Gare de Le Pouliguen,Train Longue Distance,1.6835981386491217,82.4402280106919,80.75662987204278,1,212.0934918933134,47.9956159,0.1926141,47.2825083,-2.4331287,Gare de Le Mans,Gare de Le Pouliguen,8.0,757.0,0.010568031704095112,5440432.0,146249.0,125948.0,4173.0
Gare de Le Mans,Gare de Maintenon,Train Longue Distance Nuit,0.97288596514239,78.31052792752028,77.33764196237789,1,122.56059021698034,47.9956159,0.1926141,48.5854799,1.5920603,Gare de Le Mans,Gare de Maintenon,38.0,757.0,0.05019815059445178,5440432.0,146249.0,1327025.0,4494.0
Gare de Le Mans,Gare de Mézidon - Canon,EuroNight,0.9619199784342586,78.73397934480339,77.77205936636913,1,121.1791356052228,47.9956159,0.1926141,49.070913,-0.0749139,Gare de Le Mans,Gare de Mézidon - Canon,43.0,757.0,0.05680317040951123,5440432.0,146249.0,,75580.0
Gare de Le Mans,Gare de Nantes,Train Longue Distance,1.2398838445538947,104.08357373269232,102.84368988813841,1,156.19599956587234,47.9956159,0.1926141,47.2174913,-1.542077,Gare de Le Mans,Gare de Nantes,53.0,757.0,0.07001321003963012,5440432.0,146249.0,17553626.0,327734.0
Gare de Le Mans,Gare de Noyal - Acigné,EuroNight,1.0207448874967697,82.72012205968593,81.69937717218916,1,128.58968096457164,47.9956159,0.1926141,48.1187915,-1.5277647,Gare de Le Mans,Gare de Noyal - Acigné,11.0,757.0,0.01453104359313078,5440432.0,146249.0,332259.0,985.0
Gare de Le Mans,Gare de Paris Montparnasse Hall 1 - 2,Train Longue Distance Nuit,1.4528178977283026,111.65846911213804,110.20565121440973,1,183.0206472320865,47.9956159,0.1926141,48.8411711,2.3205138,Gare de Le Mans,Gare de Paris Montparnasse Hall 1 - 2,44.0,757.0,0.05812417437252312,5440432.0,146249.0,68925312.0,2103778.0
Gare de Le Mans,Gare de Pornichet,Train Longue Distance,1.639330804795716,82.4402280106919,80.80089720589618,1,206.516856235288,47.9956159,0.1926141,47.2704262,-2.3448644,Gare de Le Mans,Gare de Pornichet,8.0,757.0,0.010568031704095112,5440432.0,146249.0,230185.0,12800.0
Gare de Le Mans,Gare de Rambouillet,Train Longue Distance Nuit,1.1191966346396398,85.45089700896287,84.33170037432323,1,140.99226941794404,47.9956159,0.1926141,48.6437724,1.83154,Gare de Le Mans,Gare de Rambouillet,38.0,757.0,0.05019815059445178,5440432.0,146249.0,5579876.0,27724.0
Gare de Le Mans,Gare de Rennes,EuroNight,1.1047412383189246,92.81686906767932,91.7121278293604,1,139.17123183659922,47.9956159,0.1926141,48.1035178,-1.6727439,Gare de Le Mans,Gare de Rennes,11.0,757.0,0.01453104359313078,5440432.0,146249.0,15689647.0,230890.0
Gare de Le Mans,Gare de Saint-Nazaire,Train Longue Distance,1.5604506352161307,76.61847757756745,75.05802694235132,1,196.57982303050272,47.9956159,0.1926141,47.2864903,-2.211079,Gare de Le Mans,Gare de Saint-Nazaire,8.0,757.0,0.010568031704095112,5440432.0,146249.0,1371500.0,74568.0
Gare de Le Mans,Gare de Saint-Pierre-sur-Dives,EuroNight,0.9171230219150385,78.73397934480339,77.81685632288836,1,115.53578003464834,47.9956159,0.1926141,49.0231056,-0.0405856,Gare de Le Mans,Gare de Saint-Pierre-sur-Dives,38.0,757.0,0.05019815059445178,5440432.0,146249.0,75554.0,85038.0
Gare de Le Mans,Gare de Savenay,Train Longue Distance,1.3924667408900118,112.77227129739754,111.37980455650752,1,175.4178307999511,47.9956159,0.1926141,47.3586008,-1.951011,Gare de Le Mans,Gare de Savenay,8.0,757.0,0.010568031704095112,5440432.0,146249.0,38477.0,9543.0
Gare de Le Mans,Gare de Servon,EuroNight,0.9834977091350522,82.72012205968593,81.73662435055088,1,123.89741863631295,47.9956159,0.1926141,48.1122139,-1.4652101,Gare de Le Mans,Gare de Servon,11.0,757.0,0.01453104359313078,5440432.0,146249.0,,3565.0
Gare de Le Mans,Gare de Versailles Chantiers,Train Longue Distance Nuit,1.3400776637835188,107.7558885646408,106.41581090085728,1,168.81804784372875,47.9956159,0.1926141,48.795829,2.1358823,Gare de Le Mans,Gare de Versailles Chantiers,44.0,757.0,0.05812417437252312,5440432.0,146249.0,24372929.0,84095.0
Gare de Le Mans,Gare de Vitré,EuroNight,0.8360381698193572,74.30400441847063,73.46796624865127,1,105.32100904753807,47.9956159,0.1926141,48.1226727,-1.2117541,Gare de Le Mans,Gare de Vitré,11.0,757.0,0.01453104359313078,5440432.0,146249.0,1197732.0,19365.0
Gare de Le Mans,Gare de Épernon,Train Longue Distance Nuit,1.0264444422689325,85.45089700896287,84.42445256669393,1,129.30768988018804,47.9956159,0.1926141,48.6052007,1.681363,Gare de Le Mans,Gare de Épernon,38.0,757.0,0.05019815059445178,5440432.0,146249.0,1574579.0,5715.0
Gare de Le Molay-Littry,Gare de Dol-de-Bretagne,EuroNight,0.8011901962716672,69.3793392532793,68.57814905700764,1,100.93098970416568,49.2493264,-0.8809742,48.5442508,-1.7505361,Gare de Le Molay-Littry,Gare de Dol-de-Bretagne,4.0,76.0,0.05263157894736842,56169.0,3124.0,654150.0,5829.0
Gare de Le Molay-Littry,Gare de Pontchaillou,EuroNight,1.1040303112996708,98.00225362261612,96.89822331131646,1,139.08167186944706,49.2493264,-0.8809742,48.1186426,-1.6911174,Gare de Le Molay-Littry,Gare de Pontchaillou,4.0,76.0,0.05263157894736842,56169.0,3124.0,405981.0,75580.0
Gare de Le Molay-Littry,Gare de Rennes,EuroNight,1.1116555608454168,98.00225362261612,96.8905980617707,1,140.0422727192513,49.2493264,-0.8809742,48.1035178,-1.6727439,Gare de Le Molay-Littry,Gare de Rennes,4.0,76.0,0.05263157894736842,56169.0,3124.0,15689647.0,230890.0
Gare de Le Pouliguen,Gare de Amboise,Train Longue Distance,2.0456161081944626,100.0455096013167,97.99989349312223,1,257.6991821862513,47.2825083,-2.4331287,47.4214655,0.9817614,Gare de Le Pouliguen,Gare de Amboise,7.0,152.0,0.046052631578947366,125948.0,4173.0,855042.0,12937.0
Gare de Le Pouliguen,Gare de Angers Saint-Laud,Train Longue Distance,1.1330334059586264,88.91481603847376,87.78178263251513,1,142.7353749003057,47.2825083,-2.4331287,47.4646464,-0.5567748,Gare de Le Pouliguen,Gare de Angers Saint-Laud,11.0,152.0,0.07236842105263158,125948.0,4173.0,7116373.0,159022.0
Gare de Le Pouliguen,Gare de Beaugency,Train Longue Distance,2.4580745073681745,120.56229889667506,118.10422438930688,1,309.6591720040533,47.2825083,-2.4331287,47.7784038,1.6259389,Gare de Le Pouliguen,Gare de Beaugency,7.0,152.0,0.046052631578947366,125948.0,4173.0,531504.0,8024.0
Gare de Le Pouliguen,Gare de Blois - Chambord,Train Longue Distance,2.258773519279753,108.99968206914752,106.74090854986777,1,284.55196765932897,47.2825083,-2.4331287,47.5854518,1.3237539,Gare de Le Pouliguen,Gare de Blois - Chambord,7.0,152.0,0.046052631578947366,125948.0,4173.0,203396.0,47219.0
Gare de Le Pouliguen,Gare de Le Mans,Train Longue Distance,1.6835981386491217,82.4402280106919,80.75662987204278,1,212.0934918933134,47.2825083,-2.4331287,47.9956159,0.1926141,Gare de Le Pouliguen,Gare de Le Mans,2.0,152.0,0.013157894736842105,125948.0,4173.0,5440432.0,146249.0
Gare de Le Pouliguen,Gare de Mer,Train Longue Distance,2.3787171083490635,120.56229889667506,118.183581788326,1,299.66201919237386,47.2825083,-2.4331287,47.7058923,1.5063578,Gare de Le Pouliguen,Gare de Mer,7.0,152.0,0.046052631578947366,125948.0,4173.0,336887.0,6250.0
Gare de Le Pouliguen,Gare de Meung-sur-Loire,Train Longue Distance,2.503949353800416,122.34695171943295,119.84300236563253,1,315.4383161754115,47.2825083,-2.4331287,47.8299537,1.6919208,Gare de Le Pouliguen,Gare de Meung-sur-Loire,7.0,152.0,0.046052631578947366,125948.0,4173.0,466159.0,6670.0
Gare de Le Pouliguen,Gare de Onzain - Chaumont-sur-Loire,Train Longue Distance,2.170536503605364,108.99968206914752,106.82914556554216,1,273.43619344990725,47.2825083,-2.4331287,47.4920275,1.1860922,Gare de Le Pouliguen,Gare de Onzain - Chaumont-sur-Loire,7.0,152.0,0.046052631578947366,125948.0,4173.0,278696.0,75580.0
Gare de Le Pouliguen,Gare de Orléans,Train Longue Distance,2.639736122782077,108.12201520054764,105.48227907776555,1,332.54423315470865,47.2825083,-2.4331287,47.907891,1.9042468,Gare de Le Pouliguen,Gare de Orléans,7.0,152.0,0.046052631578947366,125948.0,4173.0,5221422.0,116357.0
Gare de Le Pouliguen,Gare de Sablé-sur-Sarthe,Train Longue Distance,1.3397043736657765,94.8629081983585,93.52320382469271,1,168.77102212972747,47.2825083,-2.4331287,47.8417564,-0.3419969,Gare de Le Pouliguen,Gare de Sablé-sur-Sarthe,2.0,152.0,0.013157894736842105,125948.0,4173.0,662172.0,12326.0
Gare de Le Pouliguen,Gare de Saint-Pierre-des-Corps,Train Longue Distance,1.8904038742113056,93.52763600767815,91.63723213346685,1,238.14611668068855,47.2825083,-2.4331287,47.3861437,0.7235445,Gare de Le Pouliguen,Gare de Saint-Pierre-des-Corps,7.0,152.0,0.046052631578947366,125948.0,4173.0,4356356.0,15898.0
Gare de Le Pouliguen,Gare de Saumur,Train Longue Distance,1.4143450739556962,108.0169586614439,106.6026135874882,1,178.1739826096871,47.2825083,-2.4331287,47.2689958,-0.0714032,Gare de Le Pouliguen,Gare de Saumur,9.0,152.0,0.05921052631578947,125948.0,4173.0,966833.0,26241.0
Gare de Le Pouliguen,Gare de Tours,Train Longue Distance,1.872160218238013,93.52763600767815,91.65547578944015,1,235.84784810254635,47.2825083,-2.4331287,47.3898771,0.6928408,Gare de Le Pouliguen,Gare de Tours,9.0,152.0,0.05921052631578947,125948.0,4173.0,7013155.0,139259.0
Gare de Le Theil - La Rouge,Gare de Angers Maître École,Train Longue Distance,1.0132679671256113,75.2993347476271,74.28606678050149,1,127.64776607780438,48.2672914,0.6943758,47.466953,-0.5324366,Gare de Le Theil - La Rouge,Gare de Angers Maître École,2.0,85.0,0.023529411764705882,21145.0,387.0,46045.0,159022.0
Gare de Le Theil - La Rouge,Gare de Angers Saint-Laud,Train Longue Distance,1.0250660299063041,75.2993347476271,74.2742687177208,1,129.1340425681915,48.2672914,0.6943758,47.4646464,-0.5567748,Gare de Le Theil - La Rouge,Gare de Angers Saint-Laud,2.0,85.0,0.023529411764705882,21145.0,387.0,7116373.0,159022.0
Gare de Le Theil - La Rouge,Gare de Le Vieux Briollay,Train Longue Distance,0.9272652453507386,75.2993347476271,74.37206950227636,1,116.81345998371613,48.2672914,0.6943758,47.5736883,-0.4830019,Gare de Le Theil - La Rouge,Gare de Le Vieux Briollay,2.0,85.0,0.023529411764705882,21145.0,387.0,29188.0,75580.0
Gare de Le Theil - La Rouge,Gare de Morannes,Train Longue Distance,0.8056784983569294,64.19665910326812,63.39098060491119,1,101.49640946799313,48.2672914,0.6943758,47.7390037,-0.4181549,Gare de Le Theil - La Rouge,Gare de Morannes,2.0,85.0,0.023529411764705882,21145.0,387.0,38346.0,75580.0
Gare de Le Theil - La Rouge,Gare de Paris Montparnasse Hall 1 - 2,Train Longue Distance,1.0766326948989626,83.73542841073575,82.65879571583679,1,135.63022107570706,48.2672914,0.6943758,48.8411711,2.3205138,Gare de Le Theil - La Rouge,Gare de Paris Montparnasse Hall 1 - 2,4.0,85.0,0.047058823529411764,21145.0,387.0,68925312.0,2103778.0
Gare de Le Theil - La Rouge,Gare de Tiercé,Train Longue Distance,0.8957730098859137,69.94658160902017,69.05080859913426,1,112.84618416300248,48.2672914,0.6943758,47.6175243,-0.4694093,Gare de Le Theil - La Rouge,Gare de Tiercé,2.0,85.0,0.023529411764705882,21145.0,387.0,120085.0,4589.0
Gare de Le Theil - La Rouge,Gare de Versailles Chantiers,Train Longue Distance,0.9630803354753295,79.11207006501584,78.14898972954052,1,121.32531311102663,48.2672914,0.6943758,48.795829,2.1358823,Gare de Le Theil - La Rouge,Gare de Versailles Chantiers,4.0,85.0,0.047058823529411764,21145.0,387.0,24372929.0,84095.0
Gare de Le Theil - La Rouge,Gare de Étriché - Châteauneuf,Train Longue Distance,0.8698467657318725,69.94658160902017,69.07673484328829,1,109.58009142502803,48.2672914,0.6943758,47.6567338,-0.460868,Gare de Le Theil - La Rouge,Gare de Étriché - Châteauneuf,2.0,85.0,0.023529411764705882,21145.0,387.0,28711.0,1600.0
Gare de Le Vieux Briollay,Gare de Batz-sur-Mer,Train Longue Distance,1.2194908009855454,88.91481603847376,87.69532523748822,1,153.6269590558762,47.5736883,-0.4830019,47.28086,-2.4788695,Gare de Le Vieux Briollay,Gare de Batz-sur-Mer,2.0,41.0,0.04878048780487805,29188.0,75580.0,336887.0,2892.0
Gare de Le Vieux Briollay,Gare de La Baule les Pins,Train Longue Distance,1.1525329416727665,88.91481603847376,87.762283096801,1,145.19185458210717,47.5736883,-0.4830019,47.2834533,-2.3648905,Gare de Le Vieux Briollay,Gare de La Baule les Pins,2.0,41.0,0.04878048780487805,29188.0,75580.0,27557.0,75580.0
Gare de Le Vieux Briollay,Gare de La Baule-Escoublac,Train Longue Distance,1.1656801789314193,88.91481603847376,87.74913585954233,1,146.84809510347938,47.5736883,-0.4830019,47.2884613,-2.389211,Gare de Le Vieux Briollay,Gare de La Baule-Escoublac,2.0,41.0,0.04878048780487805,29188.0,75580.0,27557.0,16912.0
Gare de Le Vieux Briollay,Gare de Le Croisic,Train Longue Distance,1.234365939889658,88.91481603847376,87.6804500985841,1,155.5008742617357,47.5736883,-0.4830019,47.2898903,-2.5073397,Gare de Le Vieux Briollay,Gare de Le Croisic,2.0,41.0,0.04878048780487805,29188.0,75580.0,152113.0,4056.0
Gare de Le Vieux Briollay,Gare de Le Pouliguen,Train Longue Distance,1.1924816018105018,88.91481603847376,87.72233443666326,1,150.22443963347214,47.5736883,-0.4830019,47.2825083,-2.4331287,Gare de Le Vieux Briollay,Gare de Le Pouliguen,2.0,41.0,0.04878048780487805,29188.0,75580.0,125948.0,4173.0
Gare de Le Vieux Briollay,Gare de Pornichet,Train Longue Distance,1.143648024847872,88.91481603847376,87.77116801362588,1,144.07256548852,47.5736883,-0.4830019,47.2704262,-2.3448644,Gare de Le Vieux Briollay,Gare de Pornichet,2.0,41.0,0.04878048780487805,29188.0,75580.0,230185.0,12800.0
Gare de Le Vieux Briollay,Gare de Saint-Nazaire,Train Longue Distance,1.0625158878953855,79.43518361720312,78.37266772930774,1,133.85183772932547,47.5736883,-0.4830019,47.2864903,-2.211079,Gare de Le Vieux Briollay,Gare de Saint-Nazaire,2.0,41.0,0.04878048780487805,29188.0,75580.0,1371500.0,74568.0
Gare de Le Vieux Briollay,Gare de Savenay,Train Longue Distance,0.8962898362692429,71.22979233142547,70.33350249515622,1,112.91129204701976,47.5736883,-0.4830019,47.3586008,-1.951011,Gare de Le Vieux Briollay,Gare de Savenay,2.0,41.0,0.04878048780487805,29188.0,75580.0,38477.0,9543.0
Gare de Les Rosiers-sur-Loire,Gare de Nantes,Train Longue Distance Nuit,0.8020862117338128,,,0,101.04386643157129,47.3618603,-0.2193729,47.2174913,-1.542077,Gare de Les Rosiers-sur-Loire,Gare de Nantes,4.0,114.0,0.03508771929824561,76365.0,75580.0,17553626.0,327734.0
Gare de Lille Flandres,Gare de Abancourt,EuroNight,2.7233132610911754,91.4343070430306,88.71099378193942,1,140.3480344821261,50.6365763,3.0698721,49.6856202,1.7742912,Gare de Lille Flandres,Gare de Abancourt,10.0,20.0,0.5,25331979.0,238246.0,90965.0,569.0
Gare de Lille Flandres,Gare de Longuerue - Vieux-Manoir,EuroNight,3.4045529209570042,79.90635910841995,76.50180618746295,1,175.45624206127624,50.6365763,3.0698721,49.5566792,1.2762275,Gare de Lille Flandres,Gare de Longuerue - Vieux-Manoir,3.0,20.0,0.15,25331979.0,238246.0,19440.0,346.0
Gare de Lille Flandres,Gare de Montérolier - Buchy,EuroNight,3.276090327667122,77.22897666709895,73.95288633943183,1,168.83582393666882,50.6365763,3.0698721,49.6031673,1.334721,Gare de Lille Flandres,Gare de Montérolier - Buchy,10.0,20.0,0.5,25331979.0,238246.0,32330.0,591.0
Gare de Lille Flandres,Gare de Morgny,EuroNight,3.4843313038463344,79.90635910841995,76.42202780457362,1,179.56768211947713,50.6365763,3.0698721,49.5228742,1.2473588,Gare de Lille Flandres,Gare de Morgny,8.0,20.0,0.4,25331979.0,238246.0,,650.0
Gare de Lille Flandres,Gare de Poix-de-Picardie,EuroNight,2.378505258522426,81.14907588032318,78.77057062180076,1,122.57809000837072,50.6365763,3.0698721,49.7777843,1.9898979,Gare de Lille Flandres,Gare de Poix-de-Picardie,10.0,20.0,0.5,25331979.0,238246.0,89813.0,2282.0
Gare de Lille Flandres,Gare de Rouen Rive Droite,EuroNight,3.750038744181485,79.90635910841995,76.15632036423847,1,193.26111854161437,50.6365763,3.0698721,49.4486637,1.0941026,Gare de Lille Flandres,Gare de Rouen Rive Droite,10.0,20.0,0.5,25331979.0,238246.0,7773267.0,117662.0
Gare de Lille Flandres,Gare de Serqueux,EuroNight,3.030151575711976,91.4343070430306,88.40415546731862,1,156.16118200948134,50.6365763,3.0698721,49.6315502,1.5394027,Gare de Lille Flandres,Gare de Serqueux,10.0,20.0,0.5,25331979.0,238246.0,80617.0,943.0
Gare de Lisieux,Gare de Carentan,Train Longue Distance Nuit,0.8632180733343403,77.19784223148439,76.33462415815005,1,108.74503317389018,49.1382984,0.2311429,49.302483,-1.2449382,Gare de Lisieux,Gare de Carentan,12.0,387.0,0.031007751937984496,1232672.0,19645.0,227651.0,75580.0
Gare de Lisieux,Gare de Cherbourg,Train Longue Distance Nuit,1.15069717851202,83.75070371985288,82.60000654134086,1,144.96059190123708,49.1382984,0.2311429,49.6335183,-1.6214867,Gare de Lisieux,Gare de Cherbourg,12.0,387.0,0.031007751937984496,1232672.0,19645.0,,75580.0
Gare de Lisieux,Gare de Paris Saint-Lazare,Train Longue Distance,1.234349088855437,107.8760838496123,106.64173476075686,1,155.49875143051614,49.1382984,0.2311429,48.8762428,2.3253309,Gare de Lisieux,Gare de Paris Saint-Lazare,82.0,387.0,0.21188630490956073,1232672.0,19645.0,114093491.0,2103778.0
Gare de Lisieux,Gare de Valognes,Train Longue Distance Nuit,1.0363350334156511,83.75070371985288,82.71436868643723,1,130.5536701203894,49.1382984,0.2311429,49.5054544,-1.4798601,Gare de Lisieux,Gare de Valognes,12.0,387.0,0.031007751937984496,1232672.0,19645.0,282866.0,6969.0
Gare de Lison,Gare de Bernay,Train Longue Distance,0.9581245086979443,65.75725537199723,64.79913086329928,1,120.70099630863496,49.2268337,-1.0503391,49.0871158,0.5956878,Gare de Lison,Gare de Bernay,11.0,244.0,0.045081967213114756,211039.0,451.0,655294.0,9765.0
Gare de Lison,Gare de Mantes-la-Jolie,Train Longue Distance,1.604747384851277,117.62516260162394,116.02041521677266,1,202.16016438035743,49.2268337,-1.0503391,48.9898402,1.70337,Gare de Lison,Gare de Mantes-la-Jolie,5.0,244.0,0.020491803278688523,211039.0,451.0,9911587.0,43526.0
Gare de Lison,Gare de Paris Saint-Lazare,Train Longue Distance,1.9769547830329186,96.44457857712337,94.46762379409044,1,249.04948135965213,49.2268337,-1.0503391,48.8762428,2.3253309,Gare de Lison,Gare de Paris Saint-Lazare,51.0,244.0,0.20901639344262296,211039.0,451.0,114093491.0,2103778.0
Gare de Lison,Gare de Pontchaillou,EuroNight,1.0470322771432283,98.00225362261612,96.95522134547289,1,131.90126948138428,49.2268337,-1.0503391,48.1186426,-1.6911174,Gare de Lison,Gare de Pontchaillou,10.0,244.0,0.040983606557377046,211039.0,451.0,405981.0,75580.0
Gare de Lison,Gare de Rennes,EuroNight,1.0558063715037687,98.00225362261612,96.94644725111236,1,133.00659756913183,49.2268337,-1.0503391,48.1035178,-1.6727439,Gare de Lison,Gare de Rennes,10.0,244.0,0.040983606557377046,211039.0,451.0,15689647.0,230890.0
Gare de Lison,Gare de Évreux Normandie,Train Longue Distance,1.2839717804261244,96.73326473676977,95.44929295634364,1,161.75003532705017,49.2268337,-1.0503391,49.0187469,1.1496289,Gare de Lison,Gare de Évreux Normandie,11.0,244.0,0.045081967213114756,211039.0,451.0,89813.0,49360.0
Gare de Longuerue - Vieux-Manoir,Gare de Albert,EuroNight,0.8746280207558094,82.91861702890458,82.04398900814877,1,110.18241632096364,49.5566792,1.2762275,50.0053968,2.6444827,Gare de Longuerue - Vieux-Manoir,Gare de Albert,3.0,11.0,0.2727272727272727,19440.0,346.0,684803.0,9521.0
Gare de Longuerue - Vieux-Manoir,Gare de Arras,EuroNight,1.0703798912296838,100.31160770113048,99.2412278099008,1,134.8425159019506,49.5566792,1.2762275,50.2868105,2.78016,Gare de Longuerue - Vieux-Manoir,Gare de Arras,3.0,11.0,0.2727272727272727,19440.0,346.0,4773655.0,42875.0
Gare de Longuerue - Vieux-Manoir,Gare de Douai,EuroNight,1.2561335168723462,107.51915358862121,106.26302007174885,1,158.24307342811116,49.5566792,1.2762275,50.3716757,3.0899613,Gare de Longuerue - Vieux-Manoir,Gare de Douai,3.0,11.0,0.2727272727272727,19440.0,346.0,3472422.0,40250.0
Gare de Longuerue - Vieux-Manoir,Gare de Lille Flandres,EuroNight,1.3927716494824107,79.90635910841995,78.51358745893754,1,175.45624206127624,49.5566792,1.2762275,50.6365763,3.0698721,Gare de Longuerue - Vieux-Manoir,Gare de Lille Flandres,3.0,11.0,0.2727272727272727,19440.0,346.0,25331979.0,238246.0
Gare de Lorient,Gare de Brest,Train Longue Distance,0.8619425524489402,67.6499926473566,66.78805009490766,1,108.58434775118924,47.7555982,-3.3662209,48.3876203,-4.4803058,Gare de Lorient,Gare de Brest,4.0,310.0,0.012903225806451613,,58329.0,2777923.0,142346.0
Gare de Lorient,Gare de Nantes,Train Longue Distance Nuit,1.1871641280901943,98.29299430590828,97.10583017781809,1,149.55456388135477,47.7555982,-3.3662209,47.2174913,-1.542077,Gare de Lorient,Gare de Nantes,33.0,310.0,0.1064516129032258,,58329.0,17553626.0,327734.0
Gare de Lorient,Gare de Pontchâteau,Train Longue Distance Nuit,0.8113519715138027,72.85265199676722,72.04130002525342,1,102.2111327177882,47.7555982,-3.3662209,47.4353376,-2.0885275,Gare de Lorient,Gare de Pontchâteau,17.0,310.0,0.054838709677419356,,58329.0,217942.0,11474.0
Gare de Lorient,Gare de Rennes,EuroNight,1.0475606334388459,84.45162352981112,83.40406289637227,1,131.96782986128065,47.7555982,-3.3662209,48.1035178,-1.6727439,Gare de Lorient,Gare de Rennes,57.0,310.0,0.18387096774193548,,58329.0,15689647.0,230890.0
Gare de Lorient,Gare de Savenay,Train Longue Distance Nuit,0.9129113921153849,72.85265199676722,71.93974060465183,1,115.00521442622636,47.7555982,-3.3662209,47.3586008,-1.951011,Gare de Lorient,Gare de Savenay,17.0,310.0,0.054838709677419356,,58329.0,38477.0,9543.0
Gare de Maintenon,Gare de Champagné,Train Longue Distance,0.8907862587880132,78.31052792752028,77.41974166873227,1,112.21797162862349,48.5854799,1.5920603,48.0197494,0.3356649,Gare de Maintenon,Gare de Champagné,6.0,88.0,0.06818181818181818,1327025.0,4494.0,203396.0,3666.0
Gare de Maintenon,Gare de Le Mans,Train Longue Distance,0.97288596514239,78.31052792752028,77.33764196237789,1,122.56059021698034,48.5854799,1.5920603,47.9956159,0.1926141,Gare de Maintenon,Gare de Le Mans,35.0,88.0,0.3977272727272727,1327025.0,4494.0,5440432.0,146249.0
Gare de Maintenon,Gare de Montfort-le-Gesnois,Train Longue Distance,0.846095465140733,78.31052792752028,77.46443246237955,1,106.58799006560002,48.5854799,1.5920603,48.0405728,0.4062319,Gare de Maintenon,Gare de Montfort-le-Gesnois,6.0,88.0,0.06818181818181818,1327025.0,4494.0,19174.0,2939.0
Gare de Maintenon,Gare de Saint-Mars-la-Brière,Train Longue Distance,0.8717936076042573,78.31052792752028,77.43873431991602,1,109.82534739282657,48.5854799,1.5920603,48.0285279,0.3657048,Gare de Maintenon,Gare de Saint-Mars-la-Brière,6.0,88.0,0.06818181818181818,1327025.0,4494.0,6668.0,2681.0
Gare de Mantes-la-Jolie,Gare de Caen,EuroNight,1.1970376232861353,100.28387387560747,99.08683625232133,1,150.79839043665098,48.9898402,1.70337,49.1763537,-0.347613,Gare de Mantes-la-Jolie,Gare de Caen,4.0,211.0,0.018957345971563982,9911587.0,43526.0,4255508.0,109400.0
Gare de Mer,Gare de Ancenis,Train Longue Distance,1.6267103158654648,84.71757485038509,83.09086453451962,1,204.9269735280253,47.7058923,1.5063578,47.369337,-1.1777593,Gare de Mer,Gare de Ancenis,16.0,31.0,0.5161290322580645,336887.0,6250.0,1179679.0,75580.0
Gare de Mer,Gare de Angers Saint-Laud,Train Longue Distance,1.2465693390469066,103.11627763979298,101.86970830074608,1,157.03821353576552,47.7058923,1.5063578,47.4646464,-0.5567748,Gare de Mer,Gare de Angers Saint-Laud,16.0,31.0,0.5161290322580645,336887.0,6250.0,7116373.0,159022.0
Gare de Mer,Gare de Batz-sur-Mer,Train Longue Distance,2.405915402862969,120.56229889667506,118.15638349381209,1,303.0883601490261,47.7058923,1.5063578,47.28086,-2.4788695,Gare de Mer,Gare de Batz-sur-Mer,6.0,31.0,0.1935483870967742,336887.0,6250.0,336887.0,2892.0
Gare de Mer,Gare de La Baule les Pins,Train Longue Distance,2.3383944596283643,120.56229889667506,118.2239044370467,1,294.5823204369318,47.7058923,1.5063578,47.2834533,-2.3648905,Gare de Mer,Gare de La Baule les Pins,6.0,31.0,0.1935483870967742,336887.0,6250.0,27557.0,75580.0
Gare de Mer,Gare de La Baule-Escoublac,Train Longue Distance,2.3519042793137883,120.56229889667506,118.21039461736127,1,296.284237756839,47.7058923,1.5063578,47.2884613,-2.389211,Gare de Mer,Gare de La Baule-Escoublac,6.0,31.0,0.1935483870967742,336887.0,6250.0,27557.0,16912.0
Gare de Mer,Gare de Le Croisic,Train Longue Distance,2.42125900282949,120.56229889667506,118.14103989384557,1,305.0212903539292,47.7058923,1.5063578,47.2898903,-2.5073397,Gare de Mer,Gare de Le Croisic,6.0,31.0,0.1935483870967742,336887.0,6250.0,152113.0,4056.0
Gare de Mer,Gare de Le Pouliguen,Train Longue Distance,2.3787171083490635,120.56229889667506,118.183581788326,1,299.66201919237386,47.7058923,1.5063578,47.2825083,-2.4331287,Gare de Mer,Gare de Le Pouliguen,6.0,31.0,0.1935483870967742,336887.0,6250.0,125948.0,4173.0
Gare de Mer,Gare de Nantes,Train Longue Distance,1.8694122986154893,100.27808214234616,98.40866984373068,1,235.50167531059327,47.7058923,1.5063578,47.2174913,-1.542077,Gare de Mer,Gare de Nantes,16.0,31.0,0.5161290322580645,336887.0,6250.0,17553626.0,327734.0
Gare de Mer,Gare de Pornichet,Train Longue Distance,2.328758636484226,120.56229889667506,118.23354026019084,1,293.36843493124536,47.7058923,1.5063578,47.2704262,-2.3448644,Gare de Mer,Gare de Pornichet,6.0,31.0,0.1935483870967742,336887.0,6250.0,230185.0,12800.0
Gare de Mer,Gare de Saint-Nazaire,Train Longue Distance,2.247407438272703,114.59453890551384,112.34713146724114,1,283.12011064155996,47.7058923,1.5063578,47.2864903,-2.211079,Gare de Mer,Gare de Saint-Nazaire,6.0,31.0,0.1935483870967742,336887.0,6250.0,1371500.0,74568.0
Gare de Mer,Gare de Saumur,Train Longue Distance,1.016998624337126,88.88163156119283,87.86463293685571,1,128.11774053125802,47.7058923,1.5063578,47.2689958,-0.0714032,Gare de Mer,Gare de Saumur,16.0,31.0,0.5161290322580645,336887.0,6250.0,966833.0,26241.0
Gare de Mer,Gare de Savenay,Train Longue Distance,2.0829273701818294,109.52658479373505,107.44365742355322,1,262.3995175336142,47.7058923,1.5063578,47.3586008,-1.951011,Gare de Mer,Gare de Savenay,6.0,31.0,0.1935483870967742,336887.0,6250.0,38477.0,9543.0
Gare de Meung-sur-Loire,Gare de Ancenis,Train Longue Distance,1.7556052079001683,86.5876153423396,84.83201013443943,1,221.1646772361008,47.8299537,1.6919208,47.369337,-1.1777593,Gare de Meung-sur-Loire,Gare de Ancenis,16.0,31.0,0.5161290322580645,466159.0,6670.0,1179679.0,75580.0
Gare de Meung-sur-Loire,Gare de Angers Saint-Laud,Train Longue Distance,1.3754474638968588,105.84306045705279,104.46761299315592,1,173.27380497566878,47.8299537,1.6919208,47.4646464,-0.5567748,Gare de Meung-sur-Loire,Gare de Angers Saint-Laud,16.0,31.0,0.5161290322580645,466159.0,6670.0,7116373.0,159022.0
Gare de Meung-sur-Loire,Gare de Batz-sur-Mer,Train Longue Distance,2.53099587147972,122.34695171943295,119.81595584795323,1,318.84553684551776,47.8299537,1.6919208,47.28086,-2.4788695,Gare de Meung-sur-Loire,Gare de Batz-sur-Mer,6.0,31.0,0.1935483870967742,466159.0,6670.0,336887.0,2892.0
Gare de Meung-sur-Loire,Gare de La Baule les Pins,Train Longue Distance,2.463907575025651,122.34695171943295,119.88304414440731,1,310.3940003811604,47.8299537,1.6919208,47.2834533,-2.3648905,Gare de Meung-sur-Loire,Gare de La Baule les Pins,6.0,31.0,0.1935483870967742,466159.0,6670.0,27557.0,75580.0
Gare de Meung-sur-Loire,Gare de La Baule-Escoublac,Train Longue Distance,2.477140946302618,122.34695171943295,119.86981077313034,1,312.0610917488811,47.8299537,1.6919208,47.2884613,-2.389211,Gare de Meung-sur-Loire,Gare de La Baule-Escoublac,6.0,31.0,0.1935483870967742,466159.0,6670.0,27557.0,16912.0
Gare de Meung-sur-Loire,Gare de Le Croisic,Train Longue Distance,2.5459224840818226,122.34695171943295,119.80102923535112,1,320.7259365182442,47.8299537,1.6919208,47.2898903,-2.5073397,Gare de Meung-sur-Loire,Gare de Le Croisic,6.0,31.0,0.1935483870967742,466159.0,6670.0,152113.0,4056.0
Gare de Meung-sur-Loire,Gare de Le Pouliguen,Train Longue Distance,2.503949353800416,122.34695171943295,119.84300236563253,1,315.4383161754115,47.8299537,1.6919208,47.2825083,-2.4331287,Gare de Meung-sur-Loire,Gare de Le Pouliguen,6.0,31.0,0.1935483870967742,466159.0,6670.0,125948.0,4173.0
Gare de Meung-sur-Loire,Gare de Nantes,Train Longue Distance,2.0018220928133417,102.4363630458682,100.43454095305486,1,252.18217344587322,47.8299537,1.6919208,47.2174913,-1.542077,Gare de Meung-sur-Loire,Gare de Nantes,16.0,31.0,0.5161290322580645,466159.0,6670.0,17553626.0,327734.0
Gare de Meung-sur-Loire,Gare de Pornichet,Train Longue Distance,2.454793277515444,122.34695171943295,119.8921584419175,1,309.24581475377227,47.8299537,1.6919208,47.2704262,-2.3448644,Gare de Meung-sur-Loire,Gare de Pornichet,6.0,31.0,0.1935483870967742,466159.0,6670.0,230185.0,12800.0
Gare de Meung-sur-Loire,Gare de Saint-Nazaire,Train Longue Distance,2.3735488737406705,116.38769817874682,114.01414930500614,1,299.0109440338461,47.8299537,1.6919208,47.2864903,-2.211079,Gare de Meung-sur-Loire,Gare de Saint-Nazaire,6.0,31.0,0.1935483870967742,466159.0,6670.0,1371500.0,74568.0
Gare de Meung-sur-Loire,Gare de Saumur,Train Longue Distance,1.1613156095926214,93.13497724412979,91.97366163453717,1,146.29826273527604,47.8299537,1.6919208,47.2689958,-0.0714032,Gare de Meung-sur-Loire,Gare de Saumur,16.0,31.0,0.5161290322580645,466159.0,6670.0,966833.0,26241.0
Gare de Meung-sur-Loire,Gare de Savenay,Train Longue Distance,2.207777711240931,111.18902347839374,108.9812457671528,1,278.127703608079,47.8299537,1.6919208,47.3586008,-1.951011,Gare de Meung-sur-Loire,Gare de Savenay,6.0,31.0,0.1935483870967742,466159.0,6670.0,38477.0,9543.0
Gare de Montbizot,Gare de Caen,EuroNight,0.9576585429976805,74.72385449426494,73.76619595126726,1,120.64229566612251,48.1513199,0.1908174,49.1763537,-0.347613,Gare de Montbizot,Gare de Caen,32.0,137.0,0.23357664233576642,47015.0,1841.0,4255508.0,109400.0
Gare de Montbizot,Gare de Mézidon - Canon,EuroNight,0.8263728043002816,,,0,104.10340190227784,48.1513199,0.1908174,49.070913,-0.0749139,Gare de Montbizot,Gare de Mézidon - Canon,32.0,137.0,0.23357664233576642,47015.0,1841.0,,75580.0
Gare de Montfort-le-Gesnois,Gare de Maintenon,Train Longue Distance Nuit,0.846095465140733,78.31052792752028,77.46443246237955,1,106.58799006560002,48.0405728,0.4062319,48.5854799,1.5920603,Gare de Montfort-le-Gesnois,Gare de Maintenon,4.0,78.0,0.05128205128205128,19174.0,2939.0,1327025.0,4494.0
Gare de Montfort-le-Gesnois,Gare de Paris Montparnasse Hall 1 - 2,Train Longue Distance Nuit,1.325011256905867,111.65846911213804,110.33345785523217,1,166.92003740310744,48.0405728,0.4062319,48.8411711,2.3205138,Gare de Montfort-le-Gesnois,Gare de Paris Montparnasse Hall 1 - 2,4.0,78.0,0.05128205128205128,19174.0,2939.0,68925312.0,2103778.0
Gare de Montfort-le-Gesnois,Gare de Rambouillet,Train Longue Distance Nuit,0.9913015236280186,85.45089700896287,84.45959548533484,1,124.88051444041555,48.0405728,0.4062319,48.6437724,1.83154,Gare de Montfort-le-Gesnois,Gare de Rambouillet,4.0,78.0,0.05128205128205128,19174.0,2939.0,5579876.0,27724.0
Gare de Montfort-le-Gesnois,Gare de Versailles Chantiers,Train Longue Distance Nuit,1.2128386071510653,107.7558885646408,106.54304995748973,1,152.78894018028035,48.0405728,0.4062319,48.795829,2.1358823,Gare de Montfort-le-Gesnois,Gare de Versailles Chantiers,4.0,78.0,0.05128205128205128,19174.0,2939.0,24372929.0,84095.0
Gare de Montfort-le-Gesnois,Gare de Épernon,Train Longue Distance Nuit,0.8991293719092364,85.45089700896287,84.55176763705363,1,113.26900628738174,48.0405728,0.4062319,48.6052007,1.681363,Gare de Montfort-le-Gesnois,Gare de Épernon,4.0,78.0,0.05128205128205128,19174.0,2939.0,1574579.0,5715.0
Gare de Montlouis,Gare de Ancenis,Train Longue Distance,1.192632496446709,91.96712071558062,90.77448821913391,1,150.24344878391395,47.3915629,0.8174732,47.369337,-1.1777593,Gare de Montlouis,Gare de Ancenis,3.0,3.0,1.0,,111.0,1179679.0,75580.0
Gare de Montlouis,Gare de Angers Saint-Laud,Train Longue Distance,0.8231338929266964,,,0,103.69537577811745,47.3915629,0.8174732,47.4646464,-0.5567748,Gare de Montlouis,Gare de Angers Saint-Laud,3.0,3.0,1.0,,111.0,7116373.0,159022.0
Gare de Montlouis,Gare de Nantes,Train Longue Distance,1.4205548473746636,114.86952591399327,113.44897106661861,1,178.9562669910133,47.3915629,0.8174732,47.2174913,-1.542077,Gare de Montlouis,Gare de Nantes,3.0,3.0,1.0,,111.0,17553626.0,327734.0
Gare de Montreuil-Bellay,Gare de La Roche-sur-Yon,Train Longue Distance,0.8734695611734723,68.47519764335769,67.60172808218421,1,110.0364778500217,47.1254197,-0.1482834,46.6720757,-1.4356603,Gare de Montreuil-Bellay,Gare de La Roche-sur-Yon,7.0,72.0,0.09722222222222222,2207745.0,3746.0,1218501.0,54849.0
Gare de Montville,Gare de Paris Saint-Lazare,Train Longue Distance,0.937466315055723,81.38390391489077,80.44643759983504,1,118.09855316902531,49.5512834,1.0700462,48.8762428,2.3253309,Gare de Montville,Gare de Paris Saint-Lazare,2.0,121.0,0.01652892561983471,147206.0,4625.0,114093491.0,2103778.0
Gare de Montérolier - Buchy,Gare de Achiet,EuroNight,0.9455107713478211,83.71022846763967,82.76471769629184,1,119.11196414056703,49.6031673,1.334721,50.1319184,2.7801146,Gare de Montérolier - Buchy,Gare de Achiet,6.0,33.0,0.18181818181818182,32330.0,591.0,,75580.0
Gare de Montérolier - Buchy,Gare de Albert,EuroNight,0.8262816431399443,83.71022846763967,82.88394682449972,1,104.09191775509501,49.6031673,1.334721,50.0053968,2.6444827,Gare de Montérolier - Buchy,Gare de Albert,10.0,33.0,0.30303030303030304,32330.0,591.0,684803.0,9521.0
Gare de Montérolier - Buchy,Gare de Arras,EuroNight,1.0188990388392942,97.96355238866548,96.94465334982618,1,128.35714774997408,49.6031673,1.334721,50.2868105,2.78016,Gare de Montérolier - Buchy,Gare de Arras,10.0,33.0,0.30303030303030304,32330.0,591.0,4773655.0,42875.0
Gare de Montérolier - Buchy,Gare de Douai,EuroNight,1.2051058901648037,105.87339585781304,104.66828996764824,1,151.81480097818138,49.6031673,1.334721,50.3716757,3.0899613,Gare de Montérolier - Buchy,Gare de Douai,10.0,33.0,0.30303030303030304,32330.0,591.0,3472422.0,40250.0
Gare de Montérolier - Buchy,Gare de Lille Flandres,EuroNight,1.3402187704092772,77.22897666709895,75.88875789668967,1,168.83582393666882,49.6031673,1.334721,50.6365763,3.0698721,Gare de Montérolier - Buchy,Gare de Lille Flandres,10.0,33.0,0.30303030303030304,32330.0,591.0,25331979.0,238246.0
Gare de Morannes,Gare de Batz-sur-Mer,Train Longue Distance,1.293403964539771,94.8629081983585,93.56950423381872,1,162.93826713778927,47.7390037,-0.4181549,47.28086,-2.4788695,Gare de Morannes,Gare de Batz-sur-Mer,2.0,57.0,0.03508771929824561,38346.0,75580.0,336887.0,2892.0
Gare de Morannes,Gare de La Baule les Pins,Train Longue Distance,1.2282672283746918,94.8629081983585,93.6346409699838,1,154.7325810499738,47.7390037,-0.4181549,47.2834533,-2.3648905,Gare de Morannes,Gare de La Baule les Pins,2.0,57.0,0.03508771929824561,38346.0,75580.0,27557.0,75580.0
Gare de Morannes,Gare de La Baule-Escoublac,Train Longue Distance,1.2404988516514925,94.8629081983585,93.622409346707,1,156.27347589461988,47.7390037,-0.4181549,47.2884613,-2.389211,Gare de Morannes,Gare de La Baule-Escoublac,2.0,57.0,0.03508771929824561,38346.0,75580.0,27557.0,16912.0
Gare de Morannes,Gare de Le Croisic,Train Longue Distance,1.3069953130333534,94.8629081983585,93.55591288532514,1,164.6504551566331,47.7390037,-0.4181549,47.2898903,-2.5073397,Gare de Morannes,Gare de Le Croisic,2.0,57.0,0.03508771929824561,38346.0,75580.0,152113.0,4056.0
Gare de Morannes,Gare de Le Pouliguen,Train Longue Distance,1.2670501558598701,94.8629081983585,93.59585804249863,1,159.61831139580121,47.7390037,-0.4181549,47.2825083,-2.4331287,Gare de Morannes,Gare de Le Pouliguen,2.0,57.0,0.03508771929824561,38346.0,75580.0,125948.0,4173.0
Gare de Morannes,Gare de Nantes,Train Longue Distance,0.8132876330838776,69.13538004687385,68.32209241378997,1,102.45498023228491,47.7390037,-0.4181549,47.2174913,-1.542077,Gare de Morannes,Gare de Nantes,6.0,57.0,0.10526315789473684,38346.0,75580.0,17553626.0,327734.0
Gare de Morannes,Gare de Pornichet,Train Longue Distance,1.2209737988905855,94.8629081983585,93.64193439946791,1,153.81378166925998,47.7390037,-0.4181549,47.2704262,-2.3448644,Gare de Morannes,Gare de Pornichet,2.0,57.0,0.03508771929824561,38346.0,75580.0,230185.0,12800.0
Gare de Morannes,Gare de Saint-Nazaire,Train Longue Distance,1.1410510657926674,85.61379371172144,84.47274264592878,1,143.74541015276736,47.7390037,-0.4181549,47.2864903,-2.211079,Gare de Morannes,Gare de Saint-Nazaire,2.0,57.0,0.03508771929824561,38346.0,75580.0,1371500.0,74568.0
Gare de Morannes,Gare de Savenay,Train Longue Distance,0.9729723913450765,76.40575122047694,75.43277882913186,1,122.57147787163979,47.7390037,-0.4181549,47.3586008,-1.951011,Gare de Morannes,Gare de Savenay,2.0,57.0,0.03508771929824561,38346.0,75580.0,38477.0,9543.0
Gare de Morgny,Gare de Achiet,EuroNight,1.0250010592679426,82.91861702890458,81.89361596963664,1,129.12585780649314,49.5228742,1.2473588,50.1319184,2.7801146,Gare de Morgny,Gare de Achiet,4.0,29.0,0.13793103448275862,,650.0,,75580.0
Gare de Morgny,Gare de Albert,EuroNight,0.9032558206512931,82.91861702890458,82.01536120825328,1,113.78884109993614,49.5228742,1.2473588,50.0053968,2.6444827,Gare de Morgny,Gare de Albert,8.0,29.0,0.27586206896551724,,650.0,684803.0,9521.0
Gare de Morgny,Gare de Arras,EuroNight,1.1017704759288662,100.31160770113048,99.20983722520162,1,138.79698613364403,49.5228742,1.2473588,50.2868105,2.78016,Gare de Morgny,Gare de Arras,8.0,29.0,0.27586206896551724,,650.0,4773655.0,42875.0
Gare de Morgny,Gare de Douai,EuroNight,1.2870409866511605,107.51915358862121,106.23211260197004,1,162.13668262171333,49.5228742,1.2473588,50.3716757,3.0899613,Gare de Morgny,Gare de Douai,8.0,29.0,0.27586206896551724,,650.0,3472422.0,40250.0
Gare de Morgny,Gare de Lille Flandres,EuroNight,1.4254082606644094,79.90635910841995,78.48095084775554,1,179.56768211947713,49.5228742,1.2473588,50.6365763,3.0698721,Gare de Morgny,Gare de Lille Flandres,8.0,29.0,0.27586206896551724,,650.0,25331979.0,238246.0
Gare de Morlaix,Gare de Broons,Train Longue Distance,0.9593053937043309,81.71401820776497,80.75471281406064,1,120.84975985189352,48.5779705,-3.832514,48.3333985,-2.2357459,Gare de Morlaix,Gare de Broons,1.0,177.0,0.005649717514124294,850223.0,15194.0,70577.0,2943.0
Gare de Morlaix,Gare de Caulnes,Train Longue Distance,1.0156934901723245,81.71401820776497,80.69832471759264,1,127.9533245367,48.5779705,-3.832514,48.2844266,-2.1555927,Gare de Morlaix,Gare de Caulnes,1.0,177.0,0.005649717514124294,850223.0,15194.0,90645.0,2501.0
Gare de Morlaix,Gare de Montauban-de-Bretagne,Train Longue Distance,1.098018900152092,89.97883665054013,88.88081775038803,1,138.32437643639352,48.5779705,-3.832514,48.1902428,-2.052675,Gare de Morlaix,Gare de Montauban-de-Bretagne,1.0,177.0,0.005649717514124294,850223.0,15194.0,354751.0,6597.0
Gare de Morlaix,Gare de Montfort-sur-Meu,Train Longue Distance,1.17058649810111,89.97883665054013,88.80825015243902,1,147.46617511981734,48.5779705,-3.832514,48.1388793,-1.9491409,Gare de Morlaix,Gare de Montfort-sur-Meu,1.0,177.0,0.005649717514124294,850223.0,15194.0,636464.0,6810.0
Gare de Morlaix,Gare de Plestan,Train Longue Distance,0.8239812912688783,81.71401820776497,80.89003691649609,1,103.80212789983351,48.5779705,-3.832514,48.4257122,-2.4424838,Gare de Morlaix,Gare de Plestan,1.0,177.0,0.005649717514124294,850223.0,15194.0,14569.0,1635.0
Gare de Morlaix,Gare de Plénée-Jugon,Train Longue Distance,0.882823029177836,81.71401820776497,80.83119517858712,1,111.21479329526782,48.5779705,-3.832514,48.3766559,-2.3546105,Gare de Morlaix,Gare de Plénée-Jugon,1.0,177.0,0.005649717514124294,850223.0,15194.0,20761.0,2579.0
Gare de Morlaix,Gare de Quédillac,Train Longue Distance,1.0304063151313179,89.97883665054013,88.94843033540882,1,129.80679202964447,48.5779705,-3.832514,48.2484813,-2.1452205,Gare de Morlaix,Gare de Quédillac,1.0,177.0,0.005649717514124294,850223.0,15194.0,33144.0,1287.0
Gare de Morlaix,Gare de Rennes,EuroNight,1.334505041897195,105.7670064820734,104.4325014401762,1,168.11602946550704,48.5779705,-3.832514,48.1035178,-1.6727439,Gare de Morlaix,Gare de Rennes,47.0,177.0,0.2655367231638418,850223.0,15194.0,15689647.0,230890.0
Gare de Mézidon - Canon,Gare de Château-du-Loir,EuroNight,1.257982904486254,103.61813504901735,102.3601521445311,1,158.47605246740412,49.070913,-0.0749139,47.6833356,0.4149592,Gare de Mézidon - Canon,Gare de Château-du-Loir,19.0,257.0,0.07392996108949416,,75580.0,155829.0,229.0
Gare de Mézidon - Canon,Gare de La Guierche,EuroNight,0.8590546750788599,,,0,108.22054359773996,49.070913,-0.0749139,48.1139412,0.1931078,Gare de Mézidon - Canon,Gare de La Guierche,7.0,257.0,0.027237354085603113,,75580.0,29815.0,1300.0
Gare de Mézidon - Canon,Gare de Le Mans,EuroNight,0.9619199784342586,78.73397934480339,77.77205936636913,1,121.1791356052228,49.070913,-0.0749139,47.9956159,0.1926141,Gare de Mézidon - Canon,Gare de Le Mans,49.0,257.0,0.19066147859922178,,75580.0,5440432.0,146249.0
Gare de Mézidon - Canon,Gare de Montbizot,EuroNight,0.8263728043002816,,,0,104.10340190227784,49.070913,-0.0749139,48.1513199,0.1908174,Gare de Mézidon - Canon,Gare de Montbizot,35.0,257.0,0.13618677042801555,,75580.0,47015.0,1841.0
Gare de Mézidon - Canon,Gare de Neuville,EuroNight,0.8974785464798616,78.73397934480339,77.83650079832353,1,113.061041380683,49.070913,-0.0749139,48.0704854,0.1996015,Gare de Mézidon - Canon,Gare de Neuville,7.0,257.0,0.027237354085603113,,75580.0,28711.0,373.0
Gare de Mézidon - Canon,Gare de Saint-Pierre-des-Corps,EuroNight,1.5594145420949428,76.33525013798106,74.77583559588612,1,196.4492998355937,49.070913,-0.0749139,47.3861437,0.7235445,Gare de Mézidon - Canon,Gare de Saint-Pierre-des-Corps,4.0,257.0,0.01556420233463035,,75580.0,4356356.0,15898.0
Gare de Mézidon - Canon,Gare de Teillé,EuroNight,0.8004243909174049,,,0,100.83451636651611,49.070913,-0.0749139,48.1813392,0.1914474,Gare de Mézidon - Canon,Gare de Teillé,7.0,257.0,0.027237354085603113,,75580.0,5316.0,1824.0
Gare de Mézidon - Canon,Gare de Tours,EuroNight,1.550918728710645,76.33525013798106,74.78433140927042,1,195.37902856017195,49.070913,-0.0749139,47.3898771,0.6928408,Gare de Mézidon - Canon,Gare de Tours,19.0,257.0,0.07392996108949416,,75580.0,7013155.0,139259.0
Gare de Mézidon - Canon,Gare de Écommoy,EuroNight,1.11840174953913,78.73397934480339,77.61557759526426,1,140.89213272097885,49.070913,-0.0749139,47.8245481,0.2690699,Gare de Mézidon - Canon,Gare de Écommoy,12.0,257.0,0.04669260700389105,,75580.0,90899.0,4868.0
Gare de Nantes,Gare de Amboise,Train Longue Distance,1.5208078689189224,78.22070806379215,76.69990019487322,1,191.58577335839283,47.2174913,-1.542077,47.4214655,0.9817614,Gare de Nantes,Gare de Amboise,15.0,1776.0,0.008445945945945946,17553626.0,327734.0,855042.0,12937.0
Gare de Nantes,Gare de Auray,Train Longue Distance,0.9609012509167377,67.16398281988076,66.20308156896402,1,121.05080006509671,47.2174913,-1.542077,47.6800865,-2.9993628,Gare de Nantes,Gare de Auray,27.0,1776.0,0.015202702702702704,17553626.0,327734.0,1317309.0,14207.0
Gare de Nantes,Gare de Beaugency,Train Longue Distance,1.9528618719078028,100.27808214234616,98.32522027043836,1,246.01434516349244,47.2174913,-1.542077,47.7784038,1.6259389,Gare de Nantes,Gare de Beaugency,15.0,1776.0,0.008445945945945946,17553626.0,327734.0,531504.0,8024.0
Gare de Nantes,Gare de Blois - Chambord,Train Longue Distance,1.742581595115115,87.80564852813012,86.06306693301501,1,219.524010470536,47.2174913,-1.542077,47.5854518,1.3237539,Gare de Nantes,Gare de Blois - Chambord,15.0,1776.0,0.008445945945945946,17553626.0,327734.0,203396.0,47219.0
Gare de Nantes,Gare de Brest,Train Longue Distance,2.0249599106306433,102.50884972177289,100.48388981114225,1,255.09699050524605,47.2174913,-1.542077,48.3876203,-4.4803058,Gare de Nantes,Gare de Brest,4.0,1776.0,0.0022522522522522522,17553626.0,327734.0,2777923.0,142346.0
Gare de Nantes,Gare de Cinq-Mars-la-Pile,Train Longue Distance,1.2029726513163252,95.48866249250551,94.28568984118918,1,151.54606340593668,47.2174913,-1.542077,47.3451747,0.4581184,Gare de Nantes,Gare de Cinq-Mars-la-Pile,10.0,1776.0,0.00563063063063063,17553626.0,327734.0,186647.0,4015.0
Gare de Nantes,Gare de Hennebont,Train Longue Distance,1.1594634156341321,98.29299430590828,97.13353089027414,1,146.06493016303,47.2174913,-1.542077,47.7991298,-3.2857957,Gare de Nantes,Gare de Hennebont,25.0,1776.0,0.014076576576576577,17553626.0,327734.0,192338.0,15910.0
Gare de Nantes,Gare de La Rochelle,Train Longue Distance,0.9699872664310764,72.39576533573056,71.42577806929948,1,122.19542283082342,47.2174913,-1.542077,46.1527022,-1.1458576,Gare de Nantes,Gare de La Rochelle,2.0,1776.0,0.0011261261261261261,17553626.0,327734.0,3137015.0,79851.0
Gare de Nantes,Gare de La Suze,Train Longue Distance Nuit,1.1080648712441374,104.08357373269232,102.97550886144818,1,139.5899308697578,47.2174913,-1.542077,47.8922362,0.0265714,Gare de Nantes,Gare de La Suze,9.0,1776.0,0.005067567567567568,17553626.0,327734.0,,75580.0
Gare de Nantes,Gare de Langeais,Train Longue Distance,1.1727253488785023,95.48866249250551,94.31593714362701,1,147.73561966219478,47.2174913,-1.542077,47.3240248,0.4097404,Gare de Nantes,Gare de Langeais,10.0,1776.0,0.00563063063063063,17553626.0,327734.0,307322.0,4367.0
Gare de Nantes,Gare de Laval,EuroNight,0.8889964817530912,75.30160555211052,74.41260907035742,1,111.99250211049272,47.2174913,-1.542077,48.0762555,-0.7609291,Gare de Nantes,Gare de Laval,44.0,1776.0,0.024774774774774775,17553626.0,327734.0,1700505.0,49400.0
Gare de Nantes,Gare de Le Mans,Train Longue Distance Nuit,1.2398838445538947,104.08357373269232,102.84368988813841,1,156.19599956587234,47.2174913,-1.542077,47.9956159,0.1926141,Gare de Nantes,Gare de Le Mans,46.0,1776.0,0.0259009009009009,17553626.0,327734.0,5440432.0,146249.0
Gare de Nantes,Gare de Lorient,Train Longue Distance,1.1871641280901943,98.29299430590828,97.10583017781809,1,149.55456388135477,47.2174913,-1.542077,47.7555982,-3.3662209,Gare de Nantes,Gare de Lorient,31.0,1776.0,0.017454954954954954,17553626.0,327734.0,,58329.0
Gare de Nantes,Gare de Mer,Train Longue Distance,1.8694122986154893,100.27808214234616,98.40866984373068,1,235.50167531059327,47.2174913,-1.542077,47.7058923,1.5063578,Gare de Nantes,Gare de Mer,15.0,1776.0,0.008445945945945946,17553626.0,327734.0,336887.0,6250.0
Gare de Nantes,Gare de Meung-sur-Loire,Train Longue Distance,2.0018220928133417,102.4363630458682,100.43454095305486,1,252.18217344587322,47.2174913,-1.542077,47.8299537,1.6919208,Gare de Nantes,Gare de Meung-sur-Loire,15.0,1776.0,0.008445945945945946,17553626.0,327734.0,466159.0,6670.0
Gare de Nantes,Gare de Onzain - Chaumont-sur-Loire,Train Longue Distance,1.649167117709193,87.80564852813012,86.15648141042092,1,207.75599870360205,47.2174913,-1.542077,47.4920275,1.1860922,Gare de Nantes,Gare de Onzain - Chaumont-sur-Loire,15.0,1776.0,0.008445945945945946,17553626.0,327734.0,278696.0,75580.0
Gare de Nantes,Gare de Orléans,Train Longue Distance,2.140988675743935,116.26567778335621,114.12468910761227,1,269.71386693675174,47.2174913,-1.542077,47.907891,1.9042468,Gare de Nantes,Gare de Orléans,15.0,1776.0,0.008445945945945946,17553626.0,327734.0,5221422.0,116357.0
Gare de Nantes,Gare de Port Boulet,Train Longue Distance,1.0178784931108935,72.85638875991556,71.83851026680466,1,128.22858315833884,47.2174913,-1.542077,47.2488391,0.1556491,Gare de Nantes,Gare de Port Boulet,10.0,1776.0,0.00563063063063063,17553626.0,327734.0,166392.0,832.0
Gare de Nantes,Gare de Quimper,Train Longue Distance,1.6652145684519293,85.65389574814454,83.9886811796926,1,209.77759743662503,47.2174913,-1.542077,47.9944564,-4.092103,Gare de Nantes,Gare de Quimper,31.0,1776.0,0.017454954954954954,17553626.0,327734.0,1753601.0,64385.0
Gare de Nantes,Gare de Quimperlé,Train Longue Distance,1.328939890014149,108.60628036749699,107.27734047748284,1,167.41495213078218,47.2174913,-1.542077,47.8693755,-3.552693,Gare de Nantes,Gare de Quimperlé,25.0,1776.0,0.014076576576576577,17553626.0,327734.0,503306.0,12469.0
Gare de Nantes,Gare de Rosporden,Train Longue Distance,1.51295436294143,117.78993020096833,116.2769758380269,1,190.59641760411063,47.2174913,-1.542077,47.9602252,-3.8327024,Gare de Nantes,Gare de Rosporden,25.0,1776.0,0.014076576576576577,17553626.0,327734.0,302899.0,7550.0
Gare de Nantes,Gare de Sablé-sur-Sarthe,EuroNight,0.902849690337899,69.13538004687385,68.23253035653595,1,113.73767829905505,47.2174913,-1.542077,47.8417564,-0.3419969,Gare de Nantes,Gare de Sablé-sur-Sarthe,90.0,1776.0,0.05067567567567568,17553626.0,327734.0,662172.0,12326.0
Gare de Nantes,Gare de Saint-Pierre-des-Corps,Train Longue Distance,1.3642236406997554,114.86952591399327,113.50530227329352,1,171.8598690727835,47.2174913,-1.542077,47.3861437,0.7235445,Gare de Nantes,Gare de Saint-Pierre-des-Corps,15.0,1776.0,0.008445945945945946,17553626.0,327734.0,4356356.0,15898.0
Gare de Nantes,Gare de Saumur,Train Longue Distance,0.8824309598610194,72.85638875991556,71.97395780005454,1,111.16540184694121,47.2174913,-1.542077,47.2689958,-0.0714032,Gare de Nantes,Gare de Saumur,39.0,1776.0,0.02195945945945946,17553626.0,327734.0,966833.0,26241.0
Gare de Nantes,Gare de Tours,Train Longue Distance,1.3462799940103733,114.86952591399327,113.5232459199829,1,169.59939455912993,47.2174913,-1.542077,47.3898771,0.6928408,Gare de Nantes,Gare de Tours,37.0,1776.0,0.020833333333333332,17553626.0,327734.0,7013155.0,139259.0
Gare de Nantes,Gare de Vannes,Train Longue Distance,0.8235516203591688,67.16398281988076,66.34043119952159,1,103.7479995413415,47.2174913,-1.542077,47.6651702,-2.75245,Gare de Nantes,Gare de Vannes,31.0,1776.0,0.017454954954954954,17553626.0,327734.0,2313942.0,55790.0
Gare de Nantes,Gare de Vitré,EuroNight,0.8227405127459152,,,0,103.64581919197722,47.2174913,-1.542077,48.1226727,-1.2117541,Gare de Nantes,Gare de Vitré,38.0,1776.0,0.021396396396396396,17553626.0,327734.0,1197732.0,19365.0
Gare de Neuillé-Pont-Pierre,Gare de Alençon,Train Longue Distance Nuit,0.8208195903873339,66.18049767939479,65.35967808900746,1,103.40382846905187,47.5578523,0.5647897,48.4338845,0.0985309,Gare de Neuillé-Pont-Pierre,Gare de Alençon,6.0,20.0,0.3,28711.0,2252.0,478757.0,25490.0
Gare de Neuville,Gare de Caen,EuroNight,1.02699151202052,92.93328812467955,91.90629661265903,1,129.3766077123356,48.0704854,0.1996015,49.1763537,-0.347613,Gare de Neuville,Gare de Caen,4.0,81.0,0.04938271604938271,28711.0,373.0,4255508.0,109400.0
Gare de Neuville,Gare de Mézidon - Canon,EuroNight,0.8974785464798616,78.73397934480339,77.83650079832353,1,113.061041380683,48.0704854,0.1996015,49.070913,-0.0749139,Gare de Neuville,Gare de Mézidon - Canon,4.0,81.0,0.04938271604938271,28711.0,373.0,,75580.0
Gare de Neuville,Gare de Saint-Pierre-sur-Dives,EuroNight,0.8524761678886104,78.73397934480339,77.88150317691478,1,107.391807494156,48.0704854,0.1996015,49.0231056,-0.0405856,Gare de Neuville,Gare de Saint-Pierre-sur-Dives,4.0,81.0,0.04938271604938271,28711.0,373.0,75554.0,85038.0
Gare de Nogent-le-Rotrou,Gare de Angers Maître École,Train Longue Distance Nuit,1.0981891159067498,75.2993347476271,74.20114563172035,1,138.34581959016754,48.3257654,0.810313,47.466953,-0.5324366,Gare de Nogent-le-Rotrou,Gare de Angers Maître École,2.0,190.0,0.010526315789473684,636642.0,9292.0,46045.0,159022.0
Gare de Nogent-le-Rotrou,Gare de Angers Saint-Laud,Train Longue Distance Nuit,1.110060586722076,75.2993347476271,74.18927416090503,1,139.84134375435576,48.3257654,0.810313,47.4646464,-0.5567748,Gare de Nogent-le-Rotrou,Gare de Angers Saint-Laud,2.0,190.0,0.010526315789473684,636642.0,9292.0,7116373.0,159022.0
Gare de Nogent-le-Rotrou,Gare de Le Vieux Briollay,Train Longue Distance Nuit,1.0125378970494483,75.2993347476271,74.28679685057764,1,127.55579453885719,48.3257654,0.810313,47.5736883,-0.4830019,Gare de Nogent-le-Rotrou,Gare de Le Vieux Briollay,2.0,190.0,0.010526315789473684,636642.0,9292.0,29188.0,75580.0
Gare de Nogent-le-Rotrou,Gare de Morannes,Train Longue Distance Nuit,0.8910513948563754,64.19665910326812,63.30560770841174,1,112.25137249387446,48.3257654,0.810313,47.7390037,-0.4181549,Gare de Nogent-le-Rotrou,Gare de Morannes,2.0,190.0,0.010526315789473684,636642.0,9292.0,38346.0,75580.0
Gare de Nogent-le-Rotrou,Gare de Paris Montparnasse Hall 1 - 2,Train Longue Distance,0.9922272650200281,83.73542841073575,82.74320114571572,1,124.99713593096853,48.3257654,0.810313,48.8411711,2.3205138,Gare de Nogent-le-Rotrou,Gare de Paris Montparnasse Hall 1 - 2,53.0,190.0,0.2789473684210526,636642.0,9292.0,68925312.0,2103778.0
Gare de Nogent-le-Rotrou,Gare de Sablé-sur-Sarthe,Train Longue Distance Nuit,0.8026036862395765,64.19665910326812,63.39405541702854,1,101.10905596366545,48.3257654,0.810313,47.8417564,-0.3419969,Gare de Nogent-le-Rotrou,Gare de Sablé-sur-Sarthe,2.0,190.0,0.010526315789473684,636642.0,9292.0,662172.0,12326.0
Gare de Nogent-le-Rotrou,Gare de Tiercé,Train Longue Distance Nuit,0.9811502470846971,69.94658160902017,68.96543136193547,1,123.60169401419716,48.3257654,0.810313,47.6175243,-0.4694093,Gare de Nogent-le-Rotrou,Gare de Tiercé,2.0,190.0,0.010526315789473684,636642.0,9292.0,120085.0,4589.0
Gare de Nogent-le-Rotrou,Gare de Versailles Chantiers,Train Longue Distance,0.8784918360099951,79.11207006501584,78.23357822900584,1,110.66916553413898,48.3257654,0.810313,48.795829,2.1358823,Gare de Nogent-le-Rotrou,Gare de Versailles Chantiers,53.0,190.0,0.2789473684210526,636642.0,9292.0,24372929.0,84095.0
Gare de Nogent-le-Rotrou,Gare de Étriché - Châteauneuf,Train Longue Distance Nuit,0.9552748956356989,69.94658160902017,68.99130671338447,1,120.34201255173832,48.3257654,0.810313,47.6567338,-0.460868,Gare de Nogent-le-Rotrou,Gare de Étriché - Châteauneuf,2.0,190.0,0.010526315789473684,636642.0,9292.0,28711.0,1600.0
Gare de Nonancourt,Gare de Briouze,EuroNight,0.9110215982268158,87.27666385975924,86.36564226153243,1,114.76714515328999,48.7757617,1.1928376,48.7018635,-0.3682037,Gare de Nonancourt,Gare de Briouze,4.0,30.0,0.13333333333333333,11803.0,2321.0,45439.0,1512.0
Gare de Nonancourt,Gare de Flers,EuroNight,1.0279411385664252,87.27666385975924,86.24872272119282,1,129.49623816659425,48.7757617,1.1928376,48.7447856,-0.5732157,Gare de Nonancourt,Gare de Flers,4.0,30.0,0.13333333333333333,11803.0,2321.0,155284.0,14432.0
Gare de Nonancourt,Gare de Folligny,EuroNight,1.5122780872800954,82.9429786497773,81.43070056249721,1,190.5112228873892,48.7757617,1.1928376,48.8299473,-1.407223,Gare de Nonancourt,Gare de Folligny,4.0,30.0,0.13333333333333333,11803.0,2321.0,440344.0,1119.0
Gare de Nonancourt,Gare de Granville,EuroNight,1.6171481326302108,82.9429786497773,81.3258305171471,1,203.72236490680407,48.7757617,1.1928376,48.8383212,-1.5875472,Gare de Nonancourt,Gare de Granville,4.0,30.0,0.13333333333333333,11803.0,2321.0,375919.0,12510.0
Gare de Nonancourt,Gare de Villedieu-les-Poêles,EuroNight,1.4067256827671881,79.09152962704562,77.68480394427843,1,177.21411977414817,48.7757617,1.1928376,48.8341501,-1.2254182,Gare de Nonancourt,Gare de Villedieu-les-Poêles,4.0,30.0,0.13333333333333333,11803.0,2321.0,89813.0,535.0
Gare de Nonancourt,Gare de Vire,EuroNight,1.2081327053560789,87.27666385975924,86.06853115440316,1,152.1961080065607,48.7757617,1.1928376,48.8463297,-0.8828841,Gare de Nonancourt,Gare de Vire,4.0,30.0,0.13333333333333333,11803.0,2321.0,100571.0,1225.0
Gare de Noyal - Acigné,Gare de Le Mans,EuroNight,1.0207448874967697,82.72012205968593,81.69937717218916,1,128.58968096457164,48.1187915,-1.5277647,47.9956159,0.1926141,Gare de Noyal - Acigné,Gare de Le Mans,4.0,188.0,0.02127659574468085,332259.0,985.0,5440432.0,146249.0
Gare de Noyal - Acigné,Gare de Sillé-le-Guillaume,EuroNight,0.8256539786764467,,,0,104.01284689801547,48.1187915,-1.5277647,48.1817965,-0.1288914,Gare de Noyal - Acigné,Gare de Sillé-le-Guillaume,4.0,188.0,0.02127659574468085,332259.0,985.0,115577.0,2195.0
Gare de Oissel,Gare de Paris Saint-Lazare,Train Longue Distance,0.8182020571725497,65.9354211543637,65.11721909719114,1,103.07408127646127,49.3430833,1.1019373,48.8762428,2.3253309,Gare de Oissel,Gare de Paris Saint-Lazare,72.0,261.0,0.27586206896551724,431176.0,75580.0,114093491.0,2103778.0
Gare de Onzain - Chaumont-sur-Loire,Gare de Ancenis,Train Longue Distance,1.4155650870045844,116.46270220251616,115.04713711551157,1,178.32767535961003,47.4920275,1.1860922,47.369337,-1.1777593,Gare de Onzain - Chaumont-sur-Loire,Gare de Ancenis,15.0,30.0,0.5,278696.0,75580.0,1179679.0,75580.0
Gare de Onzain - Chaumont-sur-Loire,Gare de Angers Saint-Laud,Train Longue Distance,1.0399943390014132,85.9455137430386,84.9055194040372,1,131.0146559588578,47.4920275,1.1860922,47.4646464,-0.5567748,Gare de Onzain - Chaumont-sur-Loire,Gare de Angers Saint-Laud,15.0,30.0,0.5,278696.0,75580.0,7116373.0,159022.0
Gare de Onzain - Chaumont-sur-Loire,Gare de Batz-sur-Mer,Train Longue Distance,2.197922427265222,108.99968206914752,106.8017596418823,1,276.88617123522573,47.4920275,1.1860922,47.28086,-2.4788695,Gare de Onzain - Chaumont-sur-Loire,Gare de Batz-sur-Mer,6.0,30.0,0.2,278696.0,75580.0,336887.0,2892.0
Gare de Onzain - Chaumont-sur-Loire,Gare de La Baule les Pins,Train Longue Distance,2.1298282307897125,108.99968206914752,106.86985383835781,1,268.3079151914478,47.4920275,1.1860922,47.2834533,-2.3648905,Gare de Onzain - Chaumont-sur-Loire,Gare de La Baule les Pins,6.0,30.0,0.2,278696.0,75580.0,27557.0,75580.0
Gare de Onzain - Chaumont-sur-Loire,Gare de La Baule-Escoublac,Train Longue Distance,2.143828263422603,108.99968206914752,106.85585380572492,1,270.0715877327542,47.4920275,1.1860922,47.2884613,-2.389211,Gare de Onzain - Chaumont-sur-Loire,Gare de La Baule-Escoublac,6.0,30.0,0.2,278696.0,75580.0,27557.0,16912.0
Gare de Onzain - Chaumont-sur-Loire,Gare de Le Croisic,Train Longue Distance,2.214026346014392,108.99968206914752,106.78565572313313,1,278.9148835996967,47.4920275,1.1860922,47.2898903,-2.5073397,Gare de Onzain - Chaumont-sur-Loire,Gare de Le Croisic,6.0,30.0,0.2,278696.0,75580.0,152113.0,4056.0
Gare de Onzain - Chaumont-sur-Loire,Gare de Le Pouliguen,Train Longue Distance,2.170536503605364,108.99968206914752,106.82914556554216,1,273.43619344990725,47.4920275,1.1860922,47.2825083,-2.4331287,Gare de Onzain - Chaumont-sur-Loire,Gare de Le Pouliguen,6.0,30.0,0.2,278696.0,75580.0,125948.0,4173.0
Gare de Onzain - Chaumont-sur-Loire,Gare de Nantes,Train Longue Distance,1.649167117709193,87.80564852813012,86.15648141042092,1,207.75599870360205,47.4920275,1.1860922,47.2174913,-1.542077,Gare de Onzain - Chaumont-sur-Loire,Gare de Nantes,15.0,30.0,0.5,278696.0,75580.0,17553626.0,327734.0
Gare de Onzain - Chaumont-sur-Loire,Gare de Pornichet,Train Longue Distance,2.1191983670890355,108.99968206914752,106.88048370205848,1,266.96880411804426,47.4920275,1.1860922,47.2704262,-2.3448644,Gare de Onzain - Chaumont-sur-Loire,Gare de Pornichet,6.0,30.0,0.2,278696.0,75580.0,230185.0,12800.0
Gare de Onzain - Chaumont-sur-Loire,Gare de Saint-Nazaire,Train Longue Distance,2.037995469414875,103.03861902197599,101.00062355256111,1,256.73916218378366,47.4920275,1.1860922,47.2864903,-2.211079,Gare de Onzain - Chaumont-sur-Loire,Gare de Saint-Nazaire,6.0,30.0,0.2,278696.0,75580.0,1371500.0,74568.0
Gare de Onzain - Chaumont-sur-Loire,Gare de Savenay,Train Longue Distance,1.8769467612590427,98.37310467311144,96.49615791185239,1,236.45083916087714,47.4920275,1.1860922,47.3586008,-1.951011,Gare de Onzain - Chaumont-sur-Loire,Gare de Savenay,6.0,30.0,0.2,278696.0,75580.0,38477.0,9543.0
Gare de Orléans,Gare de Ancenis,Train Longue Distance,1.8934937784317818,100.43873083667052,98.54523705823874,1,238.53537143257515,47.907891,1.9042468,47.369337,-1.1777593,Gare de Orléans,Gare de Ancenis,16.0,31.0,0.5161290322580645,5221422.0,116357.0,1179679.0,75580.0
Gare de Orléans,Gare de Angers Saint-Laud,Train Longue Distance,1.5136979613716182,80.32972904692946,78.81603108555784,1,190.6900933952656,47.907891,1.9042468,47.4646464,-0.5567748,Gare de Orléans,Gare de Angers Saint-Laud,16.0,31.0,0.5161290322580645,5221422.0,116357.0,7116373.0,159022.0
Gare de Orléans,Gare de Batz-sur-Mer,Train Longue Distance Nuit,2.66669726873491,108.12201520054764,105.45531793181273,1,335.9406990091849,47.907891,1.9042468,47.28086,-2.4788695,Gare de Orléans,Gare de Batz-sur-Mer,6.0,31.0,0.1935483870967742,5221422.0,116357.0,336887.0,2892.0
Gare de Orléans,Gare de La Baule les Pins,Train Longue Distance Nuit,2.599846990191646,108.12201520054764,105.52216821035599,1,327.51914716448044,47.907891,1.9042468,47.2834533,-2.3648905,Gare de Orléans,Gare de La Baule les Pins,6.0,31.0,0.1935483870967742,5221422.0,116357.0,27557.0,75580.0
Gare de Orléans,Gare de La Baule-Escoublac,Train Longue Distance Nuit,2.6129432021715324,108.12201520054764,105.5090719983761,1,329.16895970918773,47.907891,1.9042468,47.2884613,-2.389211,Gare de Orléans,Gare de La Baule-Escoublac,6.0,31.0,0.1935483870967742,5221422.0,116357.0,27557.0,16912.0
Gare de Orléans,Gare de Le Croisic,Train Longue Distance Nuit,2.68141741934734,108.12201520054764,105.4405977812003,1,337.79508936096494,47.907891,1.9042468,47.2898903,-2.5073397,Gare de Orléans,Gare de Le Croisic,6.0,31.0,0.1935483870967742,5221422.0,116357.0,152113.0,4056.0
Gare de Orléans,Gare de Le Pouliguen,Train Longue Distance Nuit,2.639736122782077,108.12201520054764,105.48227907776555,1,332.54423315470865,47.907891,1.9042468,47.2825083,-2.4331287,Gare de Orléans,Gare de Le Pouliguen,6.0,31.0,0.1935483870967742,5221422.0,116357.0,125948.0,4173.0
Gare de Orléans,Gare de Nantes,Train Longue Distance,2.140988675743935,116.26567778335621,114.12468910761227,1,269.71386693675174,47.907891,1.9042468,47.2174913,-1.542077,Gare de Orléans,Gare de Nantes,16.0,31.0,0.5161290322580645,5221422.0,116357.0,17553626.0,327734.0
Gare de Orléans,Gare de Pornichet,Train Longue Distance Nuit,2.5909816501225724,108.12201520054764,105.53103355042506,1,326.40232427847974,47.907891,1.9042468,47.2704262,-2.3448644,Gare de Orléans,Gare de Pornichet,6.0,31.0,0.1935483870967742,5221422.0,116357.0,230185.0,12800.0
Gare de Orléans,Gare de Saint-Nazaire,Train Longue Distance Nuit,2.509828088188746,103.39218607371261,100.88235798552387,1,316.17889747905593,47.907891,1.9042468,47.2864903,-2.211079,Gare de Orléans,Gare de Saint-Nazaire,6.0,31.0,0.1935483870967742,5221422.0,116357.0,1371500.0,74568.0
Gare de Orléans,Gare de Saint-Pierre-des-Corps,Train Longue Distance,0.8396481726321325,72.63287815410749,71.79322998147535,1,105.77578390427469,47.907891,1.9042468,47.3861437,0.7235445,Gare de Orléans,Gare de Saint-Pierre-des-Corps,16.0,31.0,0.5161290322580645,5221422.0,116357.0,4356356.0,15898.0
Gare de Orléans,Gare de Saumur,Train Longue Distance,1.3042881647389637,114.72339127392029,113.41910310918132,1,164.30941858641518,47.907891,1.9042468,47.2689958,-0.0714032,Gare de Orléans,Gare de Saumur,16.0,31.0,0.5161290322580645,5221422.0,116357.0,966833.0,26241.0
Gare de Orléans,Gare de Savenay,Train Longue Distance Nuit,2.343550873460488,125.00586468533683,122.66231381187634,1,295.2319064576074,47.907891,1.9042468,47.3586008,-1.951011,Gare de Orléans,Gare de Savenay,6.0,31.0,0.1935483870967742,5221422.0,116357.0,38477.0,9543.0
Gare de Orléans,Gare de Tours,Train Longue Distance,0.8531806335528818,72.63287815410749,71.7796975205546,1,107.48055348360818,47.907891,1.9042468,47.3898771,0.6928408,Gare de Orléans,Gare de Tours,16.0,31.0,0.5161290322580645,5221422.0,116357.0,7013155.0,139259.0
Gare de Paris Montparnasse Hall 1 - 2,Gare de Argentan,EuroNight,1.36708165050934,103.60464132574845,102.23755967523911,1,172.21991062098007,48.8411711,2.3205138,48.7385458,-0.0252909,Gare de Paris Montparnasse Hall 1 - 2,Gare de Argentan,33.0,166.0,0.19879518072289157,68925312.0,2103778.0,398579.0,13527.0
Gare de Paris Montparnasse Hall 1 - 2,Gare de Bretoncelles,Train Longue Distance,0.9076737696524719,,,0,114.34539804137968,48.8411711,2.3205138,48.4327315,0.8923604,Gare de Paris Montparnasse Hall 1 - 2,Gare de Bretoncelles,12.0,166.0,0.07228915662650602,68925312.0,2103778.0,26008.0,1455.0
Gare de Paris Montparnasse Hall 1 - 2,Gare de Briouze,EuroNight,1.5688571872662864,82.62908507008417,81.06022788281788,1,197.63884949184762,48.8411711,2.3205138,48.7018635,-0.3682037,Gare de Paris Montparnasse Hall 1 - 2,Gare de Briouze,14.0,166.0,0.08433734939759036,68925312.0,2103778.0,45439.0,1512.0
Gare de Paris Montparnasse Hall 1 - 2,Gare de Champagné,Train Longue Distance,1.3699787351564376,111.65846911213804,110.2884903769816,1,172.58487467327257,48.8411711,2.3205138,48.0197494,0.3356649,Gare de Paris Montparnasse Hall 1 - 2,Gare de Champagné,6.0,166.0,0.03614457831325301,68925312.0,2103778.0,203396.0,3666.0
Gare de Paris Montparnasse Hall 1 - 2,Gare de Condé-sur-Huisne,Train Longue Distance,0.9491032526170347,,,0,119.56453169778719,48.8411711,2.3205138,48.383367,0.8488811,Gare de Paris Montparnasse Hall 1 - 2,Gare de Condé-sur-Huisne,12.0,166.0,0.07228915662650602,68925312.0,2103778.0,24049.0,226.0
Gare de Paris Montparnasse Hall 1 - 2,Gare de Connerré - Beillé,Train Longue Distance,1.269166846967369,89.35620988474514,88.08704303777778,1,159.88496434459168,48.8411711,2.3205138,48.0737072,0.4869016,Gare de Paris Montparnasse Hall 1 - 2,Gare de Connerré - Beillé,35.0,166.0,0.21084337349397592,68925312.0,2103778.0,109988.0,2780.0
Gare de Paris Montparnasse Hall 1 - 2,Gare de Flers,EuroNight,1.6847039354532924,82.62908507008417,80.94438113463087,1,212.23279610144778,48.8411711,2.3205138,48.7447856,-0.5732157,Gare de Paris Montparnasse Hall 1 - 2,Gare de Flers,23.0,166.0,0.13855421686746988,68925312.0,2103778.0,155284.0,14432.0
Gare de Paris Montparnasse Hall 1 - 2,Gare de Folligny,EuroNight,2.1655841495269534,111.23591867661973,109.07033452709278,1,272.81231412534055,48.8411711,2.3205138,48.8299473,-1.407223,Gare de Paris Montparnasse Hall 1 - 2,Gare de Folligny,6.0,166.0,0.03614457831325301,68925312.0,2103778.0,440344.0,1119.0
Gare de Paris Montparnasse Hall 1 - 2,Gare de Granville,EuroNight,2.2701067100920853,111.23591867661973,108.96581196652765,1,285.97968129151997,48.8411711,2.3205138,48.8383212,-1.5875472,Gare de Paris Montparnasse Hall 1 - 2,Gare de Granville,23.0,166.0,0.13855421686746988,68925312.0,2103778.0,375919.0,12510.0
Gare de Paris Montparnasse Hall 1 - 2,Gare de L'Aigle,EuroNight,0.9907913359314382,72.72158947250028,71.73079813656885,1,124.81624287370096,48.8411711,2.3205138,48.7662297,0.620014,Gare de Paris Montparnasse Hall 1 - 2,Gare de L'Aigle,33.0,166.0,0.19879518072289157,68925312.0,2103778.0,213643.0,7663.0
Gare de Paris Montparnasse Hall 1 - 2,Gare de La Ferté-Bernard,Train Longue Distance,1.1401955897906269,83.73542841073575,82.59523282094513,1,143.6376404372168,48.8411711,2.3205138,48.1865289,0.6393795,Gare de Paris Montparnasse Hall 1 - 2,Gare de La Ferté-Bernard,35.0,166.0,0.21084337349397592,68925312.0,2103778.0,297050.0,8740.0
Gare de Paris Montparnasse Hall 1 - 2,Gare de La Loupe,Train Longue Distance,0.8295504805189836,,,0,104.50371384718868,48.8411711,2.3205138,48.4738284,1.010898,Gare de Paris Montparnasse Hall 1 - 2,Gare de La Loupe,41.0,166.0,0.2469879518072289,68925312.0,2103778.0,582162.0,3191.0
Gare de Paris Montparnasse Hall 1 - 2,Gare de Le Mans,Train Longue Distance,1.4528178977283026,111.65846911213804,110.20565121440973,1,183.0206472320865,48.8411711,2.3205138,47.9956159,0.1926141,Gare de Paris Montparnasse Hall 1 - 2,Gare de Le Mans,35.0,166.0,0.21084337349397592,68925312.0,2103778.0,5440432.0,146249.0
Gare de Paris Montparnasse Hall 1 - 2,Gare de Le Theil - La Rouge,Train Longue Distance,1.0766326948989626,83.73542841073575,82.65879571583679,1,135.63022107570706,48.8411711,2.3205138,48.2672914,0.6943758,Gare de Paris Montparnasse Hall 1 - 2,Gare de Le Theil - La Rouge,12.0,166.0,0.07228915662650602,68925312.0,2103778.0,21145.0,387.0
Gare de Paris Montparnasse Hall 1 - 2,Gare de Montfort-le-Gesnois,Train Longue Distance,1.325011256905867,111.65846911213804,110.33345785523217,1,166.92003740310744,48.8411711,2.3205138,48.0405728,0.4062319,Gare de Paris Montparnasse Hall 1 - 2,Gare de Montfort-le-Gesnois,6.0,166.0,0.03614457831325301,68925312.0,2103778.0,19174.0,2939.0
Gare de Paris Montparnasse Hall 1 - 2,Gare de Nogent-le-Rotrou,Train Longue Distance,0.9922272650200281,83.73542841073575,82.74320114571572,1,124.99713593096853,48.8411711,2.3205138,48.3257654,0.810313,Gare de Paris Montparnasse Hall 1 - 2,Gare de Nogent-le-Rotrou,41.0,166.0,0.2469879518072289,68925312.0,2103778.0,636642.0,9292.0
Gare de Paris Montparnasse Hall 1 - 2,Gare de Saint-Mars-la-Brière,Train Longue Distance,1.3508719130586453,111.65846911213804,110.3075971990794,1,170.1778676062793,48.8411711,2.3205138,48.0285279,0.3657048,Gare de Paris Montparnasse Hall 1 - 2,Gare de Saint-Mars-la-Brière,6.0,166.0,0.03614457831325301,68925312.0,2103778.0,6668.0,2681.0
Gare de Paris Montparnasse Hall 1 - 2,Gare de Sainte-Gauburge,EuroNight,1.1060618788932763,72.72158947250028,71.61552759360701,1,139.3376012715138,48.8411711,2.3205138,48.7172834,0.4281636,Gare de Paris Montparnasse Hall 1 - 2,Gare de Sainte-Gauburge,8.0,166.0,0.04819277108433735,68925312.0,2103778.0,1370.0,75580.0
Gare de Paris Montparnasse Hall 1 - 2,Gare de Sceaux - Boëssé,Train Longue Distance,1.2036974550154915,83.73542841073575,82.53173095572026,1,151.6373715061088,48.8411711,2.3205138,48.1222299,0.5722332,Gare de Paris Montparnasse Hall 1 - 2,Gare de Sceaux - Boëssé,6.0,166.0,0.03614457831325301,68925312.0,2103778.0,7637.0,20884.0
Gare de Paris Montparnasse Hall 1 - 2,Gare de Surdon,EuroNight,1.2816442336274967,103.60464132574845,102.32299709212094,1,161.45681955498824,48.8411711,2.3205138,48.6647706,0.1344098,Gare de Paris Montparnasse Hall 1 - 2,Gare de Surdon,28.0,166.0,0.1686746987951807,68925312.0,2103778.0,92366.0,75580.0
Gare de Paris Montparnasse Hall 1 - 2,Gare de Verneuil-sur-Avre,EuroNight,0.8137130022765513,65.13248513280868,64.31877213053212,1,102.50856667631031,48.8411711,2.3205138,48.7424865,0.9291927,Gare de Paris Montparnasse Hall 1 - 2,Gare de Verneuil-sur-Avre,31.0,166.0,0.18674698795180722,68925312.0,2103778.0,28711.0,836.0
Gare de Paris Montparnasse Hall 1 - 2,Gare de Villedieu-les-Poêles,EuroNight,2.059887778998047,106.74871887826482,104.68883109926678,1,259.49707470370964,48.8411711,2.3205138,48.8341501,-1.2254182,Gare de Paris Montparnasse Hall 1 - 2,Gare de Villedieu-les-Poêles,23.0,166.0,0.13855421686746988,68925312.0,2103778.0,89813.0,535.0
Gare de Paris Montparnasse Hall 1 - 2,Gare de Vire,EuroNight,1.8607061615320182,82.62908507008417,80.76837890855215,1,234.404908230287,48.8411711,2.3205138,48.8463297,-0.8828841,Gare de Paris Montparnasse Hall 1 - 2,Gare de Vire,23.0,166.0,0.13855421686746988,68925312.0,2103778.0,100571.0,1225.0
Gare de Paris Montparnasse Vaugirard,Gare de Argentan,EuroNight,1.36708165050934,103.60464132574845,102.23755967523911,1,172.21991062098007,48.8411711,2.3205138,48.7385458,-0.0252909,Gare de Paris Montparnasse Vaugirard,Gare de Argentan,2.0,8.0,0.25,68925312.0,2103778.0,398579.0,13527.0
Gare de Paris Montparnasse Vaugirard,Gare de Briouze,EuroNight,1.5688571872662864,82.62908507008417,81.06022788281788,1,197.63884949184762,48.8411711,2.3205138,48.7018635,-0.3682037,Gare de Paris Montparnasse Vaugirard,Gare de Briouze,2.0,8.0,0.25,68925312.0,2103778.0,45439.0,1512.0
Gare de Paris Montparnasse Vaugirard,Gare de Flers,EuroNight,1.6847039354532924,82.62908507008417,80.94438113463087,1,212.23279610144778,48.8411711,2.3205138,48.7447856,-0.5732157,Gare de Paris Montparnasse Vaugirard,Gare de Flers,2.0,8.0,0.25,68925312.0,2103778.0,155284.0,14432.0
Gare de Paris Montparnasse Vaugirard,Gare de Folligny,EuroNight,2.1655841495269534,111.23591867661973,109.07033452709278,1,272.81231412534055,48.8411711,2.3205138,48.8299473,-1.407223,Gare de Paris Montparnasse Vaugirard,Gare de Folligny,2.0,8.0,0.25,68925312.0,2103778.0,440344.0,1119.0
Gare de Paris Montparnasse Vaugirard,Gare de Granville,EuroNight,2.2701067100920853,111.23591867661973,108.96581196652765,1,285.97968129151997,48.8411711,2.3205138,48.8383212,-1.5875472,Gare de Paris Montparnasse Vaugirard,Gare de Granville,2.0,8.0,0.25,68925312.0,2103778.0,375919.0,12510.0
Gare de Paris Montparnasse Vaugirard,Gare de L'Aigle,EuroNight,0.9907913359314382,72.72158947250028,71.73079813656885,1,124.81624287370096,48.8411711,2.3205138,48.7662297,0.620014,Gare de Paris Montparnasse Vaugirard,Gare de L'Aigle,2.0,8.0,0.25,68925312.0,2103778.0,213643.0,7663.0
Gare de Paris Montparnasse Vaugirard,Gare de Surdon,EuroNight,1.2816442336274967,103.60464132574845,102.32299709212094,1,161.45681955498824,48.8411711,2.3205138,48.6647706,0.1344098,Gare de Paris Montparnasse Vaugirard,Gare de Surdon,2.0,8.0,0.25,68925312.0,2103778.0,92366.0,75580.0
Gare de Paris Montparnasse Vaugirard,Gare de Verneuil-sur-Avre,EuroNight,0.8137130022765513,65.13248513280868,64.31877213053212,1,102.50856667631031,48.8411711,2.3205138,48.7424865,0.9291927,Gare de Paris Montparnasse Vaugirard,Gare de Verneuil-sur-Avre,2.0,8.0,0.25,68925312.0,2103778.0,28711.0,836.0
Gare de Paris Montparnasse Vaugirard,Gare de Villedieu-les-Poêles,EuroNight,2.059887778998047,106.74871887826482,104.68883109926678,1,259.49707470370964,48.8411711,2.3205138,48.8341501,-1.2254182,Gare de Paris Montparnasse Vaugirard,Gare de Villedieu-les-Poêles,2.0,8.0,0.25,68925312.0,2103778.0,89813.0,535.0
Gare de Paris Montparnasse Vaugirard,Gare de Vire,EuroNight,1.8607061615320182,82.62908507008417,80.76837890855215,1,234.404908230287,48.8411711,2.3205138,48.8463297,-0.8828841,Gare de Paris Montparnasse Vaugirard,Gare de Vire,2.0,8.0,0.25,68925312.0,2103778.0,100571.0,1225.0
Gare de Paris Saint-Lazare,Gare de Auffay,Train Longue Distance,1.0238452656162529,90.74813391304268,89.72428864742642,1,128.9802551796741,48.8762428,2.3253309,49.7160925,1.0984238,Gare de Paris Saint-Lazare,Gare de Auffay,2.0,629.0,0.003179650238473768,114093491.0,2103778.0,56169.0,75580.0
Gare de Paris Saint-Lazare,Gare de Bayeux,Train Longue Distance,1.7822786903595247,96.44457857712337,94.66229988676385,1,224.5249043032911,48.8762428,2.3253309,49.2697288,-0.6980999,Gare de Paris Saint-Lazare,Gare de Bayeux,51.0,629.0,0.08108108108108109,114093491.0,2103778.0,662073.0,12659.0
Gare de Paris Saint-Lazare,Gare de Beaumont-le-Roger,Train Longue Distance,0.9163414813261194,88.05690063417974,87.14055915285363,1,115.43732443009819,48.8762428,2.3253309,49.0741994,0.7726988,Gare de Paris Saint-Lazare,Gare de Beaumont-le-Roger,9.0,629.0,0.014308426073131956,114093491.0,2103778.0,16294.0,2769.0
Gare de Paris Saint-Lazare,Gare de Bernay,Train Longue Distance Nuit,1.019088550159934,88.05690063417974,87.0378120840198,1,128.38102168807436,48.8762428,2.3253309,49.0871158,0.5956878,Gare de Paris Saint-Lazare,Gare de Bernay,79.0,629.0,0.12559618441971382,114093491.0,2103778.0,655294.0,9765.0
Gare de Paris Saint-Lazare,Gare de Bréauté - Beuzeville,Train Longue Distance Nuit,1.2730381391473473,105.21320230875241,103.94016416960507,1,160.37265547333678,48.8762428,2.3253309,49.6033957,0.4174892,Gare de Paris Saint-Lazare,Gare de Bréauté - Beuzeville,58.0,629.0,0.09220985691573927,114093491.0,2103778.0,739866.0,1329.0
Gare de Paris Saint-Lazare,Gare de Caen,Train Longue Distance,1.5694601791118326,85.42818228452069,83.85872210540886,1,197.71481218340045,48.8762428,2.3253309,49.1763537,-0.347613,Gare de Paris Saint-Lazare,Gare de Caen,91.0,629.0,0.14467408585055644,114093491.0,2103778.0,4255508.0,109400.0
Gare de Paris Saint-Lazare,Gare de Carentan,Train Longue Distance,2.097563609414023,116.26495727418339,114.16739366476936,1,264.2433370388036,48.8762428,2.3253309,49.302483,-1.2449382,Gare de Paris Saint-Lazare,Gare de Carentan,51.0,629.0,0.08108108108108109,114093491.0,2103778.0,227651.0,75580.0
Gare de Paris Saint-Lazare,Gare de Cherbourg,Train Longue Distance,2.369689969728126,118.2280768678421,115.85838689811398,1,298.52481352080196,48.8762428,2.3253309,49.6335183,-1.6214867,Gare de Paris Saint-Lazare,Gare de Cherbourg,51.0,629.0,0.08108108108108109,114093491.0,2103778.0,,75580.0
Gare de Paris Saint-Lazare,Gare de Clères,Train Longue Distance,0.9490694888204381,81.38390391489077,80.43483442607032,1,119.56027825906249,48.8762428,2.3253309,49.5991119,1.1061752,Gare de Paris Saint-Lazare,Gare de Clères,2.0,629.0,0.003179650238473768,114093491.0,2103778.0,157511.0,1381.0
Gare de Paris Saint-Lazare,Gare de Conches,Train Longue Distance,0.8083116386600959,,,0,101.82812278408868,48.8762428,2.3253309,48.962359,0.9378896,Gare de Paris Saint-Lazare,Gare de Conches,9.0,629.0,0.014308426073131956,114093491.0,2103778.0,,75580.0
Gare de Paris Saint-Lazare,Gare de Dieppe,Train Longue Distance,1.1672181458229018,91.02255658219987,89.85533843637697,1,147.04184250729423,48.8762428,2.3253309,49.9217887,1.0811328,Gare de Paris Saint-Lazare,Gare de Dieppe,2.0,629.0,0.003179650238473768,114093491.0,2103778.0,695838.0,28496.0
Gare de Paris Saint-Lazare,Gare de Le Havre,Train Longue Distance Nuit,1.3812374355958585,116.69779343567143,115.31655600007556,1,174.00320428267304,48.8762428,2.3253309,49.4926229,0.1246437,Gare de Paris Saint-Lazare,Gare de Le Havre,74.0,629.0,0.11764705882352941,114093491.0,2103778.0,2070670.0,166687.0
Gare de Paris Saint-Lazare,Gare de Lisieux,Train Longue Distance Nuit,1.234349088855437,107.8760838496123,106.64173476075686,1,155.49875143051614,48.8762428,2.3253309,49.1382984,0.2311429,Gare de Paris Saint-Lazare,Gare de Lisieux,79.0,629.0,0.12559618441971382,114093491.0,2103778.0,1232672.0,19645.0
Gare de Paris Saint-Lazare,Gare de Lison,Train Longue Distance,1.9769547830329186,96.44457857712337,94.46762379409044,1,249.04948135965213,48.8762428,2.3253309,49.2268337,-1.0503391,Gare de Paris Saint-Lazare,Gare de Lison,51.0,629.0,0.08108108108108109,114093491.0,2103778.0,211039.0,451.0
Gare de Paris Saint-Lazare,Gare de Montville,Train Longue Distance,0.937466315055723,81.38390391489077,80.44643759983504,1,118.09855316902531,48.8762428,2.3253309,49.5512834,1.0700462,Gare de Paris Saint-Lazare,Gare de Montville,2.0,629.0,0.003179650238473768,114093491.0,2103778.0,147206.0,4625.0
Gare de Paris Saint-Lazare,Gare de Oissel,Train Longue Distance,0.8182020571725497,65.9354211543637,65.11721909719114,1,103.07408127646127,48.8762428,2.3253309,49.3430833,1.1019373,Gare de Paris Saint-Lazare,Gare de Oissel,73.0,629.0,0.11605723370429252,114093491.0,2103778.0,431176.0,75580.0
Gare de Paris Saint-Lazare,Gare de Pont-l'Évêque,Train Longue Distance,1.2855042563322616,110.25729935505007,108.9717950987178,1,161.94309099675755,48.8762428,2.3253309,49.2870445,0.1919739,Gare de Paris Saint-Lazare,Gare de Pont-l'Évêque,48.0,629.0,0.07631160572337042,114093491.0,2103778.0,164885.0,5145.0
Gare de Paris Saint-Lazare,Gare de Romilly-la-Puthenaye,Train Longue Distance,0.8599461107955174,69.08726750202936,68.22732139123384,1,108.33284338567869,48.8762428,2.3253309,49.0039198,0.854862,Gare de Paris Saint-Lazare,Gare de Romilly-la-Puthenaye,9.0,629.0,0.014308426073131956,114093491.0,2103778.0,9003.0,336.0
Gare de Paris Saint-Lazare,Gare de Rouen Rive Droite,Train Longue Distance Nuit,0.8719390806582435,65.9354211543637,65.06348207370546,1,109.84367355231086,48.8762428,2.3253309,49.4486637,1.0941026,Gare de Paris Saint-Lazare,Gare de Rouen Rive Droite,147.0,629.0,0.23370429252782193,114093491.0,2103778.0,7773267.0,117662.0
Gare de Paris Saint-Lazare,Gare de Serquigny,Train Longue Distance,0.9523384115128559,88.05690063417974,87.10456222266689,1,119.97208509862132,48.8762428,2.3253309,49.107754,0.7192894,Gare de Paris Saint-Lazare,Gare de Serquigny,9.0,629.0,0.014308426073131956,114093491.0,2103778.0,440344.0,1754.0
Gare de Paris Saint-Lazare,Gare de Trouville - Deauville,Train Longue Distance,1.3632654790696725,110.25729935505007,108.8940338759804,1,171.7391634000595,48.8762428,2.3253309,49.3600056,0.0841671,Gare de Paris Saint-Lazare,Gare de Trouville - Deauville,48.0,629.0,0.07631160572337042,114093491.0,2103778.0,904015.0,75580.0
Gare de Paris Saint-Lazare,Gare de Valognes,Train Longue Distance,2.263949123482191,118.2280768678421,115.96412774435991,1,285.20397121216814,48.8762428,2.3253309,49.5054544,-1.4798601,Gare de Paris Saint-Lazare,Gare de Valognes,51.0,629.0,0.08108108108108109,114093491.0,2103778.0,282866.0,6969.0
Gare de Paris Saint-Lazare,Gare de Yvetot,Train Longue Distance Nuit,1.121189570229116,92.9418973912768,91.82070782104768,1,141.24333210243333,48.8762428,2.3253309,49.6221158,0.7501387,Gare de Paris Saint-Lazare,Gare de Yvetot,58.0,629.0,0.09220985691573927,114093491.0,2103778.0,1115168.0,11438.0
Gare de Plouaret Trégor,Gare de Caulnes,Train Longue Distance,0.8187192416380493,68.2666258548212,67.44790661318315,1,103.1392342703514,48.606423,-3.4669791,48.2844266,-2.1555927,Gare de Plouaret Trégor,Gare de Caulnes,1.0,155.0,0.0064516129032258064,197837.0,2237.0,90645.0,2501.0
Gare de Plouaret Trégor,Gare de Montauban-de-Bretagne,Train Longue Distance,0.9065832326733907,80.94611354315123,80.03953031047784,1,114.20801620979978,48.606423,-3.4669791,48.1902428,-2.052675,Gare de Plouaret Trégor,Gare de Montauban-de-Bretagne,1.0,155.0,0.0064516129032258064,197837.0,2237.0,354751.0,6597.0
Gare de Plouaret Trégor,Gare de Montfort-sur-Meu,Train Longue Distance,0.9809719278778274,80.94611354315123,79.9651416152734,1,123.579230017363,48.606423,-3.4669791,48.1388793,-1.9491409,Gare de Plouaret Trégor,Gare de Montfort-sur-Meu,1.0,155.0,0.0064516129032258064,197837.0,2237.0,636464.0,6810.0
Gare de Plouaret Trégor,Gare de Quédillac,Train Longue Distance,0.8361381627503631,80.94611354315123,80.10997538040087,1,105.33360578865748,48.606423,-3.4669791,48.2484813,-2.1452205,Gare de Plouaret Trégor,Gare de Quédillac,1.0,155.0,0.0064516129032258064,197837.0,2237.0,33144.0,1287.0
Gare de Plouaret Trégor,Gare de Rennes,EuroNight,1.142146337494715,95.65578766145738,94.51364132396267,1,143.883388447306,48.606423,-3.4669791,48.1035178,-1.6727439,Gare de Plouaret Trégor,Gare de Rennes,36.0,155.0,0.23225806451612904,197837.0,2237.0,15689647.0,230890.0
Gare de Poix-de-Picardie,Gare de Douai,EuroNight,0.8143135967138424,,,0,102.58422735120213,49.7777843,1.9898979,50.3716757,3.0899613,Gare de Poix-de-Picardie,Gare de Douai,10.0,37.0,0.2702702702702703,89813.0,2282.0,3472422.0,40250.0
Gare de Poix-de-Picardie,Gare de Lille Flandres,EuroNight,0.9730248784864467,81.14907588032318,80.17605100183674,1,122.57809000837072,49.7777843,1.9898979,50.6365763,3.0698721,Gare de Poix-de-Picardie,Gare de Lille Flandres,10.0,37.0,0.2702702702702703,89813.0,2282.0,25331979.0,238246.0
Gare de Pont-l'Évêque,Gare de Paris Saint-Lazare,Train Longue Distance,1.2855042563322616,110.25729935505007,108.9717950987178,1,161.94309099675755,49.2870445,0.1919739,48.8762428,2.3253309,Gare de Pont-l'Évêque,Gare de Paris Saint-Lazare,50.0,163.0,0.3067484662576687,164885.0,5145.0,114093491.0,2103778.0
Gare de Pontchaillou,Gare de Audrieu,EuroNight,1.1601149291925676,99.40258921485902,98.24247428566645,1,146.14700544124057,48.1186426,-1.6911174,49.216131,-0.5960138,Gare de Pontchaillou,Gare de Audrieu,1.0,377.0,0.002652519893899204,405981.0,75580.0,28711.0,1167.0
Gare de Pontchaillou,Gare de Bayeux,EuroNight,1.1691775268708022,98.00225362261612,96.83307609574533,1,147.2886781142356,48.1186426,-1.6911174,49.2697288,-0.6980999,Gare de Pontchaillou,Gare de Bayeux,9.0,377.0,0.023872679045092837,405981.0,75580.0,662073.0,12659.0
Gare de Pontchaillou,Gare de Bretteville - Norrey,EuroNight,1.1784251621818793,99.40258921485902,98.22416405267714,1,148.45366114662124,48.1186426,-1.6911174,49.2034122,-0.5127396,Gare de Pontchaillou,Gare de Bretteville - Norrey,1.0,377.0,0.002652519893899204,405981.0,75580.0,22271.0,1027.0
Gare de Pontchaillou,Gare de Caen,EuroNight,1.218758363634209,99.40258921485902,98.18383085122481,1,153.53468929632263,48.1186426,-1.6911174,49.1763537,-0.347613,Gare de Pontchaillou,Gare de Caen,9.0,377.0,0.023872679045092837,405981.0,75580.0,4255508.0,109400.0
Gare de Pontchaillou,Gare de Coutances,EuroNight,0.8287290664191437,81.51127530433276,80.68254623791361,1,104.40023512460868,48.1186426,-1.6911174,49.042928,-1.4417261,Gare de Pontchaillou,Gare de Coutances,9.0,377.0,0.023872679045092837,405981.0,75580.0,222446.0,8321.0
Gare de Pontchaillou,Gare de Le Molay-Littry,EuroNight,1.1040303112996708,98.00225362261612,96.89822331131646,1,139.08167186944706,48.1186426,-1.6911174,49.2493264,-0.8809742,Gare de Pontchaillou,Gare de Le Molay-Littry,1.0,377.0,0.002652519893899204,405981.0,75580.0,56169.0,3124.0
Gare de Pontchaillou,Gare de Lison,EuroNight,1.0470322771432283,98.00225362261612,96.95522134547289,1,131.90126948138428,48.1186426,-1.6911174,49.2268337,-1.0503391,Gare de Pontchaillou,Gare de Lison,9.0,377.0,0.023872679045092837,405981.0,75580.0,211039.0,451.0
Gare de Pontchaillou,Gare de Saint-Lô,EuroNight,0.9463870208434441,98.00225362261612,97.05586660177268,1,119.22235082431898,48.1186426,-1.6911174,49.1169738,-1.0995247,Gare de Pontchaillou,Gare de Saint-Lô,9.0,377.0,0.023872679045092837,405981.0,75580.0,299972.0,19471.0
Gare de Pontchâteau,Gare de Lorient,Train Longue Distance,0.8113519715138027,72.85265199676722,72.04130002525342,1,102.2111327177882,47.4353376,-2.0885275,47.7555982,-3.3662209,Gare de Pontchâteau,Gare de Lorient,18.0,129.0,0.13953488372093023,217942.0,11474.0,,58329.0
Gare de Pontchâteau,Gare de Quimper,Train Longue Distance,1.288109013036375,110.8284617591122,109.54035274607583,1,162.27122865159674,47.4353376,-2.0885275,47.9944564,-4.092103,Gare de Pontchâteau,Gare de Quimper,18.0,129.0,0.13953488372093023,217942.0,11474.0,1753601.0,64385.0
Gare de Pontchâteau,Gare de Quimperlé,Train Longue Distance,0.9511225361792215,82.45780894576437,81.50668640958514,1,119.81891360282458,47.4353376,-2.0885275,47.8693755,-3.552693,Gare de Pontchâteau,Gare de Quimperlé,18.0,129.0,0.13953488372093023,217942.0,11474.0,503306.0,12469.0
Gare de Pontchâteau,Gare de Rosporden,Train Longue Distance,1.1349884949723188,91.19948937346693,90.06450087849461,1,142.98166981258743,47.4353376,-2.0885275,47.9602252,-3.8327024,Gare de Pontchâteau,Gare de Rosporden,18.0,129.0,0.13953488372093023,217942.0,11474.0,302899.0,7550.0
Gare de Pontorson - Mont-Saint-Michel,Gare de Bretteville - Norrey,EuroNight,0.8133713122495869,65.67406363403155,64.86069232178197,1,102.4655218253448,48.5527292,-1.5049304,49.2034122,-0.5127396,Gare de Pontorson - Mont-Saint-Michel,Gare de Bretteville - Norrey,1.0,20.0,0.05,78308.0,4280.0,22271.0,1027.0
Gare de Pontorson - Mont-Saint-Michel,Gare de Caen,EuroNight,0.8686492394234259,65.67406363403155,64.80541439460814,1,109.42923147183495,48.5527292,-1.5049304,49.1763537,-0.347613,Gare de Pontorson - Mont-Saint-Michel,Gare de Caen,9.0,20.0,0.45,78308.0,4280.0,4255508.0,109400.0
Gare de Pornichet,Gare de Amboise,Train Longue Distance,1.9938555437974559,100.0455096013167,98.05165405751924,1,251.1785769460136,47.2704262,-2.3448644,47.4214655,0.9817614,Gare de Pornichet,Gare de Amboise,7.0,152.0,0.046052631578947366,230185.0,12800.0,855042.0,12937.0
Gare de Pornichet,Gare de Angers Saint-Laud,Train Longue Distance,1.0825947231079343,88.91481603847376,87.83222131536583,1,136.38129542805925,47.2704262,-2.3448644,47.4646464,-0.5567748,Gare de Pornichet,Gare de Angers Saint-Laud,11.0,152.0,0.07236842105263158,230185.0,12800.0,7116373.0,159022.0
Gare de Pornichet,Gare de Beaugency,Train Longue Distance,2.4085771130028224,120.56229889667506,118.15372178367224,1,303.4236725879091,47.2704262,-2.3448644,47.7784038,1.6259389,Gare de Pornichet,Gare de Beaugency,7.0,152.0,0.046052631578947366,230185.0,12800.0,531504.0,8024.0
Gare de Pornichet,Gare de Blois - Chambord,Train Longue Distance,2.208034474732164,108.99968206914752,106.79164759441537,1,278.160049726904,47.2704262,-2.3448644,47.5854518,1.3237539,Gare de Pornichet,Gare de Blois - Chambord,7.0,152.0,0.046052631578947366,230185.0,12800.0,203396.0,47219.0
Gare de Pornichet,Gare de Le Mans,Train Longue Distance,1.639330804795716,82.4402280106919,80.80089720589618,1,206.516856235288,47.2704262,-2.3448644,47.9956159,0.1926141,Gare de Pornichet,Gare de Le Mans,2.0,152.0,0.013157894736842105,230185.0,12800.0,5440432.0,146249.0
Gare de Pornichet,Gare de Mer,Train Longue Distance,2.328758636484226,120.56229889667506,118.23354026019084,1,293.36843493124536,47.2704262,-2.3448644,47.7058923,1.5063578,Gare de Pornichet,Gare de Mer,7.0,152.0,0.046052631578947366,230185.0,12800.0,336887.0,6250.0
Gare de Pornichet,Gare de Meung-sur-Loire,Train Longue Distance,2.454793277515444,122.34695171943295,119.8921584419175,1,309.24581475377227,47.2704262,-2.3448644,47.8299537,1.6919208,Gare de Pornichet,Gare de Meung-sur-Loire,7.0,152.0,0.046052631578947366,230185.0,12800.0,466159.0,6670.0
Gare de Pornichet,Gare de Onzain - Chaumont-sur-Loire,Train Longue Distance,2.1191983670890355,108.99968206914752,106.88048370205848,1,266.96880411804426,47.2704262,-2.3448644,47.4920275,1.1860922,Gare de Pornichet,Gare de Onzain - Chaumont-sur-Loire,7.0,152.0,0.046052631578947366,230185.0,12800.0,278696.0,75580.0
Gare de Pornichet,Gare de Orléans,Train Longue Distance,2.5909816501225724,108.12201520054764,105.53103355042506,1,326.40232427847974,47.2704262,-2.3448644,47.907891,1.9042468,Gare de Pornichet,Gare de Orléans,7.0,152.0,0.046052631578947366,230185.0,12800.0,5221422.0,116357.0
Gare de Pornichet,Gare de Sablé-sur-Sarthe,Train Longue Distance,1.2952231755103234,94.8629081983585,93.56768502284817,1,163.16744463470943,47.2704262,-2.3448644,47.8417564,-0.3419969,Gare de Pornichet,Gare de Sablé-sur-Sarthe,2.0,152.0,0.013157894736842105,230185.0,12800.0,662172.0,12326.0
Gare de Pornichet,Gare de Saint-Pierre-des-Corps,Train Longue Distance,1.8384494988874256,93.52763600767815,91.68918650879073,1,231.60109585379507,47.2704262,-2.3448644,47.3861437,0.7235445,Gare de Pornichet,Gare de Saint-Pierre-des-Corps,7.0,152.0,0.046052631578947366,230185.0,12800.0,4356356.0,15898.0
Gare de Pornichet,Gare de Saumur,Train Longue Distance,1.3615984680181628,108.0169586614439,106.65536019342574,1,171.5291594883047,47.2704262,-2.3448644,47.2689958,-0.0714032,Gare de Pornichet,Gare de Saumur,9.0,152.0,0.05921052631578947,230185.0,12800.0,966833.0,26241.0
Gare de Pornichet,Gare de Tours,Train Longue Distance,1.8202363402865904,93.52763600767815,91.70739966739157,1,229.3066692222966,47.2704262,-2.3448644,47.3898771,0.6928408,Gare de Pornichet,Gare de Tours,9.0,152.0,0.05921052631578947,230185.0,12800.0,7013155.0,139259.0
Gare de Port Boulet,Gare de Ancenis,Train Longue Distance,0.8050712816481914,,,0,101.4199145437379,47.2488391,0.1556491,47.369337,-1.1777593,Gare de Port Boulet,Gare de Ancenis,16.0,114.0,0.14035087719298245,166392.0,832.0,1179679.0,75580.0
Gare de Port Boulet,Gare de Batz-sur-Mer,Train Longue Distance,1.5782174386742764,108.0169586614439,106.43874122276962,1,198.8180194852956,47.2488391,0.1556491,47.28086,-2.4788695,Gare de Port Boulet,Gare de Batz-sur-Mer,5.0,114.0,0.043859649122807015,166392.0,832.0,336887.0,2892.0
Gare de Port Boulet,Gare de Chantonnay,Train Longue Distance,0.8798256998965803,,,0,110.83720079322,47.2488391,0.1556491,46.6902585,-1.0542092,Gare de Port Boulet,Gare de Chantonnay,5.0,114.0,0.043859649122807015,166392.0,832.0,16990.0,8557.0
Gare de Port Boulet,Gare de La Baule les Pins,Train Longue Distance,1.5099739843349855,108.0169586614439,106.5069846771089,1,190.22096048563688,47.2488391,0.1556491,47.2834533,-2.3648905,Gare de Port Boulet,Gare de La Baule les Pins,5.0,114.0,0.043859649122807015,166392.0,832.0,27557.0,75580.0
Gare de Port Boulet,Gare de La Baule-Escoublac,Train Longue Distance,1.5245592590424883,108.0169586614439,106.4923994024014,1,192.05835966773597,47.2488391,0.1556491,47.2884613,-2.389211,Gare de Port Boulet,Gare de La Baule-Escoublac,5.0,114.0,0.043859649122807015,166392.0,832.0,27557.0,16912.0
Gare de Port Boulet,Gare de La Roche-sur-Yon,Train Longue Distance,1.0854008145537333,73.13083549272511,72.04543467817138,1,136.73479649202986,47.2488391,0.1556491,46.6720757,-1.4356603,Gare de Port Boulet,Gare de La Roche-sur-Yon,5.0,114.0,0.043859649122807015,166392.0,832.0,1218501.0,54849.0
Gare de Port Boulet,Gare de Le Croisic,Train Longue Distance,1.595290559155921,108.0169586614439,106.42166810228797,1,200.96882831392304,47.2488391,0.1556491,47.2898903,-2.5073397,Gare de Port Boulet,Gare de Le Croisic,5.0,114.0,0.043859649122807015,166392.0,832.0,152113.0,4056.0
Gare de Port Boulet,Gare de Le Pouliguen,Train Longue Distance,1.5508307073641725,108.0169586614439,106.46612795407972,1,195.36793995517414,47.2488391,0.1556491,47.2825083,-2.4331287,Gare de Port Boulet,Gare de Le Pouliguen,5.0,114.0,0.043859649122807015,166392.0,832.0,125948.0,4173.0
Gare de Port Boulet,Gare de Nantes,Train Longue Distance,1.0178784931108935,72.85638875991556,71.83851026680466,1,128.22858315833884,47.2488391,0.1556491,47.2174913,-1.542077,Gare de Port Boulet,Gare de Nantes,16.0,114.0,0.14035087719298245,166392.0,832.0,17553626.0,327734.0
Gare de Port Boulet,Gare de Pornichet,Train Longue Distance,1.497976893588525,108.0169586614439,106.51898176785537,1,188.70961118525133,47.2488391,0.1556491,47.2704262,-2.3448644,Gare de Port Boulet,Gare de Pornichet,5.0,114.0,0.043859649122807015,166392.0,832.0,230185.0,12800.0
Gare de Port Boulet,Gare de Saint-Nazaire,Train Longue Distance,1.4178963432575273,98.67115990558368,97.25326356232615,1,178.62135843506266,47.2488391,0.1556491,47.2864903,-2.211079,Gare de Port Boulet,Gare de Saint-Nazaire,5.0,114.0,0.043859649122807015,166392.0,832.0,1371500.0,74568.0
Gare de Port Boulet,Gare de Savenay,Train Longue Distance,1.264610145448722,92.43508676041264,91.17047661496392,1,159.31092787209903,47.2488391,0.1556491,47.3586008,-1.951011,Gare de Port Boulet,Gare de Savenay,5.0,114.0,0.043859649122807015,166392.0,832.0,38477.0,9543.0
Gare de Pouzauges,Gare de Langeais,Train Longue Distance,0.8927215069885439,72.29309310479492,71.40037159780637,1,112.46176706834767,46.7524179,-0.8145972,47.3240248,0.4097404,Gare de Pouzauges,Gare de Langeais,6.0,17.0,0.35294117647058826,2187.0,5668.0,307322.0,4367.0
Gare de Pouzauges,Gare de Tours,Train Longue Distance,1.0666698693987822,87.1935599316457,86.12689006224691,1,134.37514101773522,46.7524179,-0.8145972,47.3898771,0.6928408,Gare de Pouzauges,Gare de Tours,6.0,17.0,0.35294117647058826,2187.0,5668.0,7013155.0,139259.0
Gare de Questembert,Gare de Quimper,Train Longue Distance,1.011167484193032,87.52900084524639,86.51783336105335,1,127.38315497518668,47.6830213,-2.4496212,47.9944564,-4.092103,Gare de Questembert,Gare de Quimper,61.0,247.0,0.24696356275303644,350119.0,8133.0,1753601.0,64385.0
Gare de Questembert,Gare de Rosporden,Train Longue Distance,0.8554186952828676,65.11954072583198,64.26412203054912,1,107.76249625634512,47.6830213,-2.4496212,47.9602252,-3.8327024,Gare de Questembert,Gare de Rosporden,61.0,247.0,0.24696356275303644,350119.0,8133.0,302899.0,7550.0
Gare de Quimper,Gare de Nantes,Train Longue Distance Nuit,1.6652145684519293,85.65389574814454,83.9886811796926,1,209.77759743662503,47.9944564,-4.092103,47.2174913,-1.542077,Gare de Quimper,Gare de Nantes,33.0,255.0,0.12941176470588237,1753601.0,64385.0,17553626.0,327734.0
Gare de Quimper,Gare de Pontchâteau,Train Longue Distance Nuit,1.288109013036375,110.8284617591122,109.54035274607583,1,162.27122865159674,47.9944564,-4.092103,47.4353376,-2.0885275,Gare de Quimper,Gare de Pontchâteau,17.0,255.0,0.06666666666666667,1753601.0,64385.0,217942.0,11474.0
Gare de Quimper,Gare de Questembert,Train Longue Distance Nuit,1.011167484193032,87.52900084524639,86.51783336105335,1,127.38315497518668,47.9944564,-4.092103,47.6830213,-2.4496212,Gare de Quimper,Gare de Questembert,66.0,255.0,0.25882352941176473,1753601.0,64385.0,350119.0,8133.0
Gare de Quimper,Gare de Redon,Train Longue Distance Nuit,1.225662304817016,103.98088346993596,102.75522116511894,1,154.40442237553742,47.9944564,-4.092103,47.6520047,-2.08777,Gare de Quimper,Gare de Redon,90.0,255.0,0.35294117647058826,1753601.0,64385.0,1104562.0,9542.0
Gare de Quimper,Gare de Rennes,EuroNight,1.4307430861735595,116.37361534920866,114.9428722630351,1,180.2397437860367,47.9944564,-4.092103,48.1035178,-1.6727439,Gare de Quimper,Gare de Rennes,57.0,255.0,0.2235294117647059,1753601.0,64385.0,15689647.0,230890.0
Gare de Quimper,Gare de Savenay,Train Longue Distance Nuit,1.390689470482868,110.8284617591122,109.43777228862933,1,175.19393682071907,47.9944564,-4.092103,47.3586008,-1.951011,Gare de Quimper,Gare de Savenay,17.0,255.0,0.06666666666666667,1753601.0,64385.0,38477.0,9543.0
Gare de Quimper,Gare de Vannes,Train Longue Distance Nuit,0.8453519431104592,71.71495431993704,70.86960237682658,1,106.49432389902486,47.9944564,-4.092103,47.6651702,-2.75245,Gare de Quimper,Gare de Vannes,90.0,255.0,0.35294117647058826,1753601.0,64385.0,2313942.0,55790.0
Gare de Quimperlé,Gare de Nantes,Train Longue Distance Nuit,1.328939890014149,108.60628036749699,107.27734047748284,1,167.41495213078218,47.8693755,-3.552693,47.2174913,-1.542077,Gare de Quimperlé,Gare de Nantes,27.0,221.0,0.12217194570135746,503306.0,12469.0,17553626.0,327734.0
Gare de Quimperlé,Gare de Pontchâteau,Train Longue Distance Nuit,0.9511225361792215,82.45780894576437,81.50668640958514,1,119.81891360282458,47.8693755,-3.552693,47.4353376,-2.0885275,Gare de Quimperlé,Gare de Pontchâteau,17.0,221.0,0.07692307692307693,503306.0,12469.0,217942.0,11474.0
Gare de Quimperlé,Gare de Redon,Train Longue Distance Nuit,0.8901251627751793,74.81219110969543,73.92206594692026,1,112.13468918810523,47.8693755,-3.552693,47.6520047,-2.08777,Gare de Quimperlé,Gare de Redon,84.0,221.0,0.38009049773755654,503306.0,12469.0,1104562.0,9542.0
Gare de Quimperlé,Gare de Rennes,EuroNight,1.1296588417007754,88.12609031113773,86.99643146943696,1,142.3102597254693,47.8693755,-3.552693,48.1035178,-1.6727439,Gare de Quimperlé,Gare de Rennes,57.0,221.0,0.2579185520361991,503306.0,12469.0,15689647.0,230890.0
Gare de Quimperlé,Gare de Savenay,Train Longue Distance Nuit,1.05426937564697,82.45780894576437,81.4035395701174,1,132.8129724926896,47.8693755,-3.552693,47.3586008,-1.951011,Gare de Quimperlé,Gare de Savenay,17.0,221.0,0.07692307692307693,503306.0,12469.0,38477.0,9543.0
Gare de Rambouillet,Gare de Champagné,Train Longue Distance,1.0362661973986054,85.45089700896287,84.41463081156427,1,130.54499841252272,48.6437724,1.83154,48.0197494,0.3356649,Gare de Rambouillet,Gare de Champagné,6.0,84.0,0.07142857142857142,5579876.0,27724.0,203396.0,3666.0
Gare de Rambouillet,Gare de Connerré - Beillé,Train Longue Distance,0.9354591892659639,,,0,117.84570285537464,48.6437724,1.83154,48.0737072,0.4869016,Gare de Rambouillet,Gare de Connerré - Beillé,31.0,84.0,0.36904761904761907,5579876.0,27724.0,109988.0,2780.0
Gare de Rambouillet,Gare de La Ferté-Bernard,Train Longue Distance,0.806638544951642,,,0,101.61735260161778,48.6437724,1.83154,48.1865289,0.6393795,Gare de Rambouillet,Gare de La Ferté-Bernard,31.0,84.0,0.36904761904761907,5579876.0,27724.0,297050.0,8740.0
Gare de Rambouillet,Gare de Le Mans,Train Longue Distance,1.1191966346396398,85.45089700896287,84.33170037432323,1,140.99226941794404,48.6437724,1.83154,47.9956159,0.1926141,Gare de Rambouillet,Gare de Le Mans,31.0,84.0,0.36904761904761907,5579876.0,27724.0,5440432.0,146249.0
Gare de Rambouillet,Gare de Montfort-le-Gesnois,Train Longue Distance,0.9913015236280186,85.45089700896287,84.45959548533484,1,124.88051444041555,48.6437724,1.83154,48.0405728,0.4062319,Gare de Rambouillet,Gare de Montfort-le-Gesnois,6.0,84.0,0.07142857142857142,5579876.0,27724.0,19174.0,2939.0
Gare de Rambouillet,Gare de Saint-Mars-la-Brière,Train Longue Distance,1.0171590483502086,85.45089700896287,84.43373796061266,1,128.13795015749668,48.6437724,1.83154,48.0285279,0.3657048,Gare de Rambouillet,Gare de Saint-Mars-la-Brière,6.0,84.0,0.07142857142857142,5579876.0,27724.0,6668.0,2681.0
Gare de Rambouillet,Gare de Sceaux - Boëssé,Train Longue Distance,0.8699856754102807,,,0,109.59759075463349,48.6437724,1.83154,48.1222299,0.5722332,Gare de Rambouillet,Gare de Sceaux - Boëssé,6.0,84.0,0.07142857142857142,5579876.0,27724.0,7637.0,20884.0
Gare de Redon,Gare de Brest,Train Longue Distance,1.5545267763439776,78.81117426138718,77.2566474850432,1,195.8335571106044,47.6520047,-2.08777,48.3876203,-4.4803058,Gare de Redon,Gare de Brest,4.0,394.0,0.01015228426395939,1104562.0,9542.0,2777923.0,142346.0
Gare de Redon,Gare de Quimper,Train Longue Distance,1.225662304817016,103.98088346993596,102.75522116511894,1,154.40442237553742,47.6520047,-2.08777,47.9944564,-4.092103,Gare de Redon,Gare de Quimper,76.0,394.0,0.19289340101522842,1104562.0,9542.0,1753601.0,64385.0
Gare de Redon,Gare de Quimperlé,Train Longue Distance,0.8901251627751793,74.81219110969543,73.92206594692026,1,112.13468918810523,47.6520047,-2.08777,47.8693755,-3.552693,Gare de Redon,Gare de Quimperlé,70.0,394.0,0.17766497461928935,1104562.0,9542.0,503306.0,12469.0
Gare de Redon,Gare de Rosporden,Train Longue Distance,1.0696059859146008,81.86721976057164,80.79761377465704,1,134.74502216107342,47.6520047,-2.08777,47.9602252,-3.8327024,Gare de Redon,Gare de Rosporden,70.0,394.0,0.17766497461928935,1104562.0,9542.0,302899.0,7550.0
Gare de Rennes,Gare de Angers Saint-Laud,EuroNight,0.8695008347194606,67.19072013453248,66.32121929981302,1,109.53651231033768,48.1035178,-1.6727439,47.4646464,-0.5567748,Gare de Rennes,Gare de Angers Saint-Laud,44.0,1533.0,0.028701891715590344,15689647.0,230890.0,7116373.0,159022.0
Gare de Rennes,Gare de Audrieu,EuroNight,1.1655337075270273,99.40258921485902,98.23705550733199,1,146.82964317548848,48.1035178,-1.6727439,49.216131,-0.5960138,Gare de Rennes,Gare de Audrieu,1.0,1533.0,0.0006523157208088715,15689647.0,230890.0,28711.0,1167.0
Gare de Rennes,Gare de Auray,EuroNight,0.8695672679641346,,,0,109.54488132579172,48.1035178,-1.6727439,47.6800865,-2.9993628,Gare de Rennes,Gare de Auray,44.0,1533.0,0.028701891715590344,15689647.0,230890.0,1317309.0,14207.0
Gare de Rennes,Gare de Batz-sur-Mer,EuroNight,0.8698485046064848,,,0,109.58031048204646,48.1035178,-1.6727439,47.28086,-2.4788695,Gare de Rennes,Gare de Batz-sur-Mer,3.0,1533.0,0.0019569471624266144,15689647.0,230890.0,336887.0,2892.0
Gare de Rennes,Gare de Bayeux,EuroNight,1.1756308940591877,98.00225362261612,96.82662272855694,1,148.1016495413439,48.1035178,-1.6727439,49.2697288,-0.6980999,Gare de Rennes,Gare de Bayeux,9.0,1533.0,0.005870841487279843,15689647.0,230890.0,662073.0,12659.0
Gare de Rennes,Gare de Brest,EuroNight,1.6691342953878494,81.84306621242112,80.17393191703327,1,210.2713901975119,48.1035178,-1.6727439,48.3876203,-4.4803058,Gare de Rennes,Gare de Brest,42.0,1533.0,0.0273972602739726,15689647.0,230890.0,2777923.0,142346.0
Gare de Rennes,Gare de Bretteville - Norrey,EuroNight,1.1832006248041027,99.40258921485902,98.21938859005492,1,149.05525633712557,48.1035178,-1.6727439,49.2034122,-0.5127396,Gare de Rennes,Gare de Bretteville - Norrey,1.0,1533.0,0.0006523157208088715,15689647.0,230890.0,22271.0,1027.0
Gare de Rennes,Gare de Caen,EuroNight,1.2222857598934,99.40258921485902,98.18030345496562,1,153.97905768372388,48.1035178,-1.6727439,49.1763537,-0.347613,Gare de Rennes,Gare de Caen,9.0,1533.0,0.005870841487279843,15689647.0,230890.0,4255508.0,109400.0
Gare de Rennes,Gare de Conlie,EuroNight,0.9790990264352386,87.78568353827536,86.80658451184013,1,123.34328879254707,48.1035178,-1.6727439,48.1272219,-0.0116197,Gare de Rennes,Gare de Conlie,4.0,1533.0,0.002609262883235486,15689647.0,230890.0,68499.0,1833.0
Gare de Rennes,Gare de Coutances,EuroNight,0.8400886862700793,81.51127530433276,80.67118661806268,1,105.83127818973033,48.1035178,-1.6727439,49.042928,-1.4417261,Gare de Rennes,Gare de Coutances,9.0,1533.0,0.005870841487279843,15689647.0,230890.0,222446.0,8321.0
Gare de Rennes,Gare de Guingamp,EuroNight,0.9507894617727186,76.97508735739173,76.02429789561901,1,119.77695411598873,48.1035178,-1.6727439,48.555661,-3.143343,Gare de Rennes,Gare de Guingamp,42.0,1533.0,0.0273972602739726,15689647.0,230890.0,1070109.0,7111.0
Gare de Rennes,Gare de Hennebont,EuroNight,0.9907009549788334,84.45162352981112,83.46092257483228,1,124.80485701421433,48.1035178,-1.6727439,47.7991298,-3.2857957,Gare de Rennes,Gare de Hennebont,35.0,1533.0,0.0228310502283105,15689647.0,230890.0,192338.0,15910.0
Gare de Rennes,Gare de La Baule les Pins,EuroNight,0.8324862201092754,,,0,104.87354750683743,48.1035178,-1.6727439,47.2834533,-2.3648905,Gare de Rennes,Gare de La Baule les Pins,3.0,1533.0,0.0019569471624266144,15689647.0,230890.0,27557.0,75580.0
Gare de Rennes,Gare de La Baule-Escoublac,EuroNight,0.835899238333534,,,0,105.30350697071478,48.1035178,-1.6727439,47.2884613,-2.389211,Gare de Rennes,Gare de La Baule-Escoublac,3.0,1533.0,0.0019569471624266144,15689647.0,230890.0,27557.0,16912.0
Gare de Rennes,Gare de Landerneau,EuroNight,1.5488230300535268,119.30234883067666,117.75352580062314,1,195.11502016295373,48.1035178,-1.6727439,48.4535734,-4.256528,Gare de Rennes,Gare de Landerneau,42.0,1533.0,0.0273972602739726,15689647.0,230890.0,6837.0,16363.0
Gare de Rennes,Gare de Landivisiau,EuroNight,1.4564983930814457,119.30234883067666,117.84585043759522,1,183.48430247939604,48.1035178,-1.6727439,48.4960033,-4.082181,Gare de Rennes,Gare de Landivisiau,42.0,1533.0,0.0273972602739726,15689647.0,230890.0,253305.0,9426.0
Gare de Rennes,Gare de Le Croisic,EuroNight,0.8726795333224534,,,0,109.93695305145545,48.1035178,-1.6727439,47.2898903,-2.5073397,Gare de Rennes,Gare de Le Croisic,3.0,1533.0,0.0019569471624266144,15689647.0,230890.0,152113.0,4056.0
Gare de Rennes,Gare de Le Mans,EuroNight,1.1047412383189246,92.81686906767932,91.7121278293604,1,139.17123183659922,48.1035178,-1.6727439,47.9956159,0.1926141,Gare de Rennes,Gare de Le Mans,8.0,1533.0,0.005218525766470972,15689647.0,230890.0,5440432.0,146249.0
Gare de Rennes,Gare de Le Molay-Littry,EuroNight,1.1116555608454168,98.00225362261612,96.8905980617707,1,140.0422727192513,48.1035178,-1.6727439,49.2493264,-0.8809742,Gare de Rennes,Gare de Le Molay-Littry,1.0,1533.0,0.0006523157208088715,15689647.0,230890.0,56169.0,3124.0
Gare de Rennes,Gare de Le Pouliguen,EuroNight,0.8539487062757767,,,0,107.57731245600613,48.1035178,-1.6727439,47.2825083,-2.4331287,Gare de Rennes,Gare de Le Pouliguen,3.0,1533.0,0.0019569471624266144,15689647.0,230890.0,125948.0,4173.0
Gare de Rennes,Gare de Lison,EuroNight,1.0558063715037687,98.00225362261612,96.94644725111236,1,133.00659756913183,48.1035178,-1.6727439,49.2268337,-1.0503391,Gare de Rennes,Gare de Lison,9.0,1533.0,0.005870841487279843,15689647.0,230890.0,211039.0,451.0
Gare de Rennes,Gare de Lorient,EuroNight,1.0475606334388459,84.45162352981112,83.40406289637227,1,131.96782986128065,48.1035178,-1.6727439,47.7555982,-3.3662209,Gare de Rennes,Gare de Lorient,44.0,1533.0,0.028701891715590344,15689647.0,230890.0,,58329.0
Gare de Rennes,Gare de Morlaix,EuroNight,1.334505041897195,105.7670064820734,104.4325014401762,1,168.11602946550704,48.1035178,-1.6727439,48.5779705,-3.832514,Gare de Rennes,Gare de Morlaix,42.0,1533.0,0.0273972602739726,15689647.0,230890.0,850223.0,15194.0
Gare de Rennes,Gare de Plouaret Trégor,EuroNight,1.142146337494715,95.65578766145738,94.51364132396267,1,143.883388447306,48.1035178,-1.6727439,48.606423,-3.4669791,Gare de Rennes,Gare de Plouaret Trégor,30.0,1533.0,0.019569471624266144,15689647.0,230890.0,197837.0,2237.0
Gare de Rennes,Gare de Pornichet,EuroNight,0.8367846024045056,,,0,105.41504187509518,48.1035178,-1.6727439,47.2704262,-2.3448644,Gare de Rennes,Gare de Pornichet,3.0,1533.0,0.0019569471624266144,15689647.0,230890.0,230185.0,12800.0
Gare de Rennes,Gare de Quimper,EuroNight,1.4307430861735595,116.37361534920866,114.9428722630351,1,180.2397437860367,48.1035178,-1.6727439,47.9944564,-4.092103,Gare de Rennes,Gare de Quimper,44.0,1533.0,0.028701891715590344,15689647.0,230890.0,1753601.0,64385.0
Gare de Rennes,Gare de Quimperlé,EuroNight,1.1296588417007754,88.12609031113773,86.99643146943696,1,142.3102597254693,48.1035178,-1.6727439,47.8693755,-3.552693,Gare de Rennes,Gare de Quimperlé,44.0,1533.0,0.028701891715590344,15689647.0,230890.0,503306.0,12469.0
Gare de Rennes,Gare de Rosporden,EuroNight,1.2811381593121172,92.01744917605899,90.73631101674687,1,161.3930661768855,48.1035178,-1.6727439,47.9602252,-3.8327024,Gare de Rennes,Gare de Rosporden,44.0,1533.0,0.028701891715590344,15689647.0,230890.0,302899.0,7550.0
Gare de Rennes,Gare de Sablé-sur-Sarthe,EuroNight,0.819607733788409,,,0,103.25116323865069,48.1035178,-1.6727439,47.8417564,-0.3419969,Gare de Rennes,Gare de Sablé-sur-Sarthe,44.0,1533.0,0.028701891715590344,15689647.0,230890.0,662172.0,12326.0
Gare de Rennes,Gare de Saint-Lô,EuroNight,0.9550402129885804,98.00225362261612,97.04721340962755,1,120.31244809631903,48.1035178,-1.6727439,49.1169738,-1.0995247,Gare de Rennes,Gare de Saint-Lô,9.0,1533.0,0.005870841487279843,15689647.0,230890.0,299972.0,19471.0
Gare de Rennes,Gare de Sillé-le-Guillaume,EuroNight,0.9119091608012836,71.92940742844085,71.01749826763957,1,114.87895701704254,48.1035178,-1.6727439,48.1817965,-0.1288914,Gare de Rennes,Gare de Sillé-le-Guillaume,8.0,1533.0,0.005218525766470972,15689647.0,230890.0,115577.0,2195.0
Gare de Romilly-la-Puthenaye,Gare de Paris Saint-Lazare,Train Longue Distance,0.8599461107955174,69.08726750202936,68.22732139123384,1,108.33284338567869,49.0039198,0.854862,48.8762428,2.3253309,Gare de Romilly-la-Puthenaye,Gare de Paris Saint-Lazare,6.0,25.0,0.24,9003.0,336.0,114093491.0,2103778.0
Gare de Rosporden,Gare de Nantes,Train Longue Distance Nuit,1.51295436294143,117.78993020096833,116.2769758380269,1,190.59641760411063,47.9602252,-3.8327024,47.2174913,-1.542077,Gare de Rosporden,Gare de Nantes,27.0,218.0,0.12385321100917432,302899.0,7550.0,17553626.0,327734.0
Gare de Rosporden,Gare de Pontchâteau,Train Longue Distance Nuit,1.1349884949723188,91.19948937346693,90.06450087849461,1,142.98166981258743,47.9602252,-3.8327024,47.4353376,-2.0885275,Gare de Rosporden,Gare de Pontchâteau,17.0,218.0,0.0779816513761468,302899.0,7550.0,217942.0,11474.0
Gare de Rosporden,Gare de Questembert,Train Longue Distance Nuit,0.8554186952828676,65.11954072583198,64.26412203054912,1,107.76249625634512,47.9602252,-3.8327024,47.6830213,-2.4496212,Gare de Rosporden,Gare de Questembert,66.0,218.0,0.30275229357798167,302899.0,7550.0,350119.0,8133.0
Gare de Rosporden,Gare de Redon,Train Longue Distance Nuit,1.0696059859146008,81.86721976057164,80.79761377465704,1,134.74502216107342,47.9602252,-3.8327024,47.6520047,-2.08777,Gare de Rosporden,Gare de Redon,84.0,218.0,0.3853211009174312,302899.0,7550.0,1104562.0,9542.0
Gare de Rosporden,Gare de Rennes,EuroNight,1.2811381593121172,92.01744917605899,90.73631101674687,1,161.3930661768855,47.9602252,-3.8327024,48.1035178,-1.6727439,Gare de Rosporden,Gare de Rennes,57.0,218.0,0.26146788990825687,302899.0,7550.0,15689647.0,230890.0
Gare de Rosporden,Gare de Savenay,Train Longue Distance Nuit,1.2382746546826577,91.19948937346693,89.96121471878428,1,155.99327975342123,47.9602252,-3.8327024,47.3586008,-1.951011,Gare de Rosporden,Gare de Savenay,17.0,218.0,0.0779816513761468,302899.0,7550.0,38477.0,9543.0
Gare de Rouen Rive Droite,Gare de Achiet,EuroNight,1.1343111065344185,82.91861702890458,81.78430592237017,1,142.89633491237322,49.4486637,1.0941026,50.1319184,2.7801146,Gare de Rouen Rive Droite,Gare de Achiet,6.0,717.0,0.008368200836820083,7773267.0,117662.0,,75580.0
Gare de Rouen Rive Droite,Gare de Albert,EuroNight,1.0119149390106685,82.91861702890458,81.90670208989391,1,127.47731657982723,49.4486637,1.0941026,50.0053968,2.6444827,Gare de Rouen Rive Droite,Gare de Albert,10.0,717.0,0.01394700139470014,7773267.0,117662.0,684803.0,9521.0
Gare de Rouen Rive Droite,Gare de Amiens,EuroNight,0.795751092628672,65.78378695403553,64.98803586140686,1,100.24579146241774,49.4486637,1.0941026,49.8905865,2.3082788,Gare de Rouen Rive Droite,Gare de Amiens,18.0,717.0,0.02510460251046025,7773267.0,117662.0,7395165.0,136449.0
Gare de Rouen Rive Droite,Gare de Arras,EuroNight,1.2113332204302094,100.31160770113048,99.10027448070028,1,152.59929710635038,49.4486637,1.0941026,50.2868105,2.78016,Gare de Rouen Rive Droite,Gare de Arras,10.0,717.0,0.01394700139470014,7773267.0,117662.0,4773655.0,42875.0
Gare de Rouen Rive Droite,Gare de Caen,EuroNight,0.8637198905682811,77.4746292156044,76.61090932503612,1,108.80825026055443,49.4486637,1.0941026,49.1763537,-0.347613,Gare de Rouen Rive Droite,Gare de Caen,45.0,717.0,0.06276150627615062,7773267.0,117662.0,4255508.0,109400.0
Gare de Rouen Rive Droite,Gare de Corbie,EuroNight,0.9009120655068908,65.78378695403553,64.88287488852865,1,113.49358346017775,49.4486637,1.0941026,49.9116341,2.4999483,Gare de Rouen Rive Droite,Gare de Corbie,10.0,717.0,0.01394700139470014,7773267.0,117662.0,485815.0,5982.0
Gare de Rouen Rive Droite,Gare de Douai,EuroNight,1.396644608593653,107.51915358862121,106.12250898002756,1,175.9441431838817,49.4486637,1.0941026,50.3716757,3.0899613,Gare de Rouen Rive Droite,Gare de Douai,10.0,717.0,0.01394700139470014,7773267.0,117662.0,3472422.0,40250.0
Gare de Rouen Rive Droite,Gare de Lille Flandres,EuroNight,1.5341067589833348,79.90635910841995,78.37225234943661,1,193.26111854161437,49.4486637,1.0941026,50.6365763,3.0698721,Gare de Rouen Rive Droite,Gare de Lille Flandres,10.0,717.0,0.01394700139470014,7773267.0,117662.0,25331979.0,238246.0
Gare de Rouen Rive Droite,Gare de Paris Saint-Lazare,Train Longue Distance,0.8719390806582435,65.9354211543637,65.06348207370546,1,109.84367355231086,49.4486637,1.0941026,48.8762428,2.3253309,Gare de Rouen Rive Droite,Gare de Paris Saint-Lazare,144.0,717.0,0.200836820083682,7773267.0,117662.0,114093491.0,2103778.0
Gare de Sablé-sur-Sarthe,Gare de Batz-sur-Mer,EuroNight,1.3656108565993232,94.8629081983585,93.49729734175918,1,172.0346254219354,47.8417564,-0.3419969,47.28086,-2.4788695,Gare de Sablé-sur-Sarthe,Gare de Batz-sur-Mer,11.0,287.0,0.03832752613240418,662172.0,12326.0,336887.0,2892.0
Gare de Sablé-sur-Sarthe,Gare de La Baule les Pins,EuroNight,1.3016844166689288,94.8629081983585,93.56122378168956,1,163.98140799558186,47.8417564,-0.3419969,47.2834533,-2.3648905,Gare de Sablé-sur-Sarthe,Gare de La Baule les Pins,11.0,287.0,0.03832752613240418,662172.0,12326.0,27557.0,75580.0
Gare de Sablé-sur-Sarthe,Gare de La Baule-Escoublac,EuroNight,1.3133980086244628,94.8629081983585,93.54951018973404,1,165.45704316256774,47.8417564,-0.3419969,47.2884613,-2.389211,Gare de Sablé-sur-Sarthe,Gare de La Baule-Escoublac,11.0,287.0,0.03832752613240418,662172.0,12326.0,27557.0,16912.0
Gare de Sablé-sur-Sarthe,Gare de Le Croisic,EuroNight,1.3784868133818515,94.8629081983585,93.48442138497664,1,173.65669102820002,47.8417564,-0.3419969,47.2898903,-2.5073397,Gare de Sablé-sur-Sarthe,Gare de Le Croisic,11.0,287.0,0.03832752613240418,662172.0,12326.0,152113.0,4056.0
Gare de Sablé-sur-Sarthe,Gare de Le Pouliguen,EuroNight,1.3397043736657765,94.8629081983585,93.52320382469271,1,168.77102212972747,47.8417564,-0.3419969,47.2825083,-2.4331287,Gare de Sablé-sur-Sarthe,Gare de Le Pouliguen,11.0,287.0,0.03832752613240418,662172.0,12326.0,125948.0,4173.0
Gare de Sablé-sur-Sarthe,Gare de Nantes,EuroNight,0.902849690337899,69.13538004687385,68.23253035653595,1,113.73767829905505,47.8417564,-0.3419969,47.2174913,-1.542077,Gare de Sablé-sur-Sarthe,Gare de Nantes,103.0,287.0,0.3588850174216028,662172.0,12326.0,17553626.0,327734.0
Gare de Sablé-sur-Sarthe,Gare de Pornichet,EuroNight,1.2952231755103234,94.8629081983585,93.56768502284817,1,163.16744463470943,47.8417564,-0.3419969,47.2704262,-2.3448644,Gare de Sablé-sur-Sarthe,Gare de Pornichet,11.0,287.0,0.03832752613240418,662172.0,12326.0,230185.0,12800.0
Gare de Sablé-sur-Sarthe,Gare de Rennes,EuroNight,0.819607733788409,,,0,103.25116323865069,47.8417564,-0.3419969,48.1035178,-1.6727439,Gare de Sablé-sur-Sarthe,Gare de Rennes,38.0,287.0,0.13240418118466898,662172.0,12326.0,15689647.0,230890.0
Gare de Sablé-sur-Sarthe,Gare de Saint-Nazaire,EuroNight,1.2162820859912185,85.61379371172144,84.39751162573022,1,153.222736960345,47.8417564,-0.3419969,47.2864903,-2.211079,Gare de Sablé-sur-Sarthe,Gare de Saint-Nazaire,11.0,287.0,0.03832752613240418,662172.0,12326.0,1371500.0,74568.0
Gare de Sablé-sur-Sarthe,Gare de Savenay,EuroNight,1.0482927059797778,76.40575122047694,75.35745851449717,1,132.0600536633633,47.8417564,-0.3419969,47.3586008,-1.951011,Gare de Sablé-sur-Sarthe,Gare de Savenay,11.0,287.0,0.03832752613240418,662172.0,12326.0,38477.0,9543.0
Gare de Saint-Antoine-du-Rocher,Gare de Alençon,Train Longue Distance,0.8762802728023188,66.18049767939479,65.30421740659247,1,110.39056094763403,47.5036124,0.6163317,48.4338845,0.0985309,Gare de Saint-Antoine-du-Rocher,Gare de Alençon,3.0,17.0,0.17647058823529413,73217.0,1824.0,478757.0,25490.0
Gare de Saint-Brieuc,Gare de Brest,EuroNight,1.0098154144622453,74.26699844174611,73.25718302728387,1,127.21282621091527,48.5075822,-2.765,48.3876203,-4.4803058,Gare de Saint-Brieuc,Gare de Brest,42.0,216.0,0.19444444444444445,28711.0,44364.0,2777923.0,142346.0
Gare de Saint-Brieuc,Gare de Landerneau,EuroNight,0.873973916318008,,,0,110.10001465331419,48.5075822,-2.765,48.4535734,-4.256528,Gare de Saint-Brieuc,Gare de Landerneau,42.0,216.0,0.19444444444444445,28711.0,44364.0,6837.0,16363.0
Gare de Saint-Genouph,Gare de Ancenis,Train Longue Distance,1.0608629499942859,91.96712071558062,90.90625776558633,1,133.6436067012202,47.3710642,0.5969105,47.369337,-1.1777593,Gare de Saint-Genouph,Gare de Ancenis,2.0,38.0,0.05263157894736842,986.0,1019.0,1179679.0,75580.0
Gare de Saint-Genouph,Gare de Nantes,Train Longue Distance,1.2876240016564122,114.86952591399327,113.58190191233686,1,162.2101287045115,47.3710642,0.5969105,47.2174913,-1.542077,Gare de Saint-Genouph,Gare de Nantes,2.0,38.0,0.05263157894736842,986.0,1019.0,17553626.0,327734.0
Gare de Saint-Lô,Gare de Pontchaillou,EuroNight,0.9463870208434441,98.00225362261612,97.05586660177268,1,119.22235082431898,49.1169738,-1.0995247,48.1186426,-1.6911174,Gare de Saint-Lô,Gare de Pontchaillou,10.0,105.0,0.09523809523809523,299972.0,19471.0,405981.0,75580.0
Gare de Saint-Lô,Gare de Rennes,EuroNight,0.9550402129885804,98.00225362261612,97.04721340962755,1,120.31244809631903,49.1169738,-1.0995247,48.1035178,-1.6727439,Gare de Saint-Lô,Gare de Rennes,10.0,105.0,0.09523809523809523,299972.0,19471.0,15689647.0,230890.0
Gare de Saint-Mars-la-Brière,Gare de Maintenon,Train Longue Distance Nuit,0.8717936076042573,78.31052792752028,77.43873431991602,1,109.82534739282657,48.0285279,0.3657048,48.5854799,1.5920603,Gare de Saint-Mars-la-Brière,Gare de Maintenon,4.0,78.0,0.05128205128205128,6668.0,2681.0,1327025.0,4494.0
Gare de Saint-Mars-la-Brière,Gare de Paris Montparnasse Hall 1 - 2,Train Longue Distance Nuit,1.3508719130586453,111.65846911213804,110.3075971990794,1,170.1778676062793,48.0285279,0.3657048,48.8411711,2.3205138,Gare de Saint-Mars-la-Brière,Gare de Paris Montparnasse Hall 1 - 2,4.0,78.0,0.05128205128205128,6668.0,2681.0,68925312.0,2103778.0
Gare de Saint-Mars-la-Brière,Gare de Rambouillet,Train Longue Distance Nuit,1.0171590483502086,85.45089700896287,84.43373796061266,1,128.13795015749668,48.0285279,0.3657048,48.6437724,1.83154,Gare de Saint-Mars-la-Brière,Gare de Rambouillet,4.0,78.0,0.05128205128205128,6668.0,2681.0,5579876.0,27724.0
Gare de Saint-Mars-la-Brière,Gare de Versailles Chantiers,Train Longue Distance Nuit,1.238622609445913,107.7558885646408,106.51726595519489,1,156.03711381278822,48.0285279,0.3657048,48.795829,2.1358823,Gare de Saint-Mars-la-Brière,Gare de Versailles Chantiers,4.0,78.0,0.05128205128205128,6668.0,2681.0,24372929.0,84095.0
Gare de Saint-Mars-la-Brière,Gare de Épernon,Train Longue Distance Nuit,0.9249045599565631,85.45089700896287,84.52599244900631,1,116.51606953345465,48.0285279,0.3657048,48.6052007,1.681363,Gare de Saint-Mars-la-Brière,Gare de Épernon,4.0,78.0,0.05128205128205128,6668.0,2681.0,1574579.0,5715.0
Gare de Saint-Nazaire,Gare de Amboise,Train Longue Distance,1.9128220958131787,94.12341143989187,92.21058934407868,1,240.97028165950854,47.2864903,-2.211079,47.4214655,0.9817614,Gare de Saint-Nazaire,Gare de Amboise,7.0,266.0,0.02631578947368421,1371500.0,74568.0,855042.0,12937.0
Gare de Saint-Nazaire,Gare de Angers Saint-Laud,Train Longue Distance,1.0012360373365543,79.43518361720312,78.43394757986657,1,126.13202788316381,47.2864903,-2.211079,47.4646464,-0.5567748,Gare de Saint-Nazaire,Gare de Angers Saint-Laud,11.0,266.0,0.041353383458646614,1371500.0,74568.0,7116373.0,159022.0
Gare de Saint-Nazaire,Gare de Beaugency,Train Longue Distance,2.3272737319797248,114.59453890551384,112.26726517353411,1,293.1813721314846,47.2864903,-2.211079,47.7784038,1.6259389,Gare de Saint-Nazaire,Gare de Beaugency,7.0,266.0,0.02631578947368421,1371500.0,74568.0,531504.0,8024.0
Gare de Saint-Nazaire,Gare de Blois - Chambord,Train Longue Distance,2.1267035096377676,103.03861902197599,100.91191551233823,1,267.9142743307845,47.2864903,-2.211079,47.5854518,1.3237539,Gare de Saint-Nazaire,Gare de Blois - Chambord,7.0,266.0,0.02631578947368421,1371500.0,74568.0,203396.0,47219.0
Gare de Saint-Nazaire,Gare de Le Mans,Train Longue Distance,1.5604506352161307,76.61847757756745,75.05802694235132,1,196.57982303050272,47.2864903,-2.211079,47.9956159,0.1926141,Gare de Saint-Nazaire,Gare de Le Mans,2.0,266.0,0.007518796992481203,1371500.0,74568.0,5440432.0,146249.0
Gare de Saint-Nazaire,Gare de Mer,Train Longue Distance,2.247407438272703,114.59453890551384,112.34713146724114,1,283.12011064155996,47.2864903,-2.211079,47.7058923,1.5063578,Gare de Saint-Nazaire,Gare de Mer,7.0,266.0,0.02631578947368421,1371500.0,74568.0,336887.0,6250.0
Gare de Saint-Nazaire,Gare de Meung-sur-Loire,Train Longue Distance,2.3735488737406705,116.38769817874682,114.01414930500614,1,299.0109440338461,47.2864903,-2.211079,47.8299537,1.6919208,Gare de Saint-Nazaire,Gare de Meung-sur-Loire,7.0,266.0,0.02631578947368421,1371500.0,74568.0,466159.0,6670.0
Gare de Saint-Nazaire,Gare de Onzain - Chaumont-sur-Loire,Train Longue Distance,2.037995469414875,103.03861902197599,101.00062355256111,1,256.73916218378366,47.2864903,-2.211079,47.4920275,1.1860922,Gare de Saint-Nazaire,Gare de Onzain - Chaumont-sur-Loire,7.0,266.0,0.02631578947368421,1371500.0,74568.0,278696.0,75580.0
Gare de Saint-Nazaire,Gare de Orléans,Train Longue Distance,2.509828088188746,103.39218607371261,100.88235798552387,1,316.17889747905593,47.2864903,-2.211079,47.907891,1.9042468,Gare de Saint-Nazaire,Gare de Orléans,7.0,266.0,0.02631578947368421,1371500.0,74568.0,5221422.0,116357.0
Gare de Saint-Nazaire,Gare de Sablé-sur-Sarthe,Train Longue Distance,1.2162820859912185,85.61379371172144,84.39751162573022,1,153.222736960345,47.2864903,-2.211079,47.8417564,-0.3419969,Gare de Saint-Nazaire,Gare de Sablé-sur-Sarthe,2.0,266.0,0.007518796992481203,1371500.0,74568.0,662172.0,12326.0
Gare de Saint-Nazaire,Gare de Saint-Pierre-des-Corps,Train Longue Distance,1.7575212542958158,87.57704000741315,85.81951875311734,1,221.4060537031766,47.2864903,-2.211079,47.3861437,0.7235445,Gare de Saint-Nazaire,Gare de Saint-Pierre-des-Corps,7.0,266.0,0.02631578947368421,1371500.0,74568.0,4356356.0,15898.0
Gare de Saint-Nazaire,Gare de Saumur,Train Longue Distance,1.281376225240087,98.67115990558368,97.3897836803436,1,161.423056845564,47.2864903,-2.211079,47.2689958,-0.0714032,Gare de Saint-Nazaire,Gare de Saumur,9.0,266.0,0.03383458646616541,1371500.0,74568.0,966833.0,26241.0
Gare de Saint-Nazaire,Gare de Tours,Train Longue Distance,1.7392898802588597,87.57704000741315,85.83775012715428,1,219.109332358133,47.2864903,-2.211079,47.3898771,0.6928408,Gare de Saint-Nazaire,Gare de Tours,9.0,266.0,0.03383458646616541,1371500.0,74568.0,7013155.0,139259.0
Gare de Saint-Patrice,Gare de Ancenis,Train Longue Distance,0.8929232038609373,72.46031081947545,71.56738761561452,1,112.48717609737179,47.2856616,0.3096418,47.369337,-1.1777593,Gare de Saint-Patrice,Gare de Ancenis,2.0,38.0,0.05263157894736842,18215.0,75580.0,1179679.0,75580.0
Gare de Saint-Patrice,Gare de Nantes,Train Longue Distance,1.111035736337101,95.48866249250551,94.37762675616841,1,139.9641895108467,47.2856616,0.3096418,47.2174913,-1.542077,Gare de Saint-Patrice,Gare de Nantes,2.0,38.0,0.05263157894736842,18215.0,75580.0,17553626.0,327734.0
Gare de Saint-Piat,Gare de Champagné,Train Longue Distance,0.8697788778206406,79.4212658637817,78.55148698596106,1,109.57153915603938,48.5429525,1.5904886,48.0197494,0.3356649,Gare de Saint-Piat,Gare de Champagné,3.0,11.0,0.2727272727272727,186401.0,1120.0,203396.0,3666.0
Gare de Saint-Piat,Gare de Le Mans,Train Longue Distance,0.952825920220339,79.4212658637817,78.46843994356136,1,120.03349964982854,48.5429525,1.5904886,47.9956159,0.1926141,Gare de Saint-Piat,Gare de Le Mans,3.0,11.0,0.2727272727272727,186401.0,1120.0,5440432.0,146249.0
Gare de Saint-Piat,Gare de Montfort-le-Gesnois,Train Longue Distance,0.8248027903549762,79.4212658637817,78.59646307342672,1,103.90561732866921,48.5429525,1.5904886,48.0405728,0.4062319,Gare de Saint-Piat,Gare de Montfort-le-Gesnois,3.0,11.0,0.2727272727272727,186401.0,1120.0,19174.0,2939.0
Gare de Saint-Piat,Gare de Saint-Mars-la-Brière,Train Longue Distance,0.8506656971067844,79.4212658637817,78.57060016667491,1,107.16373105401668,48.5429525,1.5904886,48.0285279,0.3657048,Gare de Saint-Piat,Gare de Saint-Mars-la-Brière,3.0,11.0,0.2727272727272727,186401.0,1120.0,6668.0,2681.0
Gare de Saint-Pierre-des-Corps,Gare de Alençon,EuroNight,0.995985885221121,78.1836505084145,77.18766462319338,1,125.47063305884618,47.3861437,0.7235445,48.4338845,0.0985309,Gare de Saint-Pierre-des-Corps,Gare de Alençon,3.0,41.0,0.07317073170731707,4356356.0,15898.0,478757.0,25490.0
Gare de Saint-Pierre-des-Corps,Gare de Ancenis,Train Longue Distance,1.136491781914413,91.96712071558062,90.8306289336662,1,143.17104836412358,47.3861437,0.7235445,47.369337,-1.1777593,Gare de Saint-Pierre-des-Corps,Gare de Ancenis,16.0,41.0,0.3902439024390244,4356356.0,15898.0,1179679.0,75580.0
Gare de Saint-Pierre-des-Corps,Gare de Argentan,EuroNight,1.2728137130792434,97.44188740768026,96.16907369460101,1,160.34438310396112,47.3861437,0.7235445,48.7385458,-0.0252909,Gare de Saint-Pierre-des-Corps,Gare de Argentan,3.0,41.0,0.07317073170731707,4356356.0,15898.0,398579.0,13527.0
Gare de Saint-Pierre-des-Corps,Gare de Batz-sur-Mer,Train Longue Distance,1.9178284601515634,93.52763600767815,91.60980754752659,1,241.60096499767744,47.3861437,0.7235445,47.28086,-2.4788695,Gare de Saint-Pierre-des-Corps,Gare de Batz-sur-Mer,6.0,41.0,0.14634146341463414,4356356.0,15898.0,336887.0,2892.0
Gare de Saint-Pierre-des-Corps,Gare de Caen,EuroNight,1.7007681142818114,85.75764254988613,84.05687443560431,1,214.25650217709892,47.3861437,0.7235445,49.1763537,-0.347613,Gare de Saint-Pierre-des-Corps,Gare de Caen,3.0,41.0,0.07317073170731707,4356356.0,15898.0,4255508.0,109400.0
Gare de Saint-Pierre-des-Corps,Gare de La Baule les Pins,Train Longue Distance,1.8495833606671102,93.52763600767815,91.67805264701104,1,233.00369874869114,47.3861437,0.7235445,47.2834533,-2.3648905,Gare de Saint-Pierre-des-Corps,Gare de La Baule les Pins,6.0,41.0,0.14634146341463414,4356356.0,15898.0,27557.0,75580.0
Gare de Saint-Pierre-des-Corps,Gare de La Baule-Escoublac,Train Longue Distance,1.8638136990791563,93.52763600767815,91.663822308599,1,234.79638436371332,47.3861437,0.7235445,47.2884613,-2.389211,Gare de Saint-Pierre-des-Corps,Gare de La Baule-Escoublac,6.0,41.0,0.14634146341463414,4356356.0,15898.0,27557.0,16912.0
Gare de Saint-Pierre-des-Corps,Gare de Le Croisic,Train Longue Distance,1.9343047610996928,93.52763600767815,91.59333124657846,1,243.6765886998857,47.3861437,0.7235445,47.2898903,-2.5073397,Gare de Saint-Pierre-des-Corps,Gare de Le Croisic,6.0,41.0,0.14634146341463414,4356356.0,15898.0,152113.0,4056.0
Gare de Saint-Pierre-des-Corps,Gare de Le Pouliguen,Train Longue Distance,1.8904038742113056,93.52763600767815,91.63723213346685,1,238.14611668068855,47.3861437,0.7235445,47.2825083,-2.4331287,Gare de Saint-Pierre-des-Corps,Gare de Le Pouliguen,6.0,41.0,0.14634146341463414,4356356.0,15898.0,125948.0,4173.0
Gare de Saint-Pierre-des-Corps,Gare de Mézidon - Canon,EuroNight,1.5594145420949428,76.33525013798106,74.77583559588612,1,196.4492998355937,47.3861437,0.7235445,49.070913,-0.0749139,Gare de Saint-Pierre-des-Corps,Gare de Mézidon - Canon,3.0,41.0,0.07317073170731707,4356356.0,15898.0,,75580.0
Gare de Saint-Pierre-des-Corps,Gare de Nantes,Train Longue Distance,1.3642236406997554,114.86952591399327,113.50530227329352,1,171.8598690727835,47.3861437,0.7235445,47.2174913,-1.542077,Gare de Saint-Pierre-des-Corps,Gare de Nantes,16.0,41.0,0.3902439024390244,4356356.0,15898.0,17553626.0,327734.0
Gare de Saint-Pierre-des-Corps,Gare de Orléans,Train Longue Distance,0.8396481726321325,72.63287815410749,71.79322998147535,1,105.77578390427469,47.3861437,0.7235445,47.907891,1.9042468,Gare de Saint-Pierre-des-Corps,Gare de Orléans,15.0,41.0,0.36585365853658536,4356356.0,15898.0,5221422.0,116357.0
Gare de Saint-Pierre-des-Corps,Gare de Pornichet,Train Longue Distance,1.8384494988874256,93.52763600767815,91.68918650879073,1,231.60109585379507,47.3861437,0.7235445,47.2704262,-2.3448644,Gare de Saint-Pierre-des-Corps,Gare de Pornichet,6.0,41.0,0.14634146341463414,4356356.0,15898.0,230185.0,12800.0
Gare de Saint-Pierre-des-Corps,Gare de Saint-Nazaire,Train Longue Distance,1.7575212542958158,87.57704000741315,85.81951875311734,1,221.4060537031766,47.3861437,0.7235445,47.2864903,-2.211079,Gare de Saint-Pierre-des-Corps,Gare de Saint-Nazaire,6.0,41.0,0.14634146341463414,4356356.0,15898.0,1371500.0,74568.0
Gare de Saint-Pierre-des-Corps,Gare de Savenay,Train Longue Distance,1.59887034319875,83.0557448580134,81.45687451481464,1,201.4197963213341,47.3861437,0.7235445,47.3586008,-1.951011,Gare de Saint-Pierre-des-Corps,Gare de Savenay,6.0,41.0,0.14634146341463414,4356356.0,15898.0,38477.0,9543.0
Gare de Saint-Pierre-des-Corps,Gare de Surdon,EuroNight,1.1809594684912628,97.44188740768026,96.26092793918899,1,148.7729237202397,47.3861437,0.7235445,48.6647706,0.1344098,Gare de Saint-Pierre-des-Corps,Gare de Surdon,3.0,41.0,0.07317073170731707,4356356.0,15898.0,92366.0,75580.0
Gare de Saint-Pierre-des-Corps,Gare de Sées,EuroNight,1.1207966072120026,97.44188740768026,96.32109080046826,1,141.19382806903533,47.3861437,0.7235445,48.5999675,0.1664085,Gare de Saint-Pierre-des-Corps,Gare de Sées,3.0,41.0,0.07317073170731707,4356356.0,15898.0,103413.0,4168.0
Gare de Saint-Pierre-sur-Dives,Gare de Château-du-Loir,EuroNight,1.2123743235609352,103.61813504901735,102.40576072545642,1,152.7304514438064,49.0231056,-0.0405856,47.6833356,0.4149592,Gare de Saint-Pierre-sur-Dives,Gare de Château-du-Loir,12.0,92.0,0.13043478260869565,75554.0,85038.0,155829.0,229.0
Gare de Saint-Pierre-sur-Dives,Gare de La Guierche,EuroNight,0.8140122925016261,,,0,102.54627015641549,49.0231056,-0.0405856,48.1139412,0.1931078,Gare de Saint-Pierre-sur-Dives,Gare de La Guierche,7.0,92.0,0.07608695652173914,75554.0,85038.0,29815.0,1300.0
Gare de Saint-Pierre-sur-Dives,Gare de Le Mans,EuroNight,0.9171230219150385,78.73397934480339,77.81685632288836,1,115.53578003464834,49.0231056,-0.0405856,47.9956159,0.1926141,Gare de Saint-Pierre-sur-Dives,Gare de Le Mans,38.0,92.0,0.41304347826086957,75554.0,85038.0,5440432.0,146249.0
Gare de Saint-Pierre-sur-Dives,Gare de Neuville,EuroNight,0.8524761678886104,78.73397934480339,77.88150317691478,1,107.391807494156,49.0231056,-0.0405856,48.0704854,0.1996015,Gare de Saint-Pierre-sur-Dives,Gare de Neuville,7.0,92.0,0.07608695652173914,75554.0,85038.0,28711.0,373.0
Gare de Saint-Pierre-sur-Dives,Gare de Tours,EuroNight,1.5047496708623374,76.33525013798106,74.83050046711872,1,189.56282071835946,49.0231056,-0.0405856,47.3898771,0.6928408,Gare de Saint-Pierre-sur-Dives,Gare de Tours,12.0,92.0,0.13043478260869565,75554.0,85038.0,7013155.0,139259.0
Gare de Saint-Pierre-sur-Dives,Gare de Écommoy,EuroNight,1.0733586425277615,78.73397934480339,77.66062070227562,1,135.21776801811055,49.0231056,-0.0405856,47.8245481,0.2690699,Gare de Saint-Pierre-sur-Dives,Gare de Écommoy,12.0,92.0,0.13043478260869565,75554.0,85038.0,90899.0,4868.0
Gare de Sainte-Gauburge,Gare de Folligny,EuroNight,1.072253989528112,104.68179304108492,103.60953905155681,1,135.0786079022565,48.7172834,0.4281636,48.8299473,-1.407223,Gare de Sainte-Gauburge,Gare de Folligny,2.0,20.0,0.1,1370.0,75580.0,440344.0,1119.0
Gare de Sainte-Gauburge,Gare de Granville,EuroNight,1.1772798625115761,104.68179304108492,103.50451317857333,1,148.30938051292216,48.7172834,0.4281636,48.8383212,-1.5875472,Gare de Sainte-Gauburge,Gare de Granville,2.0,20.0,0.1,1370.0,75580.0,375919.0,12510.0
Gare de Sainte-Gauburge,Gare de Paris Montparnasse Hall 1 - 2,EuroNight,1.1060618788932763,72.72158947250028,71.61552759360701,1,139.3376012715138,48.7172834,0.4281636,48.8411711,2.3205138,Gare de Sainte-Gauburge,Gare de Paris Montparnasse Hall 1 - 2,10.0,20.0,0.5,1370.0,75580.0,68925312.0,2103778.0
Gare de Sainte-Gauburge,Gare de Paris Montparnasse Vaugirard,EuroNight,1.1060618788932763,72.72158947250028,71.61552759360701,1,139.3376012715138,48.7172834,0.4281636,48.8411711,2.3205138,Gare de Sainte-Gauburge,Gare de Paris Montparnasse Vaugirard,2.0,20.0,0.1,1370.0,75580.0,68925312.0,2103778.0
Gare de Sainte-Gauburge,Gare de Versailles Chantiers,EuroNight,0.9961257161903283,66.425137681289,65.42901196509867,1,125.4882484492729,48.7172834,0.4281636,48.795829,2.1358823,Gare de Sainte-Gauburge,Gare de Versailles Chantiers,5.0,20.0,0.25,1370.0,75580.0,24372929.0,84095.0
Gare de Sainte-Gauburge,Gare de Villedieu-les-Poêles,EuroNight,0.9673576392836348,97.22258822614461,96.25523058686097,1,121.86415208914524,48.7172834,0.4281636,48.8341501,-1.2254182,Gare de Sainte-Gauburge,Gare de Villedieu-les-Poêles,2.0,20.0,0.1,1370.0,75580.0,89813.0,535.0
Gare de Saumur,Gare de Batz-sur-Mer,Train Longue Distance,1.4417445230542316,108.0169586614439,106.57521413838967,1,181.62566427994855,47.2689958,-0.0714032,47.28086,-2.4788695,Gare de Saumur,Gare de Batz-sur-Mer,13.0,285.0,0.0456140350877193,966833.0,26241.0,336887.0,2892.0
Gare de Saumur,Gare de Beaugency,Train Longue Distance,1.1070875630089307,88.88163156119283,87.7745439981839,1,139.46681317824778,47.2689958,-0.0714032,47.7784038,1.6259389,Gare de Saumur,Gare de Beaugency,15.0,285.0,0.05263157894736842,966833.0,26241.0,531504.0,8024.0
Gare de Saumur,Gare de Blois - Chambord,Train Longue Distance,0.8786765451490853,67.50703991689785,66.62836337174876,1,110.69243451109666,47.2689958,-0.0714032,47.5854518,1.3237539,Gare de Saumur,Gare de Blois - Chambord,15.0,285.0,0.05263157894736842,966833.0,26241.0,203396.0,47219.0
Gare de Saumur,Gare de La Baule les Pins,Train Longue Distance,1.3734810522671361,108.0169586614439,106.64347760917676,1,173.02608368192696,47.2689958,-0.0714032,47.2834533,-2.3648905,Gare de Saumur,Gare de La Baule les Pins,13.0,285.0,0.0456140350877193,966833.0,26241.0,27557.0,75580.0
Gare de Saumur,Gare de La Baule-Escoublac,Train Longue Distance,1.3880253264727733,108.0169586614439,106.62893333497112,1,174.85831777182833,47.2689958,-0.0714032,47.2884613,-2.389211,Gare de Saumur,Gare de La Baule-Escoublac,13.0,285.0,0.0456140350877193,966833.0,26241.0,27557.0,16912.0
Gare de Saumur,Gare de La Roche-sur-Yon,Train Longue Distance,0.9760918328198422,73.13083549272511,72.15474365990526,1,122.96445361801993,47.2689958,-0.0714032,46.6720757,-1.4356603,Gare de Saumur,Gare de La Roche-sur-Yon,7.0,285.0,0.02456140350877193,966833.0,26241.0,1218501.0,54849.0
Gare de Saumur,Gare de Le Croisic,Train Longue Distance,1.4587465213955018,108.0169586614439,106.5582121400484,1,183.7675134033134,47.2689958,-0.0714032,47.2898903,-2.5073397,Gare de Saumur,Gare de Le Croisic,13.0,285.0,0.0456140350877193,966833.0,26241.0,152113.0,4056.0
Gare de Saumur,Gare de Le Pouliguen,Train Longue Distance,1.4143450739556962,108.0169586614439,106.6026135874882,1,178.1739826096871,47.2689958,-0.0714032,47.2825083,-2.4331287,Gare de Saumur,Gare de Le Pouliguen,13.0,285.0,0.0456140350877193,966833.0,26241.0,125948.0,4173.0
Gare de Saumur,Gare de Mer,Train Longue Distance,1.016998624337126,88.88163156119283,87.86463293685571,1,128.11774053125802,47.2689958,-0.0714032,47.7058923,1.5063578,Gare de Saumur,Gare de Mer,15.0,285.0,0.05263157894736842,966833.0,26241.0,336887.0,6250.0
Gare de Saumur,Gare de Meung-sur-Loire,Train Longue Distance,1.1613156095926214,93.13497724412979,91.97366163453717,1,146.29826273527604,47.2689958,-0.0714032,47.8299537,1.6919208,Gare de Saumur,Gare de Meung-sur-Loire,15.0,285.0,0.05263157894736842,966833.0,26241.0,466159.0,6670.0
Gare de Saumur,Gare de Nantes,Train Longue Distance,0.8824309598610194,72.85638875991556,71.97395780005454,1,111.16540184694121,47.2689958,-0.0714032,47.2174913,-1.542077,Gare de Saumur,Gare de Nantes,45.0,285.0,0.15789473684210525,966833.0,26241.0,17553626.0,327734.0
Gare de Saumur,Gare de Orléans,Train Longue Distance,1.3042881647389637,114.72339127392029,113.41910310918132,1,164.30941858641518,47.2689958,-0.0714032,47.907891,1.9042468,Gare de Saumur,Gare de Orléans,15.0,285.0,0.05263157894736842,966833.0,26241.0,5221422.0,116357.0
Gare de Saumur,Gare de Pornichet,Train Longue Distance,1.3615984680181628,108.0169586614439,106.65536019342574,1,171.5291594883047,47.2689958,-0.0714032,47.2704262,-2.3448644,Gare de Saumur,Gare de Pornichet,13.0,285.0,0.0456140350877193,966833.0,26241.0,230185.0,12800.0
Gare de Saumur,Gare de Saint-Nazaire,Train Longue Distance,1.281376225240087,98.67115990558368,97.3897836803436,1,161.423056845564,47.2689958,-0.0714032,47.2864903,-2.211079,Gare de Saumur,Gare de Saint-Nazaire,13.0,285.0,0.0456140350877193,966833.0,26241.0,1371500.0,74568.0
Gare de Saumur,Gare de Savenay,Train Longue Distance,1.127566566419028,92.43508676041264,91.30752019399361,1,142.04668259247015,47.2689958,-0.0714032,47.3586008,-1.951011,Gare de Saumur,Gare de Savenay,13.0,285.0,0.0456140350877193,966833.0,26241.0,38477.0,9543.0
Gare de Savenay,Gare de Amboise,Train Longue Distance,1.7533050555436387,89.82235620116829,88.06905114562466,1,220.87491251494566,47.3586008,-1.951011,47.4214655,0.9817614,Gare de Savenay,Gare de Amboise,7.0,490.0,0.014285714285714285,38477.0,9543.0,855042.0,12937.0
Gare de Savenay,Gare de Angers Saint-Laud,Train Longue Distance,0.8380416069029561,71.22979233142547,70.39175072452251,1,105.57339467157422,47.3586008,-1.951011,47.4646464,-0.5567748,Gare de Savenay,Gare de Angers Saint-Laud,11.0,490.0,0.022448979591836733,38477.0,9543.0,7116373.0,159022.0
Gare de Savenay,Gare de Beaugency,Train Longue Distance,2.162002585854671,109.52658479373505,107.36458220788039,1,272.3611219267663,47.3586008,-1.951011,47.7784038,1.6259389,Gare de Savenay,Gare de Beaugency,7.0,490.0,0.014285714285714285,38477.0,9543.0,531504.0,8024.0
Gare de Savenay,Gare de Blois - Chambord,Train Longue Distance,1.9639320561060944,98.37310467311144,96.40917261700535,1,247.40892619124398,47.3586008,-1.951011,47.5854518,1.3237539,Gare de Savenay,Gare de Blois - Chambord,7.0,490.0,0.014285714285714285,38477.0,9543.0,203396.0,47219.0
Gare de Savenay,Gare de Hennebont,Train Longue Distance,0.8847676763055837,72.85265199676722,71.96788432046164,1,111.45977277722142,47.3586008,-1.951011,47.7991298,-3.2857957,Gare de Savenay,Gare de Hennebont,20.0,490.0,0.04081632653061224,38477.0,9543.0,192338.0,15910.0
Gare de Savenay,Gare de Le Mans,Train Longue Distance,1.3924667408900118,112.77227129739754,111.37980455650752,1,175.4178307999511,47.3586008,-1.951011,47.9956159,0.1926141,Gare de Savenay,Gare de Le Mans,2.0,490.0,0.004081632653061225,38477.0,9543.0,5440432.0,146249.0
Gare de Savenay,Gare de Lorient,Train Longue Distance,0.9129113921153849,72.85265199676722,71.93974060465183,1,115.00521442622636,47.3586008,-1.951011,47.7555982,-3.3662209,Gare de Savenay,Gare de Lorient,20.0,490.0,0.04081632653061224,38477.0,9543.0,,58329.0
Gare de Savenay,Gare de Mer,Train Longue Distance,2.0829273701818294,109.52658479373505,107.44365742355322,1,262.3995175336142,47.3586008,-1.951011,47.7058923,1.5063578,Gare de Savenay,Gare de Mer,7.0,490.0,0.014285714285714285,38477.0,9543.0,336887.0,6250.0
Gare de Savenay,Gare de Meung-sur-Loire,Train Longue Distance,2.207777711240931,111.18902347839374,108.9812457671528,1,278.127703608079,47.3586008,-1.951011,47.8299537,1.6919208,Gare de Savenay,Gare de Meung-sur-Loire,7.0,490.0,0.014285714285714285,38477.0,9543.0,466159.0,6670.0
Gare de Savenay,Gare de Onzain - Chaumont-sur-Loire,Train Longue Distance,1.8769467612590427,98.37310467311144,96.49615791185239,1,236.45083916087714,47.3586008,-1.951011,47.4920275,1.1860922,Gare de Savenay,Gare de Onzain - Chaumont-sur-Loire,7.0,490.0,0.014285714285714285,38477.0,9543.0,278696.0,75580.0
Gare de Savenay,Gare de Orléans,Train Longue Distance,2.343550873460488,125.00586468533683,122.66231381187634,1,295.2319064576074,47.3586008,-1.951011,47.907891,1.9042468,Gare de Savenay,Gare de Orléans,7.0,490.0,0.014285714285714285,38477.0,9543.0,5221422.0,116357.0
Gare de Savenay,Gare de Quimper,Train Longue Distance,1.390689470482868,110.8284617591122,109.43777228862933,1,175.19393682071907,47.3586008,-1.951011,47.9944564,-4.092103,Gare de Savenay,Gare de Quimper,20.0,490.0,0.04081632653061224,38477.0,9543.0,1753601.0,64385.0
Gare de Savenay,Gare de Quimperlé,Train Longue Distance,1.05426937564697,82.45780894576437,81.4035395701174,1,132.8129724926896,47.3586008,-1.951011,47.8693755,-3.552693,Gare de Savenay,Gare de Quimperlé,20.0,490.0,0.04081632653061224,38477.0,9543.0,503306.0,12469.0
Gare de Savenay,Gare de Rosporden,Train Longue Distance,1.2382746546826577,91.19948937346693,89.96121471878428,1,155.99327975342123,47.3586008,-1.951011,47.9602252,-3.8327024,Gare de Savenay,Gare de Rosporden,20.0,490.0,0.04081632653061224,38477.0,9543.0,302899.0,7550.0
Gare de Savenay,Gare de Sablé-sur-Sarthe,Train Longue Distance,1.0482927059797778,76.40575122047694,75.35745851449717,1,132.0600536633633,47.3586008,-1.951011,47.8417564,-0.3419969,Gare de Savenay,Gare de Sablé-sur-Sarthe,2.0,490.0,0.004081632653061225,38477.0,9543.0,662172.0,12326.0
Gare de Savenay,Gare de Saint-Pierre-des-Corps,Train Longue Distance,1.59887034319875,83.0557448580134,81.45687451481464,1,201.4197963213341,47.3586008,-1.951011,47.3861437,0.7235445,Gare de Savenay,Gare de Saint-Pierre-des-Corps,7.0,490.0,0.014285714285714285,38477.0,9543.0,4356356.0,15898.0
Gare de Savenay,Gare de Saumur,Train Longue Distance,1.127566566419028,92.43508676041264,91.30752019399361,1,142.04668259247015,47.3586008,-1.951011,47.2689958,-0.0714032,Gare de Savenay,Gare de Saumur,9.0,490.0,0.018367346938775512,38477.0,9543.0,966833.0,26241.0
Gare de Savenay,Gare de Tours,Train Longue Distance,1.5805196388008618,83.0557448580134,81.47522521921253,1,199.10804217697932,47.3586008,-1.951011,47.3898771,0.6928408,Gare de Savenay,Gare de Tours,9.0,490.0,0.018367346938775512,38477.0,9543.0,7013155.0,139259.0
Gare de Savonnières,Gare de Ancenis,Train Longue Distance,1.02947287078849,91.26233828182302,90.23286541103452,1,129.6892001497216,47.3605776,0.5441793,47.369337,-1.1777593,Gare de Savonnières,Gare de Ancenis,2.0,40.0,0.05,2080.0,3392.0,1179679.0,75580.0
Gare de Savonnières,Gare de Nantes,Train Longue Distance,1.2553974305382032,112.19841572490976,110.94301829437156,1,158.15034398314478,47.3605776,0.5441793,47.2174913,-1.542077,Gare de Savonnières,Gare de Nantes,2.0,40.0,0.05,2080.0,3392.0,17553626.0,327734.0
Gare de Sceaux - Boëssé,Gare de Angers Maître École,Train Longue Distance,0.8738265951891818,75.2993347476271,74.42550815243791,1,110.08145568016904,48.1222299,0.5722332,47.466953,-0.5324366,Gare de Sceaux - Boëssé,Gare de Angers Maître École,2.0,78.0,0.02564102564102564,7637.0,20884.0,46045.0,159022.0
Gare de Sceaux - Boëssé,Gare de Angers Saint-Laud,Train Longue Distance,0.8860389833482906,75.2993347476271,74.41329576427881,1,111.61992735554178,48.1222299,0.5722332,47.4646464,-0.5567748,Gare de Sceaux - Boëssé,Gare de Angers Saint-Laud,2.0,78.0,0.02564102564102564,7637.0,20884.0,7116373.0,159022.0
Gare de Sceaux - Boëssé,Gare de Paris Montparnasse Hall 1 - 2,Train Longue Distance,1.2036974550154915,83.73542841073575,82.53173095572026,1,151.6373715061088,48.1222299,0.5722332,48.8411711,2.3205138,Gare de Sceaux - Boëssé,Gare de Paris Montparnasse Hall 1 - 2,4.0,78.0,0.05128205128205128,7637.0,20884.0,68925312.0,2103778.0
Gare de Sceaux - Boëssé,Gare de Rambouillet,Train Longue Distance,0.8699856754102807,,,0,109.59759075463349,48.1222299,0.5722332,48.6437724,1.83154,Gare de Sceaux - Boëssé,Gare de Rambouillet,4.0,78.0,0.05128205128205128,7637.0,20884.0,5579876.0,27724.0
Gare de Sceaux - Boëssé,Gare de Versailles Chantiers,Train Longue Distance,1.091399949759845,79.11207006501584,78.020670115256,1,137.49054544719638,48.1222299,0.5722332,48.795829,2.1358823,Gare de Sceaux - Boëssé,Gare de Versailles Chantiers,4.0,78.0,0.05128205128205128,7637.0,20884.0,24372929.0,84095.0
Gare de Serqueux,Gare de Achiet,EuroNight,0.832467011917965,,,0,104.87112772965041,49.6315502,1.5394027,50.1319184,2.7801146,Gare de Serqueux,Gare de Achiet,6.0,58.0,0.10344827586206896,80617.0,943.0,,75580.0
Gare de Serqueux,Gare de Arras,EuroNight,0.9115291196584936,,,0,114.83108083377346,49.6315502,1.5394027,50.2868105,2.78016,Gare de Serqueux,Gare de Arras,10.0,58.0,0.1724137931034483,80617.0,943.0,4773655.0,42875.0
Gare de Serqueux,Gare de Douai,EuroNight,1.0957078987365891,70.9716551610979,69.87594726236131,1,138.03324499075197,49.6315502,1.5394027,50.3716757,3.0899613,Gare de Serqueux,Gare de Douai,10.0,58.0,0.1724137931034483,80617.0,943.0,3472422.0,40250.0
Gare de Serqueux,Gare de Lille Flandres,EuroNight,1.2396074627912628,91.4343070430306,90.19469958023933,1,156.16118200948134,49.6315502,1.5394027,50.6365763,3.0698721,Gare de Serqueux,Gare de Lille Flandres,10.0,58.0,0.1724137931034483,80617.0,943.0,25331979.0,238246.0
Gare de Serquigny,Gare de Paris Saint-Lazare,Train Longue Distance Nuit,0.9523384115128559,88.05690063417974,87.10456222266689,1,119.97208509862132,49.107754,0.7192894,48.8762428,2.3253309,Gare de Serquigny,Gare de Paris Saint-Lazare,6.0,98.0,0.061224489795918366,440344.0,1754.0,114093491.0,2103778.0
Gare de Servon,Gare de Le Mans,EuroNight,0.9834977091350522,82.72012205968593,81.73662435055088,1,123.89741863631295,48.1122139,-1.4652101,47.9956159,0.1926141,Gare de Servon,Gare de Le Mans,4.0,188.0,0.02127659574468085,,3565.0,5440432.0,146249.0
Gare de Sillé-le-Guillaume,Gare de Cesson-Sévigné,EuroNight,0.8697432322874175,71.92940742844085,71.05966419615343,1,109.56704866306593,48.1817965,-0.1288914,48.1128111,-1.6021099,Gare de Sillé-le-Guillaume,Gare de Cesson-Sévigné,11.0,150.0,0.07333333333333333,115577.0,2195.0,207859.0,18761.0
Gare de Sillé-le-Guillaume,Gare de Noyal - Acigné,EuroNight,0.8256539786764467,,,0,104.01284689801547,48.1817965,-0.1288914,48.1187915,-1.5277647,Gare de Sillé-le-Guillaume,Gare de Noyal - Acigné,11.0,150.0,0.07333333333333333,115577.0,2195.0,332259.0,985.0
Gare de Sillé-le-Guillaume,Gare de Rennes,EuroNight,0.9119091608012836,71.92940742844085,71.01749826763957,1,114.87895701704254,48.1817965,-0.1288914,48.1035178,-1.6727439,Gare de Sillé-le-Guillaume,Gare de Rennes,11.0,150.0,0.07333333333333333,115577.0,2195.0,15689647.0,230890.0
Gare de Surdon,Gare de Château-du-Loir,EuroNight,0.8818764100002903,79.68648559438716,78.80460918438688,1,111.09554169819732,48.6647706,0.1344098,47.6833356,0.4149592,Gare de Surdon,Gare de Château-du-Loir,14.0,176.0,0.07954545454545454,92366.0,75580.0,155829.0,229.0
Gare de Surdon,Gare de Folligny,EuroNight,0.9090007571587007,74.66990487250939,73.7609041153507,1,114.51256703939288,48.6647706,0.1344098,48.8299473,-1.407223,Gare de Surdon,Gare de Folligny,12.0,176.0,0.06818181818181818,92366.0,75580.0,440344.0,1119.0
Gare de Surdon,Gare de Granville,EuroNight,1.0137344318540047,74.66990487250939,73.65617044065539,1,127.70652958604241,48.6647706,0.1344098,48.8383212,-1.5875472,Gare de Surdon,Gare de Granville,28.0,176.0,0.1590909090909091,92366.0,75580.0,375919.0,12510.0
Gare de Surdon,Gare de Paris Montparnasse Hall 1 - 2,EuroNight,1.2816442336274967,103.60464132574845,102.32299709212094,1,161.45681955498824,48.6647706,0.1344098,48.8411711,2.3205138,Gare de Surdon,Gare de Paris Montparnasse Hall 1 - 2,31.0,176.0,0.17613636363636365,92366.0,75580.0,68925312.0,2103778.0
Gare de Surdon,Gare de Paris Montparnasse Vaugirard,EuroNight,1.2816442336274967,103.60464132574845,102.32299709212094,1,161.45681955498824,48.6647706,0.1344098,48.8411711,2.3205138,Gare de Surdon,Gare de Paris Montparnasse Vaugirard,6.0,176.0,0.03409090909090909,92366.0,75580.0,68925312.0,2103778.0
Gare de Surdon,Gare de Tours,EuroNight,1.1725842894058263,97.44188740768026,96.26930311827442,1,147.71784950942632,48.6647706,0.1344098,47.3898771,0.6928408,Gare de Surdon,Gare de Tours,14.0,176.0,0.07954545454545454,92366.0,75580.0,7013155.0,139259.0
Gare de Surdon,Gare de Versailles Chantiers,EuroNight,1.1709703365758222,97.36497688065268,96.19400654407686,1,147.51452967697432,48.6647706,0.1344098,48.795829,2.1358823,Gare de Surdon,Gare de Versailles Chantiers,7.0,176.0,0.03977272727272727,92366.0,75580.0,24372929.0,84095.0
Gare de Surdon,Gare de Villedieu-les-Poêles,EuroNight,0.8053896632159232,66.32527497583553,65.5198853126196,1,101.46002308086712,48.6647706,0.1344098,48.8341501,-1.2254182,Gare de Surdon,Gare de Villedieu-les-Poêles,28.0,176.0,0.1590909090909091,92366.0,75580.0,89813.0,535.0
Gare de Sées,Gare de Château-du-Loir,EuroNight,0.8222155952009459,79.68648559438716,78.86426999918622,1,103.5796920132207,48.5999675,0.1664085,47.6833356,0.4149592,Gare de Sées,Gare de Château-du-Loir,14.0,101.0,0.13861386138613863,103413.0,4168.0,155829.0,229.0
Gare de Sées,Gare de Tours,EuroNight,1.1124393599752873,97.44188740768026,96.32944804770497,1,140.14101284647106,48.5999675,0.1664085,47.3898771,0.6928408,Gare de Sées,Gare de Tours,14.0,101.0,0.13861386138613863,103413.0,4168.0,7013155.0,139259.0
Gare de Teillé,Gare de Caen,EuroNight,0.9327580763929003,74.72385449426494,73.79109641787204,1,117.50542660530363,48.1813392,0.1914474,49.1763537,-0.347613,Gare de Teillé,Gare de Caen,4.0,81.0,0.04938271604938271,5316.0,1824.0,4255508.0,109400.0
Gare de Teillé,Gare de Mézidon - Canon,EuroNight,0.8004243909174049,,,0,100.83451636651611,48.1813392,0.1914474,49.070913,-0.0749139,Gare de Teillé,Gare de Mézidon - Canon,4.0,81.0,0.04938271604938271,5316.0,1824.0,,75580.0
Gare de Tiercé,Gare de Batz-sur-Mer,Train Longue Distance,1.2356633601263933,95.6056522248216,94.3699888646952,1,155.66431848405057,47.6175243,-0.4694093,47.28086,-2.4788695,Gare de Tiercé,Gare de Batz-sur-Mer,2.0,57.0,0.03508771929824561,120085.0,4589.0,336887.0,2892.0
Gare de Tiercé,Gare de La Baule les Pins,Train Longue Distance,1.1691400498128148,95.6056522248216,94.43651217500879,1,147.2839568925189,47.6175243,-0.4694093,47.2834533,-2.3648905,Gare de Tiercé,Gare de La Baule les Pins,2.0,57.0,0.03508771929824561,120085.0,4589.0,27557.0,75580.0
Gare de Tiercé,Gare de La Baule-Escoublac,Train Longue Distance,1.1820451823498488,95.6056522248216,94.42360704247174,1,148.9096979528658,47.6175243,-0.4694093,47.2884613,-2.389211,Gare de Tiercé,Gare de La Baule-Escoublac,2.0,57.0,0.03508771929824561,120085.0,4589.0,27557.0,16912.0
Gare de Tiercé,Gare de Le Croisic,Train Longue Distance,1.250194748538835,95.6056522248216,94.35545747628277,1,157.4949292691906,47.6175243,-0.4694093,47.2898903,-2.5073397,Gare de Tiercé,Gare de Le Croisic,2.0,57.0,0.03508771929824561,120085.0,4589.0,152113.0,4056.0
Gare de Tiercé,Gare de Le Pouliguen,Train Longue Distance,1.2088077863250997,95.6056522248216,94.3968444384965,1,152.28115222034515,47.6175243,-0.4694093,47.2825083,-2.4331287,Gare de Tiercé,Gare de Le Pouliguen,2.0,57.0,0.03508771929824561,120085.0,4589.0,125948.0,4173.0
Gare de Tiercé,Gare de Pornichet,Train Longue Distance,1.160693597519196,95.6056522248216,94.4449586273024,1,146.21990394547697,47.6175243,-0.4694093,47.2704262,-2.3448644,Gare de Tiercé,Gare de Pornichet,2.0,57.0,0.03508771929824561,120085.0,4589.0,230185.0,12800.0
Gare de Tiercé,Gare de Saint-Nazaire,Train Longue Distance,1.0797981991187993,86.1232792842572,85.0434810851384,1,136.02899963703692,47.6175243,-0.4694093,47.2864903,-2.211079,Gare de Tiercé,Gare de Saint-Nazaire,2.0,57.0,0.03508771929824561,120085.0,4589.0,1371500.0,74568.0
Gare de Tiercé,Gare de Savenay,Train Longue Distance,0.912767696783002,77.92742760301911,77.0146599062361,1,114.98711221756133,47.6175243,-0.4694093,47.3586008,-1.951011,Gare de Tiercé,Gare de Savenay,2.0,57.0,0.03508771929824561,120085.0,4589.0,38477.0,9543.0
Gare de Tours,Gare de Alençon,Train Longue Distance Nuit,0.9863020379964749,78.1836505084145,77.19734847041802,1,124.25069765639644,47.3898771,0.6928408,48.4338845,0.0985309,Gare de Tours,Gare de Alençon,24.0,283.0,0.08480565371024736,7013155.0,139259.0,478757.0,25490.0
Gare de Tours,Gare de Ancenis,Train Longue Distance,1.1181518776860295,91.96712071558062,90.84896883789459,1,140.8606547853401,47.3898771,0.6928408,47.369337,-1.1777593,Gare de Tours,Gare de Ancenis,38.0,283.0,0.13427561837455831,7013155.0,139259.0,1179679.0,75580.0
Gare de Tours,Gare de Argentan,EuroNight,1.2635328480220274,97.44188740768026,96.17835455965823,1,159.17521391056027,47.3898771,0.6928408,48.7385458,-0.0252909,Gare de Tours,Gare de Argentan,18.0,283.0,0.0636042402826855,7013155.0,139259.0,398579.0,13527.0
Gare de Tours,Gare de Batz-sur-Mer,Train Longue Distance,1.8995838741798827,93.52763600767815,91.62805213349827,1,239.302579261764,47.3898771,0.6928408,47.28086,-2.4788695,Gare de Tours,Gare de Batz-sur-Mer,13.0,283.0,0.045936395759717315,7013155.0,139259.0,336887.0,2892.0
Gare de Tours,Gare de Bressuire,Train Longue Distance,0.8642949733694811,,,0,108.8806970735048,47.3898771,0.6928408,46.8384051,-0.4961401,Gare de Tours,Gare de Bressuire,10.0,283.0,0.0353356890459364,7013155.0,139259.0,20062.0,19970.0
Gare de Tours,Gare de Caen,EuroNight,1.691100746604214,85.75764254988613,84.06654180328191,1,213.03864280728322,47.3898771,0.6928408,49.1763537,-0.347613,Gare de Tours,Gare de Caen,18.0,283.0,0.0636042402826855,7013155.0,139259.0,4255508.0,109400.0
Gare de Tours,Gare de Cerizay,Train Longue Distance,0.9607061167240176,78.76934799394465,77.80864187722064,1,121.02621777828391,47.3898771,0.6928408,46.8175516,-0.6673134,Gare de Tours,Gare de Cerizay,5.0,283.0,0.0176678445229682,7013155.0,139259.0,56169.0,4793.0
Gare de Tours,Gare de Chantonnay,Train Longue Distance,1.2188571909283605,96.23720122933466,95.0183440384063,1,153.5471391948048,47.3898771,0.6928408,46.6902585,-1.0542092,Gare de Tours,Gare de Chantonnay,5.0,283.0,0.0176678445229682,7013155.0,139259.0,16990.0,8557.0
Gare de Tours,Gare de La Baule les Pins,Train Longue Distance,1.8313438692996076,93.52763600767815,91.69629213837855,1,230.70595481224586,47.3898771,0.6928408,47.2834533,-2.3648905,Gare de Tours,Gare de La Baule les Pins,13.0,283.0,0.045936395759717315,7013155.0,139259.0,27557.0,75580.0
Gare de Tours,Gare de La Baule-Escoublac,Train Longue Distance,1.8455630084281847,93.52763600767815,91.68207299924997,1,232.4972295827897,47.3898771,0.6928408,47.2884613,-2.389211,Gare de Tours,Gare de La Baule-Escoublac,13.0,283.0,0.045936395759717315,7013155.0,139259.0,27557.0,16912.0
Gare de Tours,Gare de La Hutte Coulombiers,Train Longue Distance Nuit,0.8780849112377191,66.87812166483033,66.00003675359261,1,110.61790265025436,47.3898771,0.6928408,48.3032566,0.1054466,Gare de Tours,Gare de La Hutte Coulombiers,12.0,283.0,0.04240282685512368,7013155.0,139259.0,29337.0,75580.0
Gare de Tours,Gare de La Roche-sur-Yon,Train Longue Distance,1.4286600884281704,114.83235800194888,113.4036979135207,1,179.97733540289371,47.3898771,0.6928408,46.6720757,-1.4356603,Gare de Tours,Gare de La Roche-sur-Yon,5.0,283.0,0.0176678445229682,7013155.0,139259.0,1218501.0,54849.0
Gare de Tours,Gare de Le Croisic,Train Longue Distance,1.9160421898200932,93.52763600767815,91.61159381785806,1,241.3759372411304,47.3898771,0.6928408,47.2898903,-2.5073397,Gare de Tours,Gare de Le Croisic,13.0,283.0,0.045936395759717315,7013155.0,139259.0,152113.0,4056.0
Gare de Tours,Gare de Le Pouliguen,Train Longue Distance,1.872160218238013,93.52763600767815,91.65547578944015,1,235.84784810254635,47.3898771,0.6928408,47.2825083,-2.4331287,Gare de Tours,Gare de Le Pouliguen,13.0,283.0,0.045936395759717315,7013155.0,139259.0,125948.0,4173.0
Gare de Tours,Gare de Mézidon - Canon,EuroNight,1.550918728710645,76.33525013798106,74.78433140927042,1,195.37902856017195,47.3898771,0.6928408,49.070913,-0.0749139,Gare de Tours,Gare de Mézidon - Canon,18.0,283.0,0.0636042402826855,7013155.0,139259.0,,75580.0
Gare de Tours,Gare de Nantes,Train Longue Distance,1.3462799940103733,114.86952591399327,113.5232459199829,1,169.59939455912993,47.3898771,0.6928408,47.2174913,-1.542077,Gare de Tours,Gare de Nantes,38.0,283.0,0.13427561837455831,7013155.0,139259.0,17553626.0,327734.0
Gare de Tours,Gare de Orléans,Train Longue Distance,0.8531806335528818,72.63287815410749,71.7796975205546,1,107.48055348360818,47.3898771,0.6928408,47.907891,1.9042468,Gare de Tours,Gare de Orléans,15.0,283.0,0.053003533568904596,7013155.0,139259.0,5221422.0,116357.0
Gare de Tours,Gare de Pornichet,Train Longue Distance,1.8202363402865904,93.52763600767815,91.70739966739157,1,229.3066692222966,47.3898771,0.6928408,47.2704262,-2.3448644,Gare de Tours,Gare de Pornichet,13.0,283.0,0.045936395759717315,7013155.0,139259.0,230185.0,12800.0
Gare de Tours,Gare de Pouzauges,Train Longue Distance,1.0666698693987822,87.1935599316457,86.12689006224691,1,134.37514101773522,47.3898771,0.6928408,46.7524179,-0.8145972,Gare de Tours,Gare de Pouzauges,5.0,283.0,0.0176678445229682,7013155.0,139259.0,2187.0,5668.0
Gare de Tours,Gare de Saint-Nazaire,Train Longue Distance,1.7392898802588597,87.57704000741315,85.83775012715428,1,219.109332358133,47.3898771,0.6928408,47.2864903,-2.211079,Gare de Tours,Gare de Saint-Nazaire,13.0,283.0,0.045936395759717315,7013155.0,139259.0,1371500.0,74568.0
Gare de Tours,Gare de Saint-Pierre-sur-Dives,EuroNight,1.5047496708623374,76.33525013798106,74.83050046711872,1,189.56282071835946,47.3898771,0.6928408,49.0231056,-0.0405856,Gare de Tours,Gare de Saint-Pierre-sur-Dives,13.0,283.0,0.045936395759717315,7013155.0,139259.0,75554.0,85038.0
Gare de Tours,Gare de Savenay,Train Longue Distance,1.5805196388008618,83.0557448580134,81.47522521921253,1,199.10804217697932,47.3898771,0.6928408,47.3586008,-1.951011,Gare de Tours,Gare de Savenay,13.0,283.0,0.045936395759717315,7013155.0,139259.0,38477.0,9543.0
Gare de Tours,Gare de Surdon,EuroNight,1.1725842894058263,97.44188740768026,96.26930311827442,1,147.71784950942632,47.3898771,0.6928408,48.6647706,0.1344098,Gare de Tours,Gare de Surdon,16.0,283.0,0.05653710247349823,7013155.0,139259.0,92366.0,75580.0
Gare de Tours,Gare de Sées,EuroNight,1.1124393599752873,97.44188740768026,96.32944804770497,1,140.14101284647106,47.3898771,0.6928408,48.5999675,0.1664085,Gare de Tours,Gare de Sées,18.0,283.0,0.0636042402826855,7013155.0,139259.0,103413.0,4168.0
Gare de Tours,Gare de Vivoin - Beaumont,Train Longue Distance Nuit,0.8097296273040768,,,0,102.00675577022889,47.3898771,0.6928408,48.2301948,0.1448486,Gare de Tours,Gare de Vivoin - Beaumont,19.0,283.0,0.06713780918727916,7013155.0,139259.0,45002.0,892.0
Gare de Trouville - Deauville,Gare de Paris Saint-Lazare,Train Longue Distance,1.3632654790696725,110.25729935505007,108.8940338759804,1,171.7391634000595,49.3600056,0.0841671,48.8762428,2.3253309,Gare de Trouville - Deauville,Gare de Paris Saint-Lazare,50.0,163.0,0.3067484662576687,904015.0,75580.0,114093491.0,2103778.0
Gare de Valognes,Gare de Bernay,Train Longue Distance,1.2504551926907002,102.32094755985213,101.07049236716144,1,157.5277390640842,49.5054544,-1.4798601,49.0871158,0.5956878,Gare de Valognes,Gare de Bernay,11.0,139.0,0.07913669064748201,282866.0,6969.0,655294.0,9765.0
Gare de Valognes,Gare de Lisieux,Train Longue Distance,1.0363350334156511,83.75070371985288,82.71436868643723,1,130.5536701203894,49.5054544,-1.4798601,49.1382984,0.2311429,Gare de Valognes,Gare de Lisieux,14.0,139.0,0.10071942446043165,282866.0,6969.0,1232672.0,19645.0
Gare de Valognes,Gare de Mantes-la-Jolie,Train Longue Distance,1.8896232394182932,95.66344274698707,93.77381950756877,1,238.04777518497016,49.5054544,-1.4798601,48.9898402,1.70337,Gare de Valognes,Gare de Mantes-la-Jolie,5.0,139.0,0.03597122302158273,282866.0,6969.0,9911587.0,43526.0
Gare de Valognes,Gare de Paris Saint-Lazare,Train Longue Distance,2.263949123482191,118.2280768678421,115.96412774435991,1,285.20397121216814,49.5054544,-1.4798601,48.8762428,2.3253309,Gare de Valognes,Gare de Paris Saint-Lazare,51.0,139.0,0.3669064748201439,282866.0,6969.0,114093491.0,2103778.0
Gare de Valognes,Gare de Évreux Normandie,Train Longue Distance,1.5743066308343727,83.33587771433479,81.76157108350041,1,198.3253503192709,49.5054544,-1.4798601,49.0187469,1.1496289,Gare de Valognes,Gare de Évreux Normandie,11.0,139.0,0.07913669064748201,282866.0,6969.0,89813.0,49360.0
Gare de Vannes,Gare de Brest,Train Longue Distance,1.202867823930366,96.09237118414309,94.88950336021273,1,151.5328576379902,47.6651702,-2.75245,48.3876203,-4.4803058,Gare de Vannes,Gare de Brest,4.0,363.0,0.011019283746556474,2313942.0,55790.0,2777923.0,142346.0
Gare de Vannes,Gare de Nantes,Train Longue Distance Nuit,0.8235516203591688,67.16398281988076,66.34043119952159,1,103.7479995413415,47.6651702,-2.75245,47.2174913,-1.542077,Gare de Vannes,Gare de Nantes,33.0,363.0,0.09090909090909091,2313942.0,55790.0,17553626.0,327734.0
Gare de Vannes,Gare de Quimper,Train Longue Distance,0.8453519431104592,71.71495431993704,70.86960237682658,1,106.49432389902486,47.6651702,-2.75245,47.9944564,-4.092103,Gare de Vannes,Gare de Quimper,80.0,363.0,0.22038567493112948,2313942.0,55790.0,1753601.0,64385.0
Gare de Varades - Saint-Florent-le-Vieil,Gare de Le Mans,Train Longue Distance Nuit,0.9052697430209978,69.42926970147025,68.52399995844925,1,114.04254762169285,47.3745616,-1.01982,47.9956159,0.1926141,Gare de Varades - Saint-Florent-le-Vieil,Gare de Le Mans,4.0,114.0,0.03508771929824561,123919.0,75580.0,5440432.0,146249.0
Gare de Verneuil-sur-Avre,Gare de Flers,EuroNight,0.8744731114026402,68.3404405132149,67.46596740181226,1,110.16290141126734,48.7424865,0.9291927,48.7447856,-0.5732157,Gare de Verneuil-sur-Avre,Gare de Flers,33.0,93.0,0.3548387096774194,28711.0,836.0,155284.0,14432.0
Gare de Verneuil-sur-Avre,Gare de Folligny,EuroNight,1.3609082243219992,114.81243167090511,113.45152344658311,1,171.44220513000744,48.7424865,0.9291927,48.8299473,-1.407223,Gare de Verneuil-sur-Avre,Gare de Folligny,12.0,93.0,0.12903225806451613,28711.0,836.0,440344.0,1119.0
Gare de Verneuil-sur-Avre,Gare de Granville,EuroNight,1.4658936594457823,114.81243167090511,113.34653801145933,1,184.6678835280653,48.7424865,0.9291927,48.8383212,-1.5875472,Gare de Verneuil-sur-Avre,Gare de Granville,33.0,93.0,0.3548387096774194,28711.0,836.0,375919.0,12510.0
Gare de Verneuil-sur-Avre,Gare de Paris Montparnasse Hall 1 - 2,EuroNight,0.8137130022765513,65.13248513280868,64.31877213053212,1,102.50856667631031,48.7424865,0.9291927,48.8411711,2.3205138,Gare de Verneuil-sur-Avre,Gare de Paris Montparnasse Hall 1 - 2,36.0,93.0,0.3870967741935484,28711.0,836.0,68925312.0,2103778.0
Gare de Verneuil-sur-Avre,Gare de Paris Montparnasse Vaugirard,EuroNight,0.8137130022765513,65.13248513280868,64.31877213053212,1,102.50856667631031,48.7424865,0.9291927,48.8411711,2.3205138,Gare de Verneuil-sur-Avre,Gare de Paris Montparnasse Vaugirard,6.0,93.0,0.06451612903225806,28711.0,836.0,68925312.0,2103778.0
Gare de Verneuil-sur-Avre,Gare de Villedieu-les-Poêles,EuroNight,1.2555547044963802,105.91667892735097,104.6611242228546,1,158.17015677706982,48.7424865,0.9291927,48.8341501,-1.2254182,Gare de Verneuil-sur-Avre,Gare de Villedieu-les-Poêles,33.0,93.0,0.3548387096774194,28711.0,836.0,89813.0,535.0
Gare de Verneuil-sur-Avre,Gare de Vire,EuroNight,1.0576168985328793,68.3404405132149,67.28282361468202,1,133.2346810950969,48.7424865,0.9291927,48.8463297,-0.8828841,Gare de Verneuil-sur-Avre,Gare de Vire,33.0,93.0,0.3548387096774194,28711.0,836.0,100571.0,1225.0
Gare de Vernon - Giverny,Gare de Le Havre,Train Longue Distance,0.8558852969580292,81.1881654522936,80.33228015533557,1,107.82127701663255,49.0915726,1.4782972,49.4926229,0.1246437,Gare de Vernon - Giverny,Gare de Le Havre,2.0,155.0,0.012903225806451613,2046451.0,25290.0,2070670.0,166687.0
Gare de Versailles Chantiers,Gare de Argentan,EuroNight,1.258306794139806,97.36497688065268,96.10667008651286,1,158.51685489289568,48.795829,2.1358823,48.7385458,-0.0252909,Gare de Versailles Chantiers,Gare de Argentan,8.0,112.0,0.07142857142857142,24372929.0,84095.0,398579.0,13527.0
Gare de Versailles Chantiers,Gare de Briouze,EuroNight,1.4596575980430113,78.63773405408598,77.17807645604297,1,183.88228748337255,48.795829,2.1358823,48.7018635,-0.3682037,Gare de Versailles Chantiers,Gare de Briouze,4.0,112.0,0.03571428571428571,24372929.0,84095.0,45439.0,1512.0
Gare de Versailles Chantiers,Gare de Champagné,Train Longue Distance,1.2576732619867104,107.7558885646408,106.49821530265409,1,158.43704484589446,48.795829,2.1358823,48.0197494,0.3356649,Gare de Versailles Chantiers,Gare de Champagné,6.0,112.0,0.05357142857142857,24372929.0,84095.0,203396.0,3666.0
Gare de Versailles Chantiers,Gare de Condé-sur-Huisne,Train Longue Distance,0.8349368863063213,,,0,105.18227340719594,48.795829,2.1358823,48.383367,0.8488811,Gare de Versailles Chantiers,Gare de Condé-sur-Huisne,12.0,112.0,0.10714285714285714,24372929.0,84095.0,24049.0,226.0
Gare de Versailles Chantiers,Gare de Connerré - Beillé,Train Longue Distance,1.1570289436181276,84.58269625196182,83.42566730834369,1,145.75824434594705,48.795829,2.1358823,48.0737072,0.4869016,Gare de Versailles Chantiers,Gare de Connerré - Beillé,35.0,112.0,0.3125,24372929.0,84095.0,109988.0,2780.0
Gare de Versailles Chantiers,Gare de Flers,EuroNight,1.5765687320028305,78.63773405408598,77.06116532208316,1,198.61032149191615,48.795829,2.1358823,48.7447856,-0.5732157,Gare de Versailles Chantiers,Gare de Flers,4.0,112.0,0.03571428571428571,24372929.0,84095.0,155284.0,14432.0
Gare de Versailles Chantiers,Gare de Folligny,EuroNight,2.059474559247537,107.1370316296732,105.07755707042567,1,259.44501880165495,48.795829,2.1358823,48.8299473,-1.407223,Gare de Versailles Chantiers,Gare de Folligny,2.0,112.0,0.017857142857142856,24372929.0,84095.0,440344.0,1119.0
Gare de Versailles Chantiers,Gare de Granville,EuroNight,2.1641826631389582,107.1370316296732,104.97284896653424,1,272.63576003262256,48.795829,2.1358823,48.8383212,-1.5875472,Gare de Versailles Chantiers,Gare de Granville,4.0,112.0,0.03571428571428571,24372929.0,84095.0,375919.0,12510.0
Gare de Versailles Chantiers,Gare de L'Aigle,EuroNight,0.8820350943724375,66.425137681289,65.54310258691656,1,111.115532170879,48.795829,2.1358823,48.7662297,0.620014,Gare de Versailles Chantiers,Gare de L'Aigle,8.0,112.0,0.07142857142857142,24372929.0,84095.0,213643.0,7663.0
Gare de Versailles Chantiers,Gare de La Ferté-Bernard,Train Longue Distance,1.0273892887644345,79.11207006501584,78.0846807762514,1,129.42671816130442,48.795829,2.1358823,48.1865289,0.6393795,Gare de Versailles Chantiers,Gare de La Ferté-Bernard,35.0,112.0,0.3125,24372929.0,84095.0,297050.0,8740.0
Gare de Versailles Chantiers,Gare de Le Mans,Train Longue Distance,1.3400776637835188,107.7558885646408,106.41581090085728,1,168.81804784372875,48.795829,2.1358823,47.9956159,0.1926141,Gare de Versailles Chantiers,Gare de Le Mans,35.0,112.0,0.3125,24372929.0,84095.0,5440432.0,146249.0
Gare de Versailles Chantiers,Gare de Le Theil - La Rouge,Train Longue Distance,0.9630803354753295,79.11207006501584,78.14898972954052,1,121.32531311102663,48.795829,2.1358823,48.2672914,0.6943758,Gare de Versailles Chantiers,Gare de Le Theil - La Rouge,12.0,112.0,0.10714285714285714,24372929.0,84095.0,21145.0,387.0
Gare de Versailles Chantiers,Gare de Montfort-le-Gesnois,Train Longue Distance,1.2128386071510653,107.7558885646408,106.54304995748973,1,152.78894018028035,48.795829,2.1358823,48.0405728,0.4062319,Gare de Versailles Chantiers,Gare de Montfort-le-Gesnois,6.0,112.0,0.05357142857142857,24372929.0,84095.0,19174.0,2939.0
Gare de Versailles Chantiers,Gare de Nogent-le-Rotrou,Train Longue Distance,0.8784918360099951,79.11207006501584,78.23357822900584,1,110.66916553413898,48.795829,2.1358823,48.3257654,0.810313,Gare de Versailles Chantiers,Gare de Nogent-le-Rotrou,41.0,112.0,0.36607142857142855,24372929.0,84095.0,636642.0,9292.0
Gare de Versailles Chantiers,Gare de Saint-Mars-la-Brière,Train Longue Distance,1.238622609445913,107.7558885646408,106.51726595519489,1,156.03711381278822,48.795829,2.1358823,48.0285279,0.3657048,Gare de Versailles Chantiers,Gare de Saint-Mars-la-Brière,6.0,112.0,0.05357142857142857,24372929.0,84095.0,6668.0,2681.0
Gare de Versailles Chantiers,Gare de Sainte-Gauburge,EuroNight,0.9961257161903283,66.425137681289,65.42901196509867,1,125.4882484492729,48.795829,2.1358823,48.7172834,0.4281636,Gare de Versailles Chantiers,Gare de Sainte-Gauburge,2.0,112.0,0.017857142857142856,24372929.0,84095.0,1370.0,75580.0
Gare de Versailles Chantiers,Gare de Sceaux - Boëssé,Train Longue Distance,1.091399949759845,79.11207006501584,78.020670115256,1,137.49054544719638,48.795829,2.1358823,48.1222299,0.5722332,Gare de Versailles Chantiers,Gare de Sceaux - Boëssé,6.0,112.0,0.05357142857142857,24372929.0,84095.0,7637.0,20884.0
Gare de Versailles Chantiers,Gare de Surdon,EuroNight,1.1709703365758222,97.36497688065268,96.19400654407686,1,147.51452967697432,48.795829,2.1358823,48.6647706,0.1344098,Gare de Versailles Chantiers,Gare de Surdon,8.0,112.0,0.07142857142857142,24372929.0,84095.0,92366.0,75580.0
Gare de Versailles Chantiers,Gare de Villedieu-les-Poêles,EuroNight,1.9538178480859287,102.8048225833216,100.85100473523566,1,246.13477552102904,48.795829,2.1358823,48.8341501,-1.2254182,Gare de Versailles Chantiers,Gare de Villedieu-les-Poêles,4.0,112.0,0.03571428571428571,24372929.0,84095.0,89813.0,535.0
Gare de Versailles Chantiers,Gare de Vire,EuroNight,1.7548311448264604,78.63773405408598,76.88290290925953,1,221.06716362137317,48.795829,2.1358823,48.8463297,-0.8828841,Gare de Versailles Chantiers,Gare de Vire,4.0,112.0,0.03571428571428571,24372929.0,84095.0,100571.0,1225.0
Gare de Villedieu-les-Poêles,Gare de Dreux,EuroNight,1.512237095677111,81.8212942495238,80.3090571538467,1,190.50605891623974,48.8341501,-1.2254182,48.731493,1.3701634,Gare de Villedieu-les-Poêles,Gare de Dreux,32.0,84.0,0.38095238095238093,89813.0,535.0,28711.0,31543.0
Gare de Villedieu-les-Poêles,Gare de L'Aigle,EuroNight,1.0745816245165825,97.22258822614461,96.14800660162803,1,135.37183478414997,48.8341501,-1.2254182,48.7662297,0.620014,Gare de Villedieu-les-Poêles,Gare de L'Aigle,43.0,84.0,0.5119047619047619,89813.0,535.0,213643.0,7663.0
Gare de Villedieu-les-Poêles,Gare de Nonancourt,EuroNight,1.4067256827671881,79.09152962704562,77.68480394427843,1,177.21411977414817,48.8341501,-1.2254182,48.7757617,1.1928376,Gare de Villedieu-les-Poêles,Gare de Nonancourt,4.0,84.0,0.047619047619047616,89813.0,535.0,11803.0,2321.0
Gare de Villedieu-les-Poêles,Gare de Paris Montparnasse Hall 1 - 2,EuroNight,2.059887778998047,106.74871887826482,104.68883109926678,1,259.49707470370964,48.8341501,-1.2254182,48.8411711,2.3205138,Gare de Villedieu-les-Poêles,Gare de Paris Montparnasse Hall 1 - 2,31.0,84.0,0.36904761904761907,89813.0,535.0,68925312.0,2103778.0
Gare de Villedieu-les-Poêles,Gare de Paris Montparnasse Vaugirard,EuroNight,2.059887778998047,106.74871887826482,104.68883109926678,1,259.49707470370964,48.8341501,-1.2254182,48.8411711,2.3205138,Gare de Villedieu-les-Poêles,Gare de Paris Montparnasse Vaugirard,2.0,84.0,0.023809523809523808,89813.0,535.0,68925312.0,2103778.0
Gare de Villedieu-les-Poêles,Gare de Sainte-Gauburge,EuroNight,0.9673576392836348,97.22258822614461,96.25523058686097,1,121.86415208914524,48.8341501,-1.2254182,48.7172834,0.4281636,Gare de Villedieu-les-Poêles,Gare de Sainte-Gauburge,4.0,84.0,0.047619047619047616,89813.0,535.0,1370.0,75580.0
Gare de Villedieu-les-Poêles,Gare de Surdon,EuroNight,0.8053896632159232,66.32527497583553,65.5198853126196,1,101.46002308086712,48.8341501,-1.2254182,48.6647706,0.1344098,Gare de Villedieu-les-Poêles,Gare de Surdon,33.0,84.0,0.39285714285714285,89813.0,535.0,92366.0,75580.0
Gare de Villedieu-les-Poêles,Gare de Verneuil-sur-Avre,EuroNight,1.2555547044963802,105.91667892735097,104.6611242228546,1,158.17015677706982,48.8341501,-1.2254182,48.7424865,0.9291927,Gare de Villedieu-les-Poêles,Gare de Verneuil-sur-Avre,38.0,84.0,0.4523809523809524,89813.0,535.0,28711.0,836.0
Gare de Villedieu-les-Poêles,Gare de Versailles Chantiers,EuroNight,1.9538178480859287,102.8048225833216,100.85100473523566,1,246.13477552102904,48.8341501,-1.2254182,48.795829,2.1358823,Gare de Villedieu-les-Poêles,Gare de Versailles Chantiers,7.0,84.0,0.08333333333333333,89813.0,535.0,24372929.0,84095.0
Gare de Vire,Gare de Dreux,EuroNight,1.3140829640871166,92.04988226550782,90.7357993014207,1,165.5433313286869,48.8463297,-0.8828841,48.731493,1.3701634,Gare de Vire,Gare de Dreux,32.0,80.0,0.4,100571.0,1225.0,28711.0,31543.0
Gare de Vire,Gare de L'Aigle,EuroNight,0.8765206494342831,,,0,110.42084271029013,48.8463297,-0.8828841,48.7662297,0.620014,Gare de Vire,Gare de L'Aigle,43.0,80.0,0.5375,100571.0,1225.0,213643.0,7663.0
Gare de Vire,Gare de Nonancourt,EuroNight,1.2081327053560789,87.27666385975924,86.06853115440316,1,152.1961080065607,48.8463297,-0.8828841,48.7757617,1.1928376,Gare de Vire,Gare de Nonancourt,4.0,80.0,0.05,100571.0,1225.0,11803.0,2321.0
Gare de Vire,Gare de Paris Montparnasse Hall 1 - 2,EuroNight,1.8607061615320182,82.62908507008417,80.76837890855215,1,234.404908230287,48.8463297,-0.8828841,48.8411711,2.3205138,Gare de Vire,Gare de Paris Montparnasse Hall 1 - 2,31.0,80.0,0.3875,100571.0,1225.0,68925312.0,2103778.0
Gare de Vire,Gare de Paris Montparnasse Vaugirard,EuroNight,1.8607061615320182,82.62908507008417,80.76837890855215,1,234.404908230287,48.8463297,-0.8828841,48.8411711,2.3205138,Gare de Vire,Gare de Paris Montparnasse Vaugirard,2.0,80.0,0.025,100571.0,1225.0,68925312.0,2103778.0
Gare de Vire,Gare de Verneuil-sur-Avre,EuroNight,1.0576168985328793,68.3404405132149,67.28282361468202,1,133.2346810950969,48.8463297,-0.8828841,48.7424865,0.9291927,Gare de Vire,Gare de Verneuil-sur-Avre,38.0,80.0,0.475,100571.0,1225.0,28711.0,836.0
Gare de Vire,Gare de Versailles Chantiers,EuroNight,1.7548311448264604,78.63773405408598,76.88290290925953,1,221.06716362137317,48.8463297,-0.8828841,48.795829,2.1358823,Gare de Vire,Gare de Versailles Chantiers,7.0,80.0,0.0875,100571.0,1225.0,24372929.0,84095.0
Gare de Vitré,Gare de Batz-sur-Mer,EuroNight,1.0576393714811199,69.74506828903272,68.6874289175516,1,133.23751215433612,48.1226727,-1.2117541,47.28086,-2.4788695,Gare de Vitré,Gare de Batz-sur-Mer,3.0,282.0,0.010638297872340425,1197732.0,19365.0,336887.0,2892.0
Gare de Vitré,Gare de La Baule les Pins,EuroNight,1.0088869640965616,69.74506828903272,68.73618132493615,1,127.09586345383744,48.1226727,-1.2117541,47.2834533,-2.3648905,Gare de Vitré,Gare de La Baule les Pins,3.0,282.0,0.010638297872340425,1197732.0,19365.0,27557.0,75580.0
Gare de Vitré,Gare de La Baule-Escoublac,EuroNight,1.0155168891418198,69.74506828903272,68.7295513998909,1,127.9310769893953,48.1226727,-1.2117541,47.2884613,-2.389211,Gare de Vitré,Gare de La Baule-Escoublac,3.0,282.0,0.010638297872340425,1197732.0,19365.0,27557.0,16912.0
Gare de Vitré,Gare de Le Croisic,EuroNight,1.0641709676964952,69.74506828903272,68.68089732133622,1,134.0603385861042,48.1226727,-1.2117541,47.2898903,-2.5073397,Gare de Vitré,Gare de Le Croisic,3.0,282.0,0.010638297872340425,1197732.0,19365.0,152113.0,4056.0
Gare de Vitré,Gare de Le Mans,EuroNight,0.8360381698193572,74.30400441847063,73.46796624865127,1,105.32100904753807,48.1226727,-1.2117541,47.9956159,0.1926141,Gare de Vitré,Gare de Le Mans,8.0,282.0,0.028368794326241134,1197732.0,19365.0,5440432.0,146249.0
Gare de Vitré,Gare de Le Pouliguen,EuroNight,1.037431724023293,69.74506828903272,68.70763656500942,1,130.6918271634282,48.1226727,-1.2117541,47.2825083,-2.4331287,Gare de Vitré,Gare de Le Pouliguen,3.0,282.0,0.010638297872340425,1197732.0,19365.0,125948.0,4173.0
Gare de Vitré,Gare de Nantes,EuroNight,0.8227405127459152,,,0,103.64581919197722,48.1226727,-1.2117541,47.2174913,-1.542077,Gare de Vitré,Gare de Nantes,44.0,282.0,0.15602836879432624,1197732.0,19365.0,17553626.0,327734.0
Gare de Vitré,Gare de Pornichet,EuroNight,1.0094450075098356,69.74506828903272,68.73562328152288,1,127.16616370746227,48.1226727,-1.2117541,47.2704262,-2.3448644,Gare de Vitré,Gare de Pornichet,3.0,282.0,0.010638297872340425,1197732.0,19365.0,230185.0,12800.0
Gare de Vitré,Gare de Saint-Nazaire,EuroNight,0.9471342790842712,,,0,119.31648766493717,48.1226727,-1.2117541,47.2864903,-2.211079,Gare de Vitré,Gare de Saint-Nazaire,3.0,282.0,0.010638297872340425,1197732.0,19365.0,1371500.0,74568.0
Gare de Vitré,Gare de Savenay,EuroNight,0.804599877679931,,,0,101.36052880825535,48.1226727,-1.2117541,47.3586008,-1.951011,Gare de Vitré,Gare de Savenay,3.0,282.0,0.010638297872340425,1197732.0,19365.0,38477.0,9543.0
Gare de Vivoin - Beaumont,Gare de Caen,EuroNight,0.8830326083787583,74.72385449426494,73.84082188588619,1,111.24119531100507,48.2301948,0.1448486,49.1763537,-0.347613,Gare de Vivoin - Beaumont,Gare de Caen,32.0,137.0,0.23357664233576642,45002.0,892.0,4255508.0,109400.0
Gare de Vivoin - Beaumont,Gare de Tours,EuroNight,0.8097296273040768,,,0,102.00675577022889,48.2301948,0.1448486,47.3898771,0.6928408,Gare de Vivoin - Beaumont,Gare de Tours,12.0,137.0,0.08759124087591241,45002.0,892.0,7013155.0,139259.0
Gare de Yvetot,Gare de Paris Saint-Lazare,Train Longue Distance Nuit,1.121189570229116,92.9418973912768,91.82070782104768,1,141.24333210243333,49.6221158,0.7501387,48.8762428,2.3253309,Gare de Yvetot,Gare de Paris Saint-Lazare,64.0,276.0,0.2318840579710145,1115168.0,11438.0,114093491.0,2103778.0
Gare de Écommoy,Gare de Argentan,EuroNight,0.8250726476752209,,,0,103.93961295984138,47.8245481,0.2690699,48.7385458,-0.0252909,Gare de Écommoy,Gare de Argentan,16.0,140.0,0.11428571428571428,90899.0,4868.0,398579.0,13527.0
Gare de Écommoy,Gare de Caen,EuroNight,1.2465011663828733,92.93328812467955,91.68678695829668,1,157.02962539466785,47.8245481,0.2690699,49.1763537,-0.347613,Gare de Écommoy,Gare de Caen,16.0,140.0,0.11428571428571428,90899.0,4868.0,4255508.0,109400.0
Gare de Écommoy,Gare de Mézidon - Canon,EuroNight,1.11840174953913,78.73397934480339,77.61557759526426,1,140.89213272097885,47.8245481,0.2690699,49.070913,-0.0749139,Gare de Écommoy,Gare de Mézidon - Canon,16.0,140.0,0.11428571428571428,90899.0,4868.0,,75580.0
Gare de Écommoy,Gare de Saint-Pierre-sur-Dives,EuroNight,1.0733586425277615,78.73397934480339,77.66062070227562,1,135.21776801811055,47.8245481,0.2690699,49.0231056,-0.0405856,Gare de Écommoy,Gare de Saint-Pierre-sur-Dives,13.0,140.0,0.09285714285714286,90899.0,4868.0,75554.0,85038.0
Gare de Épernon,Gare de Champagné,Train Longue Distance,0.9439524211580415,85.45089700896287,84.50694458780482,1,118.91564892391554,48.6052007,1.681363,48.0197494,0.3356649,Gare de Épernon,Gare de Champagné,6.0,88.0,0.06818181818181818,1574579.0,5715.0,203396.0,3666.0
Gare de Épernon,Gare de Connerré - Beillé,Train Longue Distance,0.8433272489764103,,,0,106.23926039007435,48.6052007,1.681363,48.0737072,0.4869016,Gare de Épernon,Gare de Connerré - Beillé,35.0,88.0,0.3977272727272727,1574579.0,5715.0,109988.0,2780.0
Gare de Épernon,Gare de Le Mans,Train Longue Distance,1.0264444422689325,85.45089700896287,84.42445256669393,1,129.30768988018804,48.6052007,1.681363,47.9956159,0.1926141,Gare de Épernon,Gare de Le Mans,35.0,88.0,0.3977272727272727,1574579.0,5715.0,5440432.0,146249.0
Gare de Épernon,Gare de Montfort-le-Gesnois,Train Longue Distance,0.8991293719092364,85.45089700896287,84.55176763705363,1,113.26900628738174,48.6052007,1.681363,48.0405728,0.4062319,Gare de Épernon,Gare de Montfort-le-Gesnois,6.0,88.0,0.06818181818181818,1574579.0,5715.0,19174.0,2939.0
Gare de Épernon,Gare de Saint-Mars-la-Brière,Train Longue Distance,0.9249045599565631,85.45089700896287,84.52599244900631,1,116.51606953345465,48.6052007,1.681363,48.0285279,0.3657048,Gare de Épernon,Gare de Saint-Mars-la-Brière,6.0,88.0,0.06818181818181818,1574579.0,5715.0,6668.0,2681.0
Gare de Étriché - Châteauneuf,Gare de Batz-sur-Mer,Train Longue Distance,1.248919093314343,95.6056522248216,94.35673313150726,1,157.3342269229457,47.6567338,-0.460868,47.28086,-2.4788695,Gare de Étriché - Châteauneuf,Gare de Batz-sur-Mer,2.0,57.0,0.03508771929824561,28711.0,1600.0,336887.0,2892.0
Gare de Étriché - Châteauneuf,Gare de La Baule les Pins,Train Longue Distance,1.1828314370658228,95.6056522248216,94.42282078775577,1,149.00874742577764,47.6567338,-0.460868,47.2834533,-2.3648905,Gare de Étriché - Châteauneuf,Gare de La Baule les Pins,2.0,57.0,0.03508771929824561,28711.0,1600.0,27557.0,75580.0
Gare de Étriché - Châteauneuf,Gare de La Baule-Escoublac,Train Longue Distance,1.1955118818098789,95.6056522248216,94.41014034301172,1,150.60618314561336,47.6567338,-0.460868,47.2884613,-2.389211,Gare de Étriché - Châteauneuf,Gare de La Baule-Escoublac,2.0,57.0,0.03508771929824561,28711.0,1600.0,27557.0,16912.0
Gare de Étriché - Châteauneuf,Gare de Le Croisic,Train Longue Distance,1.2631351933842712,95.6056522248216,94.34251703143732,1,159.12511884407547,47.6567338,-0.460868,47.2898903,-2.5073397,Gare de Étriché - Châteauneuf,Gare de Le Croisic,2.0,57.0,0.03508771929824561,28711.0,1600.0,152113.0,4056.0
Gare de Étriché - Châteauneuf,Gare de Le Pouliguen,Train Longue Distance,1.2222195223819887,95.6056522248216,94.3834327024396,1,153.9707133260253,47.6567338,-0.460868,47.2825083,-2.4331287,Gare de Étriché - Châteauneuf,Gare de Le Pouliguen,2.0,57.0,0.03508771929824561,28711.0,1600.0,125948.0,4173.0
Gare de Étriché - Châteauneuf,Gare de Pornichet,Train Longue Distance,1.1747801208044701,95.6056522248216,94.43087210401713,1,147.99447226057828,47.6567338,-0.460868,47.2704262,-2.3448644,Gare de Étriché - Châteauneuf,Gare de Pornichet,2.0,57.0,0.03508771929824561,28711.0,1600.0,230185.0,12800.0
Gare de Étriché - Châteauneuf,Gare de Saint-Nazaire,Train Longue Distance,1.0941635512306531,86.1232792842572,85.02911573302654,1,137.83869378063153,47.6567338,-0.460868,47.2864903,-2.211079,Gare de Étriché - Châteauneuf,Gare de Saint-Nazaire,2.0,57.0,0.03508771929824561,28711.0,1600.0,1371500.0,74568.0
Gare de Étriché - Châteauneuf,Gare de Savenay,Train Longue Distance,0.9266065044000197,77.92742760301911,77.0008210986191,1,116.73047422524814,47.6567338,-0.460868,47.3586008,-1.951011,Gare de Étriché - Châteauneuf,Gare de Savenay,2.0,57.0,0.03508771929824561,28711.0,1600.0,38477.0,9543.0
Gare de Évreux Normandie,Gare de Bayeux,Train Longue Distance Nuit,1.089609149620888,96.73326473676977,95.64365558714888,1,137.26494704218797,49.0187469,1.1496289,49.2697288,-0.6980999,Gare de Évreux Normandie,Gare de Bayeux,12.0,264.0,0.045454545454545456,89813.0,49360.0,662073.0,12659.0
Gare de Évreux Normandie,Gare de Caen,Train Longue Distance Nuit,0.8764200613415779,78.92500174238026,78.04858168103868,1,110.40817099289215,49.0187469,1.1496289,49.1763537,-0.347613,Gare de Évreux Normandie,Gare de Caen,37.0,264.0,0.14015151515151514,89813.0,49360.0,4255508.0,109400.0
Gare de Évreux Normandie,Gare de Carentan,Train Longue Distance Nuit,1.4046130633853027,80.38703614317944,78.98242307979415,1,176.94797976635206,49.0187469,1.1496289,49.302483,-1.2449382,Gare de Évreux Normandie,Gare de Carentan,12.0,264.0,0.045454545454545456,89813.0,49360.0,227651.0,75580.0
Gare de Évreux Normandie,Gare de Cherbourg,Train Longue Distance Nuit,1.6838678988484321,83.33587771433479,81.65200981548635,1,212.12747528954802,49.0187469,1.1496289,49.6335183,-1.6214867,Gare de Évreux Normandie,Gare de Cherbourg,12.0,264.0,0.045454545454545456,89813.0,49360.0,,75580.0
Gare de Évreux Normandie,Gare de Frénouville - Cagny,Train Longue Distance Nuit,0.8223308410429581,66.34130240283702,65.51897156179406,1,103.59421025988387,49.0187469,1.1496289,49.1411537,-0.26041,Gare de Évreux Normandie,Gare de Frénouville - Cagny,2.0,264.0,0.007575757575757576,89813.0,49360.0,25986.0,2050.0
Gare de Évreux Normandie,Gare de Lison,Train Longue Distance Nuit,1.2839717804261244,96.73326473676977,95.44929295634364,1,161.75003532705017,49.0187469,1.1496289,49.2268337,-1.0503391,Gare de Évreux Normandie,Gare de Lison,12.0,264.0,0.045454545454545456,89813.0,49360.0,211039.0,451.0
Gare de Évreux Normandie,Gare de Valognes,Train Longue Distance Nuit,1.5743066308343727,83.33587771433479,81.76157108350041,1,198.3253503192709,49.0187469,1.1496289,49.5054544,-1.4798601,Gare de Évreux Normandie,Gare de Valognes,12.0,264.0,0.045454545454545456,89813.0,49360.0,282866.0,6969.0
Gdynia Gł.,Praha hl.n.,InterCity,54.44606701535311,138.58355628079153,84.13748926543842,1,566.3324285438963,54.52084,18.52956,50.08321,14.43531,Gdynia Gł.,Praha hl.n.,,,,,257000.0,,
Gdynia Gł.,Zakopane,InterCity,56.5759770160649,142.1962797286109,85.620302712546,1,588.4871436483481,54.52084,18.52956,49.30245,19.96219,Gdynia Gł.,Zakopane,,,,,257000.0,,27266.0
Geisingen Bahnhof,Blaubeuren,Train Longue Distance,5.73896087421131,71.69443648770864,65.95547561349733,1,100.1039747812892,47.9214268,8.6523841,48.4038261,9.7919599,Geisingen Bahnhof,Blaubeuren,42.0,176.0,0.23863636363636365,,,28711.0,
Geisingen Bahnhof,Blaustein,Train Longue Distance,6.237750885994159,73.57205037624536,67.3342994902512,1,108.80430640143308,47.9214268,8.6523841,48.4142257,9.919898,Geisingen Bahnhof,Blaustein,2.0,176.0,0.011363636363636364,,,106903.0,
Geisingen Bahnhof,Herrlingen,Train Longue Distance,6.166572314435036,71.69443648770864,65.52786417327361,1,107.56274750453576,47.9214268,8.6523841,48.4176719,9.8974491,Geisingen Bahnhof,Herrlingen,23.0,176.0,0.13068181818181818,,,503.0,
Geisingen Bahnhof,Ulm Hbf,Train Longue Distance,6.423574360175459,73.57205037624536,67.14847601606989,1,112.04560195666244,47.9214268,8.6523841,48.3993472,9.9823129,Geisingen Bahnhof,Ulm Hbf,21.0,176.0,0.11931818181818182,,,,120451.0
Geislingen (Steige) Gleis 2,Enzisweiler,Train Longue Distance,1.8741912071781937,77.05150851608066,75.17731730890246,1,118.05185230399306,48.6192303,9.8417176,47.5641329,9.6651717,Geislingen (Steige) Gleis 2,Enzisweiler,7.0,434.0,0.016129032258064516,,,,
Geislingen (Steige) Gleis 2,Eriskirch Bahnhof,Train Longue Distance,1.787906187779166,73.56657906690694,71.77867287912777,1,112.61691784953173,48.6192303,9.8417176,47.6285332,9.5265347,Geislingen (Steige) Gleis 2,Eriskirch Bahnhof,7.0,434.0,0.016129032258064516,,,,
Geislingen (Steige) Gleis 2,Friedrichshafen Stadtbahnhof,Train Longue Distance,1.7596216013072419,73.56657906690694,71.8069574655997,1,110.83532384147405,48.6192303,9.8417176,47.6532219,9.4735251,Geislingen (Steige) Gleis 2,Friedrichshafen Stadtbahnhof,95.0,434.0,0.21889400921658986,,,,58403.0
Geislingen (Steige) Gleis 2,Kressbronn Bahnhof,Train Longue Distance,1.8322128305231657,77.05150851608066,75.2192956855575,1,115.40771167316488,48.6192303,9.8417176,47.5940803,9.5989479,Geislingen (Steige) Gleis 2,Kressbronn Bahnhof,7.0,434.0,0.016129032258064516,,,,
Geislingen (Steige) Gleis 2,Langenargen Bahnhof,Train Longue Distance,1.8339470657201478,73.56657906690694,71.73263200118679,1,115.51694795415392,48.6192303,9.8417176,47.5994777,9.5445998,Geislingen (Steige) Gleis 2,Langenargen Bahnhof,7.0,434.0,0.016129032258064516,,,,
Geislingen (Steige) Gleis 2,Lindau-Aeschach,Train Longue Distance,1.880341733569161,77.05150851608066,75.17116678251149,1,118.43926263348206,48.6192303,9.8417176,47.5592531,9.684746,Geislingen (Steige) Gleis 2,Lindau-Aeschach,7.0,434.0,0.016129032258064516,,,,24518.0
Geislingen (Steige) Gleis 2,Lindau-Reutin,Train Longue Distance,1.8907268312216912,77.05150851608066,75.16078168485897,1,119.0934008076147,48.6192303,9.8417176,47.5523177,9.7012121,Geislingen (Steige) Gleis 2,Lindau-Reutin,7.0,434.0,0.016129032258064516,,,28711.0,24518.0
Geislingen (Steige) Gleis 2,Meckenbeuren Bahnhof,Train Longue Distance,1.6568829085654628,73.56657906690694,71.90969615834148,1,104.36400280709643,48.6192303,9.8417176,47.6998799,9.5584339,Geislingen (Steige) Gleis 2,Meckenbeuren Bahnhof,95.0,434.0,0.21889400921658986,,,28711.0,
Geislingen (Steige) Gleis 2,Nonnenhorn,Train Longue Distance,1.862742132838949,77.05150851608066,75.18876638324171,1,117.33069619796858,48.6192303,9.8417176,47.5752,9.6126293,Geislingen (Steige) Gleis 2,Nonnenhorn,7.0,434.0,0.016129032258064516,,,,
Geislingen (Steige) Gleis 2,Wasserburg (Bodensee),Train Longue Distance,1.864379717960318,77.05150851608066,75.18712879812034,1,117.43384466870233,48.6192303,9.8417176,47.5718123,9.6392733,Geislingen (Steige) Gleis 2,Wasserburg (Bodensee),7.0,434.0,0.016129032258064516,,,,
Geltendorf,Hergatz,Train Longue Distance Nuit,1.6472203273939912,77.8231159113743,76.1758955839803,1,103.75537461539375,48.1060563,11.03804,47.6466862,9.82712,Geltendorf,Hergatz,234.0,803.0,0.29140722291407223,,,,
Geltendorf,Lindau-Insel,Train Longue Distance Nuit,1.8892673384411895,77.8231159113743,75.93384857293312,1,119.0014700454264,48.1060563,11.03804,47.5451508,9.6804521,Geltendorf,Lindau-Insel,100.0,803.0,0.12453300124533001,,,,24518.0
Geltendorf,Lindau-Reutin,Train Longue Distance Nuit,1.8597161116249885,77.8231159113743,75.96339979974931,1,117.14009269494763,48.1060563,11.03804,47.5524814,9.7029189,Geltendorf,Lindau-Reutin,234.0,803.0,0.29140722291407223,,,28711.0,24518.0
Gerlenhofen,Fischen,Train Longue Distance Nuit,1.605501112884054,,,0,101.12755813076683,48.3518617,10.0371012,47.4561086,10.2717771,Gerlenhofen,Fischen,18.0,109.0,0.1651376146788991,,,,
Gerlenhofen,Langenwang (Schwab),Train Longue Distance Nuit,1.6405869204157424,,,0,103.33754852706869,48.3518617,10.0371012,47.4364373,10.2760441,Gerlenhofen,Langenwang (Schwab),18.0,109.0,0.1651376146788991,,,,
Gerlenhofen,Oberstdorf,Train Longue Distance Nuit,1.6846941802155788,,,0,106.11578358626726,48.3518617,10.0371012,47.4113789,10.2785683,Gerlenhofen,Oberstdorf,18.0,109.0,0.1651376146788991,,,,
Giengen (Brenz),Bahnhof Überlingen,Train Longue Distance,1.9636079378283184,85.13099220211114,83.16738426428283,1,123.6840474822574,48.619741,10.2380274,47.7689677,9.1630584,Giengen (Brenz),Bahnhof Überlingen,1.0,590.0,0.001694915254237288,169298.0,,,
Giengen (Brenz),Friedrichshafen Stadtbahnhof,Train Longue Distance,1.9292091986823454,76.44780816370294,74.5185989650206,1,121.51733425814723,48.619741,10.2380274,47.6532824,9.4735701,Giengen (Brenz),Friedrichshafen Stadtbahnhof,1.0,590.0,0.001694915254237288,169298.0,,,58403.0
Giengen (Brenz),Ludwigshafen(Bodensee) Bahnhof,Train Longue Distance,1.9893253328682212,83.52727031512343,81.53794498225521,1,125.30393883019786,48.619741,10.2380274,47.8156006,9.0531495,Giengen (Brenz),Ludwigshafen(Bodensee) Bahnhof,1.0,590.0,0.001694915254237288,169298.0,,,
Giengen (Brenz),Radolfzell Bahnhof,Train Longue Distance,2.1599727390182912,83.52727031512343,81.36729757610514,1,136.05270464967822,48.619741,10.2380274,47.735852,8.969157,Giengen (Brenz),Radolfzell Bahnhof,1.0,590.0,0.001694915254237288,169298.0,,,31734.0
Giengen (Brenz),"Salem, Bahnhof",Train Longue Distance,1.8821266731830535,71.82434999752037,69.94222332433732,1,118.5516926923062,48.619741,10.2380274,47.7577,9.2969523,Giengen (Brenz),"Salem, Bahnhof",1.0,590.0,0.001694915254237288,169298.0,,,
Giengen (Brenz),Singen (Htw) Bahnhof,Train Longue Distance,2.2369305749747395,92.88230329085494,90.6453727158802,1,140.90013699765305,48.619741,10.2380274,47.7596204,8.8421802,Giengen (Brenz),Singen (Htw) Bahnhof,1.0,590.0,0.001694915254237288,169298.0,,,47621.0
Giengen (Brenz),Sipplingen Bahnhof,Train Longue Distance,1.9807154561169016,83.52727031512343,81.54655485900653,1,124.76161855107719,48.619741,10.2380274,47.7955392,9.0956039,Giengen (Brenz),Sipplingen Bahnhof,1.0,590.0,0.001694915254237288,169298.0,,,
Giengen (Brenz),Uhldingen-Mühlhofen Bahnhof,Train Longue Distance,1.9456153688637579,85.13099220211114,83.18537683324739,1,122.55072870142088,48.619741,10.2380274,47.7369033,9.24856,Giengen (Brenz),Uhldingen-Mühlhofen Bahnhof,1.0,590.0,0.001694915254237288,169298.0,,14285.0,
Giengen (Brenz),Überlingen Bahnhof Therme,Train Longue Distance,1.976967233308175,85.13099220211114,83.15402496880297,1,124.52552489973387,48.619741,10.2380274,47.7694386,9.1446878,Giengen (Brenz),Überlingen Bahnhof Therme,1.0,590.0,0.001694915254237288,169298.0,,,21507.0
Glasgow Central,London Euston,InterCity,29.24423769669532,139.64541920560148,110.40118150890616,1,552.6122013736833,55.85858,-4.25838,51.52817,-0.13308,Glasgow Central,London Euston,,,,,626410.0,106903.0,8961989.0
Graz Hbf,Berlin Hbf,Nightjet,9.90344419017237,150.7139023639589,140.81045817378654,0,623.7997096354479,47.0723,15.41644,52.52508,13.3694,Graz Hbf,Berlin Hbf,,,,,303270.0,,3426354.0
Graz Hbf,Zürich HB,Nightjet,8.258651644303502,140.74897942003642,132.4903277757329,1,520.1972565068972,47.0723,15.41644,47.37818,8.54021,Graz Hbf,Zürich HB,,,,,303270.0,,415367.0
Grenzach Bahnhof Bstg 2,Bahnhof Überlingen,Train Longue Distance Nuit,0.10159940761934426,67.43431751076349,67.33271810314415,1,115.1920721307758,47.5509596,7.6593864,47.7689677,9.1630584,Grenzach Bahnhof Bstg 2,Bahnhof Überlingen,1.0,8.0,0.125,,,,
Grenzach Bahnhof Bstg 2,Bermatingen-Ahausen Bahnhof,Train Longue Distance Nuit,0.11275554077820911,79.65498511743743,79.54222957665922,1,127.84074918164298,47.5509596,7.6593864,47.7305231,9.3448325,Grenzach Bahnhof Bstg 2,Bermatingen-Ahausen Bahnhof,1.0,8.0,0.125,,,106903.0,
Grenzach Bahnhof Bstg 2,Friedrichshafen Stadtbahnhof,Train Longue Distance Nuit,0.12038775044434123,85.15239397633096,85.03200622588662,1,136.49404812283586,47.5509596,7.6593864,47.6533671,9.473588,Grenzach Bahnhof Bstg 2,Friedrichshafen Stadtbahnhof,1.0,8.0,0.125,,,,58403.0
Grenzach Bahnhof Bstg 2,Ludwigshafen(Bodensee) Bahnhof,Train Longue Distance Nuit,0.09561072856434172,,,0,108.4021865808863,47.5509596,7.6593864,47.8155463,9.0531316,Grenzach Bahnhof Bstg 2,Ludwigshafen(Bodensee) Bahnhof,1.0,8.0,0.125,,,,
Grenzach Bahnhof Bstg 2,Markdorf Bahnhof,Train Longue Distance Nuit,0.11542088800798708,79.65498511743743,79.53956422942944,1,130.86268481631188,47.5509596,7.6593864,47.7168416,9.3884457,Grenzach Bahnhof Bstg 2,Markdorf Bahnhof,1.0,8.0,0.125,,,,
Grenzach Bahnhof Bstg 2,Radolfzell Bahnhof,Train Longue Distance Nuit,0.08841882948322877,,,0,100.2481059900553,47.5509596,7.6593864,47.7356829,8.9691391,Grenzach Bahnhof Bstg 2,Radolfzell Bahnhof,1.0,8.0,0.125,,,,31734.0
Grenzach Bahnhof Bstg 2,"Salem, Bahnhof",Train Longue Distance Nuit,0.11006359159503316,77.05398519591597,76.94392160432093,1,124.78865260207841,47.5509596,7.6593864,47.7577,9.2969523,Grenzach Bahnhof Bstg 2,"Salem, Bahnhof",1.0,8.0,0.125,,,,
Grenzach Bahnhof Bstg 2,Uhldingen-Mühlhofen Bahnhof,Train Longue Distance Nuit,0.106577899442586,67.43431751076349,67.32773961132091,1,120.83662068320409,47.5509596,7.6593864,47.7369576,9.248578,Grenzach Bahnhof Bstg 2,Uhldingen-Mühlhofen Bahnhof,1.0,8.0,0.125,,,14285.0,
Göppingen Gleis 6,Enzisweiler,Train Longue Distance,2.0051145093180307,75.70462044939134,73.69950594007331,1,126.2984699746807,48.699928,9.6519395,47.5641329,9.6651717,Göppingen Gleis 6,Enzisweiler,7.0,609.0,0.011494252873563218,,58040.0,,
Göppingen Gleis 6,Eriskirch Bahnhof,Train Longue Distance,1.8971205273356517,70.63408378155901,68.73696325422335,1,119.49612795009143,48.699928,9.6519395,47.6285332,9.5265347,Göppingen Gleis 6,Eriskirch Bahnhof,7.0,609.0,0.011494252873563218,,58040.0,,
Göppingen Gleis 6,Friedrichshafen Stadtbahnhof,Train Longue Distance,1.8596788167062828,70.63408378155901,68.77440496485274,1,117.13774355670715,48.699928,9.6519395,47.6532219,9.4735251,Göppingen Gleis 6,Friedrichshafen Stadtbahnhof,95.0,609.0,0.15599343185550082,,58040.0,,58403.0
Göppingen Gleis 6,Kressbronn Bahnhof,Train Longue Distance,1.953184270172102,75.70462044939134,73.75143617921924,1,123.02747985462976,48.699928,9.6519395,47.5940803,9.5989479,Göppingen Gleis 6,Kressbronn Bahnhof,7.0,609.0,0.011494252873563218,,58040.0,,
Göppingen Gleis 6,Langenargen Bahnhof,Train Longue Distance,1.9467674840502576,70.63408378155901,68.68731629750876,1,122.62329831508299,48.699928,9.6519395,47.5994777,9.5445998,Göppingen Gleis 6,Langenargen Bahnhof,7.0,609.0,0.011494252873563218,,58040.0,,
Göppingen Gleis 6,Lindau-Aeschach,Train Longue Distance,2.0140392894804537,75.70462044939134,73.69058115991089,1,126.86062543968593,48.699928,9.6519395,47.5592531,9.684746,Göppingen Gleis 6,Lindau-Aeschach,7.0,609.0,0.011494252873563218,,58040.0,,24518.0
Göppingen Gleis 6,Lindau-Reutin,Train Longue Distance,2.026743307838936,75.70462044939134,73.6778771415524,1,127.66082815815925,48.699928,9.6519395,47.5523177,9.7012121,Göppingen Gleis 6,Lindau-Reutin,7.0,609.0,0.011494252873563218,,58040.0,28711.0,24518.0
Göppingen Gleis 6,Meckenbeuren Bahnhof,Train Longue Distance,1.7688402571203015,70.63408378155901,68.86524352443871,1,111.4159899924604,48.699928,9.6519395,47.6998799,9.5584339,Göppingen Gleis 6,Meckenbeuren Bahnhof,95.0,609.0,0.15599343185550082,,58040.0,28711.0,
Göppingen Gleis 6,Nonnenhorn,Train Longue Distance,1.9860567431370795,75.70462044939134,73.71856370625426,1,125.098056383036,48.699928,9.6519395,47.5752,9.6126293,Göppingen Gleis 6,Nonnenhorn,7.0,609.0,0.011494252873563218,,58040.0,,
Göppingen Gleis 6,Ravensburg Bahnhof,Train Longue Distance,1.6170955313677922,,,0,101.8578691967619,48.699928,9.6519395,47.78441,9.6059638,Göppingen Gleis 6,Ravensburg Bahnhof,195.0,609.0,0.32019704433497537,,58040.0,,48825.0
Göppingen Gleis 6,Wasserburg (Bodensee),Train Longue Distance,1.9915531254178562,75.70462044939134,73.71306732397349,1,125.44426337980954,48.699928,9.6519395,47.5718123,9.6392733,Göppingen Gleis 6,Wasserburg (Bodensee),7.0,609.0,0.011494252873563218,,58040.0,,
Günzburg,München Hbf Gleis 11,Train Longue Distance,1.6042359544546452,,,0,101.04786813143393,48.4605212,10.27926,48.1398829,11.5574908,Günzburg,München Hbf Gleis 11,1.0,638.0,0.001567398119122257,,19737.0,,
Günzburg,München Hbf Gleis 12,Train Longue Distance,1.6042016455010475,,,0,101.04570707363615,48.4605212,10.27926,48.1399368,11.5574908,Günzburg,München Hbf Gleis 12,1.0,638.0,0.001567398119122257,,19737.0,,
Günzburg,München Hbf Gleis 13,Train Longue Distance Nuit,1.6041741009438515,,,0,101.04397209270923,48.4605212,10.27926,48.1400267,11.5575178,Günzburg,München Hbf Gleis 13,4.0,638.0,0.006269592476489028,,19737.0,,
Günzburg,München Hbf Gleis 14,Train Longue Distance,1.6041397420697168,,,0,101.04180789050875,48.4605212,10.27926,48.1400807,11.5575178,Günzburg,München Hbf Gleis 14,2.0,638.0,0.003134796238244514,,19737.0,,
Günzburg,München Hbf Gleis 15,Train Longue Distance Nuit,1.604084809140911,,,0,101.03834776649728,48.4605212,10.27926,48.1401826,11.5575268,Günzburg,München Hbf Gleis 15,12.0,638.0,0.018808777429467086,,19737.0,,
Günzburg,München Hbf Gleis 16,Train Longue Distance,1.6040701354609097,,,0,101.03742349841963,48.4605212,10.27926,48.1402366,11.5575447,Günzburg,München Hbf Gleis 16,27.0,638.0,0.04231974921630094,,19737.0,,
Günzburg,München Hbf Gleis 17,Train Longue Distance Nuit,1.6040388272571395,,,0,101.03545145232675,48.4605212,10.27926,48.1403325,11.5575717,Günzburg,München Hbf Gleis 17,46.0,638.0,0.07210031347962383,,19737.0,,
Günzburg,München Hbf Gleis 18,Train Longue Distance,1.604004561072864,,,0,101.03329308848978,48.4605212,10.27926,48.1403864,11.5575717,Günzburg,München Hbf Gleis 18,7.0,638.0,0.0109717868338558,,19737.0,,
Günzburg,München Hbf Gleis 19,Train Longue Distance,1.6039518396742287,,,0,101.02997226469066,48.4605212,10.27926,48.1405003,11.5575896,Günzburg,München Hbf Gleis 19,1.0,638.0,0.001567398119122257,,19737.0,,
Günzburg,München Hbf Gleis 20,Train Longue Distance,1.6039373087865738,,,0,101.02905699083988,48.4605212,10.27926,48.1405543,11.5576076,Günzburg,München Hbf Gleis 20,1.0,638.0,0.001567398119122257,,19737.0,,
Hamburg Altona,Innsbruck Hbf,InterCity,40.528106956175336,176.49751482513182,135.96940786895647,0,706.926686833688,53.55225,9.93496,47.26337,11.40111,Hamburg Altona,Innsbruck Hbf,,,,203396.0,1973896.0,,132493.0
Hamburg Altona,Lörrach Autoreisezug Terminal,InterCity,38.90740210181628,181.4957011359334,142.5882990341171,0,678.6569353186164,53.55225,9.93496,47.62011,7.66874,Hamburg Altona,Lörrach Autoreisezug Terminal,,,,203396.0,1973896.0,,47002.0
Hamburg Altona,München-Pasing,InterCity,34.980999554117794,147.58071035299716,112.59971079887936,0,610.1691881060142,53.55225,9.93496,48.14985,11.46187,Hamburg Altona,München-Pasing,,,,203396.0,1973896.0,,
Hamburg Altona,Villach Hbf-Autoverladestelle,InterCity,46.991655655030705,222.5794159122115,175.58776025718078,0,819.6695561665917,53.55225,9.93496,46.61862,13.84844,Hamburg Altona,Villach Hbf-Autoverladestelle,,,,203396.0,1973896.0,,58882.0
Hamburg Hbf,Augsburg Hbf,EuroNight,33.254106047904145,143.17741052941125,109.9233044815071,1,580.047201254215,53.5527529,10.0079239,48.3655187,10.8854791,Hamburg Hbf,Augsburg Hbf,7.0,89.0,0.07865168539325842,203396.0,1973896.0,,301105.0
Hamburg Hbf,Freilassing,EuroNight,38.35070567245645,182.1017832625631,143.75107759010663,0,668.9465493189682,53.5527529,10.0079239,47.8367638,12.9764786,Hamburg Hbf,Freilassing,2.0,89.0,0.02247191011235955,203396.0,1973896.0,,15909.0
Hamburg Hbf,Ingolstadt Hbf,EuroNight,31.177684287782263,148.9975981234551,117.81991383567285,1,543.8284369053247,53.5527529,10.0079239,48.7446003,11.4372693,Hamburg Hbf,Ingolstadt Hbf,18.0,89.0,0.20224719101123595,203396.0,1973896.0,,120658.0
Hamburg Hbf,Innsbruck Hbf,Nightjet,40.48711166379436,178.7271340884052,138.24002242461083,0,706.2116110900812,53.55231,10.00633,47.26337,11.40111,Hamburg Hbf,Innsbruck Hbf,,,,203396.0,1973896.0,,132493.0
Hamburg Hbf,Kufstein Bahnhof,EuroNight,39.040470278097175,172.8037224557091,133.76325217761195,0,680.9780268288359,53.5527529,10.0079239,47.5830959,12.1655874,Hamburg Hbf,Kufstein Bahnhof,29.0,89.0,0.3258426966292135,203396.0,1973896.0,,
Hamburg Hbf,München Hbf Gleis 10,EuroNight,35.058561019044355,149.8003096114747,114.74174859243033,0,611.5220830114138,53.5527529,10.0079239,48.1401586,11.5538976,Hamburg Hbf,München Hbf Gleis 10,2.0,89.0,0.02247191011235955,203396.0,1973896.0,,
Hamburg Hbf,München Hbf Gleis 14,EuroNight,35.06162902289121,149.8003096114747,114.73868058858348,0,611.5755978177431,53.5527529,10.0079239,48.1400807,11.5575178,Hamburg Hbf,München Hbf Gleis 14,2.0,89.0,0.02247191011235955,203396.0,1973896.0,,
Hamburg Hbf,Nürnberg Hbf,EuroNight,26.52525372318854,100.1888178338082,73.66356411061966,1,462.67667404829126,53.5527529,10.0079239,49.4457552,11.0821383,Hamburg Hbf,Nürnberg Hbf,27.0,89.0,0.30337078651685395,203396.0,1973896.0,,
Hamburg Hbf,Ostbahnhof Gleis 6,EuroNight,35.17575591982007,149.8003096114747,114.62455369165463,0,613.5662989677319,53.5527529,10.0079239,48.1274186,11.6053531,Hamburg Hbf,Ostbahnhof Gleis 6,14.0,89.0,0.15730337078651685,203396.0,1973896.0,,
Hamburg Hbf,Ostbahnhof Gleis 8,EuroNight,35.17660278333613,149.8003096114747,114.62370682813855,0,613.5810707018337,53.5527529,10.0079239,48.1273047,11.6055327,Hamburg Hbf,Ostbahnhof Gleis 8,18.0,89.0,0.20224719101123595,203396.0,1973896.0,,
Hamburg Hbf,Pasing Gleis 9,EuroNight,34.932477827206,149.67644597129527,114.74396814408927,0,609.3228297088086,53.5527529,10.0079239,48.1500966,11.461955,Hamburg Hbf,Pasing Gleis 9,3.0,89.0,0.033707865168539325,203396.0,1973896.0,,35728.0
Hamburg Hbf,Rosenheim,EuroNight,37.33491423365063,179.1660219679079,141.83110773425727,0,651.2282266466182,53.5527529,10.0079239,47.8501304,12.119432,Hamburg Hbf,Rosenheim,29.0,89.0,0.3258426966292135,203396.0,1973896.0,,60167.0
Hamburg Hbf,Wien Hbf,Nightjet,42.71438032318158,208.87291323192346,166.15853290874188,0,745.0615789845033,53.55231,10.00633,48.1851,16.37711,Hamburg Hbf,Wien Hbf,,,,203396.0,1973896.0,,
Hamburg Hbf,Zürich HB,Nightjet,39.803629987670696,174.87225158233485,135.06862159466417,0,694.2897259318105,53.55231,10.00633,47.37818,8.54021,Hamburg Hbf,Zürich HB,,,,203396.0,1973896.0,,415367.0
Heidenheim (Brenz),Bahnhof Überlingen,Train Longue Distance,1.988379641247557,85.34781750126491,83.35943786001735,1,125.24437145676221,48.6803766,10.1565142,47.7689677,9.1630584,Heidenheim (Brenz),Bahnhof Überlingen,1.0,605.0,0.001652892561983471,,,,
Heidenheim (Brenz),Friedrichshafen Stadtbahnhof,Train Longue Distance,1.9834447917978986,78.01163314770437,76.02818835590648,1,124.9335343788044,48.6803766,10.1565142,47.6532824,9.4735701,Heidenheim (Brenz),Friedrichshafen Stadtbahnhof,1.0,605.0,0.001652892561983471,,,,58403.0
Heidenheim (Brenz),Ludwigshafen(Bodensee) Bahnhof,Train Longue Distance,2.0031806237332175,82.81444820553246,80.81126758179924,1,126.176658083473,48.6803766,10.1565142,47.8156006,9.0531495,Heidenheim (Brenz),Ludwigshafen(Bodensee) Bahnhof,1.0,605.0,0.001652892561983471,,,,
Heidenheim (Brenz),Radolfzell Bahnhof,Train Longue Distance,2.175143542733118,82.81444820553246,80.63930466279933,1,137.00828563448715,48.6803766,10.1565142,47.735852,8.969157,Heidenheim (Brenz),Radolfzell Bahnhof,1.0,605.0,0.001652892561983471,,,,31734.0
Heidenheim (Brenz),"Salem, Bahnhof",Train Longue Distance,1.917067083812926,72.07118206648067,70.15411498266775,1,120.75252480555089,48.6803766,10.1565142,47.7577,9.2969523,Heidenheim (Brenz),"Salem, Bahnhof",1.0,605.0,0.001652892561983471,,,,
Heidenheim (Brenz),Singen (Htw) Bahnhof,Train Longue Distance,2.2431182692084977,91.76027521080087,89.51715694159238,1,141.28988846110465,48.6803766,10.1565142,47.7596204,8.8421802,Heidenheim (Brenz),Singen (Htw) Bahnhof,1.0,605.0,0.001652892561983471,,,,47621.0
Heidenheim (Brenz),Sipplingen Bahnhof,Train Longue Distance,1.998940233456205,82.81444820553246,80.81550797207625,1,125.90956370976349,48.6803766,10.1565142,47.7955392,9.0956039,Heidenheim (Brenz),Sipplingen Bahnhof,1.0,605.0,0.001652892561983471,,,,
Heidenheim (Brenz),Uhldingen-Mühlhofen Bahnhof,Train Longue Distance,1.9786031402614812,85.34781750126491,83.36921436100343,1,124.62856766575216,48.6803766,10.1565142,47.7369033,9.24856,Heidenheim (Brenz),Uhldingen-Mühlhofen Bahnhof,1.0,605.0,0.001652892561983471,,,14285.0,
Heidenheim (Brenz),Überlingen Bahnhof Therme,Train Longue Distance,2.000478310278303,85.34781750126491,83.34733919098662,1,126.00644433599791,48.6803766,10.1565142,47.7694386,9.1446878,Heidenheim (Brenz),Überlingen Bahnhof Therme,1.0,605.0,0.001652892561983471,,,,21507.0
Heimenkirch,Augsburg Hbf,Train Longue Distance Nuit,0.09684060744894807,67.53796526524285,67.44112465779389,1,109.79660708497514,47.628957,9.9018688,48.3650353,10.8854791,Heimenkirch,Augsburg Hbf,94.0,839.0,0.11203814064362336,,,,301105.0
Heimenkirch,Augsburg Messe,Train Longue Distance,0.09497877588144214,67.53796526524285,67.4429864893614,1,107.68568694041059,47.628957,9.9018688,48.3387802,10.8861708,Heimenkirch,Augsburg Messe,9.0,839.0,0.010727056019070322,,,,301105.0
Heimenkirch,Augsburg Morellstraße,Train Longue Distance,0.0964546333184625,67.53796526524285,67.44151063192439,1,109.35899469213435,47.628957,9.9018688,48.3550375,10.8931418,Heimenkirch,Augsburg Morellstraße,9.0,839.0,0.010727056019070322,,,,301105.0
Heimenkirch,Inningen,Train Longue Distance,0.09228872124116728,67.53796526524285,67.44567654400169,1,104.63573836867037,47.628957,9.9018688,48.3116811,10.8691747,Heimenkirch,Inningen,19.0,839.0,0.02264600715137068,,,,
Heimenkirch,München Hbf Gleis 12,Train Longue Distance,0.11986685954871902,82.93420126350772,82.814334403959,1,135.90346887609866,47.628957,9.9018688,48.1399368,11.5574908,Heimenkirch,München Hbf Gleis 12,1.0,839.0,0.0011918951132300357,,,,
Heimenkirch,München Hbf Gleis 14,Train Longue Distance,0.11987423522777699,82.93420126350772,82.81432702827993,1,135.9118313240102,47.628957,9.9018688,48.1400807,11.5575178,Heimenkirch,München Hbf Gleis 14,3.0,839.0,0.003575685339690107,,,,
Heimenkirch,München Hbf Gleis 15,Train Longue Distance,0.11987885439348003,82.93420126350772,82.81432240911424,1,135.91706847333336,47.628957,9.9018688,48.1401826,11.5575268,Heimenkirch,München Hbf Gleis 15,1.0,839.0,0.0011918951132300357,,,,
Heimenkirch,München Hbf Gleis 17,Train Longue Distance,0.11988754184878272,82.93420126350772,82.81431372165893,1,135.9269181958988,47.628957,9.9018688,48.1403325,11.5575717,Heimenkirch,München Hbf Gleis 17,1.0,839.0,0.0011918951132300357,,,,
Heimenkirch,München Hbf Gleis 24,Train Longue Distance Nuit,0.11991404945373677,82.93420126350772,82.81428721405398,1,135.95697216976959,47.628957,9.9018688,48.14086,11.5576615,Heimenkirch,München Hbf Gleis 24,7.0,839.0,0.00834326579261025,,,,
Heimenkirch,München Hbf Gleis 25,Train Longue Distance Nuit,0.11991891411595029,82.93420126350772,82.81428234939176,1,135.96248765980758,47.628957,9.9018688,48.1409679,11.5576705,Heimenkirch,München Hbf Gleis 25,134.0,839.0,0.15971394517282478,,,,
Heimenkirch,Pasing Gleis 3,Train Longue Distance Nuit,0.11458525705541307,76.82420202595897,76.70961676890356,1,129.9152574324411,47.628957,9.9018688,48.1496771,11.4616496,Heimenkirch,Pasing Gleis 3,163.0,839.0,0.19427890345649582,,,,35728.0
Heimenkirch,Pasing Gleis 4,Train Longue Distance Nuit,0.11459384713807137,76.82420202595897,76.7096081788209,1,129.92499675518295,47.628957,9.9018688,48.149779,11.4617214,Heimenkirch,Pasing Gleis 4,2.0,839.0,0.0023837902264600714,,,,35728.0
Hel,Bohumín,InterCity,50.43600091053817,147.60814668320785,97.17214577266968,1,524.6208669884766,54.61104,18.80089,49.90073,18.35944,Hel,Bohumín,,,,420572.0,,,20315.0
Hel,Kraków Gł.,InterCity,49.14605736148482,142.77547384147806,93.62941647999324,1,511.2032428538644,54.61104,18.80089,50.06719,19.94742,Hel,Kraków Gł.,,,,420572.0,,,804237.0
Helsinki / Helsingfors,Kemijärvi,InterCity,,,,0,,,,66.72411,27.40363,Helsinki / Helsingfors,Kemijärvi,,,,865.0,658864.0,,
Helsinki / Helsingfors,Kolari,InterCity,,,,0,,,,67.34896,23.83575,Helsinki / Helsingfors,Kolari,,,,865.0,658864.0,,
Helsinki / Helsingfors,Rovaniemi,InterCity,,,,0,,,,66.49809,25.70537,Helsinki / Helsingfors,Rovaniemi,,,,865.0,658864.0,,65670.0
Hergatz,Augsburg Hbf,Train Longue Distance Nuit,0.09892485211558896,81.7714281466976,81.67250329458201,1,112.15969627617795,47.6466438,9.827147,48.3650353,10.8854791,Hergatz,Augsburg Hbf,94.0,1137.0,0.08267370272647317,,,,301105.0
Hergatz,Augsburg Messe,Train Longue Distance,0.09715299306594755,81.7714281466976,81.67427515363165,1,110.15078578905617,47.6466438,9.827147,48.3387802,10.8861708,Hergatz,Augsburg Messe,9.0,1137.0,0.0079155672823219,,,,301105.0
Hergatz,Augsburg Morellstraße,Train Longue Distance,0.09858984676020424,81.7714281466976,81.6728382999374,1,111.77987161020887,47.6466438,9.827147,48.3550375,10.8931418,Hergatz,Augsburg Morellstraße,9.0,1137.0,0.0079155672823219,,,,301105.0
Hergatz,Bobingen,Train Longue Distance Nuit,0.09002729996674906,67.88797724450095,67.7979499445342,1,102.07176866978351,47.6466438,9.827147,48.2666135,10.8380301,Hergatz,Bobingen,29.0,1137.0,0.025505716798592787,,,,16682.0
Hergatz,Geltendorf,Train Longue Distance,0.09150950162968247,77.8231159113743,77.73160640974461,1,103.75226942140868,47.6466862,9.82712,48.1060203,11.0380221,Hergatz,Geltendorf,7.0,305.0,0.022950819672131147,,,,
Hergatz,Inningen,Train Longue Distance,0.09451780280156499,81.7714281466976,81.67691034389604,1,107.16304172513037,47.6466438,9.827147,48.3116811,10.8691747,Hergatz,Inningen,19.0,1137.0,0.016710642040457344,,,,
Hergatz,München Hbf Gleis 12,Train Longue Distance,0.12364126037246484,98.10817153057648,97.98453027020402,1,140.18283488941591,47.6466438,9.827147,48.1399368,11.5574908,Hergatz,München Hbf Gleis 12,1.0,1137.0,0.0008795074758135445,,,,
Hergatz,München Hbf Gleis 14,Train Longue Distance,0.12364827059580458,98.10817153057648,97.98452325998068,1,140.19078298844056,47.6466438,9.827147,48.1400807,11.5575178,Hergatz,München Hbf Gleis 14,3.0,1137.0,0.002638522427440633,,,,
Hergatz,München Hbf Gleis 15,Train Longue Distance,0.123655228713017,98.10817153057648,97.98451630186347,1,140.19867201022333,47.6467709,9.8270212,48.1401826,11.5575268,Hergatz,München Hbf Gleis 15,1.0,305.0,0.003278688524590164,,,,
Hergatz,München Hbf Gleis 17,Train Longue Distance,0.12366094286729158,98.10817153057648,97.9845105877092,1,140.20515064318772,47.6466438,9.827147,48.1403325,11.5575717,Hergatz,München Hbf Gleis 17,1.0,1137.0,0.0008795074758135445,,,,
Hergatz,München Hbf Gleis 19,Train Longue Distance,0.12367090184140948,98.10817153057648,97.98450062873508,1,140.2164419970629,47.6467709,9.8270212,48.1405003,11.5575896,Hergatz,München Hbf Gleis 19,1.0,305.0,0.003278688524590164,,,,
Hergatz,München Hbf Gleis 24,Train Longue Distance,0.12368870241261776,98.10817153057648,97.98448282816386,1,140.236624050587,47.6467709,9.8270212,48.14086,11.5576615,Hergatz,München Hbf Gleis 24,86.0,305.0,0.2819672131147541,,,,
Hergatz,München Hbf Gleis 25,Train Longue Distance Nuit,0.12369068580038867,98.10817153057648,97.9844808447761,1,140.2388727895563,47.6466438,9.827147,48.1409679,11.5576705,Hergatz,München Hbf Gleis 25,134.0,1137.0,0.11785400175901495,,,,
Hergatz,Pasing Gleis 3,Train Longue Distance,0.11825574164125724,91.99066464098794,91.87240889934668,1,134.0768045819243,47.6467709,9.8270212,48.1496771,11.4616496,Hergatz,Pasing Gleis 3,100.0,305.0,0.32786885245901637,,,,35728.0
Hergatz,Pasing Gleis 4,Train Longue Distance Nuit,0.11826190635947555,91.99066464098794,91.87240273462847,1,134.0837940583623,47.6466438,9.827147,48.149779,11.4617214,Hergatz,Pasing Gleis 4,2.0,1137.0,0.001759014951627089,,,,35728.0
Herrlingen,Donaueschingen Bahnhof,Train Longue Distance,1.8432125091934521,68.52657951690541,66.68336700771196,1,116.10056117368684,48.4176719,9.8974491,47.947842,8.4989429,Herrlingen,Donaueschingen Bahnhof,19.0,338.0,0.05621301775147929,503.0,,,21604.0
Herrlingen,Geisingen Bahnhof,Train Longue Distance,1.7076385538451004,71.69443648770864,69.98679793386354,1,107.56100742284582,48.4176719,9.8974491,47.9214569,8.6523841,Herrlingen,Geisingen Bahnhof,19.0,338.0,0.05621301775147929,503.0,,,
Herrlingen,Immendingen Bahnhof,Train Longue Distance,1.616379984069469,,,0,101.81279819031677,48.4176719,9.8974491,47.9362701,8.7294236,Herrlingen,Immendingen Bahnhof,19.0,338.0,0.05621301775147929,503.0,,14285.0,
Herrlingen,Villingen Bahnhof/ZOB,Train Longue Distance,1.7995890835748767,,,0,113.3528019384528,48.4176719,9.8974491,48.0574872,8.4655974,Herrlingen,Villingen Bahnhof/ZOB,4.0,338.0,0.011834319526627219,503.0,,,
Herten (Baden) Bahnhof,Bahnhof Überlingen,Train Longue Distance Nuit,0.0965053843997159,67.43431751076349,67.33781212636377,1,109.41653560058491,47.549365,7.7389322,47.7689677,9.1630584,Herten (Baden) Bahnhof,Bahnhof Überlingen,1.0,10.0,0.1,,65306.0,,
Herten (Baden) Bahnhof,Bermatingen-Ahausen Bahnhof,Train Longue Distance Nuit,0.10759440496817217,79.65498511743743,79.54739071246927,1,121.98912127910677,47.549365,7.7389322,47.7305231,9.3448325,Herten (Baden) Bahnhof,Bermatingen-Ahausen Bahnhof,1.0,10.0,0.1,,65306.0,106903.0,
Herten (Baden) Bahnhof,Friedrichshafen Stadtbahnhof,Train Longue Distance Nuit,0.11516249136738868,85.15239397633096,85.03723148496357,1,130.5697181036153,47.549365,7.7389322,47.6533671,9.473588,Herten (Baden) Bahnhof,Friedrichshafen Stadtbahnhof,1.0,10.0,0.1,,65306.0,,58403.0
Herten (Baden) Bahnhof,Ludwigshafen(Bodensee) Bahnhof,Train Longue Distance Nuit,0.09061338600141737,,,0,102.73626530772944,47.549365,7.7389322,47.8155463,9.0531316,Herten (Baden) Bahnhof,Ludwigshafen(Bodensee) Bahnhof,1.0,10.0,0.1,,65306.0,,
Herten (Baden) Bahnhof,Markdorf Bahnhof,Train Longue Distance Nuit,0.11024394064067393,79.65498511743743,79.54474117679676,1,124.99312997808833,47.549365,7.7389322,47.7168416,9.3884457,Herten (Baden) Bahnhof,Markdorf Bahnhof,1.0,10.0,0.1,,65306.0,,
Herten (Baden) Bahnhof,"Salem, Bahnhof",Train Longue Distance Nuit,0.10493514429337904,77.05398519591597,76.94905005162259,1,118.97408650042973,47.549365,7.7389322,47.7577,9.2969523,Herten (Baden) Bahnhof,"Salem, Bahnhof",1.0,10.0,0.1,,65306.0,,
Herten (Baden) Bahnhof,Uhldingen-Mühlhofen Bahnhof,Train Longue Distance Nuit,0.10143340147613968,67.43431751076349,67.33288410928735,1,115.0038565489112,47.549365,7.7389322,47.7369576,9.248578,Herten (Baden) Bahnhof,Uhldingen-Mühlhofen Bahnhof,1.0,10.0,0.1,,65306.0,14285.0,
Humenné,Bratislava hl.st.,InterCity,8.968684155556977,115.09979715480776,106.13111299925079,1,363.16343357454554,48.93017,21.90117,48.15891,17.10647,Humenné,Bratislava hl.st.,,,,,30450.0,,423737.0
Humenné,Praha hl.n.,EuroNight,13.67795191271018,150.39707519276038,136.7191232800502,1,553.8529281142767,48.93017,21.90117,50.08321,14.43531,Humenné,Praha hl.n.,,,,,30450.0,,
Iași,București Nord,InterCity,16.56643309861343,101.8177051409195,85.25127204230607,1,323.841447701412,47.15723,27.60345,44.44677,26.07441,Iași,București Nord,,,,,378954.0,,
Iași,Cluj-Napoca,InterCity,15.73335530673664,121.97107603525751,106.23772072852087,1,307.55640211776995,47.15723,27.60345,46.7842,23.58662,Iași,Cluj-Napoca,,,,,378954.0,,286598.0
Iași,Timişoara Nord,InterCity,26.29932187531114,141.23567120820792,114.93634933289678,1,514.1004354388759,47.15723,27.60345,45.7509,21.20805,Iași,Timişoara Nord,,,,,378954.0,,250849.0
Immendingen Bahnhof,Blaustein,Train Longue Distance,5.907096207179139,,,0,103.03673830767728,47.9362701,8.7294236,48.4142257,9.919898,Immendingen Bahnhof,Blaustein,2.0,176.0,0.011363636363636364,14285.0,,106903.0,
Immendingen Bahnhof,Herrlingen,Train Longue Distance,5.836927720250861,,,0,101.81279819031677,47.9362701,8.7294236,48.4176719,9.8974491,Immendingen Bahnhof,Herrlingen,23.0,176.0,0.13068181818181818,14285.0,,503.0,
Immendingen Bahnhof,Ulm Hbf,Train Longue Distance,6.090061492811322,,,0,106.22817883850203,47.9362701,8.7294236,48.3993472,9.9823129,Immendingen Bahnhof,Ulm Hbf,21.0,176.0,0.11931818181818182,14285.0,,,120451.0
Immendingen Zimmern,Herrlingen,Train Longue Distance,5.90803675700562,71.69443648770864,65.78639973070302,1,103.05314420034222,47.9326951,8.7131192,48.4176719,9.8974491,Immendingen Zimmern,Herrlingen,1.0,6.0,0.16666666666666666,336887.0,,503.0,
Immendingen Zimmern,Ulm Hbf,Train Longue Distance,6.16191728532177,73.57205037624536,67.4101330909236,1,107.48155041552013,47.9326951,8.7131192,48.3993472,9.9823129,Immendingen Zimmern,Ulm Hbf,2.0,6.0,0.3333333333333333,336887.0,,,120451.0
Immenstadt,Augsburg Hbf,Train Longue Distance Nuit,0.09051680371473211,69.60724480864609,69.51672800493135,1,102.62676158132894,47.5589318,10.214222,48.3650353,10.8854791,Immenstadt,Augsburg Hbf,94.0,849.0,0.11071849234393404,,,,301105.0
Immenstadt,Augsburg Messe,Train Longue Distance Nuit,0.08829595121692277,69.60724480864609,69.51894885742917,1,100.10878822780359,47.5590288,10.214249,48.3387802,10.8861708,Immenstadt,Augsburg Messe,9.0,849.0,0.01060070671378092,,,,301105.0
Immenstadt,Augsburg Morellstraße,Train Longue Distance Nuit,0.08990314619674297,69.60724480864609,69.51734166244934,1,101.93100475821197,47.5590288,10.214249,48.3550375,10.8931418,Immenstadt,Augsburg Morellstraße,9.0,849.0,0.01060070671378092,,,,301105.0
Immenstadt,München Hbf Gleis 12,Train Longue Distance,0.10517770357737254,78.54274397381529,78.43756627023792,1,119.24909702649948,47.5589318,10.214222,48.1399368,11.5574908,Immenstadt,München Hbf Gleis 12,1.0,849.0,0.001177856301531213,,,,
Immenstadt,München Hbf Gleis 14,Train Longue Distance,0.10518673969055688,78.54274397381529,78.43755723412474,1,119.25934205278557,47.5589318,10.214222,48.1400807,11.5575178,Immenstadt,München Hbf Gleis 14,3.0,849.0,0.0035335689045936395,,,,
Immenstadt,München Hbf Gleis 15,Train Longue Distance,0.1051925794139677,78.54274397381529,78.43755139440132,1,119.26596305438515,47.5589318,10.214222,48.1401826,11.5575268,Immenstadt,München Hbf Gleis 15,1.0,849.0,0.001177856301531213,,,,
Immenstadt,München Hbf Gleis 17,Train Longue Distance,0.10520292210527607,78.54274397381529,78.43754105171001,1,119.27768946176424,47.5589318,10.214222,48.1403325,11.5575717,Immenstadt,München Hbf Gleis 17,1.0,849.0,0.001177856301531213,,,,
Immenstadt,München Hbf Gleis 24,Train Longue Distance Nuit,0.1052355557814823,78.54274397381529,78.43750841803381,1,119.31468909465113,47.5589318,10.214222,48.14086,11.5576615,Immenstadt,München Hbf Gleis 24,7.0,849.0,0.008244994110718492,,,,
Immenstadt,München Hbf Gleis 25,Train Longue Distance Nuit,0.10524171492292321,78.54274397381529,78.43750225889237,1,119.32167224821225,47.5589318,10.214222,48.1409679,11.5576705,Immenstadt,München Hbf Gleis 25,134.0,849.0,0.15783274440518258,,,,
Immenstadt,"München, Hauptbahnhof (U, Tram)",Train Longue Distance Nuit,0.10550496581163726,78.54274397381529,78.43723900800366,1,119.62014264357967,47.5593562,10.2130542,48.1412496,11.5614075,Immenstadt,"München, Hauptbahnhof (U, Tram)",2.0,849.0,0.002355712603062426,,,,
Immenstadt,Pasing,Train Longue Distance Nuit,0.10047009639492456,73.02529786483906,72.92482776844413,1,113.91167391714801,47.5593562,10.2130542,48.1494973,11.4610118,Immenstadt,Pasing,2.0,849.0,0.002355712603062426,,,,35728.0
Immenstadt,Pasing Gleis 3,Train Longue Distance Nuit,0.10047590208754488,73.02529786483906,72.92482196275152,1,113.91825633508488,47.5589318,10.214222,48.1496771,11.4616496,Immenstadt,Pasing Gleis 3,163.0,849.0,0.19199057714958775,,,,35728.0
Immenstadt,Pasing Gleis 4,Train Longue Distance,0.10048545872855705,73.02529786483906,72.9248124061105,1,113.92909152897623,47.5589318,10.214222,48.149779,11.4617214,Immenstadt,Pasing Gleis 4,2.0,849.0,0.002355712603062426,,,,35728.0
Ingolstadt Hbf,"Amsterdam, Centraal",EuroNight,9.734729184690252,149.8988182712433,140.16408908655305,0,613.172662174997,48.7446121,11.4373322,52.3789574,4.9006063,Ingolstadt Hbf,"Amsterdam, Centraal",56.0,469.0,0.11940298507462686,,120658.0,,
Ingolstadt Hbf,Dortmund Hbf,EuroNight,6.649312559052768,122.73582764382516,116.08651508477239,1,418.82795156543006,48.7446121,11.4373322,51.5178797,7.4587207,Ingolstadt Hbf,Dortmund Hbf,14.0,469.0,0.029850746268656716,,120658.0,,588462.0
Ingolstadt Hbf,Kufstein Bahnhof,EuroNight,2.2225256625548937,94.99480811417341,92.77228245161851,1,139.99279809491645,48.7446003,11.4372693,47.5830959,12.1655874,Ingolstadt Hbf,Kufstein Bahnhof,96.0,469.0,0.2046908315565032,,120658.0,,
Ingolstadt Hbf,Münster (Westf) Hauptbahnhof,EuroNight,7.1037880462780345,131.43005260381898,124.32626455754094,1,447.4545254647289,48.7446121,11.4373322,51.9566277,7.6353295,Ingolstadt Hbf,Münster (Westf) Hauptbahnhof,28.0,469.0,0.05970149253731343,,120658.0,290061.0,4738.0
Ingolstadt Hbf,Nersingen,Train Longue Distance,1.638221153532837,,,0,103.18853322832182,48.7446713,11.4376825,48.4301431,10.1177789,Ingolstadt Hbf,Nersingen,68.0,469.0,0.14498933901918976,,120658.0,,
Ingolstadt Hbf,Neu-Ulm,Train Longue Distance,1.783841231113628,78.47954423199778,76.69570300088415,1,112.36087371589998,48.7446713,11.4376825,48.3936212,10.0056961,Ingolstadt Hbf,Neu-Ulm,68.0,469.0,0.14498933901918976,,120658.0,28711.0,51389.0
Ingolstadt Hbf,Rosenheim,EuroNight,1.770776352756804,83.11504860320463,81.34427225044783,1,111.53794109075359,48.7446003,11.4372693,47.8499797,12.1192703,Ingolstadt Hbf,Rosenheim,96.0,469.0,0.2046908315565032,,120658.0,,60167.0
Ingolstadt Hbf,Ulm Hbf,Train Longue Distance,1.8053493943839614,78.47954423199778,76.67419483761381,1,113.71563330712783,48.7446713,11.4376825,48.3986851,9.9832292,Ingolstadt Hbf,Ulm Hbf,68.0,469.0,0.14498933901918976,,120658.0,,120451.0
Inningen,Heimenkirch,Train Longue Distance Nuit,1.6609637404765298,67.53796526524285,65.87700152476631,1,104.62104689320547,48.311699,10.8691118,47.6288722,9.9022551,Inningen,Heimenkirch,41.0,73.0,0.5616438356164384,,,,
Inningen,Hergatz,Train Longue Distance Nuit,1.701259383569479,81.7714281466976,80.07016876312812,1,107.15919523617276,48.311699,10.8691118,47.6466862,9.82712,Inningen,Hergatz,41.0,73.0,0.5616438356164384,,,,
Inningen,Lindau-Insel,Train Longue Distance Nuit,1.9513940559949499,81.7714281466976,79.82003409070265,1,122.91471756078042,48.311699,10.8691118,47.5451508,9.6804521,Inningen,Lindau-Insel,25.0,73.0,0.3424657534246575,,,,24518.0
Inningen,Lindau-Reutin,Train Longue Distance Nuit,1.9248769390044902,81.7714281466976,79.84655120769311,1,121.24445320008127,48.311699,10.8691118,47.5523177,9.7012121,Inningen,Lindau-Reutin,41.0,73.0,0.5616438356164384,,,28711.0,24518.0
Inningen,Oberstaufen,Train Longue Distance Nuit,1.668822270675567,67.53796526524285,65.86914299456728,1,105.1160412368082,48.311699,10.8691118,47.5539364,10.0255039,Inningen,Oberstaufen,41.0,73.0,0.5616438356164384,,,,
Inningen,Röthenbach (Allgäu),Train Longue Distance Nuit,1.6308385510582266,67.53796526524285,65.90712671418461,1,102.72351669552951,48.311699,10.8691118,47.6205715,9.9535579,Inningen,Röthenbach (Allgäu),41.0,73.0,0.5616438356164384,,,,
Innsbruck Hbf,Amsterdam Centraal,Nightjet,11.668674583831708,183.30433797467967,171.63566339084795,0,734.988320977054,47.26337,11.40111,52.37921,4.90029,Innsbruck Hbf,Amsterdam Centraal,,,,,132493.0,,741636.0
Innsbruck Hbf,Düsseldorf Hbf,InterCity,8.772723946360363,150.74620065151365,141.97347670515327,1,552.5777240085893,47.26337,11.40111,51.2212,6.79271,Innsbruck Hbf,Düsseldorf Hbf,,,,,132493.0,106903.0,618685.0
Innsbruck Hbf,Hamburg Altona,InterCity,11.22316808017163,176.49751482513182,165.27434674496018,0,706.926686833688,47.26337,11.40111,53.55225,9.93496,Innsbruck Hbf,Hamburg Altona,,,,,132493.0,203396.0,1973896.0
Innsbruck Hbf,Hamburg Hbf,Nightjet,11.211815537666128,178.7271340884052,167.51531855073907,0,706.2116110900812,47.26337,11.40111,53.55231,10.00633,Innsbruck Hbf,Hamburg Hbf,,,,,132493.0,203396.0,1973896.0
Innsbruck Hbf,Malmö C,InterCity,14.837314588666743,232.3891851925616,217.55187060389486,0,934.5751189636397,47.26337,11.40111,55.60944,13.00084,Innsbruck Hbf,Malmö C,,,,,132493.0,,362133.0
Inverness / Inbhir Nis,London Euston,InterCity,,,,0,,,,51.52817,-0.13308,Inverness / Inbhir Nis,London Euston,,,,,47790.0,106903.0,8961989.0
Ivano-Frankivsk,Cherkasy,InterCity,,,,0,,,,,,Ivano-Frankivsk,Cherkasy,,,,,,,
Ivano-Frankivsk,Chernihiv,InterCity,,,,0,,,,,,Ivano-Frankivsk,Chernihiv,,,,,,,
Ivano-Frankivsk,Kharkiv,InterCity,,,,0,,,,,,Ivano-Frankivsk,Kharkiv,,,,,,,
Ivano-Frankivsk,Kryvyi Rih,InterCity,,,,0,,,,,,Ivano-Frankivsk,Kryvyi Rih,,,,,,,
Ivano-Frankivsk,Kyiv Pasazhyrskyi,InterCity,,,,0,,,,,,Ivano-Frankivsk,Kyiv Pasazhyrskyi,,,,,,,
Kamianets-Podilskyi,Kyiv Pasazhyrskyi,InterCity,,,,0,,,,,,Kamianets-Podilskyi,Kyiv Pasazhyrskyi,,,,,,,
Karlsruhe Hauptbahnhof,Augsburg Hbf,Train Longue Distance,11.196508523130715,80.47574933177594,69.27924080864523,1,195.29929396704543,48.993367,8.401278,48.365656,10.8858385,Karlsruhe Hauptbahnhof,Augsburg Hbf,8.0,52.0,0.15384615384615385,,283799.0,,301105.0
Karlsruhe Hauptbahnhof,München Hbf Gleis 14,Train Longue Distance,14.381475835221433,100.89120345747351,86.50972762225207,1,250.8542793514989,48.993367,8.401278,48.1400807,11.5575178,Karlsruhe Hauptbahnhof,München Hbf Gleis 14,8.0,52.0,0.15384615384615385,,283799.0,,
Karlsruhe Hauptbahnhof,Paris Gare de l'Est,Train Longue Distance,25.301212430202817,130.5506356142545,105.2494231840517,1,441.32587528698446,48.993367,8.401278,48.8785739,2.3603054,Karlsruhe Hauptbahnhof,Paris Gare de l'Est,21.0,52.0,0.40384615384615385,,283799.0,,2103778.0
Karlsruhe Hauptbahnhof,Ulm Hauptbahnhof,Train Longue Distance,7.656793462379408,86.90402520201542,79.247231739636,1,133.55648809313462,48.993367,8.401278,48.3993472,9.9829328,Karlsruhe Hauptbahnhof,Ulm Hauptbahnhof,8.0,52.0,0.15384615384615385,,283799.0,,120451.0
Kars,Ankara,InterCity,57.77360651101507,221.54920629337312,163.77559978235806,0,873.3727363721098,40.60528,43.10639,39.93498,32.84395,Kars,Ankara,,,,,91450.0,,3517182.0
Kaufering,Lindau-Insel,Train Longue Distance Nuit,1.6836461542727532,,,0,106.04977036235533,48.0812403,10.8550801,47.5451508,9.6804521,Kaufering,Lindau-Insel,102.0,770.0,0.13246753246753246,,,,24518.0
Kaufering,Lindau-Reutin,Train Longue Distance Nuit,1.6542708377255375,,,0,104.19947327573303,48.0812403,10.8550801,47.5524814,9.7029189,Kaufering,Lindau-Reutin,236.0,770.0,0.3064935064935065,,,28711.0,24518.0
Kemijärvi,Helsinki / Helsingfors,InterCity,,,,0,,66.72411,27.40363,,,Kemijärvi,Helsinki / Helsingfors,,,,,,865.0,658864.0
Kempten (Allgäu) Hbf,München Hbf Gleis 12,Train Longue Distance,0.09165960723809044,70.1889006771193,70.09724106988122,1,103.92245718604359,47.7117827,10.317699,48.1399368,11.5574908,Kempten (Allgäu) Hbf,München Hbf Gleis 12,1.0,939.0,0.0010649627263045794,,61399.0,,
Kempten (Allgäu) Hbf,München Hbf Gleis 14,Train Longue Distance,0.09166754921702507,70.1889006771193,70.09723312790229,1,103.93146169730733,47.7117827,10.317699,48.1400807,11.5575178,Kempten (Allgäu) Hbf,München Hbf Gleis 14,3.0,939.0,0.003194888178913738,,61399.0,,
Kempten (Allgäu) Hbf,München Hbf Gleis 15,Train Longue Distance,0.09167258303397115,70.1889006771193,70.09722809408534,1,103.93716897275641,47.7117827,10.317699,48.1401826,11.5575268,Kempten (Allgäu) Hbf,München Hbf Gleis 15,1.0,939.0,0.0010649627263045794,,61399.0,,
Kempten (Allgäu) Hbf,München Hbf Gleis 17,Train Longue Distance,0.0916818385889031,70.1889006771193,70.09721883853041,1,103.94766279920984,47.7117827,10.317699,48.1403325,11.5575717,Kempten (Allgäu) Hbf,München Hbf Gleis 17,1.0,939.0,0.0010649627263045794,,61399.0,,
Kempten (Allgäu) Hbf,München Hbf Gleis 24,Train Longue Distance Nuit,0.09171043859440821,70.1889006771193,70.0971902385249,1,103.98008910930635,47.7117827,10.317699,48.14086,11.5576615,Kempten (Allgäu) Hbf,München Hbf Gleis 24,8.0,939.0,0.008519701810436636,,61399.0,,
Kempten (Allgäu) Hbf,München Hbf Gleis 25,Train Longue Distance Nuit,0.09171574425742396,70.1889006771193,70.09718493286188,1,103.98610460025391,47.7117827,10.317699,48.1409679,11.5576705,Kempten (Allgäu) Hbf,München Hbf Gleis 25,153.0,939.0,0.16293929712460065,,61399.0,,
Kempten (Allgäu) Hbf Bstg SEV,"München, Hauptbahnhof (U, Tram)",Train Longue Distance Nuit,0.09203100660411363,70.1889006771193,70.09686967051519,1,104.34354490262317,47.7117585,10.3162706,48.1412496,11.5614075,Kempten (Allgäu) Hbf Bstg SEV,"München, Hauptbahnhof (U, Tram)",4.0,28.0,0.14285714285714285,,61399.0,,
Kharkiv,Chelm,InterCity,,,,0,,,,51.1412,23.49404,Kharkiv,Chelm,,,,,,,60231.0
Kharkiv,Chernivtsi,InterCity,,,,0,,,,,,Kharkiv,Chernivtsi,,,,,,,
Kharkiv,Ivano-Frankivsk,InterCity,,,,0,,,,,,Kharkiv,Ivano-Frankivsk,,,,,,,
Kharkiv,Lviv,InterCity,,,,0,,,,,,Kharkiv,Lviv,,,,,,,
Kharkiv,Odesa Holovna,InterCity,,,,0,,,,,,Kharkiv,Odesa Holovna,,,,,,,
Kharkiv,Przemyśl Gł.,InterCity,,,,0,,,,49.78366,22.77636,Kharkiv,Przemyśl Gł.,,,,,,,67013.0
Kharkiv,Uzhhorod,InterCity,,,,0,,,,,,Kharkiv,Uzhhorod,,,,,,,
Kharkiv,Vorokhta,InterCity,,,,0,,,,,,Kharkiv,Vorokhta,,,,,,,
Kißlegg Bahnhof,München Hbf Gleis 15,Train Longue Distance,0.11514768661006952,88.0962250130761,87.98107732646602,1,130.5529326644779,47.7936563,9.8820699,48.1401826,11.5575268,Kißlegg Bahnhof,München Hbf Gleis 15,1.0,318.0,0.0031446540880503146,,,,
Kißlegg Bahnhof,München Hbf Gleis 19,Train Longue Distance,0.11516050148648269,88.0962250130761,87.98106451158961,1,130.56746200281484,47.7936563,9.8820699,48.1405003,11.5575896,Kißlegg Bahnhof,München Hbf Gleis 19,1.0,318.0,0.0031446540880503146,,,,
Kißlegg Bahnhof,München Hbf Gleis 24,Train Longue Distance,0.11517506910810273,88.0962250130761,87.98104994396799,1,130.58397858061534,47.7936563,9.8820699,48.14086,11.5576615,Kißlegg Bahnhof,München Hbf Gleis 24,100.0,444.0,0.22522522522522523,,,,
Kißlegg Bahnhof,München Hbf Gleis 24,Train Longue Distance Nuit,0.11517402293893135,88.0962250130761,87.98105099013716,1,130.58279244776796,47.7935597,9.8821328,48.14086,11.5576615,Kißlegg Bahnhof,München Hbf Gleis 24,100.0,318.0,0.31446540880503143,,,,
Kißlegg Bahnhof,Pasing Gleis 3,Train Longue Distance,0.10943287803380174,81.80856286682166,81.69912998878786,1,124.07355786145321,47.7936563,9.8820699,48.1496771,11.4616496,Kißlegg Bahnhof,Pasing Gleis 3,116.0,444.0,0.26126126126126126,,,,35728.0
Kißlegg Bahnhof,Pasing Gleis 3,Train Longue Distance Nuit,0.10943207893267289,81.80856286682166,81.69913078788899,1,124.07265185110305,47.7935597,9.8821328,48.1496771,11.4616496,Kißlegg Bahnhof,Pasing Gleis 3,116.0,318.0,0.36477987421383645,,,,35728.0
Kolari,Helsinki / Helsingfors,InterCity,,,,0,,67.34896,23.83575,,,Kolari,Helsinki / Helsingfors,,,,,,865.0,658864.0
Konya,İzmir Basmane,InterCity,31.110482888204714,101.97870005809453,70.86821716988982,1,470.30208447777346,37.86534,32.4759,38.42271,27.14408,Konya,İzmir Basmane,,,,,1433861.0,,2938292.0
Koper,Budapest Déli,InterCity,17.4226090146953,100.28254865984789,82.8599396451526,1,459.38430139469756,45.53913,13.73831,47.50043,19.02466,Koper,Budapest Déli,,,,,25753.0,,1741041.0
Kovel,Dnipro Holovny,InterCity,,,,0,,,,,,Kovel,Dnipro Holovny,,,,,,,
Kovel,Kyiv Pasazhyrskyi,InterCity,,,,0,,,,,,Kovel,Kyiv Pasazhyrskyi,,,,,,,
Kovel,Odesa Holovna,InterCity,,,,0,,,,,,Kovel,Odesa Holovna,,,,,,,
Kołobrzeg,Bielsko-Biała Główna,InterCity,51.93431772797026,147.25336380511732,95.31904607714705,1,540.2059303082054,54.18238,15.57209,49.82238,19.05838,Kołobrzeg,Bielsko-Biała Główna,,,,,44377.0,,
Kołobrzeg,Kraków Gł.,InterCity,52.51182466565862,148.58877973991034,96.07695507425171,1,546.2129924240011,54.18238,15.57209,50.06719,19.94742,Kołobrzeg,Kraków Gł.,,,,,44377.0,,804237.0
Kraków Gł.,Hel,InterCity,49.14605736148482,142.77547384147806,93.62941647999324,1,511.2032428538644,50.06719,19.94742,54.61104,18.80089,Kraków Gł.,Hel,,,,,804237.0,420572.0,
Kraków Gł.,Kołobrzeg,InterCity,52.51182466565862,148.58877973991034,96.07695507425171,1,546.2129924240011,50.06719,19.94742,54.18238,15.57209,Kraków Gł.,Kołobrzeg,,,,,804237.0,,44377.0
Kraków Gł.,Łeba,InterCity,52.49992965972077,137.99408823935087,85.4941585796301,1,546.0892639717985,50.06719,19.94742,54.75691,17.5532,Kraków Gł.,Łeba,,,,,804237.0,,
Kraków Gł.,Świnoujście,InterCity,55.47912904594651,142.77871956768442,87.29959052173791,1,577.0780445395837,50.06719,19.94742,53.90482,14.26663,Kraków Gł.,Świnoujście,,,,,804237.0,,40919.0
Kremenchuk,Mukacheve,InterCity,,,,0,,,,,,Kremenchuk,Mukacheve,,,,,,,
Kremenchuk,Przemyśl Gł.,InterCity,,,,0,,,,49.78366,22.77636,Kremenchuk,Przemyśl Gł.,,,,,,,67013.0
Kressbronn Bahnhof,Esslingen (N) Gleis 3,Train Longue Distance Nuit,0.11393497733914561,85.12953880351212,85.01560382617298,1,129.1779788425687,47.5940803,9.5989479,48.7386467,9.3006623,Kressbronn Bahnhof,Esslingen (N) Gleis 3,7.0,94.0,0.07446808510638298,,,,92390.0
Kressbronn Bahnhof,Geislingen (Steige) Gleis 2,Train Longue Distance Nuit,0.10178960169573144,77.05150851608066,76.94971891438493,1,115.40771167316488,47.5940803,9.5989479,48.6192303,9.8417176,Kressbronn Bahnhof,Geislingen (Steige) Gleis 2,5.0,94.0,0.05319148936170213,,,,
Kressbronn Bahnhof,Geislingen (Steige) Gleis 3,Train Longue Distance Nuit,0.10179297983371245,77.05150851608066,76.94971553624694,1,115.41154176157873,47.5940803,9.5989479,48.6192481,9.8418793,Kressbronn Bahnhof,Geislingen (Steige) Gleis 3,3.0,94.0,0.031914893617021274,,,,
Kressbronn Bahnhof,Göppingen Gleis 4,Train Longue Distance Nuit,0.10852677230784889,75.70462044939134,75.59609367708349,1,123.04622710640461,47.5940803,9.5989479,48.700094,9.6520653,Kressbronn Bahnhof,Göppingen Gleis 4,8.0,94.0,0.0851063829787234,,,,58040.0
Kressbronn Bahnhof,Plochingen Gleis 1,Train Longue Distance Nuit,0.11042660250831657,85.12953880351212,85.01911220100381,1,125.20022960126593,47.5940803,9.5989479,48.7130825,9.4116941,Kressbronn Bahnhof,Plochingen Gleis 1,9.0,94.0,0.09574468085106383,,,,
Kressbronn Bahnhof,Stuttgart Hauptbahnhof (oben) Gleis 11,Train Longue Distance Nuit,0.11992993096376896,93.44916233298383,93.32923240202007,1,135.9749784169716,47.5940803,9.5989479,48.7851371,9.1833513,Kressbronn Bahnhof,Stuttgart Hauptbahnhof (oben) Gleis 11,2.0,94.0,0.02127659574468085,,,,612663.0
Kressbronn Bahnhof,Stuttgart Hauptbahnhof (oben) Gleis 12,Train Longue Distance,0.11992229275614402,93.44916233298383,93.32924004022769,1,135.9663183176236,47.5940803,9.5989479,48.785078,9.1834861,Kressbronn Bahnhof,Stuttgart Hauptbahnhof (oben) Gleis 12,2.0,94.0,0.02127659574468085,,,,612663.0
Kressbronn Bahnhof,Stuttgart Hauptbahnhof (oben) Gleis 13,Train Longue Distance Nuit,0.11991743137270662,93.44916233298383,93.32924490161112,1,135.96080654501884,47.5940803,9.5989479,48.7850424,9.1835849,Kressbronn Bahnhof,Stuttgart Hauptbahnhof (oben) Gleis 13,4.0,94.0,0.0425531914893617,,,,612663.0
Kressbronn Bahnhof,Stuttgart Hauptbahnhof (oben) Gleis 14,Train Longue Distance Nuit,0.11991006035095426,93.44916233298383,93.32925227263287,1,135.95244937749916,47.5940803,9.5989479,48.7849833,9.1837017,Kressbronn Bahnhof,Stuttgart Hauptbahnhof (oben) Gleis 14,1.0,94.0,0.010638297872340425,,,,612663.0
Kryvyi Rih,Chernivtsi,InterCity,,,,0,,,,,,Kryvyi Rih,Chernivtsi,,,,,,,
Kryvyi Rih,Ivano-Frankivsk,InterCity,,,,0,,,,,,Kryvyi Rih,Ivano-Frankivsk,,,,,,,
Kryvyi Rih,Kyiv Pasazhyrskyi,InterCity,,,,0,,,,,,Kryvyi Rih,Kyiv Pasazhyrskyi,,,,,,,
Kufstein Bahnhof,Altona,EuroNight,10.828560959447907,182.23845360798325,171.40989264853533,0,682.0711110763358,47.5830959,12.1656413,53.5519791,9.9343519,Kufstein Bahnhof,Altona,5.0,340.0,0.014705882352941176,,,,250192.0
Kufstein Bahnhof,"Amsterdam, Centraal",EuroNight,11.808082437458571,186.27017863944073,174.46209620198215,0,743.7693649192852,47.5830959,12.1656413,52.3789574,4.9006063,Kufstein Bahnhof,"Amsterdam, Centraal",95.0,340.0,0.27941176470588236,,,,
Kufstein Bahnhof,Augsburg Hbf,EuroNight,2.0483683462889934,83.82987781358618,81.78150946729718,1,129.02294950170028,47.5830959,12.1656413,48.3656739,10.8858924,Kufstein Bahnhof,Augsburg Hbf,63.0,340.0,0.18529411764705883,,,,301105.0
Kufstein Bahnhof,Dortmund Hbf,EuroNight,8.788802966053492,149.491210222527,140.70240725647352,1,553.5905118451432,47.5830959,12.1656413,51.5178797,7.4587207,Kufstein Bahnhof,Dortmund Hbf,17.0,340.0,0.05,,,,588462.0
Kufstein Bahnhof,Hamburg Hbf,EuroNight,10.811220610116946,172.8037224557091,161.99250184559216,0,680.9788744089788,47.5830959,12.1656413,53.5527529,10.0079239,Kufstein Bahnhof,Hamburg Hbf,6.0,340.0,0.01764705882352941,,,203396.0,1973896.0
Kufstein Bahnhof,Ingolstadt Hbf,EuroNight,2.222540753676624,94.99480811417341,92.77226736049678,1,139.99374865687983,47.5830959,12.1656413,48.7446121,11.4373322,Kufstein Bahnhof,Ingolstadt Hbf,95.0,340.0,0.27941176470588236,,,,120658.0
Kufstein Bahnhof,Münster (Westf) Hauptbahnhof,EuroNight,9.285159590725726,142.21145827501883,132.9262986842931,1,584.855101456647,47.5830959,12.1656413,51.9566277,7.6353295,Kufstein Bahnhof,Münster (Westf) Hauptbahnhof,55.0,340.0,0.16176470588235295,,,290061.0,4738.0
Kufstein Bahnhof,Nürnberg Hbf,EuroNight,3.523783767050389,92.09365165184225,88.56986788479186,1,221.9566494740734,47.5830959,12.1656413,49.4457552,11.0821383,Kufstein Bahnhof,Nürnberg Hbf,166.0,340.0,0.48823529411764705,,,,
Kurtalan,Ankara,InterCity,52.73768399810979,222.0562932707762,169.3186092726664,0,797.2439001981827,37.92809,41.69722,39.93498,32.84395,Kurtalan,Ankara,,,,11803.0,32114.0,,3517182.0
Kyiv Pasazhyrskyi,București Nord,InterCity,,,,0,,,,44.44677,26.07441,Kyiv Pasazhyrskyi,București Nord,,,,,,,
Kyiv Pasazhyrskyi,Budapest Keleti,InterCity,,,,0,,,,47.50059,19.08426,Kyiv Pasazhyrskyi,Budapest Keleti,,,,,,,1741041.0
Kyiv Pasazhyrskyi,Chelm,InterCity,,,,0,,,,51.1412,23.49404,Kyiv Pasazhyrskyi,Chelm,,,,,,,60231.0
Kyiv Pasazhyrskyi,Chernivtsi,InterCity,,,,0,,,,,,Kyiv Pasazhyrskyi,Chernivtsi,,,,,,,
Kyiv Pasazhyrskyi,Chişinău,InterCity,,,,0,,,,47.01287,28.86019,Kyiv Pasazhyrskyi,Chişinău,,,,,,,
Kyiv Pasazhyrskyi,Chop,InterCity,,,,0,,,,48.43271,22.20555,Kyiv Pasazhyrskyi,Chop,,,,,,14231.0,
Kyiv Pasazhyrskyi,Ivano-Frankivsk,InterCity,,,,0,,,,,,Kyiv Pasazhyrskyi,Ivano-Frankivsk,,,,,,,
Kyiv Pasazhyrskyi,Kamianets-Podilskyi,InterCity,,,,0,,,,,,Kyiv Pasazhyrskyi,Kamianets-Podilskyi,,,,,,,
Kyiv Pasazhyrskyi,Kovel,InterCity,,,,0,,,,,,Kyiv Pasazhyrskyi,Kovel,,,,,,,
Kyiv Pasazhyrskyi,Kryvyi Rih,InterCity,,,,0,,,,,,Kyiv Pasazhyrskyi,Kryvyi Rih,,,,,,,
Kyiv Pasazhyrskyi,Lviv,InterCity,,,,0,,,,,,Kyiv Pasazhyrskyi,Lviv,,,,,,,
Kyiv Pasazhyrskyi,Mykolaiv,InterCity,,,,0,,,,,,Kyiv Pasazhyrskyi,Mykolaiv,,,,,,,
Kyiv Pasazhyrskyi,Odesa Holovna,InterCity,,,,0,,,,,,Kyiv Pasazhyrskyi,Odesa Holovna,,,,,,,
Kyiv Pasazhyrskyi,Przemyśl Gł.,InterCity,,,,0,,,,49.78366,22.77636,Kyiv Pasazhyrskyi,Przemyśl Gł.,,,,,,,67013.0
Kyiv Pasazhyrskyi,Rakhiv,InterCity,,,,0,,,,,,Kyiv Pasazhyrskyi,Rakhiv,,,,,,,
Kyiv Pasazhyrskyi,Solotvyno,InterCity,,,,0,,,,,,Kyiv Pasazhyrskyi,Solotvyno,,,,,,,
Kyiv Pasazhyrskyi,Truskavets,InterCity,,,,0,,,,,,Kyiv Pasazhyrskyi,Truskavets,,,,,,106903.0,
Kyiv Pasazhyrskyi,Uzhhorod,InterCity,,,,0,,,,,,Kyiv Pasazhyrskyi,Uzhhorod,,,,,,,
Kyiv Pasazhyrskyi,Warszawa Zachodnia,InterCity,,,,0,,,,52.21998,20.9653,Kyiv Pasazhyrskyi,Warszawa Zachodnia,,,,,,,
Kyiv Pasazhyrskyi,Wien Hbf,InterCity,,,,0,,,,48.1851,16.37711,Kyiv Pasazhyrskyi,Wien Hbf,,,,,,,
Kyiv Pasazhyrskyi,Zaporizhzhia 1,InterCity,,,,0,,,,,,Kyiv Pasazhyrskyi,Zaporizhzhia 1,,,,,,,
Langenargen Bahnhof,Esslingen (N) Gleis 3,Train Longue Distance Nuit,0.11285620304252975,78.27794794084004,78.16509173779751,1,127.95487873302692,47.5994777,9.5445998,48.7386467,9.3006623,Langenargen Bahnhof,Esslingen (N) Gleis 3,7.0,103.0,0.06796116504854369,,,,92390.0
Langenargen Bahnhof,Geislingen (Steige) Gleis 2,Train Longue Distance Nuit,0.10188594809556376,73.56657906690694,73.46469311881138,1,115.51694795415392,47.5994777,9.5445998,48.6192303,9.8417176,Langenargen Bahnhof,Geislingen (Steige) Gleis 2,5.0,103.0,0.04854368932038835,,,,
Langenargen Bahnhof,Geislingen (Steige) Gleis 3,Train Longue Distance Nuit,0.1018896834032306,73.56657906690694,73.46468938350371,1,115.52118299686008,47.5994777,9.5445998,48.6192481,9.8418793,Langenargen Bahnhof,Geislingen (Steige) Gleis 3,3.0,103.0,0.02912621359223301,,,,
Langenargen Bahnhof,Göppingen Gleis 4,Train Longue Distance Nuit,0.10817052899959231,70.63408378155901,70.52591325255942,1,122.64232312878946,47.5994777,9.5445998,48.700094,9.6520653,Langenargen Bahnhof,Göppingen Gleis 4,8.0,103.0,0.07766990291262135,,,,58040.0
Langenargen Bahnhof,Plochingen Gleis 1,Train Longue Distance Nuit,0.10956114451774014,78.27794794084004,78.1683867963223,1,124.21898471399109,47.5994777,9.5445998,48.7130825,9.4116941,Langenargen Bahnhof,Plochingen Gleis 1,9.0,103.0,0.08737864077669903,,,,
Langenargen Bahnhof,Stuttgart Hauptbahnhof (oben) Gleis 11,Train Longue Distance Nuit,0.11865617853797765,86.17616942087686,86.05751324233889,1,134.5308146689089,47.5994777,9.5445998,48.7851371,9.1833513,Langenargen Bahnhof,Stuttgart Hauptbahnhof (oben) Gleis 11,2.0,103.0,0.019417475728155338,,,,612663.0
Langenargen Bahnhof,Stuttgart Hauptbahnhof (oben) Gleis 12,Train Longue Distance,0.11864874739271407,86.17616942087686,86.05752067348415,1,134.52238933414293,47.5994777,9.5445998,48.785078,9.1834861,Langenargen Bahnhof,Stuttgart Hauptbahnhof (oben) Gleis 12,2.0,103.0,0.019417475728155338,,,,612663.0
Langenargen Bahnhof,Stuttgart Hauptbahnhof (oben) Gleis 13,Train Longue Distance Nuit,0.11864404243934443,86.17616942087686,86.05752537843752,1,134.51705491989165,47.5994777,9.5445998,48.7850424,9.1835849,Langenargen Bahnhof,Stuttgart Hauptbahnhof (oben) Gleis 13,4.0,103.0,0.038834951456310676,,,,612663.0
Langenargen Bahnhof,Stuttgart Hauptbahnhof (oben) Gleis 14,Train Longue Distance Nuit,0.11863684612458565,86.17616942087686,86.05753257475227,1,134.50889583286354,47.5994777,9.5445998,48.7849833,9.1837017,Langenargen Bahnhof,Stuttgart Hauptbahnhof (oben) Gleis 14,1.0,103.0,0.009708737864077669,,,,612663.0
Langenau (Württ),Bahnhof Überlingen,Train Longue Distance,1.7093447974687999,79.19455395468282,77.48520915721402,1,107.66848056618794,48.4932982,10.1258817,47.7689677,9.1630584,Langenau (Württ),Bahnhof Überlingen,1.0,567.0,0.001763668430335097,11803.0,,,
Langenau (Württ),Friedrichshafen Stadtbahnhof,Train Longue Distance,1.6706262832108234,68.82010331389196,67.14947703068114,1,105.22967266382108,48.4932982,10.1258817,47.6532824,9.4735701,Langenau (Württ),Friedrichshafen Stadtbahnhof,1.0,567.0,0.001763668430335097,11803.0,,,58403.0
Langenau (Württ),Ludwigshafen(Bodensee) Bahnhof,Train Longue Distance,1.739891814135497,78.95141578391666,77.21152396978115,1,109.59258088532987,48.4932982,10.1258817,47.8156006,9.0531495,Langenau (Württ),Ludwigshafen(Bodensee) Bahnhof,1.0,567.0,0.001763668430335097,11803.0,,,
Langenau (Württ),Radolfzell Bahnhof,Train Longue Distance,1.9095687528654,78.95141578391666,77.04184703105126,1,120.2802187493953,48.4932982,10.1258817,47.735852,8.969157,Langenau (Württ),Radolfzell Bahnhof,1.0,567.0,0.001763668430335097,11803.0,,,31734.0
Langenau (Württ),"Salem, Bahnhof",Train Longue Distance,1.6249054591374197,66.01961804403524,64.39471258489782,1,102.34980216285084,48.4932982,10.1258817,47.7577,9.2969523,Langenau (Württ),"Salem, Bahnhof",1.0,567.0,0.001763668430335097,11803.0,,,
Langenau (Württ),Singen (Htw) Bahnhof,Train Longue Distance,1.9913222095908558,88.81610945043555,86.82478724084469,1,125.42971841716151,48.4932982,10.1258817,47.7596204,8.8421802,Langenau (Württ),Singen (Htw) Bahnhof,1.0,567.0,0.001763668430335097,11803.0,,,47621.0
Langenau (Württ),Sipplingen Bahnhof,Train Longue Distance,1.7291518426595023,78.95141578391666,77.22226394125715,1,108.91608986265446,48.4932982,10.1258817,47.7955392,9.0956039,Langenau (Württ),Sipplingen Bahnhof,1.0,567.0,0.001763668430335097,11803.0,,,
Langenau (Württ),Uhldingen-Mühlhofen Bahnhof,Train Longue Distance,1.6888114683047533,79.19455395468282,77.50574248637807,1,106.37512397989124,48.4932982,10.1258817,47.7369033,9.24856,Langenau (Württ),Uhldingen-Mühlhofen Bahnhof,1.0,567.0,0.001763668430335097,11803.0,,14285.0,
Langenau (Württ),Überlingen Bahnhof Therme,Train Longue Distance,1.7231643252443418,79.19455395468282,77.47138962943848,1,108.5389471683259,48.4932982,10.1258817,47.7694386,9.1446878,Langenau (Württ),Überlingen Bahnhof Therme,1.0,567.0,0.001763668430335097,11803.0,,,21507.0
Langenwang (Schwab),Ulm Hbf,Train Longue Distance Nuit,0.09638647220866856,,,0,109.28171452229994,47.4364373,10.2760441,48.3993531,9.9825824,Langenwang (Schwab),Ulm Hbf,144.0,312.0,0.46153846153846156,,,,120451.0
Latour-de-Carol / La Tor de Querol,Paris Austerlitz,InterCity,,,,0,,,,48.84185,2.36646,Latour-de-Carol / La Tor de Querol,Paris Austerlitz,,,,,480.0,23798578.0,2103778.0
Laufenburg (Baden) Bahnhof,Friedrichshafen Stadtbahnhof,Train Longue Distance Nuit,0.09393779817835929,76.01111230856814,75.91717451038978,1,106.50544011151845,47.5641389,8.0590379,47.6533671,9.473588,Laufenburg (Baden) Bahnhof,Friedrichshafen Stadtbahnhof,1.0,12.0,0.08333333333333333,,,,58403.0
Laufenburg (Baden) Bahnhof,Markdorf Bahnhof,Train Longue Distance Nuit,0.08911388217319116,70.7316531233847,70.64253924121151,1,101.03614758865211,47.5641389,8.0590379,47.7168416,9.3884457,Laufenburg (Baden) Bahnhof,Markdorf Bahnhof,1.0,12.0,0.08333333333333333,,,,
Laufenburg (Baden) Ost Bahnhof,Friedrichshafen Stadtbahnhof,Train Longue Distance Nuit,0.09299351642502289,76.01111230856814,75.91811879214312,1,105.43482587871074,47.5661998,8.0730696,47.6533671,9.473588,Laufenburg (Baden) Ost Bahnhof,Friedrichshafen Stadtbahnhof,1.0,13.0,0.07692307692307693,,,,58403.0
Lecce,Milano Centrale,InterCity,41.65396840827166,234.21884641912544,192.5648780108538,0,926.0141480652627,40.34594,18.16583,45.48727,9.20511,Lecce,Milano Centrale,,,,,80695.0,,
Lecce,Roma Termini,InterCity,22.70433603872695,139.77361962919323,117.06928359046628,1,504.74269793977476,40.34594,18.16583,41.90049,12.50279,Lecce,Roma Termini,,,,,80695.0,,
Lecce,Torino Lingotto,InterCity,45.123485475732004,170.20888590403445,125.08540042830245,0,1003.1453798348673,40.34594,18.16583,45.02669,7.65695,Lecce,Torino Lingotto,,,,,80695.0,,
Leipheim,München Hbf Gleis 11,Train Longue Distance,1.6683382167745384,,,0,105.08555157310019,48.4503455,10.2157941,48.1398829,11.5574908,Leipheim,München Hbf Gleis 11,1.0,610.0,0.001639344262295082,,,,
Leipheim,München Hbf Gleis 12,Train Longue Distance,1.668306178244699,,,0,105.08353352511332,48.4503455,10.2157941,48.1399368,11.5574908,Leipheim,München Hbf Gleis 12,1.0,610.0,0.001639344262295082,,,,
Leipheim,München Hbf Gleis 13,Train Longue Distance Nuit,1.6682827025213287,,,0,105.08205483253519,48.4503455,10.2157941,48.1400267,11.5575178,Leipheim,München Hbf Gleis 13,3.0,610.0,0.004918032786885246,,,,
Leipheim,München Hbf Gleis 14,Train Longue Distance,1.6682506179602883,,,0,105.08003388512775,48.4503455,10.2157941,48.1400807,11.5575178,Leipheim,München Hbf Gleis 14,2.0,610.0,0.003278688524590164,,,,
Leipheim,München Hbf Gleis 15,Train Longue Distance Nuit,1.6682000704831215,,,0,105.07684999263803,48.4503455,10.2157941,48.1401826,11.5575268,Leipheim,München Hbf Gleis 15,10.0,610.0,0.01639344262295082,,,,
Leipheim,München Hbf Gleis 16,Train Longue Distance,1.6681878577382543,,,0,105.07608073433195,48.4503455,10.2157941,48.1402366,11.5575447,Leipheim,München Hbf Gleis 16,27.0,610.0,0.04426229508196721,,,,
Leipheim,München Hbf Gleis 17,Train Longue Distance Nuit,1.668160869530058,,,0,105.07438079680385,48.4503455,10.2157941,48.1403325,11.5575717,Leipheim,München Hbf Gleis 17,44.0,610.0,0.07213114754098361,,,,
Leipheim,München Hbf Gleis 18,Train Longue Distance,1.6681288727688364,,,0,105.0723653797453,48.4503455,10.2157941,48.1403864,11.5575717,Leipheim,München Hbf Gleis 18,7.0,610.0,0.011475409836065573,,,,
Leipheim,München Hbf Gleis 19,Train Longue Distance,1.66808113344774,,,0,105.06935836783445,48.4503455,10.2157941,48.1405003,11.5575896,Leipheim,München Hbf Gleis 19,1.0,610.0,0.001639344262295082,,,,
Leipheim,München Hbf Gleis 20,Train Longue Distance,1.668069063563245,,,0,105.06859810804012,48.4503455,10.2157941,48.1405543,11.5576076,Leipheim,München Hbf Gleis 20,1.0,610.0,0.001639344262295082,,,,
Leutkirch Bahnhof,München Hbf Gleis 15,Train Longue Distance,1.9038847376502128,78.51797677083692,76.61409203318671,1,119.92219309966069,47.8262466,10.0160177,48.1401826,11.5575268,Leutkirch Bahnhof,München Hbf Gleis 15,1.0,312.0,0.003205128205128205,28711.0,22362.0,,
Leutkirch Bahnhof,München Hbf Gleis 19,Train Longue Distance,1.9041136687972429,78.51797677083692,76.61386310203969,1,119.93661305097272,47.8262466,10.0160177,48.1405003,11.5575896,Leutkirch Bahnhof,München Hbf Gleis 19,1.0,312.0,0.003205128205128205,28711.0,22362.0,,
Leutkirch Bahnhof,München Hbf Gleis 24,Train Longue Distance,1.904373934935153,78.51797677083692,76.61360283590177,1,119.95300673564833,47.8262466,10.0160177,48.14086,11.5576615,Leutkirch Bahnhof,München Hbf Gleis 24,100.0,363.0,0.27548209366391185,28711.0,22362.0,,
Leutkirch Bahnhof,München Hbf Gleis 24,Train Longue Distance Nuit,1.904373934935153,78.51797677083692,76.61360283590177,1,119.95300673564833,47.8262466,10.0160177,48.14086,11.5576615,Leutkirch Bahnhof,München Hbf Gleis 24,100.0,312.0,0.32051282051282054,28711.0,22362.0,,
Leutkirch Bahnhof,Pasing Gleis 3,Train Longue Distance,1.8009022179124652,72.14315187937964,70.34224966146718,1,113.43551385188115,47.8262466,10.0160177,48.1496771,11.4616496,Leutkirch Bahnhof,Pasing Gleis 3,116.0,363.0,0.31955922865013775,28711.0,22362.0,,35728.0
Leutkirch Bahnhof,Pasing Gleis 3,Train Longue Distance Nuit,1.8009022179124652,72.14315187937964,70.34224966146718,1,113.43551385188115,47.8262466,10.0160177,48.1496771,11.4616496,Leutkirch Bahnhof,Pasing Gleis 3,116.0,312.0,0.3717948717948718,28711.0,22362.0,,35728.0
Lindau-Aeschach,Esslingen (N) Gleis 3,Train Longue Distance Nuit,0.11836620627338475,85.12953880351212,85.01117259723874,1,134.20204792900765,47.5592531,9.684746,48.7386467,9.3006623,Lindau-Aeschach,Esslingen (N) Gleis 3,4.0,20.0,0.2,,24518.0,,92390.0
Lindau-Aeschach,Geislingen (Steige) Gleis 2,Train Longue Distance Nuit,0.10446342964273117,77.05150851608066,76.94704508643792,1,118.43926263348206,47.5592531,9.684746,48.6192303,9.8417176,Lindau-Aeschach,Geislingen (Steige) Gleis 2,5.0,20.0,0.25,,24518.0,,
Lindau-Aeschach,Göppingen Gleis 4,Train Longue Distance Nuit,0.11190719114770256,75.70462044939134,75.59271325824363,1,126.87890152800743,47.5592531,9.684746,48.700094,9.6520653,Lindau-Aeschach,Göppingen Gleis 4,5.0,20.0,0.25,,24518.0,,58040.0
Lindau-Aeschach,Plochingen Gleis 1,Train Longue Distance Nuit,0.11456288655746377,85.12953880351212,85.01497591695465,1,129.88989405608137,47.5592531,9.684746,48.7130825,9.4116941,Lindau-Aeschach,Plochingen Gleis 1,4.0,20.0,0.2,,24518.0,,
Lindau-Aeschach,Stuttgart Hauptbahnhof (oben) Gleis 11,Train Longue Distance Nuit,0.12461869956917782,93.44916233298383,93.32454363341465,1,141.2910425954397,47.5592531,9.684746,48.7851371,9.1833513,Lindau-Aeschach,Stuttgart Hauptbahnhof (oben) Gleis 11,1.0,20.0,0.05,,24518.0,,612663.0
Lindau-Aeschach,Stuttgart Hauptbahnhof (oben) Gleis 13,Train Longue Distance Nuit,0.12460572810592138,93.44916233298383,93.32455660487791,1,141.2763357209993,47.5592531,9.684746,48.7850424,9.1835849,Lindau-Aeschach,Stuttgart Hauptbahnhof (oben) Gleis 13,3.0,20.0,0.15,,24518.0,,612663.0
Lindau-Insel,Augsburg Hbf,Train Longue Distance Nuit,0.11282465788189386,81.7714281466976,81.65860348881571,1,127.9191132447776,47.5451508,9.6804521,48.3650353,10.8854791,Lindau-Insel,Augsburg Hbf,42.0,953.0,0.04407135362014691,,24518.0,,301105.0
Lindau-Insel,Augsburg Messe,Train Longue Distance,0.11105109996064413,81.7714281466976,81.66037704673695,1,125.90827659936977,47.5451508,9.6804521,48.3387802,10.8861708,Lindau-Insel,Augsburg Messe,4.0,953.0,0.004197271773347324,,24518.0,,301105.0
Lindau-Insel,Augsburg Morellstraße,Train Longue Distance,0.11248925137951925,81.7714281466976,81.65893889531809,1,127.53883376362725,47.5451508,9.6804521,48.3550375,10.8931418,Lindau-Insel,Augsburg Morellstraße,4.0,953.0,0.004197271773347324,,24518.0,,301105.0
Lindau-Insel,Bobingen,Train Longue Distance Nuit,0.1039125263226552,67.88797724450095,67.78406471817829,1,117.8146556946204,47.5451508,9.6804521,48.2666135,10.8380301,Lindau-Insel,Bobingen,17.0,953.0,0.017838405036726127,,24518.0,,16682.0
Lindau-Insel,Geltendorf,Train Longue Distance Nuit,0.10493268230079614,77.8231159113743,77.7181832290735,1,118.97129512561919,47.5453752,9.6806677,48.1060203,11.0380221,Lindau-Insel,Geltendorf,7.0,320.0,0.021875,,24518.0,,
Lindau-Insel,Inningen,Train Longue Distance,0.10841255138975642,81.7714281466976,81.66301559530784,1,122.9167249316966,47.5451508,9.6804521,48.3116811,10.8691747,Lindau-Insel,Inningen,7.0,953.0,0.007345225603357817,,24518.0,,
Lindau-Insel,Kaufering,Train Longue Distance Nuit,0.09350984727235198,,,0,106.02023500266664,47.5453752,9.6806677,48.0811623,10.8551251,Lindau-Insel,Kaufering,7.0,320.0,0.021875,,24518.0,,
Lindau-Insel,München Hbf Gleis 12,Train Longue Distance,0.13661805684647002,98.10817153057648,97.97155347373001,1,154.89575606175737,47.5453509,9.68047,48.1399368,11.5574908,Lindau-Insel,München Hbf Gleis 12,1.0,953.0,0.001049317943336831,,24518.0,,
Lindau-Insel,München Hbf Gleis 15,Train Longue Distance,0.13663988360133125,98.10817153057648,97.97153164697515,1,154.92050294935515,47.5451508,9.6804521,48.1401826,11.5575268,Lindau-Insel,München Hbf Gleis 15,1.0,320.0,0.003125,,24518.0,,
Lindau-Insel,München Hbf Gleis 19,Train Longue Distance,0.13665658618786986,98.10817153057648,97.97151494438862,1,154.93944012230142,47.5451508,9.6804521,48.1405003,11.5575896,Lindau-Insel,München Hbf Gleis 19,1.0,320.0,0.003125,,24518.0,,
Lindau-Insel,München Hbf Gleis 24,Train Longue Distance,0.13665307544538083,98.10817153057648,97.9715184551311,1,154.93545968864038,47.5453752,9.6806677,48.14086,11.5576615,Lindau-Insel,München Hbf Gleis 24,86.0,320.0,0.26875,,24518.0,,
Lindau-Insel,München Hbf Gleis 25,Train Longue Distance Nuit,0.1366908921254036,98.10817153057648,97.97148063845108,1,154.978335743088,47.5451327,9.6802904,48.1409679,11.5576705,Lindau-Insel,München Hbf Gleis 25,71.0,953.0,0.07450157397691501,,24518.0,,
Lindau-Insel,Pasing Gleis 3,Train Longue Distance,0.13134674325452547,91.99066464098794,91.85931789773342,1,148.9192100391445,47.5453752,9.6806677,48.1496771,11.4616496,Lindau-Insel,Pasing Gleis 3,100.0,320.0,0.3125,,24518.0,,35728.0
Lindau-Insel,Pasing Gleis 4,Train Longue Distance Nuit,0.13137818508910792,91.99066464098794,91.85928645589884,1,148.95485837767336,47.5451508,9.6804521,48.149779,11.4617214,Lindau-Insel,Pasing Gleis 4,2.0,953.0,0.002098635886673662,,24518.0,,35728.0
Lindau-Insel,Plochingen Gleis 1,Train Longue Distance,0.11586737784924776,85.12953880351212,85.01367142566288,1,131.36890912613123,47.5453509,9.68047,48.7130825,9.4116941,Lindau-Insel,Plochingen Gleis 1,2.0,320.0,0.00625,,24518.0,,
Lindau-Insel,Schwabmünchen,Train Longue Distance Nuit,0.09483979438018046,,,0,107.52811154215472,47.5451508,9.6804521,48.1791384,10.7688509,Lindau-Insel,Schwabmünchen,17.0,953.0,0.017838405036726127,,24518.0,,
Lindau-Insel,Stuttgart Hauptbahnhof (oben) Gleis 12,Train Longue Distance,0.12585533290486367,93.44916233298383,93.32330700007897,1,142.6931212073284,47.5453509,9.68047,48.785078,9.1834861,Lindau-Insel,Stuttgart Hauptbahnhof (oben) Gleis 12,2.0,320.0,0.00625,,24518.0,,612663.0
Lindau-Reutin,Augsburg Hbf,Train Longue Distance Nuit,0.11128891020364172,81.7714281466976,81.66013923649396,1,126.17790272521736,47.5522813,9.7029189,48.3650353,10.8854791,Lindau-Reutin,Augsburg Hbf,94.0,1366.0,0.06881405563689605,28711.0,24518.0,,301105.0
Lindau-Reutin,Augsburg Messe,Train Longue Distance,0.1095828422713036,81.7714281466976,81.6618453044263,1,124.24358534161405,47.5523177,9.7012121,48.3387802,10.8861708,Lindau-Reutin,Augsburg Messe,9.0,1366.0,0.006588579795021962,28711.0,24518.0,,301105.0
Lindau-Reutin,Augsburg Morellstraße,Train Longue Distance,0.11102455847192985,81.7714281466976,81.66040358822568,1,125.87818420853725,47.5523177,9.7012121,48.3550375,10.8931418,Lindau-Reutin,Augsburg Morellstraße,9.0,1366.0,0.006588579795021962,28711.0,24518.0,,301105.0
Lindau-Reutin,Bobingen,Train Longue Distance Nuit,0.10235215723220355,67.88797724450095,67.78562508726874,1,116.04552974172738,47.5522813,9.7029189,48.2666135,10.8380301,Lindau-Reutin,Bobingen,29.0,1366.0,0.0212298682284041,28711.0,24518.0,,16682.0
Lindau-Reutin,Esslingen (N) Gleis 3,Train Longue Distance Nuit,0.11929153463961796,85.12953880351212,85.0102472688725,1,135.25117306079133,47.5522813,9.7029189,48.7386467,9.3006623,Lindau-Reutin,Esslingen (N) Gleis 3,4.0,383.0,0.010443864229765013,28711.0,24518.0,,92390.0
Lindau-Reutin,Geislingen (Steige) Gleis 2,Train Longue Distance Nuit,0.1050341972157122,77.05150851608066,76.94647431886494,1,119.08639140103422,47.5522813,9.7029189,48.6192303,9.8417176,Lindau-Reutin,Geislingen (Steige) Gleis 2,5.0,383.0,0.013054830287206266,28711.0,24518.0,,
Lindau-Reutin,Geltendorf,Train Longue Distance Nuit,0.10341890107466668,77.8231159113743,77.71969701029964,1,117.25498988057447,47.5523177,9.7012121,48.1060203,11.0380221,Lindau-Reutin,Geltendorf,7.0,383.0,0.018276762402088774,28711.0,24518.0,,
Lindau-Reutin,Göppingen Gleis 4,Train Longue Distance Nuit,0.1126197037585906,75.70462044939134,75.59200074563275,1,127.68673895531812,47.5522813,9.7029189,48.700094,9.6520653,Lindau-Reutin,Göppingen Gleis 4,5.0,383.0,0.013054830287206266,28711.0,24518.0,,58040.0
Lindau-Reutin,Inningen,Train Longue Distance,0.10693936067693355,81.7714281466976,81.66448878602067,1,121.24644067679539,47.5523177,9.7012121,48.3116811,10.8691747,Lindau-Reutin,Inningen,19.0,1366.0,0.013909224011713031,28711.0,24518.0,,
Lindau-Reutin,Kaufering,Train Longue Distance Nuit,0.0920040856902662,,,0,104.31302232456486,47.5523177,9.7012121,48.0811623,10.8551251,Lindau-Reutin,Kaufering,7.0,383.0,0.018276762402088774,28711.0,24518.0,,
Lindau-Reutin,München Hbf Gleis 12,Train Longue Distance,0.13508445997642296,98.10817153057648,97.97308707060006,1,153.15698410025277,47.5523177,9.7012121,48.1399368,11.5574908,Lindau-Reutin,München Hbf Gleis 12,1.0,1366.0,0.0007320644216691069,28711.0,24518.0,,
Lindau-Reutin,München Hbf Gleis 14,Train Longue Distance,0.13509193411714515,98.10817153057648,97.97307959645934,1,153.16545818270424,47.5523177,9.7012121,48.1400807,11.5575178,Lindau-Reutin,München Hbf Gleis 14,3.0,1366.0,0.0021961932650073207,28711.0,24518.0,,
Lindau-Reutin,München Hbf Gleis 15,Train Longue Distance,0.13509662512741366,98.10817153057648,97.97307490544907,1,153.17077678845084,47.5523177,9.7012121,48.1401826,11.5575268,Lindau-Reutin,München Hbf Gleis 15,1.0,383.0,0.0026109660574412533,28711.0,24518.0,,
Lindau-Reutin,München Hbf Gleis 17,Train Longue Distance,0.13510541121629047,98.10817153057648,97.9730661193602,1,153.18073834046538,47.5523177,9.7012121,48.1403325,11.5575717,Lindau-Reutin,München Hbf Gleis 17,1.0,1366.0,0.0007320644216691069,28711.0,24518.0,,
Lindau-Reutin,München Hbf Gleis 19,Train Longue Distance,0.13500472072046824,98.10817153057648,97.97316680985601,1,153.0665767805762,47.5524814,9.7029189,48.1405003,11.5575896,Lindau-Reutin,München Hbf Gleis 19,1.0,383.0,0.0026109660574412533,28711.0,24518.0,,
Lindau-Reutin,München Hbf Gleis 24,Train Longue Distance,0.13513227951572485,98.10817153057648,97.97303925106075,1,153.21120126499412,47.5523177,9.7012121,48.14086,11.5576615,Lindau-Reutin,München Hbf Gleis 24,86.0,383.0,0.2245430809399478,28711.0,24518.0,,
Lindau-Reutin,München Hbf Gleis 25,Train Longue Distance Nuit,0.135028628916341,98.10817153057648,97.97314290166014,1,153.09368357861788,47.5524814,9.7029189,48.1409679,11.5576705,Lindau-Reutin,München Hbf Gleis 25,134.0,1366.0,0.09809663250366032,28711.0,24518.0,,
Lindau-Reutin,Pasing Gleis 3,Train Longue Distance,0.12982604028859324,91.99066464098794,91.86083860069935,1,147.19505701654563,47.5523177,9.7012121,48.1496771,11.4616496,Lindau-Reutin,Pasing Gleis 3,100.0,383.0,0.26109660574412535,28711.0,24518.0,,35728.0
Lindau-Reutin,Pasing Gleis 4,Train Longue Distance Nuit,0.1297360911713034,91.99066464098794,91.86092854981663,1,147.09307389036667,47.5522813,9.7029189,48.149779,11.4617214,Lindau-Reutin,Pasing Gleis 4,2.0,1366.0,0.0014641288433382138,28711.0,24518.0,,35728.0
Lindau-Reutin,Plochingen Gleis 1,Train Longue Distance Nuit,0.1154289394973871,85.12953880351212,85.01410986401473,1,130.87181348910102,47.5522813,9.7029189,48.7130825,9.4116941,Lindau-Reutin,Plochingen Gleis 1,4.0,383.0,0.010443864229765013,28711.0,24518.0,,
Lindau-Reutin,Schwabmünchen,Train Longue Distance Nuit,0.0932625453494941,,,0,105.73984733502732,47.5522813,9.7029189,48.1791384,10.7688509,Lindau-Reutin,Schwabmünchen,29.0,1366.0,0.0212298682284041,28711.0,24518.0,,
Lindau-Reutin,Stuttgart Hauptbahnhof (oben) Gleis 11,Train Longue Distance Nuit,0.12559541556894707,93.44916233298383,93.32356691741488,1,142.3984303502801,47.5522813,9.7029189,48.7851371,9.1833513,Lindau-Reutin,Stuttgart Hauptbahnhof (oben) Gleis 11,1.0,383.0,0.0026109660574412533,28711.0,24518.0,,612663.0
Lindau-Reutin,Stuttgart Hauptbahnhof (oben) Gleis 13,Train Longue Distance Nuit,0.1255823498853756,93.44916233298383,93.32357998309845,1,142.38361665008568,47.5522813,9.7029189,48.7850424,9.1835849,Lindau-Reutin,Stuttgart Hauptbahnhof (oben) Gleis 13,3.0,383.0,0.007832898172323759,28711.0,24518.0,,612663.0
London Euston,Aberdeen,InterCity,33.7257231050284,173.35209803456127,139.62637492953286,0,637.2963549703024,51.52817,-0.13308,57.14469,-2.0964,London Euston,Aberdeen,,,,106903.0,8961989.0,,198590.0
London Euston,Edinburgh Waverley,InterCity,28.12066763523828,148.43326389325432,120.31259625801604,1,531.3807187308821,51.52817,-0.13308,55.9544,-3.18441,London Euston,Edinburgh Waverley,,,,106903.0,8961989.0,,514990.0
London Euston,Fort William / An Gearasdan,InterCity,,,,0,,51.52817,-0.13308,,,London Euston,Fort William / An Gearasdan,,,,106903.0,8961989.0,,15757.0
London Euston,Glasgow Central,InterCity,29.24423769669532,139.64541920560148,110.40118150890616,1,552.6122013736833,51.52817,-0.13308,55.85858,-4.25838,London Euston,Glasgow Central,,,,106903.0,8961989.0,,626410.0
London Euston,Inverness / Inbhir Nis,InterCity,,,,0,,51.52817,-0.13308,,,London Euston,Inverness / Inbhir Nis,,,,106903.0,8961989.0,,47790.0
London Paddington,Penzance,EuroNight,21.525791359032027,129.7257893347533,108.19999797572127,1,406.76098562040863,51.51686,-0.1769,50.12245,-5.53191,London Paddington,Penzance,,,,,8961989.0,,19872.0
Lozova,Chop,InterCity,,,,0,,,,48.43271,22.20555,Lozova,Chop,,,,,,14231.0,
Lozova,Lviv,InterCity,,,,0,,,,,,Lozova,Lviv,,,,,,,
Lozova,Mykolaiv,InterCity,,,,0,,,,,,Lozova,Mykolaiv,,,,,,,
Ludwigshafen(Bodensee) Bahnhof,"Aalen, Hauptbahnhof",Train Longue Distance,7.895281845208732,83.10473122817474,75.20944938296601,1,137.7164110449805,47.8156006,9.0531495,48.8416955,10.096417,Ludwigshafen(Bodensee) Bahnhof,"Aalen, Hauptbahnhof",2.0,8.0,0.25,,,,
Ludwigshafen(Bodensee) Bahnhof,Giengen (Brenz),Train Longue Distance,7.183674813135244,83.52727031512343,76.34359550198819,1,125.30393883019786,47.8156006,9.0531495,48.619741,10.2380274,Ludwigshafen(Bodensee) Bahnhof,Giengen (Brenz),2.0,8.0,0.25,,,169298.0,
Ludwigshafen(Bodensee) Bahnhof,Heidenheim (Brenz),Train Longue Distance,7.233707807925508,82.81444820553246,75.58074039760695,1,126.176658083473,47.8156006,9.0531495,48.6803766,10.1565142,Ludwigshafen(Bodensee) Bahnhof,Heidenheim (Brenz),2.0,8.0,0.25,,,,
Ludwigshafen(Bodensee) Bahnhof,Langenau (Württ),Train Longue Distance,6.282942662155962,78.95141578391666,72.6684731217607,1,109.59258088532987,47.8156006,9.0531495,48.4932982,10.1258817,Ludwigshafen(Bodensee) Bahnhof,Langenau (Württ),2.0,8.0,0.25,,,11803.0,
Ludwigshafen(Bodensee) Bahnhof,"Oberkochen, Bahnhof",Train Longue Distance,7.614375136544598,83.10473122817474,75.49035609163015,1,132.81659055546132,47.8156006,9.0531495,48.7824026,10.10761,Ludwigshafen(Bodensee) Bahnhof,"Oberkochen, Bahnhof",2.0,8.0,0.25,,,,
Ludwigshafen(Bodensee) Bahnhof,Sontheim (Brenz),Train Longue Distance,7.062100990446726,85.40402461427077,78.34192362382404,1,123.18334188813405,47.8156006,9.0531495,48.5591633,10.2849464,Ludwigshafen(Bodensee) Bahnhof,Sontheim (Brenz),2.0,8.0,0.25,,,,
Luleå C,Stockholm C,InterCity,18.580335791434013,180.19495872820247,161.61462293676846,0,726.41863286551,65.58417,22.16527,59.33001,18.05763,Luleå C,Stockholm C,,,,,77832.0,,1515017.0
Lviv,Dnipro Holovny,InterCity,,,,0,,,,,,Lviv,Dnipro Holovny,,,,,,,
Lviv,Kharkiv,InterCity,,,,0,,,,,,Lviv,Kharkiv,,,,,,,
Lviv,Kyiv Pasazhyrskyi,InterCity,,,,0,,,,,,Lviv,Kyiv Pasazhyrskyi,,,,,,,
Lviv,Lozova,InterCity,,,,0,,,,,,Lviv,Lozova,,,,,,,
Lviv,Mykolaiv,InterCity,,,,0,,,,,,Lviv,Mykolaiv,,,,,,,
Lviv,Odesa Holovna,InterCity,,,,0,,,,,,Lviv,Odesa Holovna,,,,,,,
Lviv,Zaporizhzhia 1,InterCity,,,,0,,,,,,Lviv,Zaporizhzhia 1,,,,,,,
Lörrach Autoreisezug Terminal,Hamburg Altona,InterCity,0.5985754169510198,181.4957011359334,180.89712571898238,0,678.6569353186164,47.62011,7.66874,53.55225,9.93496,Lörrach Autoreisezug Terminal,Hamburg Altona,,,,,47002.0,203396.0,1973896.0
Löwental Bahnhof,Esslingen (N) Gleis 3,Train Longue Distance,0.10643966202827967,78.27794794084004,78.17150827881176,1,120.679888920952,47.6614629,9.4994415,48.7386467,9.3006623,Löwental Bahnhof,Esslingen (N) Gleis 3,4.0,9.0,0.4444444444444444,,,,92390.0
Löwental Bahnhof,Geislingen (Steige) Gleis 3,Train Longue Distance,0.0965699119195583,73.56657906690694,73.47000915498738,1,109.48969605392095,47.6614629,9.4994415,48.6192481,9.8418793,Löwental Bahnhof,Geislingen (Steige) Gleis 3,5.0,9.0,0.5555555555555556,,,,
Löwental Bahnhof,Göppingen Gleis 4,Train Longue Distance,0.10235035960989088,70.63408378155901,70.53173342194913,1,116.04349162119146,47.6614629,9.4994415,48.700094,9.6520653,Löwental Bahnhof,Göppingen Gleis 4,5.0,9.0,0.5555555555555556,,,,58040.0
Löwental Bahnhof,Plochingen Gleis 1,Train Longue Distance,0.1032959024504239,78.27794794084004,78.17465203838961,1,117.11553565807696,47.6614629,9.4994415,48.7130825,9.4116941,Löwental Bahnhof,Plochingen Gleis 1,4.0,9.0,0.4444444444444444,,,,
Löwental Bahnhof,Stuttgart Hauptbahnhof (oben) Gleis 11,Train Longue Distance,0.11212146457122597,86.17616942087686,86.06404795630563,1,127.12184191748976,47.6614629,9.4994415,48.7851371,9.1833513,Löwental Bahnhof,Stuttgart Hauptbahnhof (oben) Gleis 11,1.0,9.0,0.1111111111111111,,,,612663.0
Löwental Bahnhof,Stuttgart Hauptbahnhof (oben) Gleis 12,Train Longue Distance,0.1121141478723383,86.17616942087686,86.06405527300453,1,127.11354634051959,47.6614629,9.4994415,48.785078,9.1834861,Löwental Bahnhof,Stuttgart Hauptbahnhof (oben) Gleis 12,1.0,9.0,0.1111111111111111,,,,612663.0
Löwental Bahnhof,Stuttgart Hauptbahnhof (oben) Gleis 13,Train Longue Distance,0.1121095290886564,86.17616942087686,86.0640598917882,1,127.10830962432698,47.6614629,9.4994415,48.7850424,9.1835849,Löwental Bahnhof,Stuttgart Hauptbahnhof (oben) Gleis 13,2.0,9.0,0.2222222222222222,,,,612663.0
Malatya,Ankara,InterCity,33.27893437084952,138.5159111317286,105.23697676087906,1,503.0829081005218,38.3768,38.32295,39.93498,32.84395,Malatya,Ankara,,,,,750491.0,,3517182.0
Malmö C,Duved,InterCity,36.62718935390424,236.1536577820716,199.52646842816736,0,865.1546994025,55.60944,13.00084,63.38985,12.91755,Malmö C,Duved,,,,,362133.0,,
Malmö C,Innsbruck Hbf,InterCity,39.56617223644464,232.3891851925616,192.82301295611694,0,934.5751189636397,55.60944,13.00084,47.26337,11.40111,Malmö C,Innsbruck Hbf,,,,,362133.0,,132493.0
Malmö C,Stockholm C,InterCity,21.681246737606788,142.24080799297977,120.55956125537298,1,512.1231750190567,55.60944,13.00084,59.33001,18.05763,Malmö C,Stockholm C,,,,,362133.0,,1515017.0
Malmö C,Storlien,InterCity,36.341399390501984,237.9178370918226,201.57643770132063,0,858.4041806146538,55.60944,13.00084,63.31589,12.10065,Malmö C,Storlien,,,,,362133.0,,
Mangalia,Satu Mare,InterCity,47.8663675387727,150.33948497549326,102.47311743672057,0,623.7960687410105,43.82291,28.58205,47.79629,22.8946,Mangalia,Satu Mare,,,,,39619.0,,112490.0
Markdorf Bahnhof,"Aalen, Hauptbahnhof",Train Longue Distance,0.11960387365465425,79.68452152217407,79.56491764851941,1,135.60529892817942,47.7168416,9.3884457,48.8416955,10.096417,Markdorf Bahnhof,"Aalen, Hauptbahnhof",2.0,13.0,0.15384615384615385,,,,
Markdorf Bahnhof,Giengen (Brenz),Train Longue Distance,0.10454218257651691,76.91246683457135,76.80792465199482,1,118.52855167405546,47.7168416,9.3884457,48.619741,10.2380274,Markdorf Bahnhof,Giengen (Brenz),2.0,13.0,0.15384615384615385,,,169298.0,
Markdorf Bahnhof,Heidenheim (Brenz),Train Longue Distance,0.10700703976286007,77.92264976419169,77.81564272442883,1,121.32317433430846,47.7168416,9.3884457,48.6803766,10.1565142,Markdorf Bahnhof,Heidenheim (Brenz),2.0,13.0,0.15384615384615385,,,,
Markdorf Bahnhof,Langenau (Württ),Train Longue Distance,0.09017244783340338,69.99293005352372,69.90275760569031,1,102.23633541202197,47.7168416,9.3884457,48.4932982,10.1258817,Markdorf Bahnhof,Langenau (Württ),2.0,13.0,0.15384615384615385,,,11803.0,
Markdorf Bahnhof,"Oberkochen, Bahnhof",Train Longue Distance,0.11457095286246975,79.68452152217407,79.5699505693116,1,129.8990395266097,47.7168416,9.3884457,48.7824026,10.10761,Markdorf Bahnhof,"Oberkochen, Bahnhof",2.0,13.0,0.15384615384615385,,,,
Markdorf Bahnhof,Sontheim (Brenz),Train Longue Distance,0.10132502376117052,76.83537712114739,76.73405209738621,1,114.880979321055,47.7168416,9.3884457,48.5591633,10.2849464,Markdorf Bahnhof,Sontheim (Brenz),2.0,13.0,0.15384615384615385,,,,
Martinszell (Allgäu),München Hbf Gleis 14,Train Longue Distance,0.09814765190349087,78.54274397381529,78.4445963219118,1,111.27851689738192,47.6295745,10.273978,48.1400807,11.5575178,Martinszell (Allgäu),München Hbf Gleis 14,2.0,314.0,0.006369426751592357,,,,
Martinszell (Allgäu),München Hbf Gleis 15,Train Longue Distance,0.09815318751615948,78.54274397381529,78.44459078629913,1,111.28479310222161,47.6295745,10.273978,48.1401826,11.5575268,Martinszell (Allgäu),München Hbf Gleis 15,1.0,314.0,0.0031847133757961785,,,,
Martinszell (Allgäu),München Hbf Gleis 24,Train Longue Distance Nuit,0.09819423808754013,78.54274397381529,78.44454973572775,1,111.33133570015886,47.6295745,10.273978,48.14086,11.5576615,Martinszell (Allgäu),München Hbf Gleis 24,7.0,314.0,0.022292993630573247,,,,
Martinszell (Allgäu),München Hbf Gleis 25,Train Longue Distance,0.09820007519246479,78.54274397381529,78.44454389862283,1,111.33795373295328,47.6295745,10.273978,48.1409679,11.5576705,Martinszell (Allgäu),München Hbf Gleis 25,47.0,314.0,0.14968152866242038,,,,
Martinszell (Allgäu),"München, Hauptbahnhof (U, Tram)",Train Longue Distance Nuit,0.09843045000492985,78.54274397381529,78.44431352381037,1,111.59914966545333,47.6294837,10.273969,48.1412496,11.5614075,Martinszell (Allgäu),"München, Hauptbahnhof (U, Tram)",2.0,314.0,0.006369426751592357,,,,
Martinszell (Allgäu),Pasing,Train Longue Distance Nuit,0.09324638943099002,73.02529786483906,72.93205147540807,1,105.72152996710886,47.6294837,10.273969,48.1494973,11.4610118,Martinszell (Allgäu),Pasing,2.0,314.0,0.006369426751592357,,,,35728.0
Martinszell (Allgäu),Pasing Gleis 3,Train Longue Distance,0.09328561142978689,73.02529786483906,72.93201225340927,1,105.76599935349988,47.6295745,10.273978,48.1496771,11.4616496,Martinszell (Allgäu),Pasing Gleis 3,59.0,314.0,0.18789808917197454,,,,35728.0
Martinszell (Allgäu),Pasing Gleis 4,Train Longue Distance,0.09329496471513185,73.02529786483906,72.93200290012393,1,105.77660398541026,47.6295745,10.273978,48.149779,11.4617214,Martinszell (Allgäu),Pasing Gleis 4,2.0,314.0,0.006369426751592357,,,,35728.0
Meckenbeuren Bahnhof,Amstetten (Württ),Train Longue Distance Nuit,0.08857035862129065,64.86054989725548,64.77197953863418,1,100.41990773388963,47.6998678,9.5584788,48.5782387,9.8730059,Meckenbeuren Bahnhof,Amstetten (Württ),7.0,242.0,0.028925619834710745,28711.0,,11803.0,15559.0
Meckenbeuren Bahnhof,Ebersbach (F) Gleis 2,Train Longue Distance Nuit,0.09969876458794812,70.63408378155901,70.53438501697107,1,113.0371480588981,47.6998678,9.5584788,48.716218,9.526939,Meckenbeuren Bahnhof,Ebersbach (F) Gleis 2,6.0,242.0,0.024793388429752067,28711.0,,,
Meckenbeuren Bahnhof,Esslingen (N) Gleis 3,Train Longue Distance Nuit,0.10326050644960871,78.27794794084004,78.17468743439042,1,117.07540413787835,47.6998678,9.5584788,48.7386467,9.3006623,Meckenbeuren Bahnhof,Esslingen (N) Gleis 3,95.0,242.0,0.3925619834710744,28711.0,,,92390.0
Meckenbeuren Bahnhof,Geislingen (Steige) Gleis 2,Train Longue Distance Nuit,0.09204962201825914,73.56657906690694,73.47452944488867,1,104.36465081435277,47.6998678,9.5584788,48.6192303,9.8417176,Meckenbeuren Bahnhof,Geislingen (Steige) Gleis 2,9.0,242.0,0.0371900826446281,28711.0,,,
Meckenbeuren Bahnhof,Geislingen (Steige) Gleis 3,Train Longue Distance Nuit,0.09205346116048405,73.56657906690694,73.47452560574645,1,104.36900358331523,47.6998678,9.5584788,48.6192481,9.8418793,Meckenbeuren Bahnhof,Geislingen (Steige) Gleis 3,104.0,242.0,0.4297520661157025,28711.0,,,
Meckenbeuren Bahnhof,Gingen (F) Gleis 2,Train Longue Distance Nuit,0.09543071105885526,73.56657906690694,73.47114835584809,1,108.1980851007429,47.6998678,9.5584788,48.6607998,9.7880702,Meckenbeuren Bahnhof,Gingen (F) Gleis 2,7.0,242.0,0.028925619834710745,28711.0,,,
Meckenbeuren Bahnhof,Göppingen Gleis 4,Train Longue Distance Nuit,0.09828666473425925,70.63408378155901,70.53579711682475,1,111.43612781662046,47.6998678,9.5584788,48.700094,9.6520653,Meckenbeuren Bahnhof,Göppingen Gleis 4,113.0,242.0,0.4669421487603306,28711.0,,,58040.0
Meckenbeuren Bahnhof,Kuchen Gleis 2,Train Longue Distance Nuit,0.09362280321061037,73.56657906690694,73.47295626369633,1,106.14830295987569,47.6998678,9.5584788,48.6403726,9.803683,Meckenbeuren Bahnhof,Kuchen Gleis 2,7.0,242.0,0.028925619834710745,28711.0,,,
Meckenbeuren Bahnhof,Plochingen Gleis 1,Train Longue Distance Nuit,0.09983195569640116,78.27794794084004,78.17811598514363,1,113.18815838594233,47.6998678,9.5584788,48.7130825,9.4116941,Meckenbeuren Bahnhof,Plochingen Gleis 1,95.0,242.0,0.3925619834710744,28711.0,,,
Meckenbeuren Bahnhof,Reichenbach (F) Gleis 2,Train Longue Distance Nuit,0.099063128516398,68.63252197450122,68.53345884598482,1,112.31647224081405,47.6998678,9.5584788,48.7080085,9.4644522,Meckenbeuren Bahnhof,Reichenbach (F) Gleis 2,6.0,242.0,0.024793388429752067,28711.0,,,
Meckenbeuren Bahnhof,Stuttgart Hauptbahnhof (oben) Gleis 11,Train Longue Distance Nuit,0.10921992648482037,86.17616942087686,86.06694949439203,1,123.83211619594147,47.6998678,9.5584788,48.7851371,9.1833513,Meckenbeuren Bahnhof,Stuttgart Hauptbahnhof (oben) Gleis 11,22.0,242.0,0.09090909090909091,28711.0,,,612663.0
Meckenbeuren Bahnhof,Stuttgart Hauptbahnhof (oben) Gleis 12,Train Longue Distance Nuit,0.10921230664125413,86.17616942087686,86.0669571142356,1,123.82347691752169,47.6998678,9.5584788,48.785078,9.1834861,Meckenbeuren Bahnhof,Stuttgart Hauptbahnhof (oben) Gleis 12,11.0,242.0,0.045454545454545456,28711.0,,,612663.0
Meckenbeuren Bahnhof,Stuttgart Hauptbahnhof (oben) Gleis 13,Train Longue Distance Nuit,0.10920745918930053,86.17616942087686,86.06696196168755,1,123.81798094025002,47.6998678,9.5584788,48.7850424,9.1835849,Meckenbeuren Bahnhof,Stuttgart Hauptbahnhof (oben) Gleis 13,44.0,242.0,0.18181818181818182,28711.0,,,612663.0
Meckenbeuren Bahnhof,Stuttgart Hauptbahnhof (oben) Gleis 14,Train Longue Distance,0.10920010368998287,86.17616942087686,86.06696931718687,1,123.80964137186265,47.6998678,9.5584788,48.7849833,9.1837017,Meckenbeuren Bahnhof,Stuttgart Hauptbahnhof (oben) Gleis 14,7.0,242.0,0.028925619834710745,28711.0,,,612663.0
Meckenbeuren Bahnhof,Stuttgart Hauptbahnhof (oben) Gleis 3,Train Longue Distance,0.10927337636955695,86.17616942087686,86.0668960445073,1,123.89271697228678,47.6998678,9.5584788,48.7855574,9.182444,Meckenbeuren Bahnhof,Stuttgart Hauptbahnhof (oben) Gleis 3,4.0,242.0,0.01652892561983471,28711.0,,,612663.0
Meckenbeuren Bahnhof,Stuttgart Hauptbahnhof (oben) Gleis 9,Train Longue Distance,0.10923239379932641,86.17616942087686,86.06693702707753,1,123.84625147315919,47.6998678,9.5584788,48.7852318,9.1831178,Meckenbeuren Bahnhof,Stuttgart Hauptbahnhof (oben) Gleis 9,5.0,242.0,0.02066115702479339,28711.0,,,612663.0
Meckenbeuren Bahnhof,Süßen Gleis 3,Train Longue Distance Nuit,0.09739347560985828,73.56657906690694,73.46918559129708,1,110.4234417345332,47.6998678,9.5584788,48.6838225,9.7597733,Meckenbeuren Bahnhof,Süßen Gleis 3,7.0,242.0,0.028925619834710745,28711.0,,106903.0,
Meckenbeuren Bahnhof,Uhingen Gleis 2,Train Longue Distance Nuit,0.09895514223270575,70.63408378155901,70.5351286393263,1,112.19403881259156,47.6998678,9.5584788,48.708702,9.5846737,Meckenbeuren Bahnhof,Uhingen Gleis 2,6.0,242.0,0.024793388429752067,28711.0,,,
Memmingen,München Hbf Gleis 12,Train Longue Distance,1.6395794693818817,65.41857080715657,63.77899133777469,1,103.27409104194265,47.985693,10.187057,48.1399368,11.5574908,Memmingen,München Hbf Gleis 12,1.0,1078.0,0.0009276437847866419,,44192.0,,
Memmingen,München Hbf Gleis 13,Train Longue Distance Nuit,1.6396358487847866,65.41857080715657,63.778934958371785,1,103.27764227669354,47.985693,10.187057,48.1400267,11.5575178,Memmingen,München Hbf Gleis 13,2.0,1078.0,0.0018552875695732839,,44192.0,,
Memmingen,München Hbf Gleis 15,Train Longue Distance,1.6396896532094045,65.41857080715657,63.77888115394717,1,103.28103131830464,47.985693,10.187057,48.1401826,11.5575268,Memmingen,München Hbf Gleis 15,2.0,1078.0,0.0018552875695732839,,44192.0,,
Memmingen,München Hbf Gleis 16,Train Longue Distance,1.6397254967692056,65.41857080715657,63.77884531038737,1,103.28328903812078,47.985693,10.187057,48.1402366,11.5575447,Memmingen,München Hbf Gleis 16,1.0,1078.0,0.0009276437847866419,,44192.0,,
Memmingen,München Hbf Gleis 17,Train Longue Distance,1.639783593524897,65.41857080715657,63.778787213631674,1,103.2869484457607,47.985693,10.187057,48.1403325,11.5575717,Memmingen,München Hbf Gleis 17,1.0,1078.0,0.0009276437847866419,,44192.0,,
Memmingen,München Hbf Gleis 18,Train Longue Distance,1.6397986006025824,65.41857080715657,63.77877220655399,1,103.28789371394446,47.985693,10.187057,48.1403864,11.5575717,Memmingen,München Hbf Gleis 18,1.0,1078.0,0.0009276437847866419,,44192.0,,
Memmingen,München Hbf Gleis 19,Train Longue Distance,1.6398511529358633,65.41857080715657,63.77871965422071,1,103.29120388862833,47.985693,10.187057,48.1405003,11.5575896,Memmingen,München Hbf Gleis 19,2.0,1078.0,0.0018552875695732839,,44192.0,,
Memmingen,München Hbf Gleis 20,Train Longue Distance Nuit,1.6398871426370891,65.41857080715657,63.778683664519484,1,103.29347081362364,47.985693,10.187057,48.1405543,11.5576076,Memmingen,München Hbf Gleis 20,1.0,1078.0,0.0009276437847866419,,44192.0,,
Memmingen,München Hbf Gleis 23,Train Longue Distance Nuit,1.640000803196617,65.41857080715657,63.778570003959956,1,103.30063008293128,47.985693,10.187057,48.140812,11.5576435,Memmingen,München Hbf Gleis 23,1.0,1078.0,0.0009276437847866419,,44192.0,,
Memmingen,München Hbf Gleis 24,Train Longue Distance,1.6400351461995861,65.41857080715657,63.77853566095698,1,103.30279328543627,47.985693,10.187057,48.14086,11.5576615,Memmingen,München Hbf Gleis 24,197.0,669.0,0.2944693572496263,,44192.0,,
Memmingen,München Hbf Gleis 24,Train Longue Distance Nuit,1.6401919413702941,65.41857080715657,63.77837886578627,1,103.31266952445795,47.985693,10.1869222,48.14086,11.5576615,Memmingen,München Hbf Gleis 24,197.0,1078.0,0.18274582560296845,,44192.0,,
Milano Centrale,Amsterdam Centraal,InterCity,37.24438115102617,222.89528511551345,185.65090396448727,0,827.9841081104923,45.48727,9.20511,52.37921,4.90029,Milano Centrale,Amsterdam Centraal,,,,,,,741636.0
Milano Centrale,Bari Centrale,InterCity,35.41465564079425,212.9720928996434,177.55743725884915,0,787.3072704813981,45.48727,9.20511,41.11807,16.87061,Milano Centrale,Bari Centrale,,,,,,,316491.0
Milano Centrale,Lecce,InterCity,41.65396840827166,234.21884641912544,192.5648780108538,0,926.0141480652627,45.48727,9.20511,40.34594,18.16583,Milano Centrale,Lecce,,,,,,,80695.0
Milano Centrale,Palermo Centrale,InterCity,40.01862019808247,224.10006763557632,184.08144743749386,0,889.6585344822922,45.48727,9.20511,38.10942,13.36747,Milano Centrale,Palermo Centrale,,,,,,,648260.0
Milano Centrale,Siracusa,InterCity,47.868383265656654,179.96407361540926,132.0956903497526,0,1064.1675173548674,45.48727,9.20511,37.06891,15.28173,Milano Centrale,Siracusa,,,,,,106903.0,121605.0
Milano Porta Garibaldi,Bruxelles Midi / Brussel Zuid,InterCity,,,,0,,45.4846,9.18776,,,Milano Porta Garibaldi,Bruxelles Midi / Brussel Zuid,,,,22.0,,106903.0,
Mukacheve,Kremenchuk,InterCity,,,,0,,,,,,Mukacheve,Kremenchuk,,,,,,,
Murg (Baden) Bahnhof,Bermatingen-Ahausen Bahnhof,Train Longue Distance Nuit,0.0893523073293642,70.7316531233847,70.64230081605534,1,101.30647089497073,47.5534878,8.0183712,47.7305231,9.3448325,Murg (Baden) Bahnhof,Bermatingen-Ahausen Bahnhof,1.0,12.0,0.08333333333333333,,,106903.0,
Murg (Baden) Bahnhof,Friedrichshafen Stadtbahnhof,Train Longue Distance Nuit,0.09672515851112531,76.01111230856814,75.91438715005702,1,109.66571259764774,47.5534878,8.0183712,47.6533671,9.473588,Murg (Baden) Bahnhof,Friedrichshafen Stadtbahnhof,1.0,12.0,0.08333333333333333,,,,58403.0
Murg (Baden) Bahnhof,Markdorf Bahnhof,Train Longue Distance Nuit,0.09194926376845251,70.7316531233847,70.63970385961625,1,104.25086595062643,47.5534878,8.0183712,47.7168416,9.3884457,Murg (Baden) Bahnhof,Markdorf Bahnhof,1.0,12.0,0.08333333333333333,,,,
Mykolaiv,Kyiv Pasazhyrskyi,InterCity,,,,0,,,,,,Mykolaiv,Kyiv Pasazhyrskyi,,,,,,,
Mykolaiv,Lozova,InterCity,,,,0,,,,,,Mykolaiv,Lozova,,,,,,,
Mykolaiv,Lviv,InterCity,,,,0,,,,,,Mykolaiv,Lviv,,,,,,,
München Hbf,Przemyśl Gł.,EuroNight,13.307983522881962,221.7057297654968,208.39774624261486,0,838.2453718116631,48.14161,11.55794,49.78366,22.77636,München Hbf,Przemyśl Gł.,,,,,,,67013.0
München Hbf,Roma Termini,Nightjet,11.080294293807304,175.77841373321252,164.69811943940522,0,697.9273301717878,48.14161,11.55794,41.90049,12.50279,München Hbf,Roma Termini,,,,,,,
München Hbf,Warszawa Wschodnia,EuroNight,12.936147244899605,217.8893615524305,204.95321430753089,0,814.8240894998492,48.14161,11.55794,52.25183,21.05204,München Hbf,Warszawa Wschodnia,,,,,,,
München Hbf Gleis 10,"Amsterdam, Centraal",EuroNight,10.592536693217125,176.37470338052273,165.78216668730562,0,667.2043772497559,48.1401586,11.5538976,52.3789574,4.9006063,München Hbf Gleis 10,"Amsterdam, Centraal",1.0,16.0,0.0625,,,,
München Hbf Gleis 10,Münster (Westf) Hauptbahnhof,EuroNight,8.06724268872478,105.99146281921077,97.92422013048599,1,508.14075892698287,48.1401586,11.5538976,51.9566277,7.6353295,München Hbf Gleis 10,Münster (Westf) Hauptbahnhof,1.0,16.0,0.0625,,,290061.0,4738.0
München Hbf Gleis 10,Nürnberg Hbf,EuroNight,2.3691960042155205,92.64342723433109,90.27423123011556,1,149.23129278253467,48.1401586,11.5538976,49.4457552,11.0821383,München Hbf Gleis 10,Nürnberg Hbf,6.0,16.0,0.375,,,,
München Hbf Gleis 11,"Amsterdam, Centraal",EuroNight,10.595759280466911,176.37470338052273,165.7789441000558,0,667.4073620853434,48.1398829,11.5574908,52.3789574,4.9006063,München Hbf Gleis 11,"Amsterdam, Centraal",1.0,8.0,0.125,,,,
München Hbf Gleis 11,Nürnberg Hbf,EuroNight,2.370640600067835,92.64342723433109,90.27278663426326,1,149.32228521465325,48.1398829,11.5574908,49.4457552,11.0821383,München Hbf Gleis 11,Nürnberg Hbf,2.0,8.0,0.25,,,,
München Hbf Gleis 12,Altona,EuroNight,9.723140054012394,147.75416112610137,138.03102107208898,0,612.4426841781553,48.1399368,11.5574908,53.5519791,9.9343519,München Hbf Gleis 12,Altona,3.0,23.0,0.13043478260869565,,,,250192.0
München Hbf Gleis 12,"Amsterdam, Centraal",EuroNight,10.595689228219237,176.37470338052273,165.7790141523035,0,667.4029496232828,48.1399368,11.5574908,52.3789574,4.9006063,München Hbf Gleis 12,"Amsterdam, Centraal",1.0,23.0,0.043478260869565216,,,,
München Hbf Gleis 12,Günzburg,Train Longue Distance,1.6042737347131855,,,0,101.0502478403367,48.1399368,11.5574908,48.4605748,10.2792241,München Hbf Gleis 12,Günzburg,1.0,23.0,0.043478260869565216,,,,19737.0
München Hbf Gleis 12,Hamburg Hbf,EuroNight,9.709619297096703,149.8003096114747,140.09069031437798,0,611.591036602211,48.1399368,11.5574908,53.5527529,10.0079239,München Hbf Gleis 12,Hamburg Hbf,4.0,23.0,0.17391304347826086,,,203396.0,1973896.0
München Hbf Gleis 12,Heimenkirch,Train Longue Distance,2.1572521151812465,82.93420126350772,80.77694914832647,1,135.88133756495634,48.1399368,11.5574908,47.6288722,9.9022551,München Hbf Gleis 12,Heimenkirch,1.0,4.0,0.25,,,,
München Hbf Gleis 12,Hergatz,Train Longue Distance,2.2255420422130623,98.10817153057648,95.88262948836342,1,140.18279429409563,48.1399368,11.5574908,47.6466862,9.82712,München Hbf Gleis 12,Hergatz,1.0,4.0,0.25,,,,
München Hbf Gleis 12,Immenstadt,Train Longue Distance,1.8931986643927057,78.54274397381529,76.64954530942259,1,119.24909702649948,48.1399368,11.5574908,47.5589318,10.214222,München Hbf Gleis 12,Immenstadt,1.0,4.0,0.25,,,,
München Hbf Gleis 12,Kempten (Allgäu) Hbf,Train Longue Distance,1.6497331699755333,70.1889006771193,68.53916750714377,1,103.9136539415176,48.1399368,11.5574908,47.712091,10.3175912,München Hbf Gleis 12,Kempten (Allgäu) Hbf,1.0,4.0,0.25,,,,61399.0
München Hbf Gleis 12,Leipheim,Train Longue Distance,1.6683496368580042,,,0,105.08627090312447,48.1399368,11.5574908,48.4503694,10.2157671,München Hbf Gleis 12,Leipheim,1.0,23.0,0.043478260869565216,,,,
München Hbf Gleis 12,Lindau-Insel,Train Longue Distance,2.4595532449986037,98.10817153057648,95.64861828557788,1,154.9227289618672,48.1399368,11.5574908,47.5451205,9.6802365,München Hbf Gleis 12,Lindau-Insel,1.0,4.0,0.25,,,,24518.0
München Hbf Gleis 12,Lindau-Reutin,Train Longue Distance,2.4315202795756132,98.10817153057648,95.67665125100088,1,153.15698410025277,48.1399368,11.5574908,47.5523177,9.7012121,München Hbf Gleis 12,Lindau-Reutin,1.0,4.0,0.25,,,28711.0,24518.0
München Hbf Gleis 12,Martinszell (Allgäu),Train Longue Distance,1.7673147217774938,78.54274397381529,76.7754292520378,1,111.3198993309079,48.1399368,11.5574908,47.6290357,10.2736635,München Hbf Gleis 12,Martinszell (Allgäu),1.0,4.0,0.25,,,,
München Hbf Gleis 12,Memmingen,Train Longue Distance Nuit,1.6396926521117234,65.41857080715657,63.77887815504484,1,103.2812202136384,48.1399368,11.5574908,47.9851579,10.1871019,München Hbf Gleis 12,Memmingen,1.0,23.0,0.043478260869565216,,,,44192.0
München Hbf Gleis 12,Münster (Westf) Hauptbahnhof,EuroNight,8.069813127311845,105.99146281921077,97.92164969189892,1,508.3026661194158,48.1399368,11.5574908,51.9566277,7.6353295,München Hbf Gleis 12,Münster (Westf) Hauptbahnhof,1.0,23.0,0.043478260869565216,,,290061.0,4738.0
München Hbf Gleis 12,Nersingen,Train Longue Distance,1.767083703116604,,,0,111.30534789094256,48.1399368,11.5574908,48.4301431,10.1177789,München Hbf Gleis 12,Nersingen,1.0,23.0,0.043478260869565216,,,,
München Hbf Gleis 12,Neu-Ulm,Train Longue Distance,1.8776874083580049,78.33672852444323,76.45904111608523,1,118.2720715770978,48.1399368,11.5574908,48.3936212,10.0056961,München Hbf Gleis 12,Neu-Ulm,1.0,23.0,0.043478260869565216,,,28711.0,51389.0
München Hbf Gleis 12,Nürnberg Hbf,EuroNight,2.370548003469819,92.64342723433109,90.27287923086126,1,149.3164527254862,48.1399368,11.5574908,49.4457552,11.0821383,München Hbf Gleis 12,Nürnberg Hbf,8.0,23.0,0.34782608695652173,,,,
München Hbf Gleis 12,Oberstaufen,Train Longue Distance,2.0890544212070865,82.93420126350772,80.84514684230064,1,131.5856904262463,48.1399368,11.5574908,47.5539364,10.0255039,München Hbf Gleis 12,Oberstaufen,1.0,4.0,0.25,,,,
München Hbf Gleis 12,Röthenbach (Allgäu),Train Longue Distance,2.10870608643731,82.93420126350772,80.82549517707041,1,132.823512625177,48.1399368,11.5574908,47.6205715,9.9535579,München Hbf Gleis 12,Röthenbach (Allgäu),1.0,4.0,0.25,,,,
München Hbf Gleis 12,Ulm Hbf,Train Longue Distance,1.9054696597377643,78.33672852444323,76.43125886470547,1,120.02202442288764,48.1399368,11.5574908,48.3986792,9.9831394,München Hbf Gleis 12,Ulm Hbf,1.0,23.0,0.043478260869565216,,,,120451.0
München Hbf Gleis 13,Nürnberg Hbf,EuroNight,2.369953315389449,92.64342723433109,90.27347391894163,1,149.27899441858457,48.1400267,11.5575178,49.4455099,11.0822371,München Hbf Gleis 13,Nürnberg Hbf,1.0,9.0,0.1111111111111111,,,,
München Hbf Gleis 14,"Amsterdam, Centraal",EuroNight,10.595523732953072,176.37470338052273,165.77917964756966,0,667.3925253812719,48.1400807,11.5575178,52.3789574,4.9006063,München Hbf Gleis 14,"Amsterdam, Centraal",47.0,151.0,0.31125827814569534,,,,
München Hbf Gleis 14,Dortmund Hbf,EuroNight,7.569715064153181,99.27814073009989,91.7084256659467,1,476.8024101885349,48.1400807,11.5575178,51.5177175,7.4587657,München Hbf Gleis 14,Dortmund Hbf,6.0,151.0,0.039735099337748346,,,,588462.0
München Hbf Gleis 14,Esslingen (N) Gleis 5,Train Longue Distance Nuit,2.8463491435672106,111.60794835919485,108.76159921562764,1,179.28629022217248,48.1400807,11.5575178,48.7385696,9.3006174,München Hbf Gleis 14,Esslingen (N) Gleis 5,2.0,151.0,0.013245033112582781,,,,92390.0
München Hbf Gleis 14,Günzburg,Train Longue Distance,1.6042118197726813,,,0,101.04634793226766,48.1400807,11.5575178,48.4605748,10.2792241,München Hbf Gleis 14,Günzburg,5.0,151.0,0.033112582781456956,,,,19737.0
München Hbf Gleis 14,Heimenkirch,Train Longue Distance,2.1573849110847867,82.93420126350772,80.77681635242293,1,135.88970213434033,48.1400807,11.5575178,47.6288722,9.9022551,München Hbf Gleis 14,Heimenkirch,1.0,6.0,0.16666666666666666,,,,
München Hbf Gleis 14,Hergatz,Train Longue Distance,2.225668218080748,98.10817153057648,95.88250331249574,1,140.19074187961377,48.1400807,11.5575178,47.6466862,9.82712,München Hbf Gleis 14,Hergatz,1.0,6.0,0.16666666666666666,,,,
München Hbf Gleis 14,Immenstadt,Train Longue Distance,1.8933613144300236,78.54274397381529,76.64938265938527,1,119.25934205278557,48.1400807,11.5575178,47.5589318,10.214222,München Hbf Gleis 14,Immenstadt,1.0,6.0,0.16666666666666666,,,,
München Hbf Gleis 14,Karlsruhe Hauptbahnhof,Train Longue Distance Nuit,3.982562538984397,100.89120345747351,96.90864091848911,1,250.8542793514989,48.1400807,11.5575178,48.993367,8.401278,München Hbf Gleis 14,Karlsruhe Hauptbahnhof,4.0,151.0,0.026490066225165563,,,,283799.0
München Hbf Gleis 14,Kempten (Allgäu) Hbf,Train Longue Distance,1.6500576058535068,70.1889006771193,68.5388430712658,1,103.93408955993365,48.1400807,11.5575178,47.7118009,10.3176451,München Hbf Gleis 14,Kempten (Allgäu) Hbf,3.0,6.0,0.5,,,,61399.0
München Hbf Gleis 14,Leipheim,Train Longue Distance,1.6682940721016402,,,0,105.08277098145884,48.1400807,11.5575178,48.4503694,10.2157671,München Hbf Gleis 14,Leipheim,5.0,151.0,0.033112582781456956,,,,
München Hbf Gleis 14,Lindau-Insel,Train Longue Distance,2.459433431003014,98.10817153057648,95.64873809957346,1,154.91518209895528,48.1400807,11.5575178,47.5451508,9.6804521,München Hbf Gleis 14,Lindau-Insel,1.0,6.0,0.16666666666666666,,,,24518.0
München Hbf Gleis 14,Lindau-Reutin,Train Longue Distance,2.4296998292475296,98.10817153057648,95.67847170132896,1,153.0423172869444,48.1400807,11.5575178,47.5524814,9.7029189,München Hbf Gleis 14,Lindau-Reutin,1.0,6.0,0.16666666666666666,,,28711.0,24518.0
München Hbf Gleis 14,Martinszell (Allgäu),Train Longue Distance,1.767470033116615,78.54274397381529,76.77527394069868,1,111.3296821061108,48.1400807,11.5575178,47.6290357,10.2736635,München Hbf Gleis 14,Martinszell (Allgäu),1.0,6.0,0.16666666666666666,,,,
München Hbf Gleis 14,Münster (Westf) Hauptbahnhof,EuroNight,8.069614358981902,105.99146281921077,97.92184846022886,1,508.290146068399,48.1400807,11.5575178,51.9566277,7.6353295,München Hbf Gleis 14,Münster (Westf) Hauptbahnhof,37.0,151.0,0.24503311258278146,,,290061.0,4738.0
München Hbf Gleis 14,Nersingen,Train Longue Distance,1.7670381538533086,,,0,111.30247882673902,48.1400807,11.5575178,48.4301431,10.1177789,München Hbf Gleis 14,Nersingen,5.0,151.0,0.033112582781456956,,,,
München Hbf Gleis 14,Neu-Ulm,Train Longue Distance,1.8776551633959824,78.33672852444323,76.45907336104725,1,118.27004052632795,48.1400807,11.5575178,48.3936212,10.0056961,München Hbf Gleis 14,Neu-Ulm,5.0,151.0,0.033112582781456956,,,28711.0,51389.0
München Hbf Gleis 14,Nürnberg Hbf,EuroNight,2.3703081158611297,92.64342723433109,90.27311911846995,1,149.30134264683358,48.1400807,11.5575178,49.4457552,11.0821383,München Hbf Gleis 14,Nürnberg Hbf,79.0,151.0,0.5231788079470199,,,,
München Hbf Gleis 14,Oberstaufen,Train Longue Distance,2.0892058110596494,82.93420126350772,80.84499545244807,1,131.59522619423342,48.1400807,11.5575178,47.5539364,10.0255039,München Hbf Gleis 14,Oberstaufen,1.0,6.0,0.16666666666666666,,,,
München Hbf Gleis 14,Paris Gare de l'Est,Train Longue Distance Nuit,10.828319116503938,180.09109097430084,169.2627718577969,0,682.055877834715,48.1400807,11.5575178,48.8785739,2.3603054,München Hbf Gleis 14,Paris Gare de l'Est,4.0,151.0,0.026490066225165563,,,,2103778.0
München Hbf Gleis 14,Röthenbach (Allgäu),Train Longue Distance,2.108842943749744,82.93420126350772,80.82535831975797,1,132.832133015227,48.1400807,11.5575178,47.6205715,9.9535579,München Hbf Gleis 14,Röthenbach (Allgäu),1.0,6.0,0.16666666666666666,,,,
München Hbf Gleis 14,Strasbourg Gare Centrale,Train Longue Distance Nuit,4.55256147340133,113.42152610217227,108.86896462877094,1,286.75746242134863,48.1400807,11.5575178,48.5851086,7.7338837,München Hbf Gleis 14,Strasbourg Gare Centrale,4.0,151.0,0.026490066225165563,,,24568668.0,293771.0
München Hbf Gleis 14,Stuttgart Hauptbahnhof (oben) Gleis 1,Train Longue Distance Nuit,3.0048608264033168,118.90862450357183,115.90376367716851,1,189.27064918136287,48.1400807,11.5575178,48.7856758,9.1822195,München Hbf Gleis 14,Stuttgart Hauptbahnhof (oben) Gleis 1,2.0,151.0,0.013245033112582781,,,,612663.0
München Hbf Gleis 14,Ulm Hauptbahnhof,Train Longue Distance Nuit,1.9059438041888654,78.33672852444323,76.43078472025437,1,120.0518899085957,48.1400807,11.5575178,48.3993472,9.9829328,München Hbf Gleis 14,Ulm Hauptbahnhof,4.0,151.0,0.026490066225165563,,,,120451.0
München Hbf Gleis 14,Ulm Hbf,Train Longue Distance,1.905437061198104,78.33672852444323,76.43129146324513,1,120.01997110091358,48.1400807,11.5575178,48.3986792,9.9831394,München Hbf Gleis 14,Ulm Hbf,5.0,151.0,0.033112582781456956,,,,120451.0
München Hbf Gleis 15,Günzburg,Train Longue Distance,1.6041568788913503,,,0,101.04288730734129,48.1401826,11.5575268,48.4605748,10.2792241,München Hbf Gleis 15,Günzburg,7.0,26.0,0.2692307692307692,,,,19737.0
München Hbf Gleis 15,Kempten (Allgäu) Hbf,Train Longue Distance Nuit,1.6501482090613317,70.1889006771193,68.53875246805798,1,103.93979648912394,48.1401826,11.5575268,47.7118009,10.3176451,München Hbf Gleis 15,Kempten (Allgäu) Hbf,1.0,4.0,0.25,,,,61399.0
München Hbf Gleis 15,Leipheim,Train Longue Distance,1.6682435215287696,,,0,105.07958689397641,48.1401826,11.5575268,48.4503694,10.2157671,München Hbf Gleis 15,Leipheim,7.0,26.0,0.2692307692307692,,,,
München Hbf Gleis 15,Nersingen,Train Longue Distance,1.7669945435725893,,,0,111.29973189547677,48.1401826,11.5575268,48.4301431,10.1177789,München Hbf Gleis 15,Nersingen,7.0,26.0,0.2692307692307692,,,,
München Hbf Gleis 15,Neu-Ulm,Train Longue Distance,1.8776208019899456,78.33672852444323,76.45910772245328,1,118.26787616464762,48.1401826,11.5575268,48.3936212,10.0056961,München Hbf Gleis 15,Neu-Ulm,7.0,26.0,0.2692307692307692,,,28711.0,51389.0
München Hbf Gleis 15,Ulm Hbf,Train Longue Distance,1.9054024532383182,78.33672852444323,76.43132607120491,1,120.0177912092667,48.1401826,11.5575268,48.3986792,9.9831394,München Hbf Gleis 15,Ulm Hbf,7.0,26.0,0.2692307692307692,,,,120451.0
München Hbf Gleis 16,Günzburg,Train Longue Distance Nuit,1.6041422007382389,,,0,101.04196275751065,48.1402366,11.5575447,48.4605748,10.2792241,München Hbf Gleis 16,Günzburg,75.0,134.0,0.5597014925373134,,,,19737.0
München Hbf Gleis 16,Leipheim,Train Longue Distance Nuit,1.668231307049977,,,0,105.07881752645358,48.1402366,11.5575447,48.4503694,10.2157671,München Hbf Gleis 16,Leipheim,66.0,134.0,0.4925373134328358,,,,
München Hbf Gleis 16,Nersingen,Train Longue Distance Nuit,1.7669862026861678,,,0,111.29920651840311,48.1402366,11.5575447,48.4301431,10.1177789,München Hbf Gleis 16,Nersingen,66.0,134.0,0.4925373134328358,,,,
München Hbf Gleis 16,Neu-Ulm,Train Longue Distance Nuit,1.8776175844123615,78.33672852444323,76.45911094003087,1,118.26767349536165,48.1402366,11.5575447,48.3936212,10.0056961,München Hbf Gleis 16,Neu-Ulm,66.0,134.0,0.4925373134328358,,,28711.0,51389.0
München Hbf Gleis 16,Nürnberg Hbf,EuroNight,2.369600021215855,92.64342723433109,90.27382721311523,1,149.25674106927787,48.1402366,11.5575447,49.4455099,11.0822371,München Hbf Gleis 16,Nürnberg Hbf,1.0,134.0,0.007462686567164179,,,,
München Hbf Gleis 16,Ulm Hbf,Train Longue Distance Nuit,1.9068176392073148,78.33672852444323,76.42991088523591,1,120.10693116700145,48.1402366,11.5575447,48.3993472,9.9821333,München Hbf Gleis 16,Ulm Hbf,66.0,134.0,0.4925373134328358,,,,120451.0
München Hbf Gleis 17,Günzburg,Train Longue Distance Nuit,1.6041108846838923,,,0,101.03999021692442,48.1403325,11.5575717,48.4605748,10.2792241,München Hbf Gleis 17,Günzburg,37.0,103.0,0.3592233009708738,,,,19737.0
München Hbf Gleis 17,Heimenkirch,Train Longue Distance,2.157624488703744,82.93420126350772,80.77657677480397,1,135.90479268731065,48.1403325,11.5575717,47.6288722,9.9022551,München Hbf Gleis 17,Heimenkirch,1.0,5.0,0.2,,,,
München Hbf Gleis 17,Hergatz,Train Longue Distance,2.225896304813749,98.10817153057648,95.88227522576274,1,140.20510864284134,48.1403325,11.5575717,47.6466862,9.82712,München Hbf Gleis 17,Hergatz,1.0,5.0,0.2,,,,
München Hbf Gleis 17,Immenstadt,Train Longue Distance,1.8936525978949692,78.54274397381529,76.64909137592032,1,119.27768946176424,48.1403325,11.5575717,47.5589318,10.214222,München Hbf Gleis 17,Immenstadt,1.0,5.0,0.2,,,,
München Hbf Gleis 17,Kempten (Allgäu) Hbf,Train Longue Distance,1.6503148015578284,70.1889006771193,68.53858587556148,1,103.95028984365258,48.1403325,11.5575717,47.7118009,10.3176451,München Hbf Gleis 17,Kempten (Allgäu) Hbf,1.0,5.0,0.2,,,,61399.0
München Hbf Gleis 17,Leipheim,Train Longue Distance Nuit,1.6682043157960045,,,0,105.07711739707764,48.1403325,11.5575717,48.4503694,10.2157671,München Hbf Gleis 17,Leipheim,32.0,103.0,0.3106796116504854,,,,
München Hbf Gleis 17,Lindau-Insel,Train Longue Distance,2.459676103176668,98.10817153057648,95.64849542739982,1,154.93046757222652,48.1403325,11.5575717,47.5451508,9.6804521,München Hbf Gleis 17,Lindau-Insel,1.0,5.0,0.2,,,,24518.0
München Hbf Gleis 17,Lindau-Reutin,Train Longue Distance,2.4299425149909037,98.10817153057648,95.67822901558559,1,153.05760361494734,48.1403325,11.5575717,47.5524814,9.7029189,München Hbf Gleis 17,Lindau-Reutin,1.0,5.0,0.2,,,28711.0,24518.0
München Hbf Gleis 17,Martinszell (Allgäu),Train Longue Distance,1.767748630582062,78.54274397381529,76.77499534323323,1,111.34723044734581,48.1403325,11.5575717,47.6290357,10.2736635,München Hbf Gleis 17,Martinszell (Allgäu),1.0,5.0,0.2,,,,
München Hbf Gleis 17,Memmingen,Train Longue Distance Nuit,1.639783593524897,65.41857080715657,63.778787213631674,1,103.2869484457607,48.1403325,11.5575717,47.985693,10.187057,München Hbf Gleis 17,Memmingen,2.0,103.0,0.019417475728155338,,,,44192.0
München Hbf Gleis 17,Nersingen,Train Longue Distance Nuit,1.7669660185363778,,,0,111.29793515598249,48.1403325,11.5575717,48.4301431,10.1177789,München Hbf Gleis 17,Nersingen,32.0,103.0,0.3106796116504854,,,,
München Hbf Gleis 17,Neu-Ulm,Train Longue Distance Nuit,1.8776064171365185,78.33672852444323,76.45912210730671,1,118.2669700892239,48.1403325,11.5575717,48.3936212,10.0056961,München Hbf Gleis 17,Neu-Ulm,32.0,103.0,0.3106796116504854,,,28711.0,51389.0
München Hbf Gleis 17,Oberstaufen,Train Longue Distance,2.0894776136916735,82.93420126350772,80.84472364981605,1,131.61234654142564,48.1403325,11.5575717,47.5539364,10.0255039,München Hbf Gleis 17,Oberstaufen,1.0,5.0,0.2,,,,
München Hbf Gleis 17,Röthenbach (Allgäu),Train Longue Distance,2.10908956707339,82.93420126350772,80.82511169643433,1,132.8476673641591,48.1403325,11.5575717,47.6205715,9.9535579,München Hbf Gleis 17,Röthenbach (Allgäu),1.0,5.0,0.2,,,,
München Hbf Gleis 17,Ulm Hbf,Train Longue Distance Nuit,1.9068061528760616,78.33672852444323,76.42992237156717,1,120.10620766415101,48.1403325,11.5575717,48.3993472,9.9821333,München Hbf Gleis 17,Ulm Hbf,32.0,103.0,0.3106796116504854,,,,120451.0
München Hbf Gleis 18,Günzburg,Train Longue Distance,1.6041559102053984,,,0,101.04282629159728,48.1403864,11.5575717,48.4606403,10.2791882,München Hbf Gleis 18,Günzburg,3.0,15.0,0.2,,,,19737.0
München Hbf Gleis 18,Leipheim,Train Longue Distance,1.668172317430315,,,0,105.0751018789566,48.1403864,11.5575717,48.4503694,10.2157671,München Hbf Gleis 18,Leipheim,3.0,15.0,0.2,,,,
München Hbf Gleis 18,Memmingen,Train Longue Distance,1.6397986006025824,65.41857080715657,63.77877220655399,1,103.28789371394446,48.1403864,11.5575717,47.985693,10.187057,München Hbf Gleis 18,Memmingen,2.0,15.0,0.13333333333333333,,,,44192.0
München Hbf Gleis 18,Nersingen,Train Longue Distance,1.7669376193801292,,,0,111.29614634543519,48.1403864,11.5575717,48.4301431,10.1177789,München Hbf Gleis 18,Nersingen,3.0,15.0,0.2,,,,
München Hbf Gleis 18,Neu-Ulm,Train Longue Distance,1.8775828287560112,78.33672852444323,76.45914569568723,1,118.2654843005802,48.1403864,11.5575717,48.3936212,10.0056961,München Hbf Gleis 18,Neu-Ulm,3.0,15.0,0.2,,,28711.0,51389.0
München Hbf Gleis 18,Ulm Hbf,Train Longue Distance,1.9053639751335791,78.33672852444323,76.43136454930965,1,120.01536754431716,48.1403864,11.5575717,48.3986792,9.9831394,München Hbf Gleis 18,Ulm Hbf,3.0,15.0,0.2,,,,120451.0
München Hbf Gleis 19,Günzburg,Train Longue Distance,1.6041031683125602,,,0,101.03950417690604,48.1405003,11.5575896,48.4606403,10.2791882,München Hbf Gleis 19,Günzburg,1.0,5.0,0.2,,,,19737.0
München Hbf Gleis 19,Heimenkirch,Train Longue Distance Nuit,2.1577648082827445,82.93420126350772,80.77643645522497,1,135.913631159155,48.1405003,11.5575896,47.6288722,9.9022551,München Hbf Gleis 19,Heimenkirch,1.0,4.0,0.25,,,,
München Hbf Gleis 19,Hergatz,Train Longue Distance Nuit,2.22602871563331,98.10817153057648,95.88214281494318,1,140.2134489564947,48.1405003,11.5575896,47.6466862,9.82712,München Hbf Gleis 19,Hergatz,1.0,4.0,0.25,,,,
München Hbf Gleis 19,Immenstadt,Train Longue Distance Nuit,1.8938288068838005,78.54274397381529,76.64891516693149,1,119.28878854143366,48.1405003,11.5575896,47.5589318,10.214222,München Hbf Gleis 19,Immenstadt,1.0,4.0,0.25,,,,
München Hbf Gleis 19,Kempten (Allgäu) Hbf,Train Longue Distance Nuit,1.65046730098046,70.1889006771193,68.53843337613884,1,103.9598955014147,48.1405003,11.5575896,47.7118009,10.3176451,München Hbf Gleis 19,Kempten (Allgäu) Hbf,1.0,4.0,0.25,,,,61399.0
München Hbf Gleis 19,Leipheim,Train Longue Distance,1.6681245745911422,,,0,105.0720946454486,48.1405003,11.5575896,48.4503694,10.2157671,München Hbf Gleis 19,Leipheim,1.0,5.0,0.2,,,,
München Hbf Gleis 19,Lindau-Reutin,Train Longue Distance Nuit,2.4300849729684284,98.10817153057648,95.67808655760805,1,153.0665767805762,48.1405003,11.5575896,47.5524814,9.7029189,München Hbf Gleis 19,Lindau-Reutin,1.0,4.0,0.25,,,28711.0,24518.0
München Hbf Gleis 19,Martinszell (Allgäu),Train Longue Distance Nuit,1.7679159875961947,78.54274397381529,76.7748279862191,1,111.35777195743228,48.1405003,11.5575896,47.6290357,10.2736635,München Hbf Gleis 19,Martinszell (Allgäu),1.0,4.0,0.25,,,,
München Hbf Gleis 19,Memmingen,Train Longue Distance Nuit,1.6398511529358633,65.41857080715657,63.77871965422071,1,103.29120388862833,48.1405003,11.5575896,47.985693,10.187057,München Hbf Gleis 19,Memmingen,1.0,5.0,0.2,,,,44192.0
München Hbf Gleis 19,Nersingen,Train Longue Distance,1.766897748663218,,,0,111.2936349624098,48.1405003,11.5575896,48.4301431,10.1177789,München Hbf Gleis 19,Nersingen,1.0,5.0,0.2,,,,
München Hbf Gleis 19,Neu-Ulm,Train Longue Distance,1.877553426267873,78.33672852444323,76.45917509817536,1,118.26363229200511,48.1405003,11.5575896,48.3936212,10.0056961,München Hbf Gleis 19,Neu-Ulm,1.0,5.0,0.2,,,28711.0,51389.0
München Hbf Gleis 19,Oberstaufen,Train Longue Distance Nuit,2.089640235942686,82.93420126350772,80.84456102756504,1,131.62258981750352,48.1405003,11.5575896,47.5539364,10.0255039,München Hbf Gleis 19,Oberstaufen,1.0,4.0,0.25,,,,
München Hbf Gleis 19,Röthenbach (Allgäu),Train Longue Distance Nuit,2.1092347472111634,82.93420126350772,80.82496651629656,1,132.85681199364848,48.1405003,11.5575896,47.6205715,9.9535579,München Hbf Gleis 19,Röthenbach (Allgäu),1.0,4.0,0.25,,,,
München Hbf Gleis 19,Ulm Hbf,Train Longue Distance,1.9053342929771448,78.33672852444323,76.43139423146609,1,120.01349791995116,48.1405003,11.5575896,48.3986792,9.9831394,München Hbf Gleis 19,Ulm Hbf,1.0,5.0,0.2,,,,120451.0
München Hbf Gleis 20,Heimenkirch,Train Longue Distance Nuit,2.1578231299407156,82.93420126350772,80.77637813356701,1,135.91730473297528,48.1405543,11.5576076,47.6288722,9.9022551,München Hbf Gleis 20,Heimenkirch,3.0,5.0,0.6,,,,
München Hbf Gleis 20,Hergatz,Train Longue Distance Nuit,2.226084662948735,98.10817153057648,95.88208686762775,1,140.21697297485102,48.1405543,11.5576076,47.6466862,9.82712,München Hbf Gleis 20,Hergatz,3.0,5.0,0.6,,,,
München Hbf Gleis 20,Immenstadt,Train Longue Distance Nuit,1.8938977027615262,78.54274397381529,76.64884627105377,1,119.29312816588097,48.1405543,11.5576076,47.5589318,10.214222,München Hbf Gleis 20,Immenstadt,3.0,5.0,0.6,,,,
München Hbf Gleis 20,Kempten (Allgäu) Hbf,Train Longue Distance Nuit,1.6505292512566845,70.1889006771193,68.53837142586262,1,103.96379763521571,48.1405543,11.5576076,47.7118009,10.3176451,München Hbf Gleis 20,Kempten (Allgäu) Hbf,3.0,5.0,0.6,,,,61399.0
München Hbf Gleis 20,Lindau-Reutin,Train Longue Distance Nuit,2.4301439333404575,98.10817153057648,95.67802759723602,1,153.07029058581867,48.1405543,11.5576076,47.5524814,9.7029189,München Hbf Gleis 20,Lindau-Reutin,3.0,5.0,0.6,,,28711.0,24518.0
München Hbf Gleis 20,Martinszell (Allgäu),Train Longue Distance Nuit,1.767982309154532,78.54274397381529,76.77476166466076,1,111.36194943024262,48.1405543,11.5576076,47.6290357,10.2736635,München Hbf Gleis 20,Martinszell (Allgäu),3.0,5.0,0.6,,,,
München Hbf Gleis 20,Memmingen,Train Longue Distance Nuit,1.6398871426370891,65.41857080715657,63.778683664519484,1,103.29347081362364,48.1405543,11.5576076,47.985693,10.187057,München Hbf Gleis 20,Memmingen,1.0,3.0,0.3333333333333333,,,,44192.0
München Hbf Gleis 20,Oberstaufen,Train Longue Distance Nuit,2.089705169882925,82.93420126350772,80.8444960936248,1,131.62667988680556,48.1405543,11.5576076,47.5539364,10.0255039,München Hbf Gleis 20,Oberstaufen,3.0,5.0,0.6,,,,
München Hbf Gleis 20,Röthenbach (Allgäu),Train Longue Distance Nuit,2.109294520753516,82.93420126350772,80.8249067427542,1,132.86057701899196,48.1405543,11.5576076,47.6205715,9.9535579,München Hbf Gleis 20,Röthenbach (Allgäu),3.0,5.0,0.6,,,,
München Hbf Gleis 24,Aichstetten Bahnhof,Train Longue Distance,1.8073197181573073,78.51797677083692,76.71065705267962,1,113.8397403727203,48.14086,11.5576615,47.8877939,10.0746777,München Hbf Gleis 24,Aichstetten Bahnhof,67.0,367.0,0.18256130790190736,,,,
München Hbf Gleis 24,"Aitrach (Kr Ravensb), Bahnhof",Train Longue Distance,1.7782736933085888,71.44984380574309,69.6715701124345,1,112.01018476370551,48.14086,11.5576615,47.9435397,10.0801574,München Hbf Gleis 24,"Aitrach (Kr Ravensb), Bahnhof",67.0,367.0,0.18256130790190736,,,,
München Hbf Gleis 24,Heimenkirch,Train Longue Distance Nuit,2.1581017497288895,82.93420126350772,80.77609951377883,1,135.93485448027775,48.14086,11.5576615,47.6288722,9.9022551,München Hbf Gleis 24,Heimenkirch,192.0,600.0,0.32,,,,
München Hbf Gleis 24,Hergatz,Train Longue Distance,2.2263966434271194,98.10817153057648,95.88177488714936,1,140.236624050587,48.14086,11.5576615,47.6467709,9.8270212,München Hbf Gleis 24,Hergatz,67.0,367.0,0.18256130790190736,,,,
München Hbf Gleis 24,Immenstadt,Train Longue Distance Nuit,1.8942400040666814,78.54274397381529,76.6485039697486,1,119.31468909465113,48.14086,11.5576615,47.5589318,10.214222,München Hbf Gleis 24,Immenstadt,192.0,600.0,0.32,,,,
München Hbf Gleis 24,Kempten (Allgäu) Hbf,Train Longue Distance Nuit,1.6508295740173438,70.1889006771193,68.53807110310197,1,103.98271441278305,48.14086,11.5576615,47.7118009,10.3176451,München Hbf Gleis 24,Kempten (Allgäu) Hbf,213.0,600.0,0.355,,,,61399.0
München Hbf Gleis 24,Kißlegg Bahnhof,Train Longue Distance,2.0731512439458486,88.0962250130761,86.02307376913025,1,130.58397858061534,48.14086,11.5576615,47.7936563,9.8820699,München Hbf Gleis 24,Kißlegg Bahnhof,67.0,367.0,0.18256130790190736,,,,
München Hbf Gleis 24,Leutkirch Bahnhof,Train Longue Distance,1.904373934935153,78.51797677083692,76.61360283590177,1,119.95300673564833,48.14086,11.5576615,47.8262466,10.0160177,München Hbf Gleis 24,Leutkirch Bahnhof,67.0,367.0,0.18256130790190736,,,28711.0,22362.0
München Hbf Gleis 24,Lindau-Insel,Train Longue Distance,2.460159909631259,98.10817153057648,95.64801162094523,1,154.96094164973917,48.14086,11.5576615,47.5451508,9.6804521,München Hbf Gleis 24,Lindau-Insel,67.0,367.0,0.18256130790190736,,,,24518.0
München Hbf Gleis 24,Lindau-Reutin,Train Longue Distance,2.4304263526283294,98.10817153057648,95.67774517794815,1,153.0880796566093,48.14086,11.5576615,47.5524814,9.7029189,München Hbf Gleis 24,Lindau-Reutin,67.0,367.0,0.18256130790190736,,,28711.0,24518.0
München Hbf Gleis 24,Martinszell (Allgäu),Train Longue Distance Nuit,1.7683089716256561,78.54274397381529,76.77443500218963,1,111.38252529766038,48.14086,11.5576615,47.6290357,10.2736635,München Hbf Gleis 24,Martinszell (Allgäu),63.0,600.0,0.105,,,,
München Hbf Gleis 24,Memmingen,Train Longue Distance,1.6401919413702941,65.41857080715657,63.77837886578627,1,103.31266952445795,48.14086,11.5576615,47.985693,10.1869222,München Hbf Gleis 24,Memmingen,158.0,600.0,0.2633333333333333,,,,44192.0
München Hbf Gleis 24,Memmingen,Train Longue Distance Nuit,1.6401492325117328,65.41857080715657,63.77842157464484,1,103.30997937211721,48.14086,11.5576615,47.9851579,10.1871019,München Hbf Gleis 24,Memmingen,158.0,367.0,0.4305177111716621,,,,44192.0
München Hbf Gleis 24,Oberstaufen,Train Longue Distance Nuit,2.090023431535066,82.93420126350772,80.84417783197264,1,131.64672660210795,48.14086,11.5576615,47.5539364,10.0255039,München Hbf Gleis 24,Oberstaufen,192.0,600.0,0.32,,,,
München Hbf Gleis 24,Röthenbach (Allgäu),Train Longue Distance Nuit,2.1095818002455844,82.93420126350772,80.82461946326214,1,132.8786722250935,48.14086,11.5576615,47.6205715,9.9535579,München Hbf Gleis 24,Röthenbach (Allgäu),192.0,600.0,0.32,,,,
München Hbf Gleis 24,Tannheim (Württ),Train Longue Distance,1.7425084043741483,71.44984380574309,69.70733540136894,1,109.75739508529531,48.14086,11.5576615,47.9948974,10.0967763,München Hbf Gleis 24,Tannheim (Württ),67.0,367.0,0.18256130790190736,,,11803.0,
München Hbf Gleis 24,Wangen Bahnhof,Train Longue Distance,2.1936213634511215,88.0962250130761,85.90260364962498,1,138.1721695295491,48.14086,11.5576615,47.6891415,9.8304438,München Hbf Gleis 24,Wangen Bahnhof,67.0,367.0,0.18256130790190736,,,,639.0
München Hbf Gleis 25,Aichstetten Bahnhof,Train Longue Distance,1.8073753280824805,78.51797677083692,76.71060144275444,1,113.84324313948605,48.1409679,11.5576705,47.8877939,10.0746777,München Hbf Gleis 25,Aichstetten Bahnhof,4.0,4.0,1.0,,,,
München Hbf Gleis 25,"Aitrach (Kr Ravensb), Bahnhof",Train Longue Distance,1.7783196355615545,71.44984380574309,69.67152417018153,1,112.01307858160459,48.1409679,11.5576705,47.9435397,10.0801574,München Hbf Gleis 25,"Aitrach (Kr Ravensb), Bahnhof",4.0,4.0,1.0,,,,
München Hbf Gleis 25,Heimenkirch,Train Longue Distance,2.158189339734794,82.93420126350772,80.77601192377293,1,135.9403716134287,48.1409679,11.5576705,47.6288722,9.9022551,München Hbf Gleis 25,Heimenkirch,1.0,182.0,0.005494505494505495,,,,
München Hbf Gleis 25,Hergatz,Train Longue Distance,2.2264790986891287,98.10817153057648,95.88169243188736,1,140.24181775567706,48.1409679,11.5576705,47.6467709,9.8270212,München Hbf Gleis 25,Hergatz,4.0,4.0,1.0,,,,
München Hbf Gleis 25,Immenstadt,Train Longue Distance,1.8943508686126176,78.54274397381529,76.64839310520267,1,119.32167224821225,48.1409679,11.5576705,47.5589318,10.214222,München Hbf Gleis 25,Immenstadt,1.0,182.0,0.005494505494505495,,,,
München Hbf Gleis 25,Kempten (Allgäu) Hbf,Train Longue Distance,1.6507431348270925,70.1889006771193,68.53815754229221,1,103.97726976739055,48.1409679,11.5576705,47.712091,10.3175912,München Hbf Gleis 25,Kempten (Allgäu) Hbf,1.0,182.0,0.005494505494505495,,,,61399.0
München Hbf Gleis 25,Kißlegg Bahnhof,Train Longue Distance,2.0732157439308994,88.0962250130761,86.02300926914519,1,130.58804131587928,48.1409679,11.5576705,47.7936563,9.8820699,München Hbf Gleis 25,Kißlegg Bahnhof,4.0,4.0,1.0,,,,
München Hbf Gleis 25,Leutkirch Bahnhof,Train Longue Distance,1.9044378386854117,78.51797677083692,76.61353893215151,1,119.95703191518088,48.1409679,11.5576705,47.8262466,10.0160177,München Hbf Gleis 25,Leutkirch Bahnhof,4.0,4.0,1.0,,,28711.0,22362.0
München Hbf Gleis 25,Lindau-Insel,Train Longue Distance,2.460248870533881,98.10817153057648,95.64792266004261,1,154.96654513314948,48.1409679,11.5576705,47.5451508,9.6804521,München Hbf Gleis 25,Lindau-Insel,4.0,4.0,1.0,,,,24518.0
München Hbf Gleis 25,Lindau-Reutin,Train Longue Distance,2.4305153204941377,98.10817153057648,95.67765621008235,1,153.09368357861788,48.1409679,11.5576705,47.5524814,9.7029189,München Hbf Gleis 25,Lindau-Reutin,4.0,4.0,1.0,,,28711.0,24518.0
München Hbf Gleis 25,Martinszell (Allgäu),Train Longue Distance,1.7684140953373826,78.54274397381529,76.77432987847791,1,111.38914684664793,48.1409679,11.5576705,47.6290357,10.2736635,München Hbf Gleis 25,Martinszell (Allgäu),1.0,182.0,0.005494505494505495,,,,
München Hbf Gleis 25,Memmingen,Train Longue Distance,1.6402325571909904,65.41857080715657,63.77833824996558,1,103.31522784019843,48.1409679,11.5576705,47.985693,10.1869222,München Hbf Gleis 25,Memmingen,4.0,4.0,1.0,,,,44192.0
München Hbf Gleis 25,Oberstaufen,Train Longue Distance,2.090125474213189,82.93420126350772,80.84407578929452,1,131.65315408246343,48.1409679,11.5576705,47.5539364,10.0255039,München Hbf Gleis 25,Oberstaufen,1.0,182.0,0.005494505494505495,,,,
München Hbf Gleis 25,Röthenbach (Allgäu),Train Longue Distance,2.1096725388493853,82.93420126350772,80.82452872465834,1,132.88438768262694,48.1409679,11.5576705,47.6205715,9.9535579,München Hbf Gleis 25,Röthenbach (Allgäu),1.0,182.0,0.005494505494505495,,,,
München Hbf Gleis 25,Tannheim (Württ),Train Longue Distance,1.7425452913973416,71.44984380574309,69.70729851434575,1,109.7597185309487,48.1409679,11.5576705,47.9948974,10.0967763,München Hbf Gleis 25,Tannheim (Württ),4.0,4.0,1.0,,,11803.0,
München Hbf Gleis 25,Wangen Bahnhof,Train Longue Distance,2.1936985372842934,88.0962250130761,85.9025264757918,1,138.17703056716385,48.1409679,11.5576705,47.6891415,9.8304438,München Hbf Gleis 25,Wangen Bahnhof,4.0,4.0,1.0,,,,639.0
München Hbf Gleis 7,Nürnberg Hbf,EuroNight,2.3690721077650427,92.64342723433109,90.27435512656604,1,149.22348877330833,48.1399548,11.5537988,49.4455099,11.0822371,München Hbf Gleis 7,Nürnberg Hbf,2.0,2.0,1.0,,,,
München Süd,Hamburg Altona,InterCity,9.754477327554023,147.75416112610137,137.99968379854735,0,614.4165613223748,48.12157,11.55297,53.55225,9.93496,München Süd,Hamburg Altona,,,,,,203396.0,1973896.0
"München, Hauptbahnhof (U, Tram)",Kempten (Allgäu) Hbf Bstg SEV,Train Longue Distance Nuit,1.654798007802411,70.1889006771193,68.5341026693169,1,104.23267874794728,48.1401287,11.560581,47.7117585,10.3162706,"München, Hauptbahnhof (U, Tram)",Kempten (Allgäu) Hbf Bstg SEV,1.0,17.0,0.058823529411764705,,,,61399.0
Münster (Westf) Hauptbahnhof,"Amsterdam, Centraal",EuroNight,11.025724754783019,84.38774711007544,73.36202235529242,1,192.3203341144779,51.9566277,7.6353295,52.3789574,4.9006063,Münster (Westf) Hauptbahnhof,"Amsterdam, Centraal",54.0,98.0,0.5510204081632653,290061.0,4738.0,,
Münster (Westf) Hauptbahnhof,Ingolstadt Hbf,EuroNight,25.652475133351015,131.43005260381898,105.77757747046796,1,447.4529065646435,51.9566277,7.6353295,48.7446003,11.4372693,Münster (Westf) Hauptbahnhof,Ingolstadt Hbf,41.0,98.0,0.41836734693877553,290061.0,4738.0,,120658.0
Münster (Westf) Hauptbahnhof,Kufstein Bahnhof,EuroNight,33.52961990177325,142.21145827501883,108.68183837324557,1,584.8529548538853,51.9566277,7.6353295,47.5830959,12.1655874,Münster (Westf) Hauptbahnhof,Kufstein Bahnhof,42.0,98.0,0.42857142857142855,290061.0,4738.0,,
Münster (Westf) Hauptbahnhof,München Hbf Gleis 10,EuroNight,29.13170970928393,105.99146281921077,76.85975310992684,1,508.14075892698287,51.9566277,7.6353295,48.1401586,11.5538976,Münster (Westf) Hauptbahnhof,München Hbf Gleis 10,2.0,98.0,0.02040816326530612,290061.0,4738.0,,
Münster (Westf) Hauptbahnhof,München Hbf Gleis 14,EuroNight,29.140274074101313,105.99146281921077,76.85118874510945,1,508.290146068399,51.9566277,7.6353295,48.1400807,11.5575178,Münster (Westf) Hauptbahnhof,München Hbf Gleis 14,30.0,98.0,0.30612244897959184,290061.0,4738.0,,
Münster (Westf) Hauptbahnhof,München Hbf Gleis 15,EuroNight,29.13974303344784,105.99146281921077,76.85171978576292,1,508.2808831928805,51.9566277,7.6353295,48.1401826,11.5575268,Münster (Westf) Hauptbahnhof,München Hbf Gleis 15,1.0,98.0,0.01020408163265306,290061.0,4738.0,,
Münster (Westf) Hauptbahnhof,Nürnberg Hbf,EuroNight,21.20551050980776,114.49130084807172,93.28579033826395,1,369.8850603489928,51.9566277,7.6353295,49.4457552,11.0821383,Münster (Westf) Hauptbahnhof,Nürnberg Hbf,42.0,98.0,0.42857142857142855,290061.0,4738.0,,
Münster (Westf) Hauptbahnhof,Ostbahnhof Gleis 6,EuroNight,29.316667734212878,105.99146281921077,76.6747950849979,1,511.36695855944316,51.9566277,7.6353295,48.1274186,11.6053531,Münster (Westf) Hauptbahnhof,Ostbahnhof Gleis 6,6.0,98.0,0.061224489795918366,290061.0,4738.0,,
Münster (Westf) Hauptbahnhof,Ostbahnhof Gleis 8,EuroNight,29.317689148113256,105.99146281921077,76.6737736710975,1,511.3847749540075,51.9566277,7.6353295,48.1273047,11.6055327,Münster (Westf) Hauptbahnhof,Ostbahnhof Gleis 8,3.0,98.0,0.030612244897959183,290061.0,4738.0,,
Münster (Westf) Hauptbahnhof,Rosenheim,EuroNight,31.991112660882756,153.44701602398007,121.45590336309732,1,558.0169660017923,51.9566277,7.6353295,47.8499797,12.1192703,Münster (Westf) Hauptbahnhof,Rosenheim,42.0,98.0,0.42857142857142855,290061.0,4738.0,,60167.0
Narvik,Stockholm C,InterCity,0.8940037624803367,167.91101030412165,167.0170065416413,0,1013.6097080275927,68.4417,17.44142,59.33001,18.05763,Narvik,Stockholm C,,,,,,,1515017.0
Nersingen,Ingolstadt Hbf,Train Longue Distance Nuit,1.638011910226822,,,0,103.17535337785475,48.4300596,10.1178597,48.7446477,11.4375388,Nersingen,Ingolstadt Hbf,73.0,583.0,0.12521440823327615,,,,120658.0
Nersingen,Ingolstadt Nord,Train Longue Distance Nuit,1.6498731239151383,,,0,103.92246938240982,48.4300596,10.1178597,48.7741565,11.4319153,Nersingen,Ingolstadt Nord,4.0,583.0,0.00686106346483705,,,,120658.0
Nersingen,München Hbf Gleis 11,Train Longue Distance,1.766979898181028,,,0,111.29880940923584,48.4300596,10.1178597,48.1398829,11.5574908,Nersingen,München Hbf Gleis 11,1.0,583.0,0.0017152658662092624,,,,
Nersingen,München Hbf Gleis 12,Train Longue Distance,1.766951464639018,,,0,111.29701843279278,48.4300596,10.1178597,48.1399368,11.5574908,Nersingen,München Hbf Gleis 12,1.0,583.0,0.0017152658662092624,,,,
Nersingen,München Hbf Gleis 13,Train Longue Distance Nuit,1.7669344051189007,,,0,111.29594388504036,48.4300596,10.1178597,48.1400267,11.5575178,Nersingen,München Hbf Gleis 13,3.0,583.0,0.005145797598627788,,,,
Nersingen,München Hbf Gleis 14,Train Longue Distance,1.7669059317580604,,,0,111.29415040048251,48.4300596,10.1178597,48.1400807,11.5575178,Nersingen,München Hbf Gleis 14,2.0,583.0,0.003430531732418525,,,,
Nersingen,München Hbf Gleis 15,Train Longue Distance Nuit,1.7668623328487851,,,0,111.2914041854866,48.4300596,10.1178597,48.1401826,11.5575268,Nersingen,München Hbf Gleis 15,10.0,583.0,0.017152658662092625,,,,
Nersingen,München Hbf Gleis 16,Train Longue Distance,1.766853998289588,,,0,111.29087920695312,48.4300596,10.1178597,48.1402366,11.5575447,Nersingen,München Hbf Gleis 16,27.0,583.0,0.04631217838765009,,,,
Nersingen,München Hbf Gleis 17,Train Longue Distance Nuit,1.7668338252680749,,,0,111.28960854548217,48.4300596,10.1178597,48.1403325,11.5575717,Nersingen,München Hbf Gleis 17,44.0,583.0,0.07547169811320754,,,,
Nersingen,München Hbf Gleis 18,Train Longue Distance,1.7668054320200004,,,0,111.2878201070799,48.4300596,10.1178597,48.1403864,11.5575717,Nersingen,München Hbf Gleis 18,7.0,583.0,0.012006861063464836,,,,
Nersingen,München Hbf Gleis 19,Train Longue Distance,1.7667655741991535,,,0,111.28530953635384,48.4300596,10.1178597,48.1405003,11.5575896,Nersingen,München Hbf Gleis 19,1.0,583.0,0.0017152658662092624,,,,
Nersingen,München Hbf Gleis 20,Train Longue Distance,1.766757382561872,,,0,111.28479356020863,48.4300596,10.1178597,48.1405543,11.5576076,Nersingen,München Hbf Gleis 20,1.0,583.0,0.0017152658662092624,,,,
Nersingen,Pasing,Train Longue Distance Nuit,1.6543038374201067,,,0,104.20155186571597,48.4300596,10.1178597,48.1501865,11.4620269,Nersingen,Pasing,6.0,583.0,0.010291595197255575,,,,35728.0
Nersingen,Pasing Gleis 4,Train Longue Distance,1.6541824197571098,,,0,104.19390399074766,48.4300596,10.1178597,48.149779,11.4617214,Nersingen,Pasing Gleis 4,1.0,583.0,0.0017152658662092624,,,,35728.0
Nersingen,Pasing Gleis 9,Train Longue Distance Nuit,1.6542719718162087,,,0,104.19954471001566,48.4300596,10.1178597,48.1500966,11.461955,Nersingen,Pasing Gleis 9,105.0,583.0,0.18010291595197256,,,,35728.0
Neu-Ulm,Altstädten (Allgäu),Train Longue Distance Nuit,1.6305540812361383,,,0,102.70559846536523,48.3934601,10.0059207,47.4883577,10.280886,Neu-Ulm,Altstädten (Allgäu),28.0,784.0,0.03571428571428571,28711.0,51389.0,,
Neu-Ulm,Fischen,Train Longue Distance Nuit,1.684353568060736,,,0,106.09432905396423,48.3934601,10.0059207,47.4561086,10.2717771,Neu-Ulm,Fischen,28.0,784.0,0.03571428571428571,28711.0,51389.0,,
Neu-Ulm,Ingolstadt Hbf,Train Longue Distance Nuit,1.7836065328732922,78.47954423199778,76.69593769912449,1,112.34609050600228,48.3935496,10.0057949,48.7446477,11.4375388,Neu-Ulm,Ingolstadt Hbf,73.0,784.0,0.09311224489795919,28711.0,51389.0,,120658.0
Neu-Ulm,Ingolstadt Nord,Train Longue Distance Nuit,1.7958243450377331,78.47954423199778,76.68371988696005,1,113.11566799179472,48.3935496,10.0057949,48.7741565,11.4319153,Neu-Ulm,Ingolstadt Nord,4.0,784.0,0.00510204081632653,28711.0,51389.0,,120658.0
Neu-Ulm,Langenwang (Schwab),Train Longue Distance Nuit,1.7194235012679948,,,0,108.30331955580719,48.3934601,10.0059207,47.4364373,10.2760441,Neu-Ulm,Langenwang (Schwab),28.0,784.0,0.03571428571428571,28711.0,51389.0,,
Neu-Ulm,München Hbf Gleis 11,Train Longue Distance,1.8775693864297378,78.33672852444323,76.45915913801349,1,118.26463759320595,48.3935496,10.0057949,48.1398829,11.5574908,Neu-Ulm,München Hbf Gleis 11,1.0,784.0,0.0012755102040816326,28711.0,51389.0,,
Neu-Ulm,München Hbf Gleis 12,Train Longue Distance,1.8775457639854358,78.33672852444323,76.4591827604578,1,118.26314965894659,48.3935496,10.0057949,48.1399368,11.5574908,Neu-Ulm,München Hbf Gleis 12,1.0,784.0,0.0012755102040816326,28711.0,51389.0,,
Neu-Ulm,München Hbf Gleis 13,Train Longue Distance Nuit,1.8775371859054462,78.33672852444323,76.45919133853778,1,118.26260934148692,48.3935496,10.0057949,48.1400267,11.5575178,Neu-Ulm,München Hbf Gleis 13,3.0,784.0,0.003826530612244898,28711.0,51389.0,,
Neu-Ulm,München Hbf Gleis 14,Train Longue Distance,1.8775135320882594,78.33672852444323,76.45921499235497,1,118.2611194311073,48.3935496,10.0057949,48.1400807,11.5575178,Neu-Ulm,München Hbf Gleis 14,2.0,784.0,0.002551020408163265,28711.0,51389.0,,
Neu-Ulm,München Hbf Gleis 15,Train Longue Distance Nuit,1.8774791797835317,78.33672852444323,76.4592493446597,1,118.25895564270166,48.3935496,10.0057949,48.1401826,11.5575268,Neu-Ulm,München Hbf Gleis 15,10.0,784.0,0.012755102040816327,28711.0,51389.0,,
Neu-Ulm,München Hbf Gleis 16,Train Longue Distance,1.8774759672270556,78.33672852444323,76.45925255721617,1,118.25875328968606,48.3935496,10.0057949,48.1402366,11.5575447,Neu-Ulm,München Hbf Gleis 16,27.0,784.0,0.03443877551020408,28711.0,51389.0,,
Neu-Ulm,München Hbf Gleis 17,Train Longue Distance Nuit,1.877464808797335,78.33672852444323,76.45926371564589,1,118.25805044074924,48.3935496,10.0057949,48.1403325,11.5575717,Neu-Ulm,München Hbf Gleis 17,44.0,784.0,0.05612244897959184,28711.0,51389.0,,
Neu-Ulm,München Hbf Gleis 18,Train Longue Distance,1.8774412251612487,78.33672852444323,76.45928729928198,1,118.25656495094789,48.3935496,10.0057949,48.1403864,11.5575717,Neu-Ulm,München Hbf Gleis 18,7.0,784.0,0.008928571428571428,28711.0,51389.0,,
Neu-Ulm,München Hbf Gleis 19,Train Longue Distance,1.8774118329693457,78.33672852444323,76.45931669147389,1,118.2547135909137,48.3935496,10.0057949,48.1405003,11.5575896,Neu-Ulm,München Hbf Gleis 19,1.0,784.0,0.0012755102040816326,28711.0,51389.0,,
Neu-Ulm,München Hbf Gleis 20,Train Longue Distance,1.8774087635278807,78.33672852444323,76.45931976091535,1,118.25452025244903,48.3935496,10.0057949,48.1405543,11.5576076,Neu-Ulm,München Hbf Gleis 20,1.0,784.0,0.0012755102040816326,28711.0,51389.0,,
Neu-Ulm,Oberstdorf,Train Longue Distance Nuit,1.7634661540978667,,,0,111.07748514095908,48.3934601,10.0059207,47.4113789,10.2785683,Neu-Ulm,Oberstdorf,28.0,784.0,0.03571428571428571,28711.0,51389.0,,
Neu-Ulm,Pasing,Train Longue Distance Nuit,1.7641495611560627,71.94416617366015,70.18001661250409,1,111.12053169287368,48.3935496,10.0057949,48.1501865,11.4620269,Neu-Ulm,Pasing,6.0,784.0,0.007653061224489796,28711.0,51389.0,,35728.0
Neu-Ulm,Pasing Gleis 4,Train Longue Distance,1.7639833786232009,71.94416617366015,70.18018279503696,1,111.11006416119935,48.3935496,10.0057949,48.149779,11.4617214,Neu-Ulm,Pasing Gleis 4,1.0,784.0,0.0012755102040816326,28711.0,51389.0,,35728.0
Neu-Ulm,Pasing Gleis 9,Train Longue Distance Nuit,1.7641077384974972,71.94416617366015,70.18005843516265,1,111.11789736063852,48.3935496,10.0057949,48.1500966,11.461955,Neu-Ulm,Pasing Gleis 9,105.0,784.0,0.13392857142857142,28711.0,51389.0,,35728.0
Neu-Ulm,Weichering,Train Longue Distance Nuit,1.652215737777347,66.61221713135141,64.96000139357406,1,104.07002631502563,48.3935496,10.0057949,48.7206808,11.3306842,Neu-Ulm,Weichering,73.0,784.0,0.09311224489795919,28711.0,51389.0,,
Nice Ville,Paris Austerlitz,InterCity,30.75293899373022,180.36183599461722,149.608897000887,0,683.672113150376,43.70484,7.26197,48.84185,2.36646,Nice Ville,Paris Austerlitz,,,,12131450.0,357737.0,23798578.0,2103778.0
Nonnenhorn,Esslingen (N) Gleis 3,Train Longue Distance Nuit,0.11591455375793394,85.12953880351212,85.01362424975419,1,131.4223965509455,47.5752,9.6126293,48.7386467,9.3006623,Nonnenhorn,Esslingen (N) Gleis 3,4.0,81.0,0.04938271604938271,,,,92390.0
Nonnenhorn,Geislingen (Steige) Gleis 2,Train Longue Distance Nuit,0.1034856740466083,77.05150851608066,76.94802284203405,1,117.33069619796858,47.5752,9.6126293,48.6192303,9.8417176,Nonnenhorn,Geislingen (Steige) Gleis 2,5.0,81.0,0.06172839506172839,,,,
Nonnenhorn,Göppingen Gleis 4,Train Longue Distance Nuit,0.11035295371456544,75.70462044939134,75.59426749567677,1,125.11672756753451,47.5752,9.6126293,48.700094,9.6520653,Nonnenhorn,Göppingen Gleis 4,5.0,81.0,0.06172839506172839,,,,58040.0
Nonnenhorn,Plochingen Gleis 1,Train Longue Distance Nuit,0.11236850094459525,85.12953880351212,85.01717030256752,1,127.40192850861138,47.5752,9.6126293,48.7130825,9.4116941,Nonnenhorn,Plochingen Gleis 1,6.0,81.0,0.07407407407407407,,,,
Nonnenhorn,Stuttgart Hauptbahnhof (oben) Gleis 11,Train Longue Distance Nuit,0.12193809944064961,93.44916233298383,93.32722423354318,1,138.2518134247728,47.5752,9.6126293,48.7851371,9.1833513,Nonnenhorn,Stuttgart Hauptbahnhof (oben) Gleis 11,1.0,81.0,0.012345679012345678,,,,612663.0
Nonnenhorn,Stuttgart Hauptbahnhof (oben) Gleis 12,Train Longue Distance,0.12193308958962445,93.44916233298383,93.32722924339421,1,138.24613332156966,47.5751637,9.6125754,48.785078,9.1834861,Nonnenhorn,Stuttgart Hauptbahnhof (oben) Gleis 12,2.0,81.0,0.024691358024691357,,,,612663.0
Nonnenhorn,Stuttgart Hauptbahnhof (oben) Gleis 13,Train Longue Distance Nuit,0.12192555174457621,93.44916233298383,93.32723678123925,1,138.23758701199117,47.5752,9.6126293,48.7850424,9.1835849,Nonnenhorn,Stuttgart Hauptbahnhof (oben) Gleis 13,3.0,81.0,0.037037037037037035,,,,612663.0
Nürnberg Hbf,Altona,EuroNight,26.56876589329071,98.34736282177252,71.77859692848182,1,463.4356513743365,49.4457552,11.0821383,53.5519791,9.9343519,Nürnberg Hbf,Altona,46.0,380.0,0.12105263157894737,,,,250192.0
Nürnberg Hbf,"Amsterdam, Centraal",EuroNight,31.07805139333045,148.0258944700216,116.94784307669114,1,542.0905528227883,49.4457552,11.0821383,52.3789574,4.9006063,Nürnberg Hbf,"Amsterdam, Centraal",108.0,380.0,0.28421052631578947,,,,
Nürnberg Hbf,Dortmund Hbf,EuroNight,19.75736991554197,106.3410182842516,86.58364836870963,1,344.6253255807076,49.4457552,11.0821383,51.5178797,7.4587207,Nürnberg Hbf,Dortmund Hbf,27.0,380.0,0.07105263157894737,,,,588462.0
Nürnberg Hbf,Freilassing,EuroNight,12.994775682811458,95.35445920546866,82.3596835226572,1,226.66624250499663,49.4458253,11.0821383,47.8367638,12.9764786,Nürnberg Hbf,Freilassing,24.0,380.0,0.06315789473684211,,,,15909.0
Nürnberg Hbf,Hamburg Hbf,EuroNight,26.52525372318854,100.1888178338082,73.66356411061966,1,462.67667404829126,49.4457552,11.0821383,53.5527529,10.0079239,Nürnberg Hbf,Hamburg Hbf,46.0,380.0,0.12105263157894737,,,203396.0,1973896.0
Nürnberg Hbf,Kufstein Bahnhof,EuroNight,12.72469291016336,92.09365165184225,79.3689587416789,1,221.95522257392918,49.4457552,11.0821383,47.5830959,12.1655874,Nürnberg Hbf,Kufstein Bahnhof,107.0,380.0,0.28157894736842104,,,,
Nürnberg Hbf,München Hbf Gleis 10,EuroNight,8.555430015222713,92.64342723433109,84.08799721910837,1,149.23129278253467,49.4457552,11.0821383,48.1401586,11.5538976,Nürnberg Hbf,München Hbf Gleis 10,4.0,380.0,0.010526315789473684,,,,
Nürnberg Hbf,München Hbf Gleis 14,EuroNight,8.55944597394297,92.64342723433109,84.08398126038811,1,149.30134264683358,49.4457552,11.0821383,48.1400807,11.5575178,Nürnberg Hbf,München Hbf Gleis 14,43.0,380.0,0.11315789473684211,,,,
Nürnberg Hbf,München Hbf Gleis 15,EuroNight,8.558822644288087,92.64342723433109,84.084604590043,1,149.2904699858379,49.4457552,11.0821383,48.1401826,11.5575268,Nürnberg Hbf,München Hbf Gleis 15,1.0,380.0,0.002631578947368421,,,,
Nürnberg Hbf,Münster (Westf) Hauptbahnhof,EuroNight,21.20551050980776,114.49130084807172,93.28579033826395,1,369.8850603489928,49.4457552,11.0821383,51.9566277,7.6353295,Nürnberg Hbf,Münster (Westf) Hauptbahnhof,53.0,380.0,0.1394736842105263,,,290061.0,4738.0
Nürnberg Hbf,Ostbahnhof Gleis 6,EuroNight,8.686646246106072,92.64342723433109,83.956780988225,1,151.5200810414455,49.4457552,11.0821383,48.1274186,11.6053531,Nürnberg Hbf,Ostbahnhof Gleis 6,32.0,380.0,0.08421052631578947,,,,
Nürnberg Hbf,Ostbahnhof Gleis 8,EuroNight,8.687540154343168,92.64342723433109,83.95588707998792,1,151.53567337071632,49.4457552,11.0821383,48.1273047,11.6055327,Nürnberg Hbf,Ostbahnhof Gleis 8,53.0,380.0,0.1394736842105263,,,,
Nürnberg Hbf,Passau Hbf,EuroNight,11.355608731660714,79.83975061731614,68.48414188565543,1,198.07445895099798,49.4457552,11.0821383,48.5736385,13.450331,Nürnberg Hbf,Passau Hbf,2.0,380.0,0.005263157894736842,,,,50560.0
Nürnberg Hbf,Rosenheim,EuroNight,11.070647763271753,84.56105558504449,73.49040782177273,1,193.10392051756062,49.4457552,11.0821383,47.8499797,12.1192703,Nürnberg Hbf,Rosenheim,107.0,380.0,0.28157894736842104,,,,60167.0
"Oberkochen, Bahnhof",Bahnhof Überlingen,Train Longue Distance,2.105255020019809,86.41508424436721,84.3098292243474,1,132.6061363076221,48.7824026,10.10761,47.7689677,9.1630584,"Oberkochen, Bahnhof",Bahnhof Überlingen,1.0,515.0,0.001941747572815534,,,,
"Oberkochen, Bahnhof",Friedrichshafen Stadtbahnhof,Train Longue Distance,2.1281990584103827,80.21870271873803,78.09050366032764,1,134.05133902811684,48.7824026,10.10761,47.6532824,9.4735701,"Oberkochen, Bahnhof",Friedrichshafen Stadtbahnhof,1.0,515.0,0.001941747572815534,,,,58403.0
"Oberkochen, Bahnhof",Ludwigshafen(Bodensee) Bahnhof,Train Longue Distance,2.1085961916585036,83.10473122817474,80.99613503651624,1,132.81659055546132,48.7824026,10.10761,47.8156006,9.0531495,"Oberkochen, Bahnhof",Ludwigshafen(Bodensee) Bahnhof,1.0,515.0,0.001941747572815534,,,,
"Oberkochen, Bahnhof",Radolfzell Bahnhof,Train Longue Distance,2.2810736395703075,83.10473122817474,80.82365758860443,1,143.6806273349904,48.7824026,10.10761,47.735852,8.969157,"Oberkochen, Bahnhof",Radolfzell Bahnhof,1.0,515.0,0.001941747572815534,,,,31734.0
"Oberkochen, Bahnhof","Salem, Bahnhof",Train Longue Distance,2.044382090738782,73.24215134947005,71.19776925873127,1,128.77186260637328,48.7824026,10.10761,47.7577,9.2969523,"Oberkochen, Bahnhof","Salem, Bahnhof",1.0,515.0,0.001941747572815534,,,,
"Oberkochen, Bahnhof",Singen (Htw) Bahnhof,Train Longue Distance,2.338922198669077,91.65087945577606,89.31195725710698,1,147.32440152866445,48.7824026,10.10761,47.7596204,8.8421802,"Oberkochen, Bahnhof",Singen (Htw) Bahnhof,1.0,515.0,0.001941747572815534,,,,47621.0
"Oberkochen, Bahnhof",Sipplingen Bahnhof,Train Longue Distance,2.1090023958871775,83.10473122817474,80.99572883228757,1,132.84217661168918,48.7824026,10.10761,47.7955392,9.0956039,"Oberkochen, Bahnhof",Sipplingen Bahnhof,1.0,515.0,0.001941747572815534,,,,
"Oberkochen, Bahnhof",Uhldingen-Mühlhofen Bahnhof,Train Longue Distance,2.103717149096311,86.41508424436721,84.3113670952709,1,132.50926865056127,48.7824026,10.10761,47.7369033,9.24856,"Oberkochen, Bahnhof",Uhldingen-Mühlhofen Bahnhof,1.0,515.0,0.001941747572815534,,,14285.0,
"Oberkochen, Bahnhof",Überlingen Bahnhof Therme,Train Longue Distance,2.1160051433351246,86.41508424436721,84.29907910103208,1,133.28326677595896,48.7824026,10.10761,47.7694386,9.1446878,"Oberkochen, Bahnhof",Überlingen Bahnhof Therme,1.0,515.0,0.001941747572815534,,,,21507.0
Oberstaufen,Augsburg Hbf,Train Longue Distance Nuit,0.09756743882535043,67.53796526524285,67.4403978264175,1,110.6206789403066,47.5538819,10.0253602,48.3650353,10.8854791,Oberstaufen,Augsburg Hbf,94.0,843.0,0.11150652431791222,,,,301105.0
Oberstaufen,Augsburg Messe,Train Longue Distance,0.09551503108670048,67.53796526524285,67.44245023415614,1,108.29368603934294,47.5538819,10.0253602,48.3387802,10.8861708,Oberstaufen,Augsburg Messe,9.0,843.0,0.010676156583629894,,,,301105.0
Oberstaufen,Augsburg Morellstraße,Train Longue Distance,0.09706749438817082,67.53796526524285,67.44089777085468,1,110.05384851266533,47.5538819,10.0253602,48.3550375,10.8931418,Oberstaufen,Augsburg Morellstraße,9.0,843.0,0.010676156583629894,,,,301105.0
Oberstaufen,Inningen,Train Longue Distance,0.09272336539462354,67.53796526524285,67.44524189984823,1,105.12853219345072,47.5538819,10.0253602,48.3116811,10.8691747,Oberstaufen,Inningen,19.0,843.0,0.022538552787663108,,,,
Oberstaufen,München Hbf Gleis 12,Train Longue Distance,0.11606948798817347,82.93420126350772,82.81813177551955,1,131.59805894350734,47.5538819,10.0253602,48.1399368,11.5574908,Oberstaufen,München Hbf Gleis 12,1.0,843.0,0.0011862396204033216,,,,
Oberstaufen,München Hbf Gleis 14,Train Longue Distance,0.11607789851828913,82.93420126350772,82.81812336498943,1,131.60759469193778,47.5538819,10.0253602,48.1400807,11.5575178,Oberstaufen,München Hbf Gleis 14,3.0,843.0,0.0035587188612099642,,,,
Oberstaufen,München Hbf Gleis 15,Train Longue Distance,0.11608327639285923,82.93420126350772,82.81811798711486,1,131.61369205539594,47.5538819,10.0253602,48.1401826,11.5575268,Oberstaufen,München Hbf Gleis 15,1.0,843.0,0.0011862396204033216,,,,
Oberstaufen,München Hbf Gleis 17,Train Longue Distance,0.11609299863440284,82.93420126350772,82.81810826487332,1,131.62471500499186,47.5538819,10.0253602,48.1403325,11.5575717,Oberstaufen,München Hbf Gleis 17,1.0,843.0,0.0011862396204033216,,,,
Oberstaufen,München Hbf Gleis 24,Train Longue Distance Nuit,0.11612332178269012,82.93420126350772,82.81807794172502,1,131.65909499171215,47.5538819,10.0253602,48.14086,11.5576615,Oberstaufen,München Hbf Gleis 24,7.0,843.0,0.00830367734282325,,,,
Oberstaufen,München Hbf Gleis 25,Train Longue Distance Nuit,0.11612899080637802,82.93420126350772,82.81807227270134,1,131.6655224562109,47.5538819,10.0253602,48.1409679,11.5576705,Oberstaufen,München Hbf Gleis 25,134.0,843.0,0.15895610913404506,,,,
Oberstaufen,"München, Hauptbahnhof (U, Tram)",Train Longue Distance Nuit,0.11639023224719229,82.93420126350772,82.81781103126052,1,131.96171456597764,47.5536272,10.0249829,48.1412496,11.5614075,Oberstaufen,"München, Hauptbahnhof (U, Tram)",1.0,843.0,0.0011862396204033216,,,,
Oberstaufen,Pasing,Train Longue Distance Nuit,0.1111148330088946,76.82420202595897,76.71308719295007,1,125.98053629126372,47.5536272,10.0249829,48.1494973,11.4610118,Oberstaufen,Pasing,1.0,843.0,0.0011862396204033216,,,,35728.0
Oberstaufen,Pasing Gleis 3,Train Longue Distance Nuit,0.11112521490450139,76.82420202595897,76.71307681105446,1,125.99230714796076,47.5538819,10.0253602,48.1496771,11.4616496,Oberstaufen,Pasing Gleis 3,163.0,843.0,0.1933570581257414,,,,35728.0
Oberstaufen,Pasing Gleis 4,Train Longue Distance Nuit,0.11113440950139199,76.82420202595897,76.71306761645758,1,126.00273186098865,47.5538819,10.0253602,48.149779,11.4617214,Oberstaufen,Pasing Gleis 4,2.0,843.0,0.002372479240806643,,,,35728.0
Oberstdorf,Ulm Hbf,Train Longue Distance Nuit,0.09882678827522455,,,0,112.04851278370128,47.4113971,10.2785324,48.3993531,9.9825824,Oberstdorf,Ulm Hbf,149.0,325.0,0.4584615384615385,,,,120451.0
Odesa Holovna,Chernivtsi,InterCity,,,,0,,,,,,Odesa Holovna,Chernivtsi,,,,,,,
Odesa Holovna,Dnipro Holovny,InterCity,,,,0,,,,,,Odesa Holovna,Dnipro Holovny,,,,,,,
Odesa Holovna,Kharkiv,InterCity,,,,0,,,,,,Odesa Holovna,Kharkiv,,,,,,,
Odesa Holovna,Kovel,InterCity,,,,0,,,,,,Odesa Holovna,Kovel,,,,,,,
Odesa Holovna,Kyiv Pasazhyrskyi,InterCity,,,,0,,,,,,Odesa Holovna,Kyiv Pasazhyrskyi,,,,,,,
Odesa Holovna,Lviv,InterCity,,,,0,,,,,,Odesa Holovna,Lviv,,,,,,,
Odesa Holovna,Przemyśl Gł.,InterCity,,,,0,,,,49.78366,22.77636,Odesa Holovna,Przemyśl Gł.,,,,,,,67013.0
Odesa Holovna,Uzhhorod,InterCity,,,,0,,,,,,Odesa Holovna,Uzhhorod,,,,,,,
Oradea,București Nord,InterCity,18.358500180161975,130.18687110355506,111.8283709233931,1,433.6380428042795,47.07012,21.93653,44.44677,26.07441,Oradea,București Nord,,,,,183105.0,,
Oradea,Constanța,InterCity,25.91932902159341,152.87203074984026,126.95270172824685,0,612.2290490739184,47.07012,21.93653,44.16877,28.63189,Oradea,Constanța,,,,,183105.0,,317832.0
Osijek,Split,InterCity,9.168997845049216,116.70208412240916,107.53308627735994,1,288.76914352006855,45.55269,18.68362,43.50489,16.44279,Osijek,Split,,,,,75535.0,,149830.0
Oslo S,Bergen,InterCity,0.2687139847522605,103.77385174357755,103.50513775882528,1,304.664381805284,59.9104,10.755,60.39026,5.33354,Oslo S,Bergen,,,,,1082575.0,1857062.0,294029.0
Oslo S,Stavanger,InterCity,0.26693940671877897,105.18581641536584,104.91887700864706,1,302.65238857004414,59.9104,10.755,58.96654,5.7324,Oslo S,Stavanger,,,,,1082575.0,,148682.0
Oslo S,Trondheim S,InterCity,0.3461878660165049,120.86969703296266,120.52350916694616,1,392.5032494518196,59.9104,10.755,63.43624,10.39914,Oslo S,Trondheim S,,,,,1082575.0,,216518.0
Ostbahnhof Gleis 6,Altona,EuroNight,9.75490330445137,147.75416112610137,137.99925782165,0,614.4433928225856,48.1274186,11.6053531,53.5519791,9.9343519,Ostbahnhof Gleis 6,Altona,8.0,145.0,0.05517241379310345,,,,250192.0
Ostbahnhof Gleis 6,"Amsterdam, Centraal",EuroNight,10.650145193662125,176.37470338052273,165.7245581868606,0,670.8330305909628,48.1274186,11.6053531,52.3789574,4.9006063,Ostbahnhof Gleis 6,"Amsterdam, Centraal",58.0,145.0,0.4,,,,
Ostbahnhof Gleis 6,Dortmund Hbf,EuroNight,7.621265257867875,99.27814073009989,91.65687547223202,1,480.0494619468301,48.1274186,11.6053531,51.5177175,7.4587657,Ostbahnhof Gleis 6,Dortmund Hbf,20.0,145.0,0.13793103448275862,,,,588462.0
Ostbahnhof Gleis 6,Freilassing,EuroNight,1.6994648105967658,75.93113557834293,74.23167076774617,1,107.04615838981897,48.1274186,11.6053531,47.8367638,12.9764786,Ostbahnhof Gleis 6,Freilassing,2.0,145.0,0.013793103448275862,,,,15909.0
Ostbahnhof Gleis 6,Hamburg Hbf,EuroNight,9.74097856241171,149.8003096114747,140.059331049063,0,613.5662989677319,48.1274186,11.6053531,53.5527529,10.0079239,Ostbahnhof Gleis 6,Hamburg Hbf,8.0,145.0,0.05517241379310345,,,203396.0,1973896.0
Ostbahnhof Gleis 6,Münster (Westf) Hauptbahnhof,EuroNight,8.11846183408972,105.99146281921077,97.87300098512105,1,511.36695855944316,48.1274186,11.6053531,51.9566277,7.6353295,Ostbahnhof Gleis 6,Münster (Westf) Hauptbahnhof,16.0,145.0,0.1103448275862069,,,290061.0,4738.0
Ostbahnhof Gleis 6,Nürnberg Hbf,EuroNight,2.405532806613989,92.64342723433109,90.2378944277171,1,151.5200810414455,48.1274186,11.6053531,49.4457552,11.0821383,Ostbahnhof Gleis 6,Nürnberg Hbf,100.0,145.0,0.6896551724137931,,,,
Ostbahnhof Gleis 7,Altona,EuroNight,9.75496682646667,147.75416112610137,137.9991942996347,0,614.4473939573362,48.1273886,11.605407,53.5519791,9.9343519,Ostbahnhof Gleis 7,Altona,3.0,10.0,0.3,,,,250192.0
Ostbahnhof Gleis 7,Hamburg Hbf,EuroNight,9.741041669575036,149.8003096114747,140.05926794189966,0,613.5702739717206,48.1273886,11.605407,53.5527529,10.0079239,Ostbahnhof Gleis 7,Hamburg Hbf,4.0,10.0,0.4,,,203396.0,1973896.0
Ostbahnhof Gleis 8,Freilassing,EuroNight,1.699203507014986,75.93113557834293,74.23193207132795,1,107.02969935846471,48.1273047,11.6055327,47.8367638,12.9764786,Ostbahnhof Gleis 8,Freilassing,30.0,80.0,0.375,,,,15909.0
Palermo Centrale,Milano Centrale,InterCity,40.01862019808247,224.10006763557632,184.08144743749386,0,889.6585344822922,38.10942,13.36747,45.48727,9.20511,Palermo Centrale,Milano Centrale,,,,,648260.0,,
Palermo Centrale,Roma Termini,InterCity,19.248952342233373,130.88812843796234,111.63917609572897,1,427.9256667607793,38.10942,13.36747,41.90049,12.50279,Palermo Centrale,Roma Termini,,,,,648260.0,,
Paris Austerlitz,Albi Ville,InterCity,4.342637857744452,146.44238794263202,142.09975008488757,1,547.0695210058518,48.84185,2.36646,43.92445,2.13817,Paris Austerlitz,Albi Ville,,,,23798578.0,2103778.0,575993.0,51290.0
Paris Austerlitz,Aurillac,InterCity,3.460877362381138,129.28067347916195,125.81979611678081,1,435.98858180664377,48.84185,2.36646,44.9212,2.43623,Paris Austerlitz,Aurillac,,,,23798578.0,2103778.0,204937.0,26214.0
Paris Austerlitz,Briançon,InterCity,4.334153438982464,150.92484719085417,146.5906937518717,1,546.0006851829762,48.84185,2.36646,44.88961,6.63263,Paris Austerlitz,Briançon,,,,23798578.0,2103778.0,220693.0,11411.0
Paris Austerlitz,Cerbère,InterCity,5.669637596051084,180.46050361609517,174.7908660200441,0,714.240059971162,48.84185,2.36646,42.44277,3.16553,Paris Austerlitz,Cerbère,,,,23798578.0,2103778.0,85261.0,1209.0
Paris Austerlitz,Latour-de-Carol / La Tor de Querol,InterCity,,,,0,,48.84185,2.36646,,,Paris Austerlitz,Latour-de-Carol / La Tor de Querol,,,,23798578.0,2103778.0,,480.0
Paris Austerlitz,Nice Ville,InterCity,5.426989234187685,180.36183599461722,174.93484676042954,0,683.672113150376,48.84185,2.36646,43.70484,7.26197,Paris Austerlitz,Nice Ville,,,,23798578.0,2103778.0,12131450.0,357737.0
Paris Austerlitz,Rodez,InterCity,3.9556519880120793,103.43596172209452,99.48030973408244,1,498.31846661779787,48.84185,2.36646,44.36277,2.58039,Paris Austerlitz,Rodez,,,,23798578.0,2103778.0,312754.0,23981.0
Paris Austerlitz,Tarbes,InterCity,5.140322198477211,170.1450377091684,165.0047155106912,0,647.5588559432113,48.84185,2.36646,43.23997,0.06939,Paris Austerlitz,Tarbes,,,,23798578.0,2103778.0,861314.0,44399.0
Paris Austerlitz,Toulouse Matabiau,InterCity,4.650327324567769,141.49078243745123,136.84045511288346,1,585.8311066474893,48.84185,2.36646,43.61121,1.45369,Paris Austerlitz,Toulouse Matabiau,,,,23798578.0,2103778.0,14522596.0,514819.0
Paris Gare de l'Est,Augsburg Hbf,Train Longue Distance,4.9922243640703545,166.97673354979761,161.98450918572726,0,628.9020362900421,48.8785739,2.3603054,48.365656,10.8858385,Paris Gare de l'Est,Augsburg Hbf,8.0,52.0,0.15384615384615385,,2103778.0,,301105.0
Paris Gare de l'Est,Esslingen (N) Gleis 5,Train Longue Distance,4.034914504176885,137.98839068428038,133.95347618010348,1,508.30366643699745,48.8785739,2.3603054,48.7385696,9.3006174,Paris Gare de l'Est,Esslingen (N) Gleis 5,2.0,52.0,0.038461538461538464,,2103778.0,,92390.0
Paris Gare de l'Est,Karlsruhe Hauptbahnhof,Train Longue Distance Nuit,3.5032447980280823,130.5506356142545,127.04739081622643,1,441.32587528698446,48.8785739,2.3603054,48.993367,8.401278,Paris Gare de l'Est,Karlsruhe Hauptbahnhof,31.0,52.0,0.5961538461538461,,2103778.0,,283799.0
Paris Gare de l'Est,München Hbf Gleis 14,Train Longue Distance,5.414159558251969,180.09109097430084,174.67693141604886,0,682.055877834715,48.8785739,2.3603054,48.1400807,11.5575178,Paris Gare de l'Est,München Hbf Gleis 14,8.0,52.0,0.15384615384615385,,2103778.0,,
Paris Gare de l'Est,Strasbourg Gare Centrale,Train Longue Distance Nuit,3.1384971810000835,119.34438895574692,116.20589177474685,1,395.3763140589674,48.8785739,2.3603054,48.5851086,7.7338837,Paris Gare de l'Est,Strasbourg Gare Centrale,31.0,52.0,0.5961538461538461,,2103778.0,24568668.0,293771.0
Paris Gare de l'Est,Stuttgart Hauptbahnhof (oben) Gleis 1,Train Longue Distance Nuit,3.9632547262477447,106.7470250187795,102.78377029253176,1,499.2762315756796,48.8785739,2.3603054,48.7856758,9.1822195,Paris Gare de l'Est,Stuttgart Hauptbahnhof (oben) Gleis 1,19.0,52.0,0.36538461538461536,,2103778.0,,612663.0
Paris Gare de l'Est,Ulm Hauptbahnhof,Train Longue Distance,4.4641985993525255,151.2836109928555,146.81941239350297,1,562.383295458872,48.8785739,2.3603054,48.3993472,9.9829328,Paris Gare de l'Est,Ulm Hauptbahnhof,8.0,52.0,0.15384615384615385,,2103778.0,,120451.0
Paris Gare du Nord,Berlin Hbf,InterCity,6.936599131050742,235.563976778825,228.62737764777427,0,873.8472072374328,48.88085,2.3555,52.52508,13.3694,Paris Gare du Nord,Berlin Hbf,,,,257024152.0,2103778.0,,3426354.0
Pasing,Aichstetten Bahnhof,Train Longue Distance,1.7023857801816649,72.14315187937964,70.44076609919797,1,107.23014488420667,48.1501865,11.4620269,47.8877939,10.0746777,Pasing,Aichstetten Bahnhof,5.0,206.0,0.024271844660194174,,35728.0,,
Pasing,"Aitrach (Kr Ravensb), Bahnhof",Train Longue Distance,1.6711092984601907,64.92988064884076,63.25877135038058,1,105.26009690477392,48.1501865,11.4620269,47.9435397,10.0801574,Pasing,"Aitrach (Kr Ravensb), Bahnhof",5.0,206.0,0.024271844660194174,,35728.0,,
Pasing,Altona,EuroNight,9.68613951408227,147.58071035299716,137.8945708389149,0,610.11208831458,48.1501865,11.4620269,53.5519791,9.9343519,Pasing,Altona,2.0,206.0,0.009708737864077669,,35728.0,,250192.0
Pasing,Hamburg Hbf,EuroNight,9.673465899878613,149.67644597129527,140.00298007141666,0,609.3138006978214,48.1501865,11.4620269,53.5527529,10.0079239,Pasing,Hamburg Hbf,2.0,206.0,0.009708737864077669,,35728.0,203396.0,1973896.0
Pasing,Hergatz,Train Longue Distance,2.1293756358356757,91.99066464098794,89.86128900515227,1,134.12544947314663,48.1501865,11.4620269,47.6467709,9.8270212,Pasing,Hergatz,5.0,206.0,0.024271844660194174,,35728.0,,
Pasing,Kißlegg Bahnhof,Train Longue Distance,1.9704926825337477,81.80856286682166,79.83807018428791,1,124.11770487111033,48.1501865,11.4620269,47.7936563,9.8820699,Pasing,Kißlegg Bahnhof,5.0,206.0,0.024271844660194174,,35728.0,,
Pasing,Leutkirch Bahnhof,Train Longue Distance,1.8016022002144774,72.14315187937964,70.34154967916517,1,113.47960444787587,48.1501865,11.4620269,47.8262466,10.0160177,Pasing,Leutkirch Bahnhof,5.0,206.0,0.024271844660194174,,35728.0,28711.0,22362.0
Pasing,Lindau-Insel,Train Longue Distance,2.365447560003057,91.99066464098794,89.62521708098488,1,148.99518518537772,48.1501865,11.4620269,47.5451508,9.6804521,Pasing,Lindau-Insel,5.0,206.0,0.024271844660194174,,35728.0,,24518.0
Pasing,Lindau-Reutin,Train Longue Distance,2.337664229105791,91.99066464098794,89.65300041188215,1,147.2451643427684,48.1501865,11.4620269,47.5523177,9.7012121,Pasing,Lindau-Reutin,5.0,206.0,0.024271844660194174,,35728.0,28711.0,24518.0
Pasing,Nersingen,Train Longue Distance Nuit,1.6544371991192588,,,0,104.20995207352348,48.1501865,11.4620269,48.4301431,10.1177789,Pasing,Nersingen,129.0,206.0,0.6262135922330098,,35728.0,,
Pasing,Neu-Ulm,Train Longue Distance Nuit,1.7642917679628203,71.94416617366015,70.17987440569733,1,111.1294890377186,48.1501865,11.4620269,48.3936212,10.0056961,Pasing,Neu-Ulm,129.0,206.0,0.6262135922330098,,35728.0,28711.0,51389.0
Pasing,Tannheim (Württ),Train Longue Distance,1.633558313703387,64.92988064884076,63.296322335137376,1,102.89482953536073,48.1501865,11.4620269,47.9948974,10.0967763,Pasing,Tannheim (Württ),5.0,206.0,0.024271844660194174,,35728.0,11803.0,
Pasing,Ulm Hbf,Train Longue Distance Nuit,1.7935128314706805,71.94416617366015,70.15065334218947,1,112.9700700094911,48.1501865,11.4620269,48.3993472,9.9821333,Pasing,Ulm Hbf,129.0,206.0,0.6262135922330098,,35728.0,,120451.0
Pasing,Wangen Bahnhof,Train Longue Distance,2.0948022691531,81.80856286682166,79.71376059766855,1,131.94773678213025,48.1501865,11.4620269,47.6891415,9.8304438,Pasing,Wangen Bahnhof,5.0,206.0,0.024271844660194174,,35728.0,,639.0
Pasing Gleis 2,Aichstetten Bahnhof,Train Longue Distance,1.7018475199788943,72.14315187937964,70.44130435940075,1,107.19624086538765,48.1495992,11.4617933,47.8877939,10.0746777,Pasing Gleis 2,Aichstetten Bahnhof,4.0,11.0,0.36363636363636365,,35728.0,,
Pasing Gleis 2,"Aitrach (Kr Ravensb), Bahnhof",Train Longue Distance,1.6706233136229962,64.92988064884076,63.25925733521777,1,105.22948561495315,48.1495992,11.4617933,47.9435397,10.0801574,Pasing Gleis 2,"Aitrach (Kr Ravensb), Bahnhof",4.0,11.0,0.36363636363636365,,35728.0,,
Pasing Gleis 2,Heimenkirch,Train Longue Distance,2.0622855903962853,76.82420202595897,74.76191643556268,1,129.89957107560377,48.1495992,11.4617933,47.6288722,9.9022551,Pasing Gleis 2,Heimenkirch,2.0,14.0,0.14285714285714285,,35728.0,,
Pasing Gleis 2,Hergatz,Train Longue Distance,2.1287019015632596,91.99066464098794,89.86196273942468,1,134.08301219219322,48.1495992,11.4617933,47.6467709,9.8270212,Pasing Gleis 2,Hergatz,4.0,11.0,0.36363636363636365,,35728.0,,
Pasing Gleis 2,Immenstadt,Train Longue Distance,1.8086269328961235,73.02529786483906,71.21667093194294,1,113.92207942152453,48.1495992,11.4617933,47.5589318,10.214222,Pasing Gleis 2,Immenstadt,2.0,14.0,0.14285714285714285,,35728.0,,
Pasing Gleis 2,Kißlegg Bahnhof,Train Longue Distance,1.9699102263102803,81.80856286682166,79.83865264051138,1,124.0810170263467,48.1495992,11.4617933,47.7936563,9.8820699,Pasing Gleis 2,Kißlegg Bahnhof,4.0,11.0,0.36363636363636365,,35728.0,,
Pasing Gleis 2,Leutkirch Bahnhof,Train Longue Distance,1.8010208719017249,72.14315187937964,70.34213100747792,1,113.44298764813081,48.1495992,11.4617933,47.8262466,10.0160177,Pasing Gleis 2,Leutkirch Bahnhof,4.0,11.0,0.36363636363636365,,35728.0,28711.0,22362.0
Pasing Gleis 2,Lindau-Insel,Train Longue Distance,2.364743383880253,91.99066464098794,89.62592125710769,1,148.95083042833542,48.1495992,11.4617933,47.5451508,9.6804521,Pasing Gleis 2,Lindau-Insel,4.0,11.0,0.36363636363636365,,35728.0,,24518.0
Pasing Gleis 2,Lindau-Reutin,Train Longue Distance,2.3369599868760242,91.99066464098794,89.65370465411192,1,147.20080542177024,48.1495992,11.4617933,47.5523177,9.7012121,Pasing Gleis 2,Lindau-Reutin,4.0,11.0,0.36363636363636365,,35728.0,28711.0,24518.0
Pasing Gleis 2,Martinszell (Allgäu),Train Longue Distance,1.6800470357724724,73.02529786483906,71.34525082906659,1,105.8230685167846,48.1495992,11.4617933,47.6290357,10.2736635,Pasing Gleis 2,Martinszell (Allgäu),1.0,14.0,0.07142857142857142,,35728.0,,
Pasing Gleis 2,Oberstaufen,Train Longue Distance,2.0001313182001366,76.82420202595897,74.82407070775884,1,125.98458794407514,48.1495992,11.4617933,47.5539364,10.0255039,Pasing Gleis 2,Oberstaufen,2.0,14.0,0.14285714285714285,,35728.0,,
Pasing Gleis 2,Röthenbach (Allgäu),Train Longue Distance,2.0149839160363174,76.82420202595897,74.80921810992265,1,126.92012572665139,48.1495992,11.4617933,47.6205715,9.9535579,Pasing Gleis 2,Röthenbach (Allgäu),2.0,14.0,0.14285714285714285,,35728.0,,
Pasing Gleis 2,Tannheim (Württ),Train Longue Distance,1.6331220640786903,64.92988064884076,63.296758584762074,1,102.8673509749742,48.1495992,11.4617933,47.9948974,10.0967763,Pasing Gleis 2,Tannheim (Württ),4.0,11.0,0.36363636363636365,,35728.0,11803.0,
Pasing Gleis 2,Wangen Bahnhof,Train Longue Distance,2.0941551366408677,81.80856286682166,79.7144077301808,1,131.9069750970564,48.1495992,11.4617933,47.6891415,9.8304438,Pasing Gleis 2,Wangen Bahnhof,4.0,11.0,0.36363636363636365,,35728.0,,639.0
Pasing Gleis 3,Aichstetten Bahnhof,Train Longue Distance,1.7017203830006529,72.14315187937964,70.441431496379,1,107.18823274128577,48.1496771,11.4616496,47.8877939,10.0746777,Pasing Gleis 3,Aichstetten Bahnhof,4.0,232.0,0.017241379310344827,,35728.0,,
Pasing Gleis 3,"Aitrach (Kr Ravensb), Bahnhof",Train Longue Distance,1.6704865452276272,64.92988064884076,63.25939410361314,1,105.2208708256253,48.1496771,11.4616496,47.9435397,10.0801574,Pasing Gleis 3,"Aitrach (Kr Ravensb), Bahnhof",4.0,232.0,0.017241379310344827,,35728.0,,
Pasing Gleis 3,Heimenkirch,Train Longue Distance,2.0621933844876255,76.82420202595897,74.76200864147134,1,129.8937631952397,48.1496771,11.4616496,47.6288722,9.9022551,Pasing Gleis 3,Heimenkirch,6.0,446.0,0.013452914798206279,,35728.0,,
Pasing Gleis 3,Hergatz,Train Longue Distance,2.1286033495426304,91.99066464098794,89.86206129144531,1,134.0768045819243,48.1496771,11.4616496,47.6467709,9.8270212,Pasing Gleis 3,Hergatz,4.0,232.0,0.017241379310344827,,35728.0,,
Pasing Gleis 3,Immenstadt,Train Longue Distance,1.8085662375758076,73.02529786483906,71.21673162726326,1,113.91825633508488,48.1496771,11.4616496,47.5589318,10.214222,Pasing Gleis 3,Immenstadt,6.0,446.0,0.013452914798206279,,35728.0,,
Pasing Gleis 3,Kißlegg Bahnhof,Train Longue Distance,1.9697918046084313,81.80856286682166,79.83877106221323,1,124.07355786145321,48.1496771,11.4616496,47.7936563,9.8820699,Pasing Gleis 3,Kißlegg Bahnhof,4.0,232.0,0.017241379310344827,,35728.0,,
Pasing Gleis 3,Leutkirch Bahnhof,Train Longue Distance,1.8009022179124652,72.14315187937964,70.34224966146718,1,113.43551385188115,48.1496771,11.4616496,47.8262466,10.0160177,Pasing Gleis 3,Leutkirch Bahnhof,4.0,232.0,0.017241379310344827,,35728.0,28711.0,22362.0
Pasing Gleis 3,Lindau-Insel,Train Longue Distance,2.364652106318842,91.99066464098794,89.6260125346691,1,148.94508102285474,48.1496771,11.4616496,47.5451508,9.6804521,Pasing Gleis 3,Lindau-Insel,4.0,232.0,0.017241379310344827,,35728.0,,24518.0
Pasing Gleis 3,Lindau-Reutin,Train Longue Distance,2.3349312783836034,91.99066464098794,89.65573336260434,1,147.0730208102547,48.1496771,11.4616496,47.5524814,9.7029189,Pasing Gleis 3,Lindau-Reutin,4.0,232.0,0.017241379310344827,,35728.0,28711.0,24518.0
Pasing Gleis 3,Martinszell (Allgäu),Train Longue Distance,1.6799789817657427,73.02529786483906,71.34531888307332,1,105.81878192024078,48.1496771,11.4616496,47.6290357,10.2736635,Pasing Gleis 3,Martinszell (Allgäu),1.0,446.0,0.002242152466367713,,35728.0,,
Pasing Gleis 3,Oberstaufen,Train Longue Distance,2.000057735641587,76.82420202595897,74.82414429031738,1,125.9799531142345,48.1496771,11.4616496,47.5539364,10.0255039,Pasing Gleis 3,Oberstaufen,6.0,446.0,0.013452914798206279,,35728.0,,
Pasing Gleis 3,Röthenbach (Allgäu),Train Longue Distance,2.014895730350154,76.82420202595897,74.80930629560882,1,126.91457107269804,48.1496771,11.4616496,47.6205715,9.9535579,Pasing Gleis 3,Röthenbach (Allgäu),6.0,446.0,0.013452914798206279,,35728.0,,
Pasing Gleis 3,Tannheim (Württ),Train Longue Distance,1.632976753101684,64.92988064884076,63.29690389573908,1,102.85819810416251,48.1496771,11.4616496,47.9948974,10.0967763,Pasing Gleis 3,Tannheim (Württ),4.0,232.0,0.017241379310344827,,35728.0,11803.0,
Pasing Gleis 3,Wangen Bahnhof,Train Longue Distance,2.0940505096146222,81.80856286682166,79.71451235720704,1,131.90038483337253,48.1496771,11.4616496,47.6891415,9.8304438,Pasing Gleis 3,Wangen Bahnhof,4.0,232.0,0.017241379310344827,,35728.0,,639.0
Pasing Gleis 4,Aichstetten Bahnhof,Train Longue Distance,1.701849286957708,72.14315187937964,70.44130259242193,1,107.19635216412875,48.149779,11.4617214,47.8877939,10.0746777,Pasing Gleis 4,Aichstetten Bahnhof,66.0,172.0,0.38372093023255816,,35728.0,,
Pasing Gleis 4,"Aitrach (Kr Ravensb), Bahnhof",Train Longue Distance,1.6706068588934782,64.92988064884076,63.25927378994729,1,105.22844916184668,48.149779,11.4617214,47.9435397,10.0801574,Pasing Gleis 4,"Aitrach (Kr Ravensb), Bahnhof",66.0,172.0,0.38372093023255816,,35728.0,,
Pasing Gleis 4,Heimenkirch,Train Longue Distance Nuit,2.062348026707968,76.82420202595897,74.761853999251,1,129.9035038238831,48.149779,11.4617214,47.6288722,9.9022551,Pasing Gleis 4,Heimenkirch,212.0,421.0,0.503562945368171,,35728.0,,
Pasing Gleis 4,Hergatz,Train Longue Distance,2.128753869668925,91.99066464098794,89.86191077131902,1,134.08628556745558,48.149779,11.4617214,47.6467709,9.8270212,Pasing Gleis 4,Hergatz,66.0,172.0,0.38372093023255816,,35728.0,,
Pasing Gleis 4,Immenstadt,Train Longue Distance Nuit,1.8087382571140267,73.02529786483906,71.21655960772503,1,113.92909152897623,48.149779,11.4617214,47.5589318,10.214222,Pasing Gleis 4,Immenstadt,212.0,421.0,0.503562945368171,,35728.0,,
Pasing Gleis 4,Kißlegg Bahnhof,Train Longue Distance,1.969927871569891,81.80856286682166,79.83863499525177,1,124.08212846875101,48.149779,11.4617214,47.7936563,9.8820699,Pasing Gleis 4,Kißlegg Bahnhof,66.0,172.0,0.38372093023255816,,35728.0,,
Pasing Gleis 4,Leutkirch Bahnhof,Train Longue Distance,1.8010381020164865,72.14315187937964,70.34211377736315,1,113.44407294132569,48.149779,11.4617214,47.8262466,10.0160177,Pasing Gleis 4,Leutkirch Bahnhof,66.0,172.0,0.38372093023255816,,35728.0,28711.0,22362.0
Pasing Gleis 4,Lindau-Insel,Train Longue Distance,2.3648073316039424,91.99066464098794,89.625857309384,1,148.95485837767336,48.149779,11.4617214,47.5451508,9.6804521,Pasing Gleis 4,Lindau-Insel,66.0,172.0,0.38372093023255816,,35728.0,,24518.0
Pasing Gleis 4,Lindau-Reutin,Train Longue Distance,2.33508654997183,91.99066464098794,89.65557809101611,1,147.0828010816219,48.149779,11.4617214,47.5524814,9.7029189,Pasing Gleis 4,Lindau-Reutin,66.0,172.0,0.38372093023255816,,35728.0,28711.0,24518.0
Pasing Gleis 4,Martinszell (Allgäu),Train Longue Distance Nuit,1.6801473777099138,73.02529786483906,71.34515048712915,1,105.8293888706169,48.149779,11.4617214,47.6290357,10.2736635,Pasing Gleis 4,Martinszell (Allgäu),71.0,421.0,0.16864608076009502,,35728.0,,
Pasing Gleis 4,Oberstaufen,Train Longue Distance Nuit,2.0002232389364956,76.82420202595897,74.82397878702247,1,125.99037786196118,48.149779,11.4617214,47.5539364,10.0255039,Pasing Gleis 4,Oberstaufen,212.0,421.0,0.503562945368171,,35728.0,,
Pasing Gleis 4,Röthenbach (Allgäu),Train Longue Distance Nuit,2.0150528696425245,76.82420202595897,74.80914915631644,1,126.92446898730942,48.149779,11.4617214,47.6205715,9.9535579,Pasing Gleis 4,Röthenbach (Allgäu),212.0,421.0,0.503562945368171,,35728.0,,
Pasing Gleis 4,Tannheim (Württ),Train Longue Distance,1.633088782626099,64.92988064884076,63.29679186621467,1,102.86525463757238,48.149779,11.4617214,47.9948974,10.0967763,Pasing Gleis 4,Tannheim (Württ),66.0,172.0,0.38372093023255816,,35728.0,11803.0,
Pasing Gleis 4,Wangen Bahnhof,Train Longue Distance,2.094196868598186,81.80856286682166,79.71436599822347,1,131.90960371618706,48.149779,11.4617214,47.6891415,9.8304438,Pasing Gleis 4,Wangen Bahnhof,66.0,172.0,0.38372093023255816,,35728.0,,639.0
Pasing Gleis 9,Aichstetten Bahnhof,Train Longue Distance,1.7022622888965773,72.14315187937964,70.44088959048307,1,107.222366395602,48.1500966,11.461955,47.8877939,10.0746777,Pasing Gleis 9,Aichstetten Bahnhof,6.0,147.0,0.04081632653061224,,35728.0,,
Pasing Gleis 9,"Aitrach (Kr Ravensb), Bahnhof",Train Longue Distance,1.6709932481720058,64.92988064884076,63.25888740066876,1,105.25278711085951,48.1500966,11.461955,47.9435397,10.0801574,Pasing Gleis 9,"Aitrach (Kr Ravensb), Bahnhof",6.0,147.0,0.04081632653061224,,35728.0,,
Pasing Gleis 9,Heimenkirch,Train Longue Distance Nuit,2.062840457644307,76.82420202595897,74.76136156831465,1,129.9345211416167,48.1500966,11.461955,47.6288722,9.9022551,Pasing Gleis 9,Heimenkirch,3.0,15.0,0.2,,35728.0,,
Pasing Gleis 9,Hergatz,Train Longue Distance,2.1292336131715337,91.99066464098794,89.86143102781641,1,134.11650372710594,48.1500966,11.461955,47.6467709,9.8270212,Pasing Gleis 9,Hergatz,6.0,147.0,0.04081632653061224,,35728.0,,
Pasing Gleis 9,Immenstadt,Train Longue Distance Nuit,1.8092839351381984,73.02529786483906,71.21601392970086,1,113.96346278270335,48.1500966,11.461955,47.5589318,10.214222,Pasing Gleis 9,Immenstadt,3.0,15.0,0.2,,35728.0,,
Pasing Gleis 9,Kißlegg Bahnhof,Train Longue Distance,1.9703630211780252,81.80856286682166,79.83819984564363,1,124.10953774112026,48.1500966,11.461955,47.7936563,9.8820699,Pasing Gleis 9,Kißlegg Bahnhof,6.0,147.0,0.04081632653061224,,35728.0,,
Pasing Gleis 9,Leutkirch Bahnhof,Train Longue Distance,1.8014726926991371,72.14315187937964,70.34167918668051,1,113.47144700800813,48.1500966,11.461955,47.8262466,10.0160177,Pasing Gleis 9,Leutkirch Bahnhof,6.0,147.0,0.04081632653061224,,35728.0,28711.0,22362.0
Pasing Gleis 9,Lindau-Insel,Train Longue Distance,2.365301549520133,91.99066464098794,89.62536309146782,1,148.98598825397664,48.1500966,11.461955,47.5451508,9.6804521,Pasing Gleis 9,Lindau-Insel,6.0,147.0,0.04081632653061224,,35728.0,,24518.0
Pasing Gleis 9,Lindau-Reutin,Train Longue Distance,2.337518209854473,91.99066464098794,89.65314643113346,1,147.2359668590623,48.1500966,11.461955,47.5523177,9.7012121,Pasing Gleis 9,Lindau-Reutin,6.0,147.0,0.04081632653061224,,35728.0,28711.0,24518.0
Pasing Gleis 9,Martinszell (Allgäu),Train Longue Distance Nuit,1.6806819957315435,73.02529786483906,71.34461586910751,1,105.86306347515392,48.1500966,11.461955,47.6290357,10.2736635,Pasing Gleis 9,Martinszell (Allgäu),3.0,15.0,0.2,,35728.0,,
Pasing Gleis 9,Nersingen,Train Longue Distance Nuit,1.6544053456699475,,,0,104.20794568341822,48.1500966,11.461955,48.4301431,10.1177789,Pasing Gleis 9,Nersingen,3.0,147.0,0.02040816326530612,,35728.0,,
Pasing Gleis 9,Neu-Ulm,Train Longue Distance Nuit,1.7642499547985981,71.94416617366015,70.17991621886155,1,111.12685530351462,48.1500966,11.461955,48.3936212,10.0056961,Pasing Gleis 9,Neu-Ulm,3.0,147.0,0.02040816326530612,,35728.0,28711.0,51389.0
Pasing Gleis 9,Oberstaufen,Train Longue Distance Nuit,2.000749001773166,76.82420202595897,74.8234530241858,1,126.02349469470684,48.1500966,11.461955,47.5539364,10.0255039,Pasing Gleis 9,Oberstaufen,3.0,15.0,0.2,,35728.0,,
Pasing Gleis 9,Röthenbach (Allgäu),Train Longue Distance Nuit,2.015552977684224,76.82420202595897,74.80864904827475,1,126.95596987177021,48.1500966,11.461955,47.6205715,9.9535579,Pasing Gleis 9,Röthenbach (Allgäu),3.0,15.0,0.2,,35728.0,,
Pasing Gleis 9,Tannheim (Württ),Train Longue Distance,1.6334494711550163,64.92988064884076,63.29643117768575,1,102.88797374370219,48.1500966,11.461955,47.9948974,10.0967763,Pasing Gleis 9,Tannheim (Württ),6.0,147.0,0.04081632653061224,,35728.0,11803.0,
Pasing Gleis 9,Ulm Hbf,Train Longue Distance Nuit,1.7920473665260082,71.94416617366015,70.15211880713414,1,112.87776307168103,48.1500966,11.461955,48.3986792,9.9831394,Pasing Gleis 9,Ulm Hbf,3.0,147.0,0.02040816326530612,,35728.0,,120451.0
Pasing Gleis 9,Wangen Bahnhof,Train Longue Distance,2.094663790355467,81.80856286682166,79.71389907646619,1,131.93901425771398,48.1500966,11.461955,47.6891415,9.8304438,Pasing Gleis 9,Wangen Bahnhof,6.0,147.0,0.04081632653061224,,35728.0,,639.0
Passau Hbf,"Amsterdam, Centraal",EuroNight,11.70881957781718,184.81582588327515,173.10700630545796,0,737.5169802102029,48.5738108,13.450304,52.3789574,4.9006063,Passau Hbf,"Amsterdam, Centraal",2.0,4.0,0.5,,50560.0,,
Passau Hbf,Dortmund Hbf,EuroNight,8.547856707029787,144.32113124373555,135.77327453670577,1,538.4137507577341,48.5738108,13.450304,51.5177175,7.4587657,Passau Hbf,Dortmund Hbf,2.0,4.0,0.5,,50560.0,,588462.0
Passau Hbf,Nürnberg Hbf,EuroNight,3.1444498550187334,79.83975061731614,76.6953007622974,1,198.06310500243976,48.5738108,13.450304,49.4457552,11.0821383,Passau Hbf,Nürnberg Hbf,2.0,4.0,0.5,,50560.0,,
Penzance,London Paddington,InterCity,21.525791359032027,129.7257893347533,108.19999797572127,1,406.76098562040863,50.12245,-5.53191,51.51686,-0.1769,Penzance,London Paddington,,,,,19872.0,,8961989.0
Plochingen Gleis 4,Enzisweiler,Train Longue Distance,7.402696572386652,85.12953880351212,77.72684223112547,1,129.1243079083665,48.7129581,9.4113527,47.5641329,9.6651717,Plochingen Gleis 4,Enzisweiler,3.0,433.0,0.006928406466512702,,,,
Plochingen Gleis 4,Eriskirch Bahnhof,Train Longue Distance,6.930317106868728,78.27794794084004,71.34763083397131,1,120.88465213446237,48.7129581,9.4113527,47.6285332,9.5265347,Plochingen Gleis 4,Eriskirch Bahnhof,3.0,433.0,0.006928406466512702,,,,
Plochingen Gleis 4,Friedrichshafen Stadtbahnhof,Train Longue Distance,6.760777594413047,78.27794794084004,71.517170346427,1,117.92739568137182,48.7129581,9.4113527,47.6532219,9.4735251,Plochingen Gleis 4,Friedrichshafen Stadtbahnhof,77.0,433.0,0.17782909930715934,,,,58403.0
Plochingen Gleis 4,Friedrichshafen Stadtbahnhof,Train Longue Distance Nuit,6.760777594413047,78.27794794084004,71.517170346427,1,117.92739568137182,48.7129581,9.4113527,47.6532219,9.4735251,Plochingen Gleis 4,Friedrichshafen Stadtbahnhof,77.0,218.0,0.3532110091743119,,,,58403.0
Plochingen Gleis 4,Kressbronn Bahnhof,Train Longue Distance,7.177102370961518,85.12953880351212,77.9524364325506,1,125.18929654563959,48.7129581,9.4113527,47.5940803,9.5989479,Plochingen Gleis 4,Kressbronn Bahnhof,3.0,433.0,0.006928406466512702,,,,
Plochingen Gleis 4,Langenargen Bahnhof,Train Longue Distance,7.120799294376124,78.27794794084004,71.15714864646391,1,124.20720904196972,48.7129581,9.4113527,47.5994777,9.5445998,Plochingen Gleis 4,Langenargen Bahnhof,5.0,433.0,0.011547344110854504,,,,
Plochingen Gleis 4,Lindau-Aeschach,Train Longue Distance,7.446031230477591,85.12953880351212,77.68350757303453,1,129.8801889146623,48.7129581,9.4113527,47.5592531,9.684746,Plochingen Gleis 4,Lindau-Aeschach,3.0,433.0,0.006928406466512702,,,,24518.0
Plochingen Gleis 4,Lindau-Insel,Train Longue Distance,7.532066170521642,85.12953880351212,77.59747263299047,1,131.38088558384163,48.7129581,9.4113527,47.5451508,9.6804521,Plochingen Gleis 4,Lindau-Insel,2.0,433.0,0.004618937644341801,,,,24518.0
Plochingen Gleis 4,Lindau-Reutin,Train Longue Distance,7.500913118095836,85.12953880351212,77.62862568541628,1,130.83748679741558,48.7129581,9.4113527,47.5523177,9.7012121,Plochingen Gleis 4,Lindau-Reutin,3.0,433.0,0.006928406466512702,,,28711.0,24518.0
Plochingen Gleis 4,Meckenbeuren Bahnhof,Train Longue Distance,6.488332232932836,78.27794794084004,71.7896157079072,1,113.17516540960816,48.7129581,9.4113527,47.6998799,9.5584339,Plochingen Gleis 4,Meckenbeuren Bahnhof,75.0,433.0,0.17321016166281755,,,28711.0,
Plochingen Gleis 4,Meckenbeuren Bahnhof,Train Longue Distance Nuit,6.488332232932836,78.27794794084004,71.7896157079072,1,113.17516540960816,48.7129581,9.4113527,47.6998799,9.5584339,Plochingen Gleis 4,Meckenbeuren Bahnhof,75.0,218.0,0.3440366972477064,,,28711.0,
Plochingen Gleis 4,Nonnenhorn,Train Longue Distance,7.3033351767164865,85.12953880351212,77.82620362679563,1,127.39115954502856,48.7129581,9.4113527,47.5752,9.6126293,Plochingen Gleis 4,Nonnenhorn,5.0,433.0,0.011547344110854504,,,,
Plochingen Gleis 4,Ravensburg Bahnhof,Train Longue Distance,5.976677197352877,67.16044693442137,61.183769737068495,1,104.25043079282882,48.7129581,9.4113527,47.78441,9.6059638,Plochingen Gleis 4,Ravensburg Bahnhof,160.0,433.0,0.3695150115473441,,,,48825.0
Plochingen Gleis 4,Ravensburg Bahnhof,Train Longue Distance Nuit,5.976677197352877,67.16044693442137,61.183769737068495,1,104.25043079282882,48.7129581,9.4113527,47.78441,9.6059638,Plochingen Gleis 4,Ravensburg Bahnhof,160.0,218.0,0.7339449541284404,,,,48825.0
Plochingen Gleis 4,Wasserburg (Bodensee),Train Longue Distance,7.338894942661323,85.12953880351212,77.79064386085079,1,128.0114240827023,48.7129581,9.4113527,47.5718123,9.6392733,Plochingen Gleis 4,Wasserburg (Bodensee),3.0,433.0,0.006928406466512702,,,,
Praha hl.n.,Bruxelles Midi / Brussel Zuid,InterCity,,,,0,,50.08321,14.43531,,,Praha hl.n.,Bruxelles Midi / Brussel Zuid,,,,,,106903.0,
Praha hl.n.,Chop,InterCity,40.25161749797912,141.28395089654148,101.03233339856237,1,592.6851238033265,50.08321,14.43531,48.43271,22.20555,Praha hl.n.,Chop,,,,,,14231.0,
Praha hl.n.,Gdynia Gł.,InterCity,38.461900552130174,138.58355628079153,100.12165572866135,1,566.3324285438963,50.08321,14.43531,54.52084,18.52956,Praha hl.n.,Gdynia Gł.,,,,,,,257000.0
Praha hl.n.,Humenné,EuroNight,37.61436775995299,150.39707519276038,112.7827074328074,1,553.8529281142767,50.08321,14.43531,48.93017,21.90117,Praha hl.n.,Humenné,,,,,,,30450.0
Praha hl.n.,Przemyśl Gł.,InterCity,40.58647019936,141.17849584045013,100.59202564109012,1,597.6156639184852,50.08321,14.43531,49.78366,22.77636,Praha hl.n.,Przemyśl Gł.,,,,,,,67013.0
Praha hl.n.,Warszawa Wschodnia,EuroNight,35.335026969156885,137.73382110300437,102.39879413384749,1,520.2907643366152,50.08321,14.43531,52.25183,21.05204,Praha hl.n.,Warszawa Wschodnia,,,,,,,
Praha hl.n.,Zürich HB,EuroNight,35.753556380379926,144.01411900637095,108.26056262599101,1,526.4534025440987,50.08321,14.43531,47.37818,8.54021,Praha hl.n.,Zürich HB,,,,,,,415367.0
Przemyśl Gł.,Kharkiv,InterCity,,,,0,,49.78366,22.77636,,,Przemyśl Gł.,Kharkiv,,,,,67013.0,,
Przemyśl Gł.,Kremenchuk,InterCity,,,,0,,49.78366,22.77636,,,Przemyśl Gł.,Kremenchuk,,,,,67013.0,,
Przemyśl Gł.,Kyiv Pasazhyrskyi,InterCity,,,,0,,49.78366,22.77636,,,Przemyśl Gł.,Kyiv Pasazhyrskyi,,,,,67013.0,,
Przemyśl Gł.,München Hbf,EuroNight,80.58723355522967,221.7057297654968,141.11849621026715,0,838.2453718116631,49.78366,22.77636,48.14161,11.55794,Przemyśl Gł.,München Hbf,,,,,67013.0,,
Przemyśl Gł.,Odesa Holovna,InterCity,,,,0,,49.78366,22.77636,,,Przemyśl Gł.,Odesa Holovna,,,,,67013.0,,
Przemyśl Gł.,Praha hl.n.,InterCity,57.45357469779533,141.17849584045013,83.7249211426548,1,597.6156639184852,49.78366,22.77636,50.08321,14.43531,Przemyśl Gł.,Praha hl.n.,,,,,67013.0,,
Przemyśl Gł.,Zaporizhzhia 1,InterCity,,,,0,,49.78366,22.77636,,,Przemyśl Gł.,Zaporizhzhia 1,,,,,67013.0,,
Przemyśl Gł.,Świnoujście,EuroNight,71.32933530047949,185.46919459900036,114.13985929852088,0,741.947360049923,49.78366,22.77636,53.90482,14.26663,Przemyśl Gł.,Świnoujście,,,,,67013.0,,40919.0
Radolfzell Bahnhof,"Aalen, Hauptbahnhof",Train Longue Distance,0.13105879383900695,83.10473122817474,82.97367243433574,1,148.59273677891946,47.7356829,8.9691391,48.8416955,10.096417,Radolfzell Bahnhof,"Aalen, Hauptbahnhof",2.0,103.0,0.019417475728155338,,31734.0,,
Radolfzell Bahnhof,Badischer Bahnhof,Train Longue Distance,0.09140824124653127,71.47349510994772,71.3820868687012,1,103.63746173076107,47.735852,8.969157,47.5677212,7.6082453,Radolfzell Bahnhof,Badischer Bahnhof,15.0,103.0,0.14563106796116504,,31734.0,,
Radolfzell Bahnhof,Giengen (Brenz),Train Longue Distance,0.12001136939971567,83.52727031512343,83.40725894572371,1,136.0673122445756,47.7356829,8.9691391,48.619741,10.2380274,Radolfzell Bahnhof,Giengen (Brenz),2.0,103.0,0.019417475728155338,,31734.0,169298.0,
Radolfzell Bahnhof,Heidenheim (Brenz),Train Longue Distance,0.12085485387307947,82.81444820553246,82.69359335165937,1,137.02364384702886,47.7356829,8.9691391,48.6803766,10.1565142,Radolfzell Bahnhof,Heidenheim (Brenz),2.0,103.0,0.019417475728155338,,31734.0,,
Radolfzell Bahnhof,Langenau (Württ),Train Longue Distance,0.10609969122675758,78.95141578391666,78.8453160926899,1,120.29443449745759,47.7356829,8.9691391,48.4932982,10.1258817,Radolfzell Bahnhof,Langenau (Württ),2.0,103.0,0.019417475728155338,,31734.0,11803.0,
Radolfzell Bahnhof,"Oberkochen, Bahnhof",Train Longue Distance,0.1267405023453337,83.10473122817474,82.97799072582941,1,143.6967146772491,47.7356829,8.9691391,48.7824026,10.10761,Radolfzell Bahnhof,"Oberkochen, Bahnhof",2.0,103.0,0.019417475728155338,,31734.0,,
Radolfzell Bahnhof,Sontheim (Brenz),Train Longue Distance,0.11804760148573028,85.40402461427077,85.28597701278504,1,133.84081801103207,47.7356829,8.9691391,48.5591633,10.2849464,Radolfzell Bahnhof,Sontheim (Brenz),2.0,103.0,0.019417475728155338,,31734.0,,
Radolfzell Bahnhof,Ulm Hbf,Train Longue Distance,0.09298296133976884,,,0,105.42285866186941,47.7356829,8.9691391,48.3993472,9.9823668,Radolfzell Bahnhof,Ulm Hbf,2.0,103.0,0.019417475728155338,,31734.0,,120451.0
Rakhiv,Kyiv Pasazhyrskyi,InterCity,,,,0,,,,,,Rakhiv,Kyiv Pasazhyrskyi,,,,,,,
Rakhiv,Sumy,InterCity,,,,0,,,,,,Rakhiv,Sumy,,,,,,,
Ravensburg Bahnhof,"Aalen, Hauptbahnhof",Train Longue Distance,0.10851419199792042,68.97066426363354,68.86215007163561,1,123.03196371646305,47.7843738,9.6061255,48.8416955,10.096417,Ravensburg Bahnhof,"Aalen, Hauptbahnhof",2.0,768.0,0.0026041666666666665,,48825.0,,
Ravensburg Bahnhof,Bad Säckingen Bahnhof,Train Longue Distance,0.11171230497173615,79.73483759898073,79.623125294009,1,126.65794214482554,47.78441,9.6059638,47.5559371,7.9487877,Ravensburg Bahnhof,Bad Säckingen Bahnhof,2.0,768.0,0.0026041666666666665,,48825.0,,16549.0
Ravensburg Bahnhof,Badischer Bahnhof,Train Longue Distance,0.13361670978224155,98.2541729935426,98.12055628376035,1,151.49286823383395,47.78441,9.6059638,47.5677212,7.6082453,Ravensburg Bahnhof,Badischer Bahnhof,2.0,768.0,0.0026041666666666665,,48825.0,,
Ravensburg Bahnhof,Ebersbach (F) Gleis 2,Train Longue Distance Nuit,0.09153651536164943,,,0,103.7828972354302,47.7843678,9.6061614,48.716218,9.526939,Ravensburg Bahnhof,Ebersbach (F) Gleis 2,12.0,768.0,0.015625,,48825.0,,
Ravensburg Bahnhof,Esslingen (N) Gleis 3,Train Longue Distance Nuit,0.09569156973234896,67.16044693442137,67.06475536468902,1,108.49384323395573,47.7843678,9.6061614,48.7386467,9.3006623,Ravensburg Bahnhof,Esslingen (N) Gleis 3,204.0,768.0,0.265625,,48825.0,,92390.0
Ravensburg Bahnhof,Giengen (Brenz),Train Longue Distance,0.09175041931696958,65.72570340240308,65.63395298308612,1,104.02541872672286,47.7843738,9.6061255,48.619741,10.2380274,Ravensburg Bahnhof,Giengen (Brenz),2.0,768.0,0.0026041666666666665,,48825.0,169298.0,
Ravensburg Bahnhof,Göppingen Gleis 4,Train Longue Distance Nuit,0.0898588915108896,,,0,101.88082937742585,47.7843678,9.6061614,48.700094,9.6520653,Ravensburg Bahnhof,Göppingen Gleis 4,246.0,768.0,0.3203125,,48825.0,,58040.0
Ravensburg Bahnhof,Heidenheim (Brenz),Train Longue Distance,0.09494536927074787,66.95789925309093,66.86295388382018,1,107.64781096456674,47.7843738,9.6061255,48.6803766,10.1565142,Ravensburg Bahnhof,Heidenheim (Brenz),2.0,768.0,0.0026041666666666665,,48825.0,,
Ravensburg Bahnhof,"Oberkochen, Bahnhof",Train Longue Distance,0.10320671245900638,68.97066426363354,68.86745755117452,1,117.0144132188281,47.7843738,9.6061255,48.7824026,10.10761,Ravensburg Bahnhof,"Oberkochen, Bahnhof",2.0,768.0,0.0026041666666666665,,48825.0,,
Ravensburg Bahnhof,Plochingen Gleis 1,Train Longue Distance Nuit,0.09196376358710993,67.16044693442137,67.06848317083426,1,104.26730565431964,47.7843678,9.6061614,48.7130825,9.4116941,Ravensburg Bahnhof,Plochingen Gleis 1,207.0,768.0,0.26953125,,48825.0,,
Ravensburg Bahnhof,Plochingen Gleis 3,Train Longue Distance,0.09196194256385434,67.16044693442137,67.06848499185752,1,104.26524100210243,47.7843678,9.6061614,48.7130529,9.4115773,Ravensburg Bahnhof,Plochingen Gleis 3,2.0,768.0,0.0026041666666666665,,48825.0,,
Ravensburg Bahnhof,Plochingen Gleis 4,Train Longue Distance Nuit,0.09195476403650847,67.16044693442137,67.06849217038486,1,104.25710208220913,47.7843678,9.6061614,48.7129581,9.4113527,Ravensburg Bahnhof,Plochingen Gleis 4,1.0,768.0,0.0013020833333333333,,48825.0,,
Ravensburg Bahnhof,Reichenbach (F) Gleis 2,Train Longue Distance Nuit,0.09105659069080133,,,0,103.23876495555706,47.7843678,9.6061614,48.7080085,9.4644522,Ravensburg Bahnhof,Reichenbach (F) Gleis 2,12.0,768.0,0.015625,,48825.0,,
Ravensburg Bahnhof,Rheinfelden (Baden) Bahnhof,Train Longue Distance,0.12234990314749115,88.14022848863533,88.01787858548784,1,138.71871105157726,47.78441,9.6059638,47.5569071,7.784378,Ravensburg Bahnhof,Rheinfelden (Baden) Bahnhof,2.0,768.0,0.0026041666666666665,,48825.0,,34674.0
Ravensburg Bahnhof,Stuttgart Hauptbahnhof (oben) Gleis 11,Train Longue Distance Nuit,0.10195383705754381,75.21552715739165,75.1135733203341,1,115.59391956637619,47.7843678,9.6061614,48.7851371,9.1833513,Ravensburg Bahnhof,Stuttgart Hauptbahnhof (oben) Gleis 11,56.0,768.0,0.07291666666666667,,48825.0,,612663.0
Ravensburg Bahnhof,Stuttgart Hauptbahnhof (oben) Gleis 12,Train Longue Distance Nuit,0.10194588117612388,75.21552715739165,75.11358127621553,1,115.58489929265745,47.7843678,9.6061614,48.785078,9.1834861,Ravensburg Bahnhof,Stuttgart Hauptbahnhof (oben) Gleis 12,29.0,768.0,0.037760416666666664,,48825.0,,612663.0
Ravensburg Bahnhof,Stuttgart Hauptbahnhof (oben) Gleis 13,Train Longue Distance Nuit,0.10193957766492914,75.21552715739165,75.11358757972671,1,115.5777524545682,47.7843738,9.6061255,48.7850424,9.1835849,Ravensburg Bahnhof,Stuttgart Hauptbahnhof (oben) Gleis 13,68.0,768.0,0.08854166666666667,,48825.0,,612663.0
Ravensburg Bahnhof,Stuttgart Hauptbahnhof (oben) Gleis 14,Train Longue Distance Nuit,0.10193314093082516,75.21552715739165,75.11359401646082,1,115.57045457009654,47.7843678,9.6061614,48.7849833,9.1837017,Ravensburg Bahnhof,Stuttgart Hauptbahnhof (oben) Gleis 14,26.0,768.0,0.033854166666666664,,48825.0,,612663.0
Ravensburg Bahnhof,Stuttgart Hauptbahnhof (oben) Gleis 3,Train Longue Distance,0.10200831976693324,75.21552715739165,75.11351883762471,1,115.6556913457293,47.7843738,9.6061255,48.7855574,9.182444,Ravensburg Bahnhof,Stuttgart Hauptbahnhof (oben) Gleis 3,8.0,768.0,0.010416666666666666,,48825.0,,612663.0
Ravensburg Bahnhof,Stuttgart Hauptbahnhof (oben) Gleis 9,Train Longue Distance,0.10196689546887183,75.21552715739165,75.11356026192277,1,115.60872502139662,47.7843678,9.6061614,48.7852318,9.1831178,Ravensburg Bahnhof,Stuttgart Hauptbahnhof (oben) Gleis 9,12.0,768.0,0.015625,,48825.0,,612663.0
Ravensburg Bahnhof,Süßen Gleis 3,Train Longue Distance Nuit,0.0887819288476762,,,0,100.65978327400929,47.7843678,9.6061614,48.6838225,9.7597733,Ravensburg Bahnhof,Süßen Gleis 3,13.0,768.0,0.016927083333333332,,48825.0,106903.0,
Ravensburg Bahnhof,Tiengen (Hochrhein) Bahnhof,Train Longue Distance,0.08921088638688504,,,0,101.14612969034584,47.78441,9.6059638,47.635513,8.2723429,Ravensburg Bahnhof,Tiengen (Hochrhein) Bahnhof,2.0,768.0,0.0026041666666666665,,48825.0,,
Ravensburg Bahnhof,Uhingen Gleis 2,Train Longue Distance Nuit,0.09066394394972568,,,0,102.79358724458692,47.7843678,9.6061614,48.708702,9.5846737,Ravensburg Bahnhof,Uhingen Gleis 2,12.0,768.0,0.015625,,48825.0,,
Ravensburg Bahnhof,Waldshut Bahnhof,Train Longue Distance,0.09289894572385844,,,0,105.32760286151752,47.78441,9.6059638,47.6215161,8.2193782,Ravensburg Bahnhof,Waldshut Bahnhof,2.0,768.0,0.0026041666666666665,,48825.0,,
Reggio Calabria Centrale,Torino Lingotto,InterCity,45.67493524451222,172.36368948360112,126.6887542390889,0,1015.4047228783116,38.10453,15.63646,45.02669,7.65695,Reggio Calabria Centrale,Torino Lingotto,,,,,182455.0,,
Rheinfelden (Baden) Bahnhof,Bahnhof Überlingen,Train Longue Distance Nuit,0.0934074355858822,67.43431751076349,67.3409100751776,1,105.90412197945827,47.5568707,7.784396,47.7689677,9.1630584,Rheinfelden (Baden) Bahnhof,Bahnhof Überlingen,10.0,83.0,0.12048192771084337,,34674.0,,
Rheinfelden (Baden) Bahnhof,Bermatingen-Ahausen Bahnhof,Train Longue Distance Nuit,0.10450292283558409,79.65498511743743,79.55048219460186,1,118.48403949612708,47.5568707,7.784396,47.7305231,9.3448325,Rheinfelden (Baden) Bahnhof,Bermatingen-Ahausen Bahnhof,1.0,83.0,0.012048192771084338,,34674.0,106903.0,
Rheinfelden (Baden) Bahnhof,Friedrichshafen Hafenbahnhof,Train Longue Distance,0.11266700001809507,85.15239397633096,85.03972697631286,1,127.74036283230731,47.5568707,7.784396,47.6515396,9.4824544,Rheinfelden (Baden) Bahnhof,Friedrichshafen Hafenbahnhof,6.0,83.0,0.07228915662650602,,34674.0,,58403.0
Rheinfelden (Baden) Bahnhof,Friedrichshafen Stadtbahnhof,Train Longue Distance Nuit,0.1120957812660837,85.15239397633096,85.04029819506488,1,127.09272252390443,47.5568707,7.784396,47.6533671,9.473588,Rheinfelden (Baden) Bahnhof,Friedrichshafen Stadtbahnhof,10.0,83.0,0.12048192771084337,,34674.0,,58403.0
Rheinfelden (Baden) Bahnhof,Markdorf Bahnhof,Train Longue Distance Nuit,0.10715613652290752,79.65498511743743,79.54782898091453,1,121.49221827994049,47.5568707,7.784396,47.7168416,9.3884457,Rheinfelden (Baden) Bahnhof,Markdorf Bahnhof,1.0,83.0,0.012048192771084338,,34674.0,,
Rheinfelden (Baden) Bahnhof,"Salem, Bahnhof",Train Longue Distance Nuit,0.10183900512972362,77.05398519591597,76.95214619078625,1,115.46372463687484,47.5568707,7.784396,47.7577,9.2969523,Rheinfelden (Baden) Bahnhof,"Salem, Bahnhof",10.0,83.0,0.12048192771084337,,34674.0,,
Rheinfelden (Baden) Bahnhof,Uhldingen-Mühlhofen Bahnhof,Train Longue Distance Nuit,0.09833908948886856,67.43431751076349,67.33597842127462,1,111.49556631390992,47.5568707,7.784396,47.7369576,9.248578,Rheinfelden (Baden) Bahnhof,Uhldingen-Mühlhofen Bahnhof,1.0,83.0,0.012048192771084338,,34674.0,14285.0,
Rijeka,Budapest Déli,InterCity,13.550888599123631,125.1684261391682,111.61753754004457,1,426.77275759396673,45.33032,14.43111,47.50043,19.02466,Rijeka,Budapest Déli,,,,,107964.0,,1741041.0
Rodez,Paris Austerlitz,InterCity,3.9556519880120793,103.43596172209452,99.48030973408244,1,498.31846661779787,44.36277,2.58039,48.84185,2.36646,Rodez,Paris Austerlitz,,,,312754.0,23981.0,23798578.0,2103778.0
Rohrenfeld,Ulm Hbf,Train Longue Distance,1.5954915157605847,66.61221713135141,65.01672561559083,1,100.49707204337268,48.7212676,11.2588908,48.3986851,9.9832292,Rohrenfeld,Ulm Hbf,68.0,276.0,0.2463768115942029,,,,120451.0
Roma Termini,Bolzano / Bozen,InterCity,23.350009942897607,139.34849853561434,115.99848859271674,1,519.0967485415856,41.90049,12.50279,46.49638,11.35879,Roma Termini,Bolzano / Bozen,,,,,,,107436.0
Roma Termini,Lecce,InterCity,22.70433603872695,139.77361962919323,117.06928359046628,1,504.74269793977476,41.90049,12.50279,40.34594,18.16583,Roma Termini,Lecce,,,,,,,80695.0
Roma Termini,Palermo Centrale,InterCity,19.248952342233373,130.88812843796234,111.63917609572897,1,427.9256667607793,41.90049,12.50279,38.10942,13.36747,Roma Termini,Palermo Centrale,,,,,,,648260.0
Roma Termini,Siracusa,InterCity,26.436406696463,146.4350906956297,119.9986839991667,1,587.7107886813169,41.90049,12.50279,37.06891,15.28173,Roma Termini,Siracusa,,,,,,106903.0,121605.0
Roma Termini,Trieste Centrale,InterCity,19.3441593163223,129.98416355097396,110.64000423465166,1,430.04222391895206,41.90049,12.50279,45.65788,13.77251,Roma Termini,Trieste Centrale,,,,,,,204338.0
Roma Tiburtina,München Hbf,Nightjet,31.352437615568405,175.77841373321252,144.4259761176441,0,696.9996357558224,41.91107,12.53146,48.14161,11.55794,Roma Tiburtina,München Hbf,,,,11803.0,,,
Roma Tiburtina,Wien Hbf,Nightjet,34.18612483382463,205.5933523258913,171.40722749206665,0,759.995661238376,41.91107,12.53146,48.1851,16.37711,Roma Tiburtina,Wien Hbf,,,,11803.0,,,
Rosenheim,Altona,EuroNight,10.356967112434406,177.09678047357883,166.73981336114443,0,652.3662832221219,47.8498652,12.1191625,53.5519791,9.9343519,Rosenheim,Altona,5.0,324.0,0.015432098765432098,,60167.0,,250192.0
Rosenheim,"Amsterdam, Centraal",EuroNight,11.42208588715797,182.5188741971042,171.09678830994622,0,719.4561531341628,47.8499013,12.1191804,52.3789574,4.9006063,Rosenheim,"Amsterdam, Centraal",95.0,324.0,0.2932098765432099,,60167.0,,
Rosenheim,Augsburg Hbf,EuroNight,1.715321812907937,74.6120813854986,72.89675957259067,1,108.04496176038909,47.8499013,12.1191804,48.3656739,10.8858924,Rosenheim,Augsburg Hbf,63.0,324.0,0.19444444444444445,,60167.0,,301105.0
Rosenheim,Dortmund Hbf,EuroNight,8.378788488073374,144.9871145168534,136.60832602878003,1,527.7644550310767,47.8499013,12.1191804,51.5178797,7.4587207,Rosenheim,Dortmund Hbf,17.0,324.0,0.05246913580246913,,60167.0,,588462.0
Rosenheim,Hamburg Hbf,EuroNight,10.339288114804901,179.1660219679079,168.826733853103,0,651.2527157221531,47.8498652,12.1191625,53.5527529,10.0079239,Rosenheim,Hamburg Hbf,6.0,324.0,0.018518518518518517,,60167.0,203396.0,1973896.0
Rosenheim,Ingolstadt Hbf,EuroNight,1.7708374560367934,83.11504860320463,81.34421114716784,1,111.5417898738217,47.8499013,12.1191804,48.7446121,11.4373322,Rosenheim,Ingolstadt Hbf,95.0,324.0,0.2932098765432099,,60167.0,,120658.0
Rosenheim,Münster (Westf) Hauptbahnhof,EuroNight,8.859134213472062,153.44701602398007,144.587881810508,1,558.0205475857938,47.8499013,12.1191804,51.9566277,7.6353295,Rosenheim,Münster (Westf) Hauptbahnhof,55.0,324.0,0.1697530864197531,,60167.0,290061.0,4738.0
Rosenheim,Nürnberg Hbf,EuroNight,3.065804028912692,84.56105558504449,81.49525155613179,1,193.109349263838,47.8499013,12.1191804,49.4457552,11.0821383,Rosenheim,Nürnberg Hbf,166.0,324.0,0.5123456790123457,,60167.0,,
Rovaniemi,Helsinki / Helsingfors,InterCity,,,,0,,66.49809,25.70537,,,Rovaniemi,Helsinki / Helsingfors,,,,,65670.0,865.0,658864.0
Rovaniemi,Turku satama / Åbo hamn,InterCity,,,,0,,66.49809,25.70537,,,Rovaniemi,Turku satama / Åbo hamn,,,,,65670.0,203396.0,206655.0
Röthenbach (Allgäu),Augsburg Hbf,Train Longue Distance Nuit,0.09524916643728498,67.53796526524285,67.44271609880556,1,107.99225219646823,47.6205533,9.953504,48.3650353,10.8854791,Röthenbach (Allgäu),Augsburg Hbf,94.0,854.0,0.11007025761124122,,,,301105.0
Röthenbach (Allgäu),Augsburg Messe,Train Longue Distance,0.09333005140505637,67.53796526524285,67.44463521383778,1,105.81638481298909,47.6205533,9.953504,48.3387802,10.8861708,Röthenbach (Allgäu),Augsburg Messe,9.0,854.0,0.01053864168618267,,,,301105.0
Röthenbach (Allgäu),Augsburg Morellstraße,Train Longue Distance,0.09482984111318755,67.53796526524285,67.44313542412966,1,107.5168266589428,47.6205533,9.953504,48.3550375,10.8931418,Röthenbach (Allgäu),Augsburg Morellstraße,9.0,854.0,0.01053864168618267,,,,301105.0
Röthenbach (Allgäu),Inningen,Train Longue Distance,0.09060726709209223,67.53796526524285,67.44735799815075,1,102.72932776881204,47.6205533,9.953504,48.3116811,10.8691747,Röthenbach (Allgäu),Inningen,19.0,854.0,0.02224824355971897,,,,
Röthenbach (Allgäu),München Hbf Gleis 12,Train Longue Distance,0.11715432327302966,82.93420126350772,82.81704694023469,1,132.82803092180234,47.6205533,9.953504,48.1399368,11.5574908,Röthenbach (Allgäu),München Hbf Gleis 12,1.0,854.0,0.00117096018735363,,,,
Röthenbach (Allgäu),München Hbf Gleis 14,Train Longue Distance,0.11716192645877453,82.93420126350772,82.81703933704894,1,132.83665131380332,47.6205533,9.953504,48.1400807,11.5575178,Röthenbach (Allgäu),München Hbf Gleis 14,3.0,854.0,0.00351288056206089,,,,
Röthenbach (Allgäu),München Hbf Gleis 15,Train Longue Distance,0.11716671192558577,82.93420126350772,82.81703455158213,1,132.8420770131358,47.6205533,9.953504,48.1401826,11.5575268,Röthenbach (Allgäu),München Hbf Gleis 15,1.0,854.0,0.00117096018735363,,,,
Röthenbach (Allgäu),München Hbf Gleis 17,Train Longue Distance,0.1171756277574173,82.93420126350772,82.8170256357503,1,132.852185666006,47.6205533,9.953504,48.1403325,11.5575717,Röthenbach (Allgäu),München Hbf Gleis 17,1.0,854.0,0.00117096018735363,,,,
Röthenbach (Allgäu),München Hbf Gleis 24,Train Longue Distance Nuit,0.11720297405047249,82.93420126350772,82.81699828945725,1,132.88319053341553,47.6205533,9.953504,48.14086,11.5576615,Röthenbach (Allgäu),München Hbf Gleis 24,7.0,854.0,0.00819672131147541,,,,
Röthenbach (Allgäu),München Hbf Gleis 25,Train Longue Distance Nuit,0.11720801508514594,82.93420126350772,82.81699324842258,1,132.88890599222896,47.6205533,9.953504,48.1409679,11.5576705,Röthenbach (Allgäu),München Hbf Gleis 25,134.0,854.0,0.15690866510538642,,,,
Röthenbach (Allgäu),"München, Hauptbahnhof (U, Tram)",Train Longue Distance Nuit,0.1174748587343417,82.93420126350772,82.81672640477338,1,133.19144981217877,47.6205473,9.952938,48.1412496,11.5614075,Röthenbach (Allgäu),"München, Hauptbahnhof (U, Tram)",1.0,854.0,0.00117096018735363,,,,
Röthenbach (Allgäu),Pasing,Train Longue Distance Nuit,0.11193070906916337,76.82420202595897,76.71227131688981,1,126.9055658380537,47.6205473,9.952938,48.1494973,11.4610118,Röthenbach (Allgäu),Pasing,1.0,854.0,0.00117096018735363,,,,35728.0
Röthenbach (Allgäu),Pasing Gleis 3,Train Longue Distance Nuit,0.11194263537127346,76.82420202595897,76.71225939058769,1,126.91908772253225,47.6205533,9.953504,48.1496771,11.4616496,Röthenbach (Allgäu),Pasing Gleis 3,163.0,854.0,0.19086651053864168,,,,35728.0
Röthenbach (Allgäu),Pasing Gleis 4,Train Longue Distance Nuit,0.11195136532537331,76.82420202595897,76.7122506606336,1,126.92898562967494,47.6205533,9.953504,48.149779,11.4617214,Röthenbach (Allgäu),Pasing Gleis 4,2.0,854.0,0.00234192037470726,,,,35728.0
"Salem, Bahnhof","Aalen, Hauptbahnhof",Train Longue Distance,0.1184158046937211,73.24215134947005,73.12373554477632,1,134.25828196567016,47.7577,9.2969523,48.8416955,10.096417,"Salem, Bahnhof","Aalen, Hauptbahnhof",2.0,108.0,0.018518518518518517,,,,
"Salem, Bahnhof",Bad Säckingen Bahnhof,Train Longue Distance Nuit,0.09122973889224001,68.90141986943075,68.81019013053852,1,103.43507810911564,47.7577,9.2969523,47.5559371,7.9487877,"Salem, Bahnhof",Bad Säckingen Bahnhof,15.0,108.0,0.1388888888888889,,,,16549.0
"Salem, Bahnhof",Badischer Bahnhof,Train Longue Distance Nuit,0.11308578577316719,87.02616594157469,86.91308015580152,1,128.21517661356825,47.7577,9.2969523,47.5677212,7.6082453,"Salem, Bahnhof",Badischer Bahnhof,15.0,108.0,0.1388888888888889,,,,
"Salem, Bahnhof",Giengen (Brenz),Train Longue Distance,0.10456259295461409,71.82434999752037,71.71978740456576,1,118.5516926923062,47.7577,9.2969523,48.619741,10.2380274,"Salem, Bahnhof",Giengen (Brenz),2.0,108.0,0.018518518518518517,,,169298.0,
"Salem, Bahnhof",Heidenheim (Brenz),Train Longue Distance,0.1065037268784959,72.07118206648067,71.96467833960217,1,120.75252480555089,47.7577,9.2969523,48.6803766,10.1565142,"Salem, Bahnhof",Heidenheim (Brenz),2.0,108.0,0.018518518518518517,,,,
"Salem, Bahnhof",Langenau (Württ),Train Longue Distance,0.09027252550763444,66.01961804403524,65.92934551852761,1,102.34980216285084,47.7577,9.2969523,48.4932982,10.1258817,"Salem, Bahnhof",Langenau (Württ),2.0,108.0,0.018518518518518517,,,11803.0,
"Salem, Bahnhof","Oberkochen, Bahnhof",Train Longue Distance,0.11357678281882123,73.24215134947005,73.12857456665122,1,128.77186260637328,47.7577,9.2969523,48.7824026,10.10761,"Salem, Bahnhof","Oberkochen, Bahnhof",2.0,108.0,0.018518518518518517,,,,
"Salem, Bahnhof",Rheinfelden (Baden) Bahnhof,Train Longue Distance Nuit,0.10183944723104206,77.05398519591597,76.95214574868493,1,115.4642258855352,47.7577,9.2969523,47.5569071,7.784378,"Salem, Bahnhof",Rheinfelden (Baden) Bahnhof,15.0,108.0,0.1388888888888889,,,,34674.0
"Salem, Bahnhof",Sontheim (Brenz),Train Longue Distance,0.10176414625430744,72.70903959113117,72.60727544487686,1,115.37885062846647,47.7577,9.2969523,48.5591633,10.2849464,"Salem, Bahnhof",Sontheim (Brenz),2.0,108.0,0.018518518518518517,,,,
Salerno,Torino Lingotto,InterCity,33.95486868241155,209.6994939334836,175.74462525107205,0,754.8545792186109,40.67531,14.77256,45.02669,7.65695,Salerno,Torino Lingotto,,,,,125797.0,,
Salerno,Torino Porta Susa,InterCity,34.06576512294264,209.6994939334836,175.63372881054096,0,757.3199307043404,40.67531,14.77256,45.07176,7.66639,Salerno,Torino Porta Susa,,,,,125797.0,106903.0,
Salzburg Hauptbahnhof,Altona,EuroNight,10.709420187166128,180.3644797314578,169.65505954429167,0,674.5666532606531,47.8131273,13.0457926,53.5519791,9.9343519,Salzburg Hauptbahnhof,Altona,2.0,2.0,1.0,,157245.0,,250192.0
Salzburg Hauptbahnhof,Hamburg Hbf,EuroNight,10.68437521519601,182.1017832625631,171.41740804736708,0,672.9891166034271,47.8131273,13.0457926,53.5527529,10.0079239,Salzburg Hauptbahnhof,Hamburg Hbf,2.0,2.0,1.0,,157245.0,203396.0,1973896.0
Salzburg Hauptbahnhof,Nürnberg Hbf,EuroNight,3.6815466562505557,95.35445920546866,91.6729125492181,1,231.89384330124437,47.8131273,13.0457926,49.4457552,11.0821383,Salzburg Hauptbahnhof,Nürnberg Hbf,2.0,2.0,1.0,,157245.0,,
Satu Mare,București Nord,InterCity,18.871626940366976,131.36165767825844,112.49003073789146,1,445.75838388999847,47.79629,22.8946,44.44677,26.07441,Satu Mare,București Nord,,,,,112490.0,,
Satu Mare,Mangalia,InterCity,26.40903036621942,150.33948497549326,123.93045460927385,0,623.7960687410105,47.79629,22.8946,43.82291,28.58205,Satu Mare,Mangalia,,,,,112490.0,,39619.0
Schelklingen,Donaueschingen Bahnhof,Train Longue Distance,1.6365445346900742,66.91757255993014,65.28102802524006,1,103.08292609536873,48.3715701,9.7350607,47.947842,8.4989429,Schelklingen,Donaueschingen Bahnhof,34.0,485.0,0.07010309278350516,,,,21604.0
Schelklingen,Villingen Bahnhof/ZOB,Train Longue Distance,1.5928796388780142,,,0,100.33255472902583,48.3715701,9.7350607,48.0574872,8.4655974,Schelklingen,Villingen Bahnhof/ZOB,8.0,485.0,0.016494845360824743,,,,
Schwabmünchen,Lindau-Insel,Train Longue Distance Nuit,1.7050626878584494,,,0,107.39875836850905,48.1785813,10.7677998,47.5450478,9.6811168,Schwabmünchen,Lindau-Insel,29.0,100.0,0.29,,,,24518.0
Schwabmünchen,Lindau-Reutin,Train Longue Distance Nuit,1.678247561058472,,,0,105.709722918775,48.178192,10.7678807,47.5523177,9.7012121,Schwabmünchen,Lindau-Reutin,53.0,100.0,0.53,,,28711.0,24518.0
Schwabmünchen,Lindau-Reutin Bstg 2,Train Longue Distance Nuit,1.6769798675393568,,,0,105.62987323881057,48.1785813,10.7677998,47.5527784,9.7024518,Schwabmünchen,Lindau-Reutin Bstg 2,1.0,100.0,0.01,,,28711.0,24518.0
Schwörstadt Bahnhof,Bermatingen-Ahausen Bahnhof,Train Longue Distance Nuit,0.09841703800541889,69.8423106818594,69.74389364385398,1,111.58394331680147,47.5908634,7.8693766,47.7305231,9.3448325,Schwörstadt Bahnhof,Bermatingen-Ahausen Bahnhof,1.0,10.0,0.1,865.0,,106903.0,
Schwörstadt Bahnhof,Friedrichshafen Stadtbahnhof,Train Longue Distance Nuit,0.10621914090139449,75.50541228176218,75.39919314086079,1,120.42986496756745,47.5908634,7.8693766,47.6533671,9.473588,Schwörstadt Bahnhof,Friedrichshafen Stadtbahnhof,1.0,10.0,0.1,865.0,,,58403.0
Schwörstadt Bahnhof,Markdorf Bahnhof,Train Longue Distance Nuit,0.10111084890419877,69.8423106818594,69.7411998329552,1,114.63815068503261,47.5908634,7.8693766,47.7168416,9.3884457,Schwörstadt Bahnhof,Markdorf Bahnhof,1.0,10.0,0.1,865.0,,,
Schwörstadt Bahnhof,"Salem, Bahnhof",Train Longue Distance Nuit,0.09568151598773107,66.78955983846738,66.69387832247965,1,108.4824444305341,47.5908634,7.8693766,47.7577,9.2969523,Schwörstadt Bahnhof,"Salem, Bahnhof",1.0,10.0,0.1,865.0,,,
Schwörstadt Bahnhof,Uhldingen-Mühlhofen Bahnhof,Train Longue Distance Nuit,0.09221575221281389,,,0,104.55300704400668,47.5908634,7.8693766,47.7369576,9.248578,Schwörstadt Bahnhof,Uhldingen-Mühlhofen Bahnhof,1.0,10.0,0.1,865.0,,14285.0,
Senden,Langenwang (Schwab),Train Longue Distance Nuit,1.5893935061501099,,,0,100.11296964916288,48.3239811,10.050531,47.4364373,10.2760441,Senden,Langenwang (Schwab),28.0,213.0,0.13145539906103287,,22275.0,,
Senden,Oberstdorf,Train Longue Distance Nuit,1.6335201078516084,,,0,102.89242301912373,48.3239811,10.050531,47.4113789,10.2785683,Senden,Oberstdorf,28.0,213.0,0.13145539906103287,,22275.0,,
Silistra,Sofia,InterCity,,,,0,,,,,,Silistra,Sofia,,,,,29498.0,,1152556.0
Singen (Htw) Bahnhof,"Aalen, Hauptbahnhof",Train Longue Distance,0.1340030370103253,91.65087945577606,91.51687641876573,1,151.93088096408763,47.7596204,8.8421802,48.8416955,10.096417,Singen (Htw) Bahnhof,"Aalen, Hauptbahnhof",2.0,172.0,0.011627906976744186,,47621.0,,
Singen (Htw) Bahnhof,Giengen (Brenz),Train Longue Distance,0.12427392083193,92.88230329085494,92.75802937002301,1,140.90013699765305,47.7596204,8.8421802,48.619741,10.2380274,Singen (Htw) Bahnhof,Giengen (Brenz),2.0,172.0,0.011627906976744186,,47621.0,169298.0,
Singen (Htw) Bahnhof,Heidenheim (Brenz),Train Longue Distance,0.1246176816226943,91.76027521080087,91.63565752917818,1,141.28988846110465,47.7596204,8.8421802,48.6803766,10.1565142,Singen (Htw) Bahnhof,Heidenheim (Brenz),2.0,172.0,0.011627906976744186,,47621.0,,
Singen (Htw) Bahnhof,Langenau (Württ),Train Longue Distance,0.11062901164393645,88.81610945043555,88.70548043879161,1,125.42971841716151,47.7596204,8.8421802,48.4932982,10.1258817,Singen (Htw) Bahnhof,Langenau (Württ),2.0,172.0,0.011627906976744186,,47621.0,11803.0,
Singen (Htw) Bahnhof,"Oberkochen, Bahnhof",Train Longue Distance,0.12994012214828204,91.65087945577606,91.52093933362778,1,147.32440152866445,47.7596204,8.8421802,48.7824026,10.10761,Singen (Htw) Bahnhof,"Oberkochen, Bahnhof",2.0,172.0,0.011627906976744186,,47621.0,,
Singen (Htw) Bahnhof,Sontheim (Brenz),Train Longue Distance,0.12270644721053056,95.15436939157297,95.03166294436244,1,139.12295602100968,47.7596204,8.8421802,48.5591633,10.2849464,Singen (Htw) Bahnhof,Sontheim (Brenz),2.0,172.0,0.011627906976744186,,47621.0,,
Singen (Htw) Bahnhof,Ulm Hbf,Train Longue Distance,0.09755698350805257,68.6892334184879,68.59167643497985,1,110.60882483906185,47.7596204,8.8421802,48.3993472,9.9823668,Singen (Htw) Bahnhof,Ulm Hbf,2.0,172.0,0.011627906976744186,,47621.0,,120451.0
Sipplingen Bahnhof,"Aalen, Hauptbahnhof",Train Longue Distance,0.12160003707918123,83.10473122817474,82.98313119109557,1,137.86852276551159,47.7955392,9.0956039,48.8416955,10.096417,Sipplingen Bahnhof,"Aalen, Hauptbahnhof",2.0,4.0,0.5,,,,
Sipplingen Bahnhof,Giengen (Brenz),Train Longue Distance,0.1100397475620501,83.52727031512343,83.41723056756138,1,124.76161855107719,47.7955392,9.0956039,48.619741,10.2380274,Sipplingen Bahnhof,Giengen (Brenz),2.0,4.0,0.5,,,169298.0,
Sipplingen Bahnhof,Heidenheim (Brenz),Train Longue Distance,0.11105223519201139,82.81444820553246,82.70339597034045,1,125.90956370976349,47.7955392,9.0956039,48.6803766,10.1565142,Sipplingen Bahnhof,Heidenheim (Brenz),2.0,4.0,0.5,,,,
Sipplingen Bahnhof,Langenau (Württ),Train Longue Distance,0.09606399125886125,78.95141578391666,78.8553517926578,1,108.91608986265446,47.7955392,9.0956039,48.4932982,10.1258817,Sipplingen Bahnhof,Langenau (Württ),2.0,4.0,0.5,,,11803.0,
Sipplingen Bahnhof,"Oberkochen, Bahnhof",Train Longue Distance,0.11716679977150987,83.10473122817474,82.98756442840323,1,132.84217661168918,47.7955392,9.0956039,48.7824026,10.10761,Sipplingen Bahnhof,"Oberkochen, Bahnhof",2.0,4.0,0.5,,,,
Sipplingen Bahnhof,Sontheim (Brenz),Train Longue Distance,0.10797267215591248,85.40402461427077,85.29605194211486,1,122.41799564162413,47.7955392,9.0956039,48.5591633,10.2849464,Sipplingen Bahnhof,Sontheim (Brenz),2.0,4.0,0.5,,,,
Siracusa,Milano Centrale,InterCity,47.868383265656654,179.96407361540926,132.0956903497526,0,1064.1675173548674,37.06891,15.28173,45.48727,9.20511,Siracusa,Milano Centrale,,,,106903.0,121605.0,,
Siracusa,Roma Termini,InterCity,26.436406696463,146.4350906956297,119.9986839991667,1,587.7107886813169,37.06891,15.28173,41.90049,12.50279,Siracusa,Roma Termini,,,,106903.0,121605.0,,
Sofia,Burgas,InterCity,,,,0,,,,,,Sofia,Burgas,,,,,1152556.0,,210646.0
Sofia,Dobrich,InterCity,,,,0,,,,,,Sofia,Dobrich,,,,,1152556.0,,69434.0
Sofia,Silistra,InterCity,,,,0,,,,,,Sofia,Silistra,,,,,1152556.0,,29498.0
Sofia,Varna,InterCity,,,,0,,,,,,Sofia,Varna,,,,,1152556.0,,318737.0
Sofia,İstanbul Halkalı,InterCity,,,,0,,,,41.01849,28.76616,Sofia,İstanbul Halkalı,,,,,1152556.0,,15701602.0
Solotvyno,Kyiv Pasazhyrskyi,InterCity,,,,0,,,,,,Solotvyno,Kyiv Pasazhyrskyi,,,,,,,
Solotvyno,Zaporizhzhia 1,InterCity,,,,0,,,,,,Solotvyno,Zaporizhzhia 1,,,,,,,
Sontheim (Brenz),Bahnhof Überlingen,Train Longue Distance,1.9211378214381847,85.91988221376981,83.99874439233163,1,121.00893307118825,48.5591633,10.2849464,47.7689677,9.1630584,Sontheim (Brenz),Bahnhof Überlingen,1.0,484.0,0.002066115702479339,,,,
Sontheim (Brenz),Friedrichshafen Stadtbahnhof,Train Longue Distance,1.8633510817799521,75.70299199718205,73.8396409154021,1,117.36905277021619,48.5591633,10.2849464,47.6532824,9.4735701,Sontheim (Brenz),Friedrichshafen Stadtbahnhof,1.0,484.0,0.002066115702479339,,,,58403.0
Sontheim (Brenz),Ludwigshafen(Bodensee) Bahnhof,Train Longue Distance,1.9556587358160162,85.40402461427077,83.44836587845475,1,123.18334188813405,48.5591633,10.2849464,47.8156006,9.0531495,Sontheim (Brenz),Ludwigshafen(Bodensee) Bahnhof,1.0,484.0,0.002066115702479339,,,,
Sontheim (Brenz),Radolfzell Bahnhof,Train Longue Distance,2.124635387003745,85.40402461427077,83.27938922726702,1,133.82686992968917,48.5591633,10.2849464,47.735852,8.969157,Sontheim (Brenz),Radolfzell Bahnhof,1.0,484.0,0.002066115702479339,,,,31734.0
Sontheim (Brenz),"Salem, Bahnhof",Train Longue Distance,1.8317546325775338,72.70903959113117,70.87728495855364,1,115.37885062846647,48.5591633,10.2849464,47.7577,9.2969523,Sontheim (Brenz),"Salem, Bahnhof",1.0,484.0,0.002066115702479339,,,,
Sontheim (Brenz),Singen (Htw) Bahnhof,Train Longue Distance,2.2087160497895497,95.15436939157297,92.94565334178343,1,139.12295602100968,48.5591633,10.2849464,47.7596204,8.8421802,Sontheim (Brenz),Singen (Htw) Bahnhof,1.0,484.0,0.002066115702479339,,,,47621.0
Sontheim (Brenz),Sipplingen Bahnhof,Train Longue Distance,1.9435080988064246,85.40402461427077,83.46051651546435,1,122.41799564162413,48.5591633,10.2849464,47.7955392,9.0956039,Sontheim (Brenz),Sipplingen Bahnhof,1.0,484.0,0.002066115702479339,,,,
Sontheim (Brenz),Uhldingen-Mühlhofen Bahnhof,Train Longue Distance,1.8965746563402306,85.91988221376981,84.02330755742958,1,119.46174454146073,48.5591633,10.2849464,47.7369033,9.24856,Sontheim (Brenz),Uhldingen-Mühlhofen Bahnhof,1.0,484.0,0.002066115702479339,,,14285.0,
Sontheim (Brenz),Überlingen Bahnhof Therme,Train Longue Distance,1.935470433099931,85.91988221376981,83.98441178066987,1,121.91171788233378,48.5591633,10.2849464,47.7694386,9.1446878,Sontheim (Brenz),Überlingen Bahnhof Therme,1.0,484.0,0.002066115702479339,,,,21507.0
Sonthofen,Ulm Hbf,Train Longue Distance Nuit,0.08894589177863009,,,0,100.84568228869624,47.5134038,10.2721813,48.3993531,9.9825824,Sonthofen,Ulm Hbf,149.0,326.0,0.4570552147239264,,21285.0,,120451.0
Split,Bratislava Nové Mesto,EuroNight,53.846617768976145,142.0729766151391,88.22635884616297,1,521.7998892278248,43.50489,16.44279,48.17193,17.14648,Split,Bratislava Nové Mesto,,,,,149830.0,,423737.0
Split,Budapest Keleti,InterCity,50.523735457986916,103.85567188453399,53.331936426547074,1,489.599545109085,43.50489,16.44279,47.50059,19.08426,Split,Budapest Keleti,,,,,149830.0,,1741041.0
Split,Osijek,InterCity,29.79924299640995,116.70208412240916,86.9028411259992,1,288.76914352006855,43.50489,16.44279,45.55269,18.68362,Split,Osijek,,,,,149830.0,,75535.0
Split,Zagreb Gl. K.,InterCity,26.660977707631023,99.0402097742672,72.37923206663618,1,258.35782804844297,43.50489,16.44279,45.80489,15.97961,Split,Zagreb Gl. K.,,,,,149830.0,,663592.0
St. Georgen Bahnhof,Blaubeuren,Train Longue Distance Nuit,6.402555635089035,,,0,111.67897497102798,48.1242106,8.3428606,48.4038261,9.7919599,St. Georgen Bahnhof,Blaubeuren,5.0,10.0,0.5,,,28711.0,
St. Georgen Bahnhof,Ehingen (Donau),Train Longue Distance Nuit,5.959577432326624,,,0,103.9521617360304,48.1242106,8.3428606,48.2858588,9.7244695,St. Georgen Bahnhof,Ehingen (Donau),5.0,10.0,0.5,,,,27764.0
St. Georgen Bahnhof,Herrlingen,Train Longue Distance Nuit,6.856325110241271,,,0,119.59401901694177,48.1242106,8.3428606,48.4176719,9.8974491,St. Georgen Bahnhof,Herrlingen,3.0,10.0,0.3,,,503.0,
St. Georgen Bahnhof,Schelklingen,Train Longue Distance Nuit,6.116597670702679,,,0,106.69104606144563,48.1242106,8.3428606,48.3715701,9.7350607,St. Georgen Bahnhof,Schelklingen,5.0,10.0,0.5,,,,
St. Georgen Bahnhof,Ulm Hbf,Train Longue Distance Nuit,7.175162167030323,66.90301387603644,59.72785170900612,1,125.15545381179702,48.1242106,8.3428606,48.3993472,9.9823129,St. Georgen Bahnhof,Ulm Hbf,2.0,10.0,0.2,,,,120451.0
Stavanger,Oslo S,InterCity,0.26693940671877897,105.18581641536584,104.91887700864706,1,302.65238857004414,58.96654,5.7324,59.9104,10.755,Stavanger,Oslo S,,,,,148682.0,,1082575.0
Stockholm C,Berlin Hbf,EuroNight,0.7149433795500487,224.52698857676734,223.8120451972173,0,810.5934008503954,59.33001,18.05763,52.52508,13.3694,Stockholm C,Berlin Hbf,,,,,1515017.0,,3426354.0
Stockholm C,Berlin Hbf,InterCity,0.7149433795500487,224.52698857676734,223.8120451972173,0,810.5934008503954,59.33001,18.05763,52.52508,13.3694,Stockholm C,Berlin Hbf,,,,,1515017.0,,3426354.0
Stockholm C,Duved,InterCity,0.46541994462081054,137.46825920800663,137.00283926338582,1,527.6870120417353,59.33001,18.05763,63.38985,12.91755,Stockholm C,Duved,,,,,1515017.0,,
Stockholm C,Luleå C,InterCity,0.6407012341873798,180.19495872820247,179.55425749401508,0,726.41863286551,59.33001,18.05763,65.58417,22.16527,Stockholm C,Luleå C,,,,,1515017.0,,77832.0
Stockholm C,Malmö C,InterCity,0.45169264036680806,142.24080799297977,141.78911535261295,1,512.1231750190567,59.33001,18.05763,55.60944,13.00084,Stockholm C,Malmö C,,,,,1515017.0,,362133.0
Stockholm C,Narvik,InterCity,0.8940037624803367,167.91101030412165,167.0170065416413,0,1013.6097080275927,59.33001,18.05763,68.4417,17.44142,Stockholm C,Narvik,,,,,1515017.0,,
Storlien,Malmö C,InterCity,0.7571124873021247,237.9178370918226,237.16072460452048,0,858.4041806146538,63.31589,12.10065,55.60944,13.00084,Storlien,Malmö C,,,,,,,362133.0
Strasbourg Gare Centrale,Augsburg Hbf,Train Longue Distance,13.392839079566635,93.87710291992184,80.4842638403552,1,233.60961241176753,48.5851086,7.7338837,48.365656,10.8858385,Strasbourg Gare Centrale,Augsburg Hbf,8.0,52.0,0.15384615384615385,24568668.0,293771.0,,301105.0
Strasbourg Gare Centrale,Esslingen (N) Gleis 5,Train Longue Distance,6.6688623106593115,74.87811666511568,68.20925435445638,1,116.32412891434346,48.5851086,7.7338837,48.7385696,9.3006174,Strasbourg Gare Centrale,Esslingen (N) Gleis 5,2.0,52.0,0.038461538461538464,24568668.0,293771.0,,92390.0
Strasbourg Gare Centrale,München Hbf Gleis 14,Train Longue Distance,16.43980532061592,113.42152610217227,96.98172078155635,1,286.75746242134863,48.5851086,7.7338837,48.1400807,11.5575178,Strasbourg Gare Centrale,München Hbf Gleis 14,8.0,52.0,0.15384615384615385,24568668.0,293771.0,,
Strasbourg Gare Centrale,Paris Gare de l'Est,Train Longue Distance,22.666924085000602,119.34438895574692,96.67746487074632,1,395.3763140589674,48.5851086,7.7338837,48.8785739,2.3603054,Strasbourg Gare Centrale,Paris Gare de l'Est,21.0,52.0,0.40384615384615385,24568668.0,293771.0,,2103778.0
Strasbourg Gare Centrale,Stuttgart Hauptbahnhof (oben) Gleis 1,Train Longue Distance,6.228018542065398,71.683574740442,65.4555561983766,1,108.63454634685851,48.5851086,7.7338837,48.7856758,9.1822195,Strasbourg Gare Centrale,Stuttgart Hauptbahnhof (oben) Gleis 1,19.0,52.0,0.36538461538461536,24568668.0,293771.0,,612663.0
Strasbourg Gare Centrale,Ulm Hauptbahnhof,Train Longue Distance,9.574755296962618,102.3448526517348,92.77009735477218,1,167.01125583398948,48.5851086,7.7338837,48.3993472,9.9829328,Strasbourg Gare Centrale,Ulm Hauptbahnhof,8.0,52.0,0.15384615384615385,24568668.0,293771.0,,120451.0
Stuttgart Hauptbahnhof (oben) Gleis 1,Augsburg Hbf,Train Longue Distance,7.6679123075791775,86.32842274261672,78.66051043503755,1,133.75043271549237,48.7856758,9.1822195,48.365656,10.8858385,Stuttgart Hauptbahnhof (oben) Gleis 1,Augsburg Hbf,6.0,36.0,0.16666666666666666,,612663.0,,301105.0
Stuttgart Hauptbahnhof (oben) Gleis 1,München Hbf Gleis 14,Train Longue Distance,10.850886317567534,118.90862450357183,108.0577381860043,1,189.27064918136287,48.7856758,9.1822195,48.1400807,11.5575178,Stuttgart Hauptbahnhof (oben) Gleis 1,München Hbf Gleis 14,6.0,36.0,0.16666666666666666,,612663.0,,
Stuttgart Hauptbahnhof (oben) Gleis 1,Paris Gare de l'Est,Train Longue Distance Nuit,28.62350635623371,106.7470250187795,78.12351866254579,1,499.2762315756796,48.7856758,9.1822195,48.8785739,2.3603054,Stuttgart Hauptbahnhof (oben) Gleis 1,Paris Gare de l'Est,11.0,36.0,0.3055555555555556,,612663.0,,2103778.0
Stuttgart Hauptbahnhof (oben) Gleis 1,Strasbourg Gare Centrale,Train Longue Distance Nuit,6.228018542065398,71.683574740442,65.4555561983766,1,108.63454634685851,48.7856758,9.1822195,48.5851086,7.7338837,Stuttgart Hauptbahnhof (oben) Gleis 1,Strasbourg Gare Centrale,11.0,36.0,0.3055555555555556,,612663.0,24568668.0,293771.0
Stuttgart Hauptbahnhof (oben) Gleis 11,Friedrichshafen Stadtbahnhof,Train Longue Distance,7.320814198943029,86.17616942087686,78.85535522193383,1,127.69604393760734,48.7851371,9.1833513,47.653125,9.4734982,Stuttgart Hauptbahnhof (oben) Gleis 11,Friedrichshafen Stadtbahnhof,1.0,80.0,0.0125,,612663.0,,58403.0
Stuttgart Hauptbahnhof (oben) Gleis 11,Meckenbeuren Bahnhof,Train Longue Distance,7.099177255906028,86.17616942087686,79.07699216497083,1,123.83005853664797,48.7851371,9.1833513,47.6998799,9.5584339,Stuttgart Hauptbahnhof (oben) Gleis 11,Meckenbeuren Bahnhof,1.0,80.0,0.0125,,612663.0,28711.0,
Stuttgart Hauptbahnhof (oben) Gleis 11,Ravensburg Bahnhof,Train Longue Distance,6.626999408740348,75.21552715739165,68.5885277486513,1,115.59391956637619,48.7851371,9.1833513,47.7843678,9.6061614,Stuttgart Hauptbahnhof (oben) Gleis 11,Ravensburg Bahnhof,3.0,80.0,0.0375,,612663.0,,48825.0
Stuttgart Hauptbahnhof (oben) Gleis 12,Enzisweiler,Train Longue Distance,8.04809797940734,93.44916233298383,85.40106435357649,1,140.38196370848314,48.785078,9.1834861,47.5641329,9.6651717,Stuttgart Hauptbahnhof (oben) Gleis 12,Enzisweiler,1.0,235.0,0.00425531914893617,,612663.0,,
Stuttgart Hauptbahnhof (oben) Gleis 12,Eriskirch Bahnhof,Train Longue Distance,7.515394204079772,86.17616942087686,78.66077521679709,1,131.09007856409858,48.785078,9.1834861,47.6285332,9.5265347,Stuttgart Hauptbahnhof (oben) Gleis 12,Eriskirch Bahnhof,1.0,235.0,0.00425531914893617,,612663.0,,
Stuttgart Hauptbahnhof (oben) Gleis 12,Friedrichshafen Stadtbahnhof,Train Longue Distance,7.319756715235231,86.17616942087686,78.85641270564163,1,127.67759838191577,48.785078,9.1834861,47.6532219,9.4735251,Stuttgart Hauptbahnhof (oben) Gleis 12,Friedrichshafen Stadtbahnhof,16.0,235.0,0.06808510638297872,,612663.0,,58403.0
Stuttgart Hauptbahnhof (oben) Gleis 12,Kressbronn Bahnhof,Train Longue Distance,7.794949029149361,93.44916233298383,85.65421330383447,1,135.9663183176236,48.785078,9.1834861,47.5940803,9.5989479,Stuttgart Hauptbahnhof (oben) Gleis 12,Kressbronn Bahnhof,1.0,235.0,0.00425531914893617,,612663.0,,
Stuttgart Hauptbahnhof (oben) Gleis 12,Langenargen Bahnhof,Train Longue Distance,7.712168580526415,86.17616942087686,78.46400084035045,1,134.52238933414293,48.785078,9.1834861,47.5994777,9.5445998,Stuttgart Hauptbahnhof (oben) Gleis 12,Langenargen Bahnhof,1.0,235.0,0.00425531914893617,,612663.0,,
Stuttgart Hauptbahnhof (oben) Gleis 12,Lindau-Aeschach,Train Longue Distance,8.099701559715065,93.44916233298383,85.34946077326876,1,141.28207848796555,48.785078,9.1834861,47.5592531,9.684746,Stuttgart Hauptbahnhof (oben) Gleis 12,Lindau-Aeschach,1.0,235.0,0.00425531914893617,,612663.0,,24518.0
Stuttgart Hauptbahnhof (oben) Gleis 12,Lindau-Reutin,Train Longue Distance,8.161001159460781,93.44916233298383,85.28816117352305,1,142.35131971848563,48.785078,9.1834861,47.5523177,9.7012121,Stuttgart Hauptbahnhof (oben) Gleis 12,Lindau-Reutin,1.0,235.0,0.00425531914893617,,612663.0,28711.0,24518.0
Stuttgart Hauptbahnhof (oben) Gleis 12,Meckenbeuren Bahnhof,Train Longue Distance,7.0986819772827054,86.17616942087686,79.07748744359415,1,123.82141945373635,48.785078,9.1834861,47.6998799,9.5584339,Stuttgart Hauptbahnhof (oben) Gleis 12,Meckenbeuren Bahnhof,16.0,235.0,0.06808510638297872,,612663.0,28711.0,
Stuttgart Hauptbahnhof (oben) Gleis 12,Nonnenhorn,Train Longue Distance,7.925478201204194,93.44916233298383,85.52368413177963,1,138.24312229555545,48.785078,9.1834861,47.5752,9.6126293,Stuttgart Hauptbahnhof (oben) Gleis 12,Nonnenhorn,1.0,235.0,0.00425531914893617,,612663.0,,
Stuttgart Hauptbahnhof (oben) Gleis 12,Ravensburg Bahnhof,Train Longue Distance,6.625996361947344,75.21552715739165,68.5895307954443,1,115.5764235469622,48.785078,9.1834861,47.78441,9.6059638,Stuttgart Hauptbahnhof (oben) Gleis 12,Ravensburg Bahnhof,28.0,235.0,0.11914893617021277,,612663.0,,48825.0
Stuttgart Hauptbahnhof (oben) Gleis 12,Wasserburg (Bodensee),Train Longue Distance,7.973266402854354,93.44916233298383,85.47589593012948,1,139.07668590361683,48.785078,9.1834861,47.5718123,9.6392733,Stuttgart Hauptbahnhof (oben) Gleis 12,Wasserburg (Bodensee),1.0,235.0,0.00425531914893617,,612663.0,,
Stuttgart Hauptbahnhof (oben) Gleis 13,Friedrichshafen Stadtbahnhof,Train Longue Distance,7.319462476014581,86.17616942087686,78.85670694486228,1,127.67246600409176,48.7850424,9.1835849,47.6532219,9.4735251,Stuttgart Hauptbahnhof (oben) Gleis 13,Friedrichshafen Stadtbahnhof,5.0,359.0,0.013927576601671309,,612663.0,,58403.0
Stuttgart Hauptbahnhof (oben) Gleis 13,Meckenbeuren Bahnhof,Train Longue Distance,7.098366901390278,86.17616942087686,79.07780251948658,1,123.81592362445974,48.7850424,9.1835849,47.6998799,9.5584339,Stuttgart Hauptbahnhof (oben) Gleis 13,Meckenbeuren Bahnhof,5.0,359.0,0.013927576601671309,,612663.0,28711.0,
Stuttgart Hauptbahnhof (oben) Gleis 13,Ravensburg Bahnhof,Train Longue Distance,6.625664713904788,75.21552715739165,68.58986244348687,1,115.5706386517493,48.7850424,9.1835849,47.78441,9.6059638,Stuttgart Hauptbahnhof (oben) Gleis 13,Ravensburg Bahnhof,19.0,359.0,0.052924791086350974,,612663.0,,48825.0
Stuttgart Hauptbahnhof (oben) Gleis 14,Enzisweiler,Train Longue Distance,8.047281515200554,93.44916233298383,85.40188081778328,1,140.36772222572043,48.7849833,9.1837017,47.5641329,9.6651717,Stuttgart Hauptbahnhof (oben) Gleis 14,Enzisweiler,2.0,153.0,0.013071895424836602,,612663.0,,
Stuttgart Hauptbahnhof (oben) Gleis 14,Eriskirch Bahnhof,Train Longue Distance,7.514624674206051,86.17616942087686,78.66154474667081,1,131.0766557510213,48.7849833,9.1837017,47.6285332,9.5265347,Stuttgart Hauptbahnhof (oben) Gleis 14,Eriskirch Bahnhof,2.0,153.0,0.013071895424836602,,612663.0,,
Stuttgart Hauptbahnhof (oben) Gleis 14,Friedrichshafen Stadtbahnhof,Train Longue Distance,7.319007772921079,86.17616942087686,78.85716164795578,1,127.66453467505805,48.7849833,9.1837017,47.6532219,9.4735251,Stuttgart Hauptbahnhof (oben) Gleis 14,Friedrichshafen Stadtbahnhof,41.0,153.0,0.2679738562091503,,612663.0,,58403.0
Stuttgart Hauptbahnhof (oben) Gleis 14,Friedrichshafen Stadtbahnhof,Train Longue Distance Nuit,7.319007772921079,86.17616942087686,78.85716164795578,1,127.66453467505805,48.7849833,9.1837017,47.6532219,9.4735251,Stuttgart Hauptbahnhof (oben) Gleis 14,Friedrichshafen Stadtbahnhof,41.0,116.0,0.35344827586206895,,612663.0,,58403.0
Stuttgart Hauptbahnhof (oben) Gleis 14,Kressbronn Bahnhof,Train Longue Distance,7.794153922812027,93.44916233298383,85.6550084101718,1,135.95244937749916,48.7849833,9.1837017,47.5940803,9.5989479,Stuttgart Hauptbahnhof (oben) Gleis 14,Kressbronn Bahnhof,2.0,153.0,0.013071895424836602,,612663.0,,
Stuttgart Hauptbahnhof (oben) Gleis 14,Langenargen Bahnhof,Train Longue Distance,7.711394998098067,86.17616942087686,78.46477442277879,1,134.50889583286354,48.7849833,9.1837017,47.5994777,9.5445998,Stuttgart Hauptbahnhof (oben) Gleis 14,Langenargen Bahnhof,4.0,153.0,0.026143790849673203,,612663.0,,
Stuttgart Hauptbahnhof (oben) Gleis 14,Lindau-Aeschach,Train Longue Distance,8.098878581439362,93.44916233298383,85.35028375154447,1,141.26772338111567,48.7849833,9.1837017,47.5592531,9.684746,Stuttgart Hauptbahnhof (oben) Gleis 14,Lindau-Aeschach,2.0,153.0,0.013071895424836602,,612663.0,,24518.0
Stuttgart Hauptbahnhof (oben) Gleis 14,Lindau-Insel,Train Longue Distance,8.180990976610875,93.44916233298383,85.26817135637296,1,142.69999959202642,48.7849833,9.1837017,47.5451508,9.6804521,Stuttgart Hauptbahnhof (oben) Gleis 14,Lindau-Insel,2.0,153.0,0.013071895424836602,,612663.0,,24518.0
Stuttgart Hauptbahnhof (oben) Gleis 14,Lindau-Reutin,Train Longue Distance,8.160173233170434,93.44916233298383,85.28898909981339,1,142.33687830403687,48.7849833,9.1837017,47.5523177,9.7012121,Stuttgart Hauptbahnhof (oben) Gleis 14,Lindau-Reutin,2.0,153.0,0.013071895424836602,,612663.0,28711.0,24518.0
Stuttgart Hauptbahnhof (oben) Gleis 14,Meckenbeuren Bahnhof,Train Longue Distance,7.097888803375294,86.17616942087686,79.07828061750156,1,123.80758422074469,48.7849833,9.1837017,47.6998799,9.5584339,Stuttgart Hauptbahnhof (oben) Gleis 14,Meckenbeuren Bahnhof,39.0,153.0,0.2549019607843137,,612663.0,28711.0,
Stuttgart Hauptbahnhof (oben) Gleis 14,Meckenbeuren Bahnhof,Train Longue Distance Nuit,7.097888803375294,86.17616942087686,79.07828061750156,1,123.80758422074469,48.7849833,9.1837017,47.6998799,9.5584339,Stuttgart Hauptbahnhof (oben) Gleis 14,Meckenbeuren Bahnhof,39.0,116.0,0.33620689655172414,,612663.0,28711.0,
Stuttgart Hauptbahnhof (oben) Gleis 14,Nonnenhorn,Train Longue Distance,7.924680249178443,93.44916233298383,85.5244820838054,1,138.22920371844484,48.7849833,9.1837017,47.5752,9.6126293,Stuttgart Hauptbahnhof (oben) Gleis 14,Nonnenhorn,4.0,153.0,0.026143790849673203,,612663.0,,
Stuttgart Hauptbahnhof (oben) Gleis 14,Ravensburg Bahnhof,Train Longue Distance,6.625168325250745,75.21552715739165,68.59035883214091,1,115.56198020671104,48.7849833,9.1837017,47.78441,9.6059638,Stuttgart Hauptbahnhof (oben) Gleis 14,Ravensburg Bahnhof,65.0,153.0,0.42483660130718953,,612663.0,,48825.0
Stuttgart Hauptbahnhof (oben) Gleis 14,Ravensburg Bahnhof,Train Longue Distance Nuit,6.625168325250745,75.21552715739165,68.59035883214091,1,115.56198020671104,48.7849833,9.1837017,47.78441,9.6059638,Stuttgart Hauptbahnhof (oben) Gleis 14,Ravensburg Bahnhof,65.0,116.0,0.5603448275862069,,612663.0,,48825.0
Stuttgart Hauptbahnhof (oben) Gleis 14,Wasserburg (Bodensee),Train Longue Distance,7.97245861796163,93.44916233298383,85.4767037150222,1,139.06259581304082,48.7849833,9.1837017,47.5718123,9.6392733,Stuttgart Hauptbahnhof (oben) Gleis 14,Wasserburg (Bodensee),2.0,153.0,0.013071895424836602,,612663.0,,
Stuttgart Hauptbahnhof (oben) Gleis 15,Friedrichshafen Stadtbahnhof,Train Longue Distance,7.318602383010818,86.17616942087686,78.85756703786605,1,127.65746350969506,48.78493,9.1838005,47.6532219,9.4735251,Stuttgart Hauptbahnhof (oben) Gleis 15,Friedrichshafen Stadtbahnhof,6.0,58.0,0.10344827586206896,,612663.0,,58403.0
Stuttgart Hauptbahnhof (oben) Gleis 15,Friedrichshafen Stadtbahnhof,Train Longue Distance Nuit,7.318602383010818,86.17616942087686,78.85756703786605,1,127.65746350969506,48.78493,9.1838005,47.6532219,9.4735251,Stuttgart Hauptbahnhof (oben) Gleis 15,Friedrichshafen Stadtbahnhof,6.0,28.0,0.21428571428571427,,612663.0,,58403.0
Stuttgart Hauptbahnhof (oben) Gleis 15,Meckenbeuren Bahnhof,Train Longue Distance,7.09746386298954,86.17616942087686,79.07870555788732,1,123.80017203888958,48.78493,9.1838005,47.6998799,9.5584339,Stuttgart Hauptbahnhof (oben) Gleis 15,Meckenbeuren Bahnhof,6.0,58.0,0.10344827586206896,,612663.0,28711.0,
Stuttgart Hauptbahnhof (oben) Gleis 15,Meckenbeuren Bahnhof,Train Longue Distance Nuit,7.09746386298954,86.17616942087686,79.07870555788732,1,123.80017203888958,48.78493,9.1838005,47.6998799,9.5584339,Stuttgart Hauptbahnhof (oben) Gleis 15,Meckenbeuren Bahnhof,6.0,28.0,0.21428571428571427,,612663.0,28711.0,
Stuttgart Hauptbahnhof (oben) Gleis 15,Ravensburg Bahnhof,Train Longue Distance,6.625213965854694,75.21552715739165,68.59031319153695,1,115.56277631004176,48.78493,9.1838005,47.7843678,9.6061614,Stuttgart Hauptbahnhof (oben) Gleis 15,Ravensburg Bahnhof,23.0,58.0,0.39655172413793105,,612663.0,,48825.0
Stuttgart Hauptbahnhof (oben) Gleis 15,Ravensburg Bahnhof,Train Longue Distance Nuit,6.6247281649918115,75.21552715739165,68.59079899239984,1,115.55430254651687,48.78493,9.1838005,47.78441,9.6059638,Stuttgart Hauptbahnhof (oben) Gleis 15,Ravensburg Bahnhof,23.0,28.0,0.8214285714285714,,612663.0,,48825.0
Stuttgart Hauptbahnhof (oben) Gleis 16,Friedrichshafen Stadtbahnhof,Train Longue Distance,7.318195600651474,86.17616942087686,78.85797382022538,1,127.65036805601731,48.7848826,9.1839532,47.6532219,9.4735251,Stuttgart Hauptbahnhof (oben) Gleis 16,Friedrichshafen Stadtbahnhof,4.0,68.0,0.058823529411764705,,612663.0,,58403.0
Stuttgart Hauptbahnhof (oben) Gleis 16,Meckenbeuren Bahnhof,Train Longue Distance,7.097024314087392,86.17616942087686,79.07914510678947,1,123.79250504251512,48.7848826,9.1839532,47.6998799,9.5584339,Stuttgart Hauptbahnhof (oben) Gleis 16,Meckenbeuren Bahnhof,4.0,68.0,0.058823529411764705,,612663.0,28711.0,
Stuttgart Hauptbahnhof (oben) Gleis 16,Ravensburg Bahnhof,Train Longue Distance,6.624262417417326,75.21552715739165,68.59126473997432,1,115.5461785699865,48.7848826,9.1839532,47.78441,9.6059638,Stuttgart Hauptbahnhof (oben) Gleis 16,Ravensburg Bahnhof,13.0,68.0,0.19117647058823528,,612663.0,,48825.0
Stuttgart Hauptbahnhof (oben) Gleis 3,Friedrichshafen Stadtbahnhof,Train Longue Distance,7.323514053160991,86.17616942087686,78.85265536771587,1,127.743137156131,48.7855574,9.182444,47.6532219,9.4735251,Stuttgart Hauptbahnhof (oben) Gleis 3,Friedrichshafen Stadtbahnhof,4.0,38.0,0.10526315789473684,,612663.0,,58403.0
Stuttgart Hauptbahnhof (oben) Gleis 3,Meckenbeuren Bahnhof,Train Longue Distance,7.102651423811068,86.17616942087686,79.07351799706579,1,123.89065801170536,48.7855574,9.182444,47.6998799,9.5584339,Stuttgart Hauptbahnhof (oben) Gleis 3,Meckenbeuren Bahnhof,4.0,38.0,0.10526315789473684,,612663.0,28711.0,
Stuttgart Hauptbahnhof (oben) Gleis 3,Ravensburg Bahnhof,Train Longue Distance,6.630132611473028,75.21552715739165,68.58539454591862,1,115.64857162869401,48.7855574,9.182444,47.78441,9.6059638,Stuttgart Hauptbahnhof (oben) Gleis 3,Ravensburg Bahnhof,8.0,38.0,0.21052631578947367,,612663.0,,48825.0
Stuttgart Hbf,Budapest Keleti,EuroNight,42.87830751581376,185.02405618023815,142.1457486644244,0,747.9209404467774,48.78408,9.18164,47.50059,19.08426,Stuttgart Hbf,Budapest Keleti,,,,,612663.0,,1741041.0
Stuttgart Hbf,Venezia Santa Lucia,Nightjet,25.283397414447027,96.98552308129915,71.70212566685213,1,441.0151302014133,48.78408,9.18164,45.44139,12.32046,Stuttgart Hbf,Venezia Santa Lucia,,,,,612663.0,1680.0,
Stuttgart Hbf,Zagreb Gl. K.,EuroNight,34.97322026737342,152.76815024338012,117.7949299760067,0,610.0334949829656,48.78408,9.18164,45.80489,15.97961,Stuttgart Hbf,Zagreb Gl. K.,,,,,612663.0,,663592.0
Suceava Nord,Constanța,InterCity,22.08687679554062,96.22897056919008,74.14209377364946,1,431.7553521686727,47.67639,26.23626,44.16877,28.63189,Suceava Nord,Constanța,,,,,84308.0,,317832.0
Sumy,Rakhiv,InterCity,,,,0,,,,,,Sumy,Rakhiv,,,,,,,
Szklarska Poręba Górna,Warszawa Wschodnia,InterCity,28.097037275596104,125.69016699269339,97.59312971709728,1,413.71495237500517,50.83167,15.52059,52.25183,21.05204,Szklarska Poręba Górna,Warszawa Wschodnia,,,,,,,
Tannheim (Württ),München Hbf Gleis 15,Train Longue Distance,1.7421860449649045,71.44984380574309,69.70765776077818,1,109.73709025982015,47.9948974,10.0967763,48.1401826,11.5575268,Tannheim (Württ),München Hbf Gleis 15,1.0,291.0,0.003436426116838488,11803.0,,,
Tannheim (Württ),München Hbf Gleis 19,Train Longue Distance,1.7423366986256952,71.44984380574309,69.7075071071174,1,109.74657965644337,47.9948974,10.0967763,48.1405003,11.5575896,Tannheim (Württ),München Hbf Gleis 19,1.0,291.0,0.003436426116838488,11803.0,,,
Tannheim (Württ),München Hbf Gleis 24,Train Longue Distance,1.7425084043741483,71.44984380574309,69.70733540136894,1,109.75739508529531,47.9948974,10.0967763,48.14086,11.5576615,Tannheim (Württ),München Hbf Gleis 24,100.0,291.0,0.3436426116838488,11803.0,,,
Tannheim (Württ),München Hbf Gleis 24,Train Longue Distance Nuit,1.7425084043741483,71.44984380574309,69.70733540136894,1,109.75739508529531,47.9948974,10.0967763,48.14086,11.5576615,Tannheim (Württ),München Hbf Gleis 24,100.0,291.0,0.3436426116838488,11803.0,,,
Tannheim (Württ),Pasing Gleis 3,Train Longue Distance,1.632976753101684,64.92988064884076,63.29690389573908,1,102.85819810416251,47.9948974,10.0967763,48.1496771,11.4616496,Tannheim (Württ),Pasing Gleis 3,116.0,291.0,0.39862542955326463,11803.0,,,35728.0
Tannheim (Württ),Pasing Gleis 3,Train Longue Distance Nuit,1.632976753101684,64.92988064884076,63.29690389573908,1,102.85819810416251,47.9948974,10.0967763,48.1496771,11.4616496,Tannheim (Württ),Pasing Gleis 3,116.0,291.0,0.39862542955326463,11803.0,,,35728.0
Tarbes,Paris Austerlitz,InterCity,19.418994972025022,170.1450377091684,150.7260427371434,0,647.5588559432113,43.23997,0.06939,48.84185,2.36646,Tarbes,Paris Austerlitz,,,,861314.0,44399.0,23798578.0,2103778.0
Tatvan,Ankara,InterCity,54.73455676057651,228.6188283894652,173.88427162888868,0,827.4309412029706,38.50882,42.2762,39.93498,32.84395,Tatvan,Ankara,,,,,73222.0,,3517182.0
Timişoara Nord,Iași,InterCity,21.76495603474025,141.23567120820792,119.47071517346767,1,514.1004354388759,45.7509,21.20805,47.15723,27.60345,Timişoara Nord,Iași,,,,,250849.0,,378954.0
Torino Lingotto,Lecce,InterCity,45.123485475732004,170.20888590403445,125.08540042830245,0,1003.1453798348673,45.02669,7.65695,40.34594,18.16583,Torino Lingotto,Lecce,,,,,,,80695.0
Torino Lingotto,Reggio Calabria Centrale,InterCity,45.67493524451222,172.36368948360112,126.6887542390889,0,1015.4047228783116,45.02669,7.65695,38.10453,15.63646,Torino Lingotto,Reggio Calabria Centrale,,,,,,,182455.0
Torino Lingotto,Salerno,InterCity,33.95486868241155,209.6994939334836,175.74462525107205,0,754.8545792186109,45.02669,7.65695,40.67531,14.77256,Torino Lingotto,Salerno,,,,,,,125797.0
Torino Porta Susa,Salerno,InterCity,34.06576512294264,209.6994939334836,175.63372881054096,0,757.3199307043404,45.07176,7.66639,40.67531,14.77256,Torino Porta Susa,Salerno,,,,106903.0,,,125797.0
Toulouse Matabiau,Paris Austerlitz,InterCity,17.56790322614491,141.49078243745123,123.92287921130632,1,585.8311066474893,43.61121,1.45369,48.84185,2.36646,Toulouse Matabiau,Paris Austerlitz,,,,14522596.0,514819.0,23798578.0,2103778.0
Triberg Bahnhof,Blaubeuren,Train Longue Distance Nuit,6.809913720241574,65.71814361881208,58.908229898570504,1,118.78447096182755,48.1398769,8.2367336,48.4038261,9.7919599,Triberg Bahnhof,Blaubeuren,5.0,10.0,0.5,,,28711.0,
Triberg Bahnhof,Ehingen (Donau),Train Longue Distance Nuit,6.387867212986528,,,0,111.42276666643167,48.1398769,8.2367336,48.2858588,9.7244695,Triberg Bahnhof,Ehingen (Donau),5.0,10.0,0.5,,,,27764.0
Triberg Bahnhof,Herrlingen,Train Longue Distance Nuit,7.264528952042223,65.71814361881208,58.45361466676985,1,126.71426743488963,48.1398769,8.2367336,48.4176719,9.8974491,Triberg Bahnhof,Herrlingen,3.0,10.0,0.3,,,503.0,
Triberg Bahnhof,Munderkingen Gleis,Train Longue Distance Nuit,6.019862756260166,,,0,105.0037110807634,48.1398769,8.2367336,48.2379025,9.6455615,Triberg Bahnhof,Munderkingen Gleis,5.0,10.0,0.5,,,,
Triberg Bahnhof,Schelklingen,Train Longue Distance Nuit,6.528632207426071,,,0,113.87811281050183,48.1398769,8.2367336,48.3715701,9.7350607,Triberg Bahnhof,Schelklingen,5.0,10.0,0.5,,,,
Triberg Bahnhof,Ulm Hbf,Train Longue Distance Nuit,7.58916526045269,70.72903235035996,63.13986708990727,1,132.37685784846835,48.1398769,8.2367336,48.3993472,9.9823129,Triberg Bahnhof,Ulm Hbf,2.0,10.0,0.2,,,,120451.0
Trieste Centrale,Roma Termini,InterCity,16.309781384350174,129.98416355097396,113.67438216662379,1,430.04222391895206,45.65788,13.77251,41.90049,12.50279,Trieste Centrale,Roma Termini,,,,,204338.0,,
Trondheim S,Bodø,InterCity,0.41116851002706584,99.36718550878444,98.95601699875738,1,466.17744901027874,63.43624,10.39914,67.28638,14.39118,Trondheim S,Bodø,,,,,216518.0,,34073.0
Trondheim S,Oslo S,InterCity,0.3461878660165049,120.86969703296266,120.52350916694616,1,392.5032494518196,63.43624,10.39914,59.9104,10.755,Trondheim S,Oslo S,,,,,216518.0,,1082575.0
Truskavets,Dnipro Holovny,InterCity,,,,0,,,,,,Truskavets,Dnipro Holovny,,,,106903.0,,,
Truskavets,Kyiv Pasazhyrskyi,InterCity,,,,0,,,,,,Truskavets,Kyiv Pasazhyrskyi,,,,106903.0,,,
Turku satama / Åbo hamn,Rovaniemi,InterCity,,,,0,,,,66.49809,25.70537,Turku satama / Åbo hamn,Rovaniemi,,,,203396.0,206655.0,,65670.0
Uhldingen-Mühlhofen Bahnhof,"Aalen, Hauptbahnhof",Train Longue Distance,0.12165783396864423,86.41508424436721,86.29342641039857,1,137.93405211864425,47.7369033,9.24856,48.8416955,10.096417,Uhldingen-Mühlhofen Bahnhof,"Aalen, Hauptbahnhof",2.0,9.0,0.2222222222222222,14285.0,,,
Uhldingen-Mühlhofen Bahnhof,Giengen (Brenz),Train Longue Distance,0.10808974271465323,85.13099220211114,85.02290245939649,1,122.55072870142088,47.7369033,9.24856,48.619741,10.2380274,Uhldingen-Mühlhofen Bahnhof,Giengen (Brenz),2.0,9.0,0.2222222222222222,14285.0,,169298.0,
Uhldingen-Mühlhofen Bahnhof,Heidenheim (Brenz),Train Longue Distance,0.1099223966811934,85.34781750126491,85.23789510458371,1,124.62856766575216,47.7369033,9.24856,48.6803766,10.1565142,Uhldingen-Mühlhofen Bahnhof,Heidenheim (Brenz),2.0,9.0,0.2222222222222222,14285.0,,,
Uhldingen-Mühlhofen Bahnhof,Langenau (Württ),Train Longue Distance,0.09382285935026408,79.19455395468282,79.10073109533255,1,106.37512397989124,47.7369033,9.24856,48.4932982,10.1258817,Uhldingen-Mühlhofen Bahnhof,Langenau (Württ),2.0,9.0,0.2222222222222222,14285.0,,11803.0,
Uhldingen-Mühlhofen Bahnhof,"Oberkochen, Bahnhof",Train Longue Distance,0.11687317494979504,86.41508424436721,86.29821106941742,1,132.50926865056127,47.7369033,9.24856,48.7824026,10.10761,Uhldingen-Mühlhofen Bahnhof,"Oberkochen, Bahnhof",2.0,9.0,0.2222222222222222,14285.0,,,
Uhldingen-Mühlhofen Bahnhof,Sontheim (Brenz),Train Longue Distance,0.10536525868556838,85.91988221376981,85.81451695508424,1,119.46174454146073,47.7369033,9.24856,48.5591633,10.2849464,Uhldingen-Mühlhofen Bahnhof,Sontheim (Brenz),2.0,9.0,0.2222222222222222,14285.0,,,
Ulm Hauptbahnhof,Karlsruhe Hauptbahnhof,Train Longue Distance,2.1203428049666053,86.90402520201542,84.7836823970488,1,133.55648809313462,48.3993472,9.9829328,48.993367,8.401278,Ulm Hauptbahnhof,Karlsruhe Hauptbahnhof,4.0,20.0,0.2,,120451.0,,283799.0
Ulm Hauptbahnhof,München Hbf Gleis 14,Train Longue Distance,1.9059438041888654,78.33672852444323,76.43078472025437,1,120.0518899085957,48.3993472,9.9829328,48.1400807,11.5575178,Ulm Hauptbahnhof,München Hbf Gleis 14,8.0,20.0,0.4,,120451.0,,
Ulm Hauptbahnhof,Paris Gare de l'Est,Train Longue Distance,8.928397198705051,151.2836109928555,142.35521379415044,1,562.383295458872,48.3993472,9.9829328,48.8785739,2.3603054,Ulm Hauptbahnhof,Paris Gare de l'Est,4.0,20.0,0.2,,120451.0,,2103778.0
Ulm Hauptbahnhof,Strasbourg Gare Centrale,Train Longue Distance,2.651470697620417,102.3448526517348,99.69338195411439,1,167.01125583398948,48.3993472,9.9829328,48.5851086,7.7338837,Ulm Hauptbahnhof,Strasbourg Gare Centrale,4.0,20.0,0.2,,120451.0,24568668.0,293771.0
Ulm Hbf,Altstädten (Allgäu),Train Longue Distance Nuit,1.6464366934037291,,,0,103.70601495362367,48.3993531,9.9825824,47.4883577,10.280886,Ulm Hbf,Altstädten (Allgäu),146.0,3400.0,0.04294117647058823,,120451.0,,
Ulm Hbf,Bad Säckingen Bahnhof,Train Longue Distance,2.82688217047519,111.19971030044074,108.37282812996555,1,178.0601014408661,48.3993472,9.9823668,47.5559371,7.9487877,Ulm Hbf,Bad Säckingen Bahnhof,2.0,3400.0,0.000588235294117647,,120451.0,,16549.0
Ulm Hbf,Badischer Bahnhof,Train Longue Distance,3.166024302046437,79.16451752309418,75.99849322104774,1,199.42203968546465,48.3993472,9.9823668,47.5677212,7.6082453,Ulm Hbf,Badischer Bahnhof,2.0,3400.0,0.000588235294117647,,120451.0,,
Ulm Hbf,Donaueschingen Bahnhof,Train Longue Distance,1.9195617166297794,71.35827056852887,69.4387088518991,1,120.90965713213525,48.3993472,9.9823129,47.947842,8.4989429,Ulm Hbf,Donaueschingen Bahnhof,16.0,3400.0,0.004705882352941176,,120451.0,,21604.0
Ulm Hbf,Erzingen (Baden) Bahnhof,Train Longue Distance,2.2490529584416397,88.10050101076204,85.8514480523204,1,141.66370360554544,48.3993472,9.9823668,47.6601803,8.430635,Ulm Hbf,Erzingen (Baden) Bahnhof,6.0,3400.0,0.0017647058823529412,,120451.0,,
Ulm Hbf,Fischen,Train Longue Distance Nuit,1.6999106154144428,,,0,107.07423881421283,48.3993531,9.9825824,47.4561086,10.2717771,Ulm Hbf,Fischen,154.0,3400.0,0.045294117647058825,,120451.0,,
Ulm Hbf,Geisingen Bahnhof,Train Longue Distance,1.7788103729770555,73.57205037624536,71.7932400032683,1,112.04398922757971,48.3993472,9.9823129,47.9214569,8.6523841,Ulm Hbf,Geisingen Bahnhof,16.0,3400.0,0.004705882352941176,,120451.0,,
Ulm Hbf,Immendingen Bahnhof,Train Longue Distance,1.6864785672400582,,,0,106.22817883850203,48.3993472,9.9823129,47.9362701,8.7294236,Ulm Hbf,Immendingen Bahnhof,16.0,3400.0,0.004705882352941176,,120451.0,14285.0,
Ulm Hbf,Ingolstadt Hbf,Train Longue Distance Nuit,1.8051766652080294,78.47954423199778,76.67436756678975,1,113.70475341446394,48.3983809,9.9833999,48.7446477,11.4375388,Ulm Hbf,Ingolstadt Hbf,73.0,3400.0,0.021470588235294116,,120451.0,,120658.0
Ulm Hbf,Ingolstadt Nord,Train Longue Distance Nuit,1.8168968406718033,78.47954423199778,76.66264739132598,1,114.44298568101559,48.3983809,9.9833999,48.7741565,11.4319153,Ulm Hbf,Ingolstadt Nord,4.0,3400.0,0.001176470588235294,,120451.0,,120658.0
Ulm Hbf,Langenwang (Schwab),Train Longue Distance Nuit,1.7349564997560338,,,0,109.28171452229994,48.3993531,9.9825824,47.4364373,10.2760441,Ulm Hbf,Langenwang (Schwab),146.0,3400.0,0.04294117647058823,,120451.0,,
Ulm Hbf,München Hbf Gleis 11,Train Longue Distance,1.9054934151035097,78.33672852444323,76.43123510933972,1,120.02352072962394,48.3986792,9.9831394,48.1398829,11.5574908,Ulm Hbf,München Hbf Gleis 11,1.0,3400.0,0.0002941176470588235,,120451.0,,
Ulm Hbf,München Hbf Gleis 12,Train Longue Distance,1.9054696597377643,78.33672852444323,76.43125886470547,1,120.02202442288764,48.3986792,9.9831394,48.1399368,11.5574908,Ulm Hbf,München Hbf Gleis 12,1.0,3400.0,0.0002941176470588235,,120451.0,,
Ulm Hbf,München Hbf Gleis 13,Train Longue Distance Nuit,1.9054608483731765,78.33672852444323,76.43126767607005,1,120.02146941126081,48.3986792,9.9831394,48.1400267,11.5575178,Ulm Hbf,München Hbf Gleis 13,3.0,3400.0,0.0008823529411764706,,120451.0,,
Ulm Hbf,München Hbf Gleis 14,Train Longue Distance,1.905437061198104,78.33672852444323,76.43129146324513,1,120.01997110091358,48.3986792,9.9831394,48.1400807,11.5575178,Ulm Hbf,München Hbf Gleis 14,2.0,3400.0,0.000588235294117647,,120451.0,,
Ulm Hbf,München Hbf Gleis 15,Train Longue Distance Nuit,1.9054024532383182,78.33672852444323,76.43132607120491,1,120.0177912092667,48.3986792,9.9831394,48.1401826,11.5575268,Ulm Hbf,München Hbf Gleis 15,10.0,3400.0,0.0029411764705882353,,120451.0,,
Ulm Hbf,München Hbf Gleis 16,Train Longue Distance,1.9053990995340444,78.33672852444323,76.43132942490918,1,120.01757996561126,48.3986792,9.9831394,48.1402366,11.5575447,Ulm Hbf,München Hbf Gleis 16,27.0,3400.0,0.007941176470588234,,120451.0,,
Ulm Hbf,München Hbf Gleis 17,Train Longue Distance Nuit,1.905387692282924,78.33672852444323,76.4313408321603,1,120.01686144387277,48.3986792,9.9831394,48.1403325,11.5575717,Ulm Hbf,München Hbf Gleis 17,44.0,3400.0,0.012941176470588235,,120451.0,,
Ulm Hbf,München Hbf Gleis 18,Train Longue Distance,1.9053639751335791,78.33672852444323,76.43136454930965,1,120.01536754431716,48.3986792,9.9831394,48.1403864,11.5575717,Ulm Hbf,München Hbf Gleis 18,7.0,3400.0,0.002058823529411765,,120451.0,,
Ulm Hbf,München Hbf Gleis 19,Train Longue Distance,1.9053342929771448,78.33672852444323,76.43139423146609,1,120.01349791995116,48.3986792,9.9831394,48.1405003,11.5575896,Ulm Hbf,München Hbf Gleis 19,1.0,3400.0,0.0002941176470588235,,120451.0,,
Ulm Hbf,München Hbf Gleis 20,Train Longue Distance,1.9053310819111728,78.33672852444323,76.43139744253206,1,120.01329566081965,48.3986792,9.9831394,48.1405543,11.5576076,Ulm Hbf,München Hbf Gleis 20,1.0,3400.0,0.0002941176470588235,,120451.0,,
Ulm Hbf,Oberstdorf,Train Longue Distance Nuit,1.7789220648471848,,,0,112.051024492768,48.3993531,9.9825824,47.4113789,10.2785683,Ulm Hbf,Oberstdorf,154.0,3400.0,0.045294117647058825,,120451.0,,
Ulm Hbf,Pasing,Train Longue Distance Nuit,1.7920889368401751,71.94416617366015,70.15207723681998,1,112.88038150920731,48.3986792,9.9831394,48.1501865,11.4620269,Ulm Hbf,Pasing,6.0,3400.0,0.0017647058823529412,,120451.0,,35728.0
Ulm Hbf,Pasing Gleis 4,Train Longue Distance,1.7919238873032821,71.94416617366015,70.15224228635687,1,112.86998534286231,48.3986792,9.9831394,48.149779,11.4617214,Ulm Hbf,Pasing Gleis 4,1.0,3400.0,0.0002941176470588235,,120451.0,,35728.0
Ulm Hbf,Pasing Gleis 9,Train Longue Distance Nuit,1.7920473665260082,71.94416617366015,70.15211880713414,1,112.87776307168103,48.3986792,9.9831394,48.1500966,11.461955,Ulm Hbf,Pasing Gleis 9,105.0,3400.0,0.030882352941176472,,120451.0,,35728.0
Ulm Hbf,Radolfzell Bahnhof,Train Longue Distance,1.6734678829348166,,,0,105.40865979685162,48.3993472,9.9823668,47.735852,8.969157,Ulm Hbf,Radolfzell Bahnhof,8.0,3400.0,0.002352941176470588,,120451.0,,31734.0
Ulm Hbf,Rheinfelden (Baden) Bahnhof,Train Longue Distance,2.992894526783729,117.63090661630913,114.6380120895254,1,188.51691400754152,48.3993472,9.9823668,47.5569071,7.784378,Ulm Hbf,Rheinfelden (Baden) Bahnhof,2.0,3400.0,0.000588235294117647,,120451.0,,34674.0
Ulm Hbf,Rohrenfeld,Train Longue Distance Nuit,1.5955011635686938,66.61221713135141,65.01671596778272,1,100.4976797410364,48.3983809,9.9833999,48.7212676,11.2588908,Ulm Hbf,Rohrenfeld,73.0,3400.0,0.021470588235294116,,120451.0,,
Ulm Hbf,Schaffhausen,Train Longue Distance,2.0169674279669767,81.00587213896432,78.98890471099735,1,127.04506348998342,48.3993472,9.9823668,47.6982838,8.6327559,Ulm Hbf,Schaffhausen,6.0,3400.0,0.0017647058823529412,,120451.0,106903.0,36587.0
Ulm Hbf,Singen (Htw) Bahnhof,Train Longue Distance,1.7574675413672687,68.6892334184879,66.93176587712064,1,110.69964357314618,48.3993472,9.9823668,47.7590769,8.8412729,Ulm Hbf,Singen (Htw) Bahnhof,8.0,3400.0,0.002352941176470588,,120451.0,,47621.0
Ulm Hbf,Sonthofen,Train Longue Distance Nuit,1.600993900820955,,,0,100.84365714417706,48.3993531,9.9825824,47.5133856,10.2719298,Ulm Hbf,Sonthofen,154.0,3400.0,0.045294117647058825,,120451.0,,21285.0
Ulm Hbf,Tiengen (Hochrhein) Bahnhof,Train Longue Distance,2.428002908658116,88.10050101076204,85.67249810210393,1,152.93543138436107,48.3993472,9.9823668,47.635513,8.2723429,Ulm Hbf,Tiengen (Hochrhein) Bahnhof,2.0,3400.0,0.000588235294117647,,120451.0,,
Ulm Hbf,Villingen Bahnhof/ZOB,Train Longue Distance,1.8829441220583922,66.90301387603644,65.02006975397805,1,118.60318229140793,48.3993472,9.9823129,48.0574872,8.4655974,Ulm Hbf,Villingen Bahnhof/ZOB,4.0,3400.0,0.001176470588235294,,120451.0,,
Ulm Hbf,Waldshut Bahnhof,Train Longue Distance,2.4940053760271073,88.10050101076204,85.60649563473494,1,157.09280524232219,48.3993472,9.9823668,47.6215161,8.2193782,Ulm Hbf,Waldshut Bahnhof,2.0,3400.0,0.000588235294117647,,120451.0,,
Ulm Hbf,Weichering,Train Longue Distance Nuit,1.6737673192107043,66.61221713135141,64.9384498121407,1,105.42752073637594,48.3983809,9.9833999,48.7206808,11.3306842,Ulm Hbf,Weichering,73.0,3400.0,0.021470588235294116,,120451.0,,
Uzhhorod,Dnipro Holovny,InterCity,,,,0,,,,,,Uzhhorod,Dnipro Holovny,,,,,,,
Uzhhorod,Kharkiv,InterCity,,,,0,,,,,,Uzhhorod,Kharkiv,,,,,,,
Uzhhorod,Kyiv Pasazhyrskyi,InterCity,,,,0,,,,,,Uzhhorod,Kyiv Pasazhyrskyi,,,,,,,
Uzhhorod,Odesa Holovna,InterCity,,,,0,,,,,,Uzhhorod,Odesa Holovna,,,,,,,
Varna,Sofia,InterCity,,,,0,,,,,,Varna,Sofia,,,,,318737.0,,1152556.0
Vatra Dornei Băi,București Nord,InterCity,16.743044050789983,104.10509602851754,87.36205197772756,1,327.293847266987,47.34743,25.35576,44.44677,26.07441,Vatra Dornei Băi,București Nord,,,,,16054.0,,
Venezia Santa Lucia,Stuttgart Hbf,Nightjet,19.837742586719976,96.98552308129915,77.14778049457917,1,441.0151302014133,45.44139,12.32046,48.78408,9.18164,Venezia Santa Lucia,Stuttgart Hbf,,,,1680.0,,,612663.0
Venezia Santa Lucia,Wien Hbf,Nightjet,19.51812132825436,132.10124986263327,112.58312853437891,1,433.9095933541052,45.44139,12.32046,48.1851,16.37711,Venezia Santa Lucia,Wien Hbf,,,,1680.0,,,
Villach Hbf,Edirne,InterCity,43.77653446871346,188.67805281048553,144.90151834177206,0,1154.2618380191282,46.61862,13.84854,41.65543,26.5802,Villach Hbf,Edirne,,,,,58882.0,,180002.0
Villach Hbf-Autoverladestelle,Düsseldorf Hbf,InterCity,27.527369414792336,181.36955146199315,153.84218204720082,0,725.8178931285222,46.61862,13.84844,51.2212,6.79271,Villach Hbf-Autoverladestelle,Düsseldorf Hbf,,,,,58882.0,106903.0,618685.0
Villach Hbf-Autoverladestelle,Hamburg Altona,InterCity,31.08678758717416,222.5794159122115,191.49262832503732,0,819.6695561665917,46.61862,13.84844,53.55225,9.93496,Villach Hbf-Autoverladestelle,Hamburg Altona,,,,,58882.0,203396.0,1973896.0
Villingen Bahnhof/ZOB,Blaubeuren,Train Longue Distance,6.049309338996302,,,0,105.5173441304082,48.0574452,8.4656783,48.4038261,9.7919599,Villingen Bahnhof/ZOB,Blaubeuren,19.0,56.0,0.3392857142857143,,,28711.0,
Villingen Bahnhof/ZOB,Blaustein,Train Longue Distance,6.580336569536408,66.90301387603644,60.32267730650003,1,114.77998551432772,48.0574872,8.4655974,48.4142257,9.919898,Villingen Bahnhof/ZOB,Blaustein,2.0,56.0,0.03571428571428571,,,106903.0,
Villingen Bahnhof/ZOB,Herrlingen,Train Longue Distance,6.498291749291054,,,0,113.34888800437909,48.0574452,8.4656783,48.4176719,9.8974491,Villingen Bahnhof/ZOB,Herrlingen,12.0,56.0,0.21428571428571427,,,503.0,
Villingen Bahnhof/ZOB,Schelklingen,Train Longue Distance,5.751838493099869,,,0,100.32859747252519,48.0574452,8.4656783,48.3715701,9.7350607,Villingen Bahnhof/ZOB,Schelklingen,19.0,56.0,0.3392857142857143,,,,
Villingen Bahnhof/ZOB,Ulm Hbf,Train Longue Distance,6.799283343716803,66.90301387603644,60.10373053231964,1,118.59904663730688,48.0574452,8.4656783,48.3993472,9.9823129,Villingen Bahnhof/ZOB,Ulm Hbf,9.0,56.0,0.16071428571428573,,,,120451.0
Vorokhta,Kharkiv,InterCity,,,,0,,,,,,Vorokhta,Kharkiv,,,,,,,
Wangen Bahnhof,Geltendorf,Train Longue Distance,0.08930989622760022,67.3775020957112,67.28819219948359,1,101.25838574557848,47.6891415,9.8304438,48.1060203,11.0380221,Wangen Bahnhof,Geltendorf,15.0,301.0,0.04983388704318937,,639.0,,
Wangen Bahnhof,Geltendorf,Train Longue Distance Nuit,0.08930989622760022,67.3775020957112,67.28819219948359,1,101.25838574557848,47.6891415,9.8304438,48.1060203,11.0380221,Wangen Bahnhof,Geltendorf,15.0,290.0,0.05172413793103448,,639.0,,
Wangen Bahnhof,München Hbf Gleis 15,Train Longue Distance,0.12183616537059022,88.0962250130761,87.9743888477055,1,138.13624191676897,47.6891415,9.8304438,48.1401826,11.5575268,Wangen Bahnhof,München Hbf Gleis 15,1.0,290.0,0.0034482758620689655,,639.0,,
Wangen Bahnhof,München Hbf Gleis 19,Train Longue Distance,0.12185100063665895,88.0962250130761,87.97437401243944,1,138.15306194632535,47.6891415,9.8304438,48.1405003,11.5575896,Wangen Bahnhof,München Hbf Gleis 19,1.0,290.0,0.0034482758620689655,,639.0,,
Wangen Bahnhof,München Hbf Gleis 24,Train Longue Distance,0.12186785352506231,88.0962250130761,87.97435715955103,1,138.1721695295491,47.6891415,9.8304438,48.14086,11.5576615,Wangen Bahnhof,München Hbf Gleis 24,94.0,301.0,0.3122923588039867,,639.0,,
Wangen Bahnhof,München Hbf Gleis 24,Train Longue Distance Nuit,0.12186785352506231,88.0962250130761,87.97435715955103,1,138.1721695295491,47.6891415,9.8304438,48.14086,11.5576615,Wangen Bahnhof,München Hbf Gleis 24,94.0,290.0,0.32413793103448274,,639.0,,
Wangen Bahnhof,Pasing Gleis 3,Train Longue Distance,0.11633613942303457,81.80856286682166,81.69222672739862,1,131.90038483337253,47.6891415,9.8304438,48.1496771,11.4616496,Wangen Bahnhof,Pasing Gleis 3,109.0,301.0,0.36212624584717606,,639.0,,35728.0
Wangen Bahnhof,Pasing Gleis 3,Train Longue Distance Nuit,0.11633613942303457,81.80856286682166,81.69222672739862,1,131.90038483337253,47.6891415,9.8304438,48.1496771,11.4616496,Wangen Bahnhof,Pasing Gleis 3,109.0,290.0,0.3758620689655172,,639.0,,35728.0
Warszawa Wschodnia,Budapest Nyugati,EuroNight,52.49808336647562,148.25798901496188,95.75990564848627,1,546.0700593571285,52.25183,21.05204,47.51133,19.05866,Warszawa Wschodnia,Budapest Nyugati,,,,,,,1741041.0
Warszawa Wschodnia,München Hbf,EuroNight,78.3355583163365,217.8893615524305,139.55380323609398,0,814.8240894998492,52.25183,21.05204,48.14161,11.55794,Warszawa Wschodnia,München Hbf,,,,,,,
Warszawa Wschodnia,Praha hl.n.,EuroNight,50.01971350179351,137.73382110300437,87.71410760121086,1,520.2907643366152,52.25183,21.05204,50.08321,14.43531,Warszawa Wschodnia,Praha hl.n.,,,,,,,
Warszawa Wschodnia,Szklarska Poręba Górna,InterCity,39.773728091428254,125.69016699269339,85.91643890126514,1,413.71495237500517,52.25183,21.05204,50.83167,15.52059,Warszawa Wschodnia,Szklarska Poręba Górna,,,,,,,
Warszawa Zachodnia,Kyiv Pasazhyrskyi,InterCity,,,,0,,52.21998,20.9653,,,Warszawa Zachodnia,Kyiv Pasazhyrskyi,,,,,,,
Wasserburg (Bodensee),Esslingen (N) Gleis 3,Train Longue Distance Nuit,0.11656041463186327,85.12953880351212,85.01297838888026,1,132.1546651154912,47.5718123,9.6392733,48.7386467,9.3006623,Wasserburg (Bodensee),Esslingen (N) Gleis 3,4.0,75.0,0.05333333333333334,,,,92390.0
Wasserburg (Bodensee),Geislingen (Steige) Gleis 2,Train Longue Distance Nuit,0.10357665099779546,77.05150851608066,76.94793186508286,1,117.43384466870233,47.5718123,9.6392733,48.6192303,9.8417176,Wasserburg (Bodensee),Geislingen (Steige) Gleis 2,5.0,75.0,0.06666666666666667,,,,
Wasserburg (Bodensee),Göppingen Gleis 4,Train Longue Distance Nuit,0.11065818208715376,75.70462044939134,75.59396226730419,1,125.46279148203375,47.5718123,9.6392733,48.700094,9.6520653,Wasserburg (Bodensee),Göppingen Gleis 4,5.0,75.0,0.06666666666666667,,,,58040.0
Wasserburg (Bodensee),Plochingen Gleis 1,Train Longue Distance Nuit,0.11291521848753036,85.12953880351212,85.01662358502459,1,128.02178966840177,47.5718123,9.6392733,48.7130825,9.4116941,Wasserburg (Bodensee),Plochingen Gleis 1,4.0,75.0,0.05333333333333334,,,,
Wasserburg (Bodensee),Stuttgart Hauptbahnhof (oben) Gleis 11,Train Longue Distance Nuit,0.12267339714010801,93.44916233298383,93.32648893584373,1,139.08548428583674,47.5718123,9.6392733,48.7851371,9.1833513,Wasserburg (Bodensee),Stuttgart Hauptbahnhof (oben) Gleis 11,1.0,75.0,0.013333333333333334,,,,612663.0
Wasserburg (Bodensee),Stuttgart Hauptbahnhof (oben) Gleis 13,Train Longue Distance Nuit,0.1226606830798167,93.44916233298383,93.32650164990402,1,139.07106925149284,47.5718123,9.6392733,48.7850424,9.1835849,Wasserburg (Bodensee),Stuttgart Hauptbahnhof (oben) Gleis 13,3.0,75.0,0.04,,,,612663.0
Wehr-Brennet Bahnhof,Bermatingen-Ahausen Bahnhof,Train Longue Distance Nuit,0.09587995281128076,69.8423106818594,69.74643072904811,1,108.70742949124802,47.5808842,7.9105284,47.7305231,9.3448325,Wehr-Brennet Bahnhof,Bermatingen-Ahausen Bahnhof,1.0,10.0,0.1,,,106903.0,
Wehr-Brennet Bahnhof,Friedrichshafen Stadtbahnhof,Train Longue Distance Nuit,0.10357605841010366,75.50541228176218,75.40183622335208,1,117.43317280057103,47.5808842,7.9105284,47.6533671,9.473588,Wehr-Brennet Bahnhof,Friedrichshafen Stadtbahnhof,1.0,10.0,0.1,,,,58403.0
Wehr-Brennet Bahnhof,Markdorf Bahnhof,Train Longue Distance Nuit,0.09855016551221493,69.8423106818594,69.7437605163472,1,111.7348815331235,47.5808842,7.9105284,47.7168416,9.3884457,Wehr-Brennet Bahnhof,Markdorf Bahnhof,1.0,10.0,0.1,,,,
Wehr-Brennet Bahnhof,"Salem, Bahnhof",Train Longue Distance Nuit,0.0931910046273424,66.78955983846738,66.69636883384004,1,105.6587354051501,47.5808842,7.9105284,47.7577,9.2969523,Wehr-Brennet Bahnhof,"Salem, Bahnhof",1.0,10.0,0.1,,,,
Wehr-Brennet Bahnhof,Uhldingen-Mühlhofen Bahnhof,Train Longue Distance Nuit,0.08970189639571582,,,0,101.70283038063018,47.5808842,7.9105284,47.7369576,9.248578,Wehr-Brennet Bahnhof,Uhldingen-Mühlhofen Bahnhof,1.0,10.0,0.1,,,14285.0,
Weichering,Neu-Ulm,Train Longue Distance,1.6522786979482644,66.61221713135141,64.95993843340315,1,104.07399206023332,48.7206808,11.3306842,48.3936212,10.0056961,Weichering,Neu-Ulm,68.0,276.0,0.2463768115942029,,,28711.0,51389.0
Weichering,Ulm Hbf,Train Longue Distance,1.6737679903991196,66.61221713135141,64.9384491409523,1,105.42756301329804,48.7206808,11.3306842,48.3986851,9.9832292,Weichering,Ulm Hbf,68.0,276.0,0.2463768115942029,,,,120451.0
Wien Hbf,Amsterdam Centraal,Nightjet,39.70557879520873,240.8216810086296,201.11610221342087,0,937.867979856593,48.1851,16.37711,52.37921,4.90029,Wien Hbf,Amsterdam Centraal,,,,,,,741636.0
Wien Hbf,Bregenz,Nightjet,21.208416205851936,140.04880021752078,118.84038401166885,1,500.954653388415,48.1851,16.37711,47.503,9.73963,Wien Hbf,Bregenz,,,,,,,29806.0
Wien Hbf,Bruxelles Midi / Brussel Zuid,Nightjet,,,,0,,48.1851,16.37711,,,Wien Hbf,Bruxelles Midi / Brussel Zuid,,,,,,106903.0,
Wien Hbf,București Nord,InterCity,36.07056932774618,227.00589866999323,190.93532934224706,0,852.0070230476704,48.1851,16.37711,44.44677,26.07441,Wien Hbf,București Nord,,,,,,,
Wien Hbf,Hamburg Hbf,Nightjet,31.542927007887933,208.87291323192346,177.32998622403554,0,745.0615789845033,48.1851,16.37711,53.55231,10.00633,Wien Hbf,Hamburg Hbf,,,,,,203396.0,1973896.0
Wien Hbf,Roma Tiburtina,Nightjet,32.17517631418789,205.5933523258913,173.4181760117034,0,759.995661238376,48.1851,16.37711,41.91107,12.53146,Wien Hbf,Roma Tiburtina,,,,,,11803.0,
Wien Hbf,Venezia Santa Lucia,Nightjet,18.3699965442394,132.10124986263327,113.73125331839387,1,433.9095933541052,48.1851,16.37711,45.44139,12.32046,Wien Hbf,Venezia Santa Lucia,,,,,,1680.0,
Wien Westbf,Kyiv Pasazhyrskyi,InterCity,,,,0,,48.1968,16.3377,,,Wien Westbf,Kyiv Pasazhyrskyi,,,,,,,
Wyhlen Bahnhof,Bahnhof Überlingen,Train Longue Distance Nuit,0.09967044318783841,67.43431751076349,67.33464706757566,1,113.0050376279347,47.5463575,7.6908544,47.7689677,9.1630584,Wyhlen Bahnhof,Bahnhof Überlingen,1.0,12.0,0.08333333333333333,,,,
Wyhlen Bahnhof,Bermatingen-Ahausen Bahnhof,Train Longue Distance Nuit,0.11077968894550998,79.65498511743743,79.54420542849192,1,125.60055435998862,47.5463575,7.6908544,47.7305231,9.3448325,Wyhlen Bahnhof,Bermatingen-Ahausen Bahnhof,1.0,12.0,0.08333333333333333,,,106903.0,
Wyhlen Bahnhof,Friedrichshafen Stadtbahnhof,Train Longue Distance Nuit,0.11835865997583064,85.15239397633096,85.03403531635513,1,134.19349203608917,47.5463575,7.6908544,47.6533671,9.473588,Wyhlen Bahnhof,Friedrichshafen Stadtbahnhof,1.0,12.0,0.08333333333333333,,,,58403.0
Wyhlen Bahnhof,Ludwigshafen(Bodensee) Bahnhof,Train Longue Distance Nuit,0.09374269643332257,,,0,106.28423631895984,47.5463575,7.6908544,47.8155463,9.0531316,Wyhlen Bahnhof,Ludwigshafen(Bodensee) Bahnhof,1.0,12.0,0.08333333333333333,,,,
Wyhlen Bahnhof,Markdorf Bahnhof,Train Longue Distance Nuit,0.11343301014626116,79.65498511743743,79.54155210729117,1,128.6088550411124,47.5463575,7.6908544,47.7168416,9.3884457,Wyhlen Bahnhof,Markdorf Bahnhof,1.0,12.0,0.08333333333333333,,,,
Wyhlen Bahnhof,"Salem, Bahnhof",Train Longue Distance Nuit,0.10811130806918046,77.05398519591597,76.94587388784679,1,122.57517921675787,47.5463575,7.6908544,47.7577,9.2969523,Wyhlen Bahnhof,"Salem, Bahnhof",1.0,12.0,0.08333333333333333,,,,
Wyhlen Bahnhof,Uhldingen-Mühlhofen Bahnhof,Train Longue Distance Nuit,0.10461417994606097,67.43431751076349,67.32970333081744,1,118.61018134474033,47.5463575,7.6908544,47.7369576,9.248578,Wyhlen Bahnhof,Uhldingen-Mühlhofen Bahnhof,1.0,12.0,0.08333333333333333,,,14285.0,
Yasinia,Zaporizhzhia 1,InterCity,,,,0,,,,,,Yasinia,Zaporizhzhia 1,,,,,,,
Zagreb Gl. K.,Split,InterCity,9.798478986565248,99.0402097742672,89.24173078770195,1,258.35782804844297,45.80489,15.97961,43.50489,16.44279,Zagreb Gl. K.,Split,,,,,663592.0,,149830.0
Zagreb Gl. K.,Stuttgart Hbf,EuroNight,23.136130330723955,152.76815024338012,129.63201991265618,0,610.0334949829656,45.80489,15.97961,48.78408,9.18164,Zagreb Gl. K.,Stuttgart Hbf,,,,,663592.0,,612663.0
Zagreb Gl. K.,Zürich HB,EuroNight,22.546922607697255,146.51354211085084,123.96661950315358,1,594.497774816676,45.80489,15.97961,47.37818,8.54021,Zagreb Gl. K.,Zürich HB,,,,,663592.0,,415367.0
Zakopane,Gdynia Gł.,InterCity,14.533278499539607,142.1962797286109,127.6630012290713,1,588.4871436483481,49.30245,19.96219,54.52084,18.52956,Zakopane,Gdynia Gł.,,,,,27266.0,,257000.0
Zakopane,Świnoujście,InterCity,15.929694469052585,169.9410723369284,154.01137786787584,0,645.0313601009307,49.30245,19.96219,53.90482,14.26663,Zakopane,Świnoujście,,,,,27266.0,,40919.0
Zaporizhzhia 1,Kyiv Pasazhyrskyi,InterCity,,,,0,,,,,,Zaporizhzhia 1,Kyiv Pasazhyrskyi,,,,,,,
Zaporizhzhia 1,Lviv,InterCity,,,,0,,,,,,Zaporizhzhia 1,Lviv,,,,,,,
Zaporizhzhia 1,Przemyśl Gł.,InterCity,,,,0,,,,49.78366,22.77636,Zaporizhzhia 1,Przemyśl Gł.,,,,,,,67013.0
Zaporizhzhia 1,Solotvyno,InterCity,,,,0,,,,,,Zaporizhzhia 1,Solotvyno,,,,,,,
Zaporizhzhia 1,Yasinia,InterCity,,,,0,,,,,,Zaporizhzhia 1,Yasinia,,,,,,,
Zemun,Bar,InterCity,33.72070396901176,117.86530498666922,84.14460101765746,1,324.00076837130325,44.85313,20.3687,42.08724,19.10525,Zemun,Bar,,,,,155591.0,75034.0,311.0
Zürich HB,Amsterdam Centraal,Nightjet,0.5415667674737271,150.58851960661812,150.04695283914438,0,614.0212783148834,47.37818,8.54021,52.37921,4.90029,Zürich HB,Amsterdam Centraal,,,,,415367.0,,741636.0
Zürich HB,Berlin Hbf,Nightjet,0.5893276095128752,173.89871398780514,173.30938637829226,0,668.1718928717406,47.37818,8.54021,52.52508,13.3694,Zürich HB,Berlin Hbf,,,,,415367.0,,3426354.0
Zürich HB,Budapest Keleti,EuroNight,0.6989979093850337,211.40046667679877,210.70146876741373,0,792.5146364909679,47.37818,8.54021,47.50059,19.08426,Zürich HB,Budapest Keleti,,,,,415367.0,,1741041.0
Zürich HB,Graz Hbf,Nightjet,0.4588139802390834,140.74897942003642,140.29016543979733,1,520.1972565068972,47.37818,8.54021,47.0723,15.41644,Zürich HB,Graz Hbf,,,,,415367.0,,303270.0
Zürich HB,Hamburg Hbf,Nightjet,0.6123635382718569,174.87225158233485,174.259888044063,0,694.2897259318105,47.37818,8.54021,53.55231,10.00633,Zürich HB,Hamburg Hbf,,,,,415367.0,203396.0,1973896.0
Zürich HB,Praha hl.n.,EuroNight,0.46433190104389505,144.01411900637095,143.54978710532706,1,526.4534025440987,47.37818,8.54021,50.08321,14.43531,Zürich HB,Praha hl.n.,,,,,415367.0,,
Zürich HB,Zagreb Gl. K.,EuroNight,0.5243470373883083,146.51354211085084,145.98919507346253,1,594.497774816676,47.37818,8.54021,45.80489,15.97961,Zürich HB,Zagreb Gl. K.,,,,,415367.0,,663592.0
Überlingen Bahnhof Therme,"Aalen, Hauptbahnhof",Train Longue Distance,0.12211131632860069,86.41508424436721,86.29297292803861,1,138.44820445419577,47.769505,9.1447148,48.8416955,10.096417,Überlingen Bahnhof Therme,"Aalen, Hauptbahnhof",2.0,9.0,0.2222222222222222,,21507.0,,
Überlingen Bahnhof Therme,Giengen (Brenz),Train Longue Distance,0.1098253900502865,85.13099220211114,85.02116681206086,1,124.51858282345407,47.769505,9.1447148,48.619741,10.2380274,Überlingen Bahnhof Therme,Giengen (Brenz),2.0,9.0,0.2222222222222222,,21507.0,169298.0,
Überlingen Bahnhof Therme,Heidenheim (Brenz),Train Longue Distance,0.11113137462671534,85.34781750126491,85.2366861266382,1,125.9992909599947,47.769505,9.1447148,48.6803766,10.1565142,Überlingen Bahnhof Therme,Heidenheim (Brenz),2.0,9.0,0.2222222222222222,,21507.0,,
Überlingen Bahnhof Therme,Langenau (Württ),Train Longue Distance,0.09572530904219886,79.19455395468282,79.09882864564062,1,108.53209641972659,47.769505,9.1447148,48.4932982,10.1258817,Überlingen Bahnhof Therme,Langenau (Württ),2.0,9.0,0.2222222222222222,,21507.0,11803.0,
Überlingen Bahnhof Therme,"Oberkochen, Bahnhof",Train Longue Distance,0.11754937430680651,86.41508424436721,86.2975348700604,1,133.275934588216,47.769505,9.1447148,48.7824026,10.10761,Überlingen Bahnhof Therme,"Oberkochen, Bahnhof",2.0,9.0,0.2222222222222222,,21507.0,,
Überlingen Bahnhof Therme,Sontheim (Brenz),Train Longue Distance,0.10752018629870388,85.91988221376981,85.81236202747111,1,121.90497312778218,47.769505,9.1447148,48.5591633,10.2849464,Überlingen Bahnhof Therme,Sontheim (Brenz),2.0,9.0,0.2222222222222222,,21507.0,,
İstanbul Halkalı,Ankara,InterCity,24.164780561690485,112.26928669065079,88.10450612896031,1,365.30280516538903,41.01849,28.76616,39.93498,32.84395,İstanbul Halkalı,Ankara,,,,,15701602.0,,3517182.0
İstanbul Halkalı,București Nord,InterCity,29.105849604668247,97.08038651041906,67.97453690575081,1,439.9977264500113,41.01849,28.76616,44.44677,26.07441,İstanbul Halkalı,București Nord,,,,,15701602.0,,
İstanbul Halkalı,Sofia,InterCity,,,,0,,41.01849,28.76616,,,İstanbul Halkalı,Sofia,,,,,15701602.0,,1152556.0
İzmir Basmane,Ankara,InterCity,34.34299709480415,140.42012256908865,106.0771254742845,1,519.1685123931088,38.42271,27.14408,39.93498,32.84395,İzmir Basmane,Ankara,,,,,2938292.0,,3517182.0
İzmir Basmane,Konya,InterCity,31.110482888204714,101.97870005809453,70.86821716988982,1,470.30208447777346,38.42271,27.14408,37.86534,32.4759,İzmir Basmane,Konya,,,,,2938292.0,,1433861.0
Łeba,Bohumín,InterCity,52.17840585293196,139.18866408497598,87.01025823204402,1,542.7448652242813,54.75691,17.5532,49.90073,18.35944,Łeba,Bohumín,,,,,,,20315.0
Łeba,Kraków Gł.,InterCity,52.49992965972077,137.99408823935087,85.4941585796301,1,546.0892639717985,54.75691,17.5532,50.06719,19.94742,Łeba,Kraków Gł.,,,,,,,804237.0
Świnoujście,Bielsko-Biała Gł.,InterCity,53.757836203224734,153.60932610942044,99.8514899061957,1,559.173648330782,53.90482,14.26663,49.83154,19.04941,Świnoujście,Bielsko-Biała Gł.,,,,,40919.0,,
Świnoujście,Chelm,InterCity,66.82639282819957,175.21808926819259,108.39169643999301,0,695.1090393829659,53.90482,14.26663,51.1412,23.49404,Świnoujście,Chelm,,,,,40919.0,,60231.0
Świnoujście,Kraków Gł.,InterCity,55.47912904594651,142.77871956768442,87.29959052173791,1,577.0780445395837,53.90482,14.26663,50.06719,19.94742,Świnoujście,Kraków Gł.,,,,,40919.0,,804237.0
Świnoujście,Przemyśl Gł.,InterCity,71.32933530047949,185.46919459900036,114.13985929852088,0,741.947360049923,53.90482,14.26663,49.78366,22.77636,Świnoujście,Przemyśl Gł.,,,,,40919.0,,67013.0
Świnoujście,Zakopane,InterCity,62.01202489738328,169.9410723369284,107.92904743954514,0,645.0313601009307,53.90482,14.26663,49.30245,19.96219,Świnoujście,Zakopane,,,,,40919.0,,27266.0
