dep_name,arr_name,dep_city,arr_city,distance_km,is_long_distance
"Aalen, Hauptbahnhof",Aulendorf Bahnhof,"Aalen, Hauptbahnhof",Aulendorf Bahnhof,104.30732362598556,true
"Aalen, Hauptbahnhof",Bahnhof Überlingen,"Aalen, Hauptbahnhof",Bahnhof Überlingen,137.80301235879767,true
"Aalen, Hauptbahnhof",Friedrichshafen Stadtbahnhof,"Aalen, Hauptbahnhof",Friedrichshafen Stadtbahnhof,139.95207723702694,true
"Aalen, Hauptbahnhof",Ludwigshafen(Bodensee) Bahnhof,"Aalen, Hauptbahnhof",Ludwigshafen(Bodensee) Bahnhof,137.70287826396392,true
"Aalen, Hauptbahnhof",Radolfzell Bahnhof,"Aalen, Hauptbahnhof",Radolfzell Bahnhof,148.56278798389337,true
"Aalen, Hauptbahnhof","Salem, Bahnhof","Aalen, Hauptbahnhof","Salem, Bahnhof",134.24714503378314,true
"Aalen, Hauptbahnhof",Singen (Htw) Bahnhof,"Aalen, Hauptbahnhof",Singen (Htw) Bahnhof,151.9163407560318,true
"Aalen, Hauptbahnhof",Sipplingen Bahnhof,"Aalen, Hauptbahnhof",Sipplingen Bahnhof,137.85545165756537,true
"Aalen, Hauptbahnhof",Uhldingen-Mühlhofen Bahnhof,"Aalen, Hauptbahnhof",Uhldingen-Mühlhofen Bahnhof,137.92262364863683,true
"Aalen, Hauptbahnhof",Überlingen Bahnhof Therme,"Aalen, Hauptbahnhof",Überlingen Bahnhof Therme,138.44309451462885,true
Aberdeen,London Euston,Aberdeen,London Euston,637.2963549703024,true
Aichstetten Bahnhof,München Hbf Gleis 15,Aichstetten Bahnhof,München Hbf Gleis 15,113.8121395826408,true
Aichstetten Bahnhof,München Hbf Gleis 19,Aichstetten Bahnhof,München Hbf Gleis 19,113.82505190804191,true
Aichstetten Bahnhof,München Hbf Gleis 24,Aichstetten Bahnhof,München Hbf Gleis 24,113.8397403727203,true
Aichstetten Bahnhof,Pasing Gleis 3,Aichstetten Bahnhof,Pasing Gleis 3,107.18823274128577,true
"Aitrach (Kr Ravensb), Bahnhof",München Hbf Gleis 15,"Aitrach (Kr Ravensb), Bahnhof",München Hbf Gleis 15,111.98634362574448,true
"Aitrach (Kr Ravensb), Bahnhof",München Hbf Gleis 19,"Aitrach (Kr Ravensb), Bahnhof",München Hbf Gleis 19,111.99749206425416,true
"Aitrach (Kr Ravensb), Bahnhof",München Hbf Gleis 24,"Aitrach (Kr Ravensb), Bahnhof",München Hbf Gleis 24,112.01018476370551,true
"Aitrach (Kr Ravensb), Bahnhof",Pasing Gleis 3,"Aitrach (Kr Ravensb), Bahnhof",Pasing Gleis 3,105.2208708256253,true
Albbruck Bahnhof,Friedrichshafen Stadtbahnhof,Albbruck Bahnhof,Friedrichshafen Stadtbahnhof,100.79148746825035,true
Albi Ville,Paris Austerlitz,Albi Ville,Paris Austerlitz,547.0695210058518,true
Allmendingen,Donaueschingen Bahnhof,Allmendingen,Donaueschingen Bahnhof,100.12758278176761,true
Altona,Augsburg Hbf,Altona,Augsburg Hbf,580.5282387217205,true
Altona,Freilassing,Altona,Freilassing,670.4955942836441,true
Altona,Ingolstadt Hbf,Altona,Ingolstadt Hbf,544.705120178531,true
Altona,Kufstein Bahnhof,Altona,Kufstein Bahnhof,682.0702359922998,true
Altona,München Hbf Gleis 10,Altona,München Hbf Gleis 10,612.3717062607185,true
Altona,München Hbf Gleis 14,Altona,München Hbf Gleis 14,612.427282339529,true
Altona,Nürnberg Hbf,Altona,Nürnberg Hbf,463.4356513743365,true
Altona,Ostbahnhof Gleis 6,Altona,Ostbahnhof Gleis 6,614.4433928225856,true
Altona,Ostbahnhof Gleis 8,Altona,Ostbahnhof Gleis 8,614.4582494975222,true
Altona,Pasing Gleis 9,Altona,Pasing Gleis 9,610.121063131595,true
Altona,Rosenheim,Altona,Rosenheim,652.3419836262987,true
Altstädten (Allgäu),Ulm Hbf,Altstädten (Allgäu),Ulm Hbf,103.70601495362367,true
Amsterdam Centraal,Innsbruck Hbf,Amsterdam Centraal,Innsbruck Hbf,734.988320977054,true
Amsterdam Centraal,Milano Centrale,Amsterdam Centraal,Milano Centrale,827.9841081104923,true
Amsterdam Centraal,Wien Hbf,Amsterdam Centraal,Wien Hbf,937.867979856593,true
Amsterdam Centraal,Zürich HB,Amsterdam Centraal,Zürich HB,614.0212783148834,true
"Amsterdam, Centraal",Dortmund Hbf,"Amsterdam, Centraal",Dortmund Hbf,199.76218554310623,true
"Amsterdam, Centraal",Freilassing,"Amsterdam, Centraal",Freilassing,765.2063951860704,true
"Amsterdam, Centraal",Ingolstadt Hbf,"Amsterdam, Centraal",Ingolstadt Hbf,613.1702332033904,true
"Amsterdam, Centraal",Kufstein Bahnhof,"Amsterdam, Centraal",Kufstein Bahnhof,743.7666856580714,true
"Amsterdam, Centraal",München Hbf Gleis 10,"Amsterdam, Centraal",München Hbf Gleis 10,667.2043772497559,true
"Amsterdam, Centraal",München Hbf Gleis 14,"Amsterdam, Centraal",München Hbf Gleis 14,667.3925253812719,true
"Amsterdam, Centraal",München Hbf Gleis 15,"Amsterdam, Centraal",München Hbf Gleis 15,667.3846356135747,true
"Amsterdam, Centraal",Münster (Westf) Hauptbahnhof,"Amsterdam, Centraal",Münster (Westf) Hauptbahnhof,192.3203341144779,true
"Amsterdam, Centraal",Nürnberg Hbf,"Amsterdam, Centraal",Nürnberg Hbf,542.0905528227883,true
"Amsterdam, Centraal",Ostbahnhof Gleis 6,"Amsterdam, Centraal",Ostbahnhof Gleis 6,670.8330305909628,true
"Amsterdam, Centraal",Ostbahnhof Gleis 8,"Amsterdam, Centraal",Ostbahnhof Gleis 8,670.8513781040405,true
"Amsterdam, Centraal",Passau Hbf,"Amsterdam, Centraal",Passau Hbf,737.5303927532433,true
"Amsterdam, Centraal",Rosenheim,"Amsterdam, Centraal",Rosenheim,719.4543331134329,true
Ankara,Kars,Ankara,Kars,873.3727363721098,true
Ankara,Kurtalan,Ankara,Kurtalan,797.2439001981827,true
Ankara,Malatya,Ankara,Malatya,503.0829081005218,true
Ankara,Tatvan,Ankara,Tatvan,827.4309412029706,true
Ankara,İstanbul Halkalı,Ankara,İstanbul Halkalı,365.30280516538903,true
Ankara,İzmir Basmane,Ankara,İzmir Basmane,519.1685123931088,true
Arad,București Nord,Arad,București Nord,418.867119159711,true
Augsburg Hbf,Altona,Augsburg Hbf,Altona,580.5273437977149,true
Augsburg Hbf,"Amsterdam, Centraal",Augsburg Hbf,"Amsterdam, Centraal",615.4922059876021,true
Augsburg Hbf,Esslingen (N) Gleis 5,Augsburg Hbf,Esslingen (N) Gleis 5,123.82525376619309,true
Augsburg Hbf,Hamburg Hbf,Augsburg Hbf,Hamburg Hbf,580.0462721131479,true
Augsburg Hbf,Heimenkirch,Augsburg Hbf,Heimenkirch,109.78452091268902,true
Augsburg Hbf,Hergatz,Augsburg Hbf,Hergatz,112.15772596037696,true
Augsburg Hbf,Immenstadt,Augsburg Hbf,Immenstadt,102.62676158132894,true
Augsburg Hbf,Karlsruhe Hauptbahnhof,Augsburg Hbf,Karlsruhe Hauptbahnhof,195.29929396704543,true
Augsburg Hbf,Kufstein Bahnhof,Augsburg Hbf,Kufstein Bahnhof,129.03117259674832,true
Augsburg Hbf,Lindau-Insel,Augsburg Hbf,Lindau-Insel,127.91678167384742,true
Augsburg Hbf,Lindau-Reutin,Augsburg Hbf,Lindau-Reutin,126.26370387017384,true
Augsburg Hbf,Münster (Westf) Hauptbahnhof,Augsburg Hbf,Münster (Westf) Hauptbahnhof,461.4677173874354,true
Augsburg Hbf,Nürnberg Hbf,Augsburg Hbf,Nürnberg Hbf,120.95290288539155,true
Augsburg Hbf,Oberstaufen,Augsburg Hbf,Oberstaufen,110.60952394583622,true
Augsburg Hbf,Paris Gare de l'Est,Augsburg Hbf,Paris Gare de l'Est,628.9020362900421,true
Augsburg Hbf,Rosenheim,Augsburg Hbf,Rosenheim,108.06192932081876,true
Augsburg Hbf,Röthenbach (Allgäu),Augsburg Hbf,Röthenbach (Allgäu),107.98811752856136,true
Augsburg Hbf,Strasbourg Gare Centrale,Augsburg Hbf,Strasbourg Gare Centrale,233.60961241176753,true
Augsburg Hbf,Stuttgart Hauptbahnhof (oben) Gleis 1,Augsburg Hbf,Stuttgart Hauptbahnhof (oben) Gleis 1,133.75043271549237,true
Augsburg Messe Bstg 2,Heimenkirch,Augsburg Messe Bstg 2,Heimenkirch,107.67132068759153,true
Augsburg Messe Bstg 2,Hergatz,Augsburg Messe Bstg 2,Hergatz,110.146954666516,true
Augsburg Messe Bstg 2,Immenstadt,Augsburg Messe Bstg 2,Immenstadt,100.11829519483126,true
Augsburg Messe Bstg 2,Lindau-Insel,Augsburg Messe Bstg 2,Lindau-Insel,125.90633313246497,true
Augsburg Messe Bstg 2,Lindau-Reutin,Augsburg Messe Bstg 2,Lindau-Reutin,124.24165795805366,true
Augsburg Messe Bstg 2,Oberstaufen,Augsburg Messe Bstg 2,Oberstaufen,108.28113205479231,true
Augsburg Messe Bstg 2,Röthenbach (Allgäu),Augsburg Messe Bstg 2,Röthenbach (Allgäu),105.81057932391393,true
Augsburg Morellstraße,Heimenkirch,Augsburg Morellstraße,Heimenkirch,109.34075075514787,true
Augsburg Morellstraße,Hergatz,Augsburg Morellstraße,Hergatz,111.77178603672775,true
Augsburg Morellstraße,Immenstadt,Augsburg Morellstraße,Immenstadt,101.93707839516114,true
Augsburg Morellstraße,Lindau-Insel,Augsburg Morellstraße,Lindau-Insel,127.53267463704034,true
Augsburg Morellstraße,Lindau-Reutin,Augsburg Morellstraße,Lindau-Reutin,125.87205149403333,true
Augsburg Morellstraße,Oberstaufen,Augsburg Morellstraße,Oberstaufen,110.03753381087853,true
Augsburg Morellstraße,Röthenbach (Allgäu),Augsburg Morellstraße,Röthenbach (Allgäu),107.50701995076055,true
Aulendorf Bahnhof,"Aalen, Hauptbahnhof",Aulendorf Bahnhof,"Aalen, Hauptbahnhof",104.31789178909904,true
Aulendorf Bahnhof,Bad Säckingen Bahnhof,Aulendorf Bahnhof,Bad Säckingen Bahnhof,134.1886378377548,true
Aulendorf Bahnhof,Badischer Bahnhof,Aulendorf Bahnhof,Badischer Bahnhof,158.0723811977853,true
Aulendorf Bahnhof,Rheinfelden (Baden) Bahnhof,Aulendorf Bahnhof,Rheinfelden (Baden) Bahnhof,145.81659379885284,true
Aulendorf Bahnhof,Tiengen (Hochrhein) Bahnhof,Aulendorf Bahnhof,Tiengen (Hochrhein) Bahnhof,108.3641604209313,true
Aulendorf Bahnhof,Waldshut Bahnhof,Aulendorf Bahnhof,Waldshut Bahnhof,112.62528526698723,true
Aurillac,Paris Austerlitz,Aurillac,Paris Austerlitz,435.98858180664377,true
Bad Schussenried,Bad Säckingen Bahnhof,Bad Schussenried,Bad Säckingen Bahnhof,137.40171681101629,true
Bad Schussenried,Badischer Bahnhof,Bad Schussenried,Badischer Bahnhof,161.04183767989701,true
Bad Schussenried,Rheinfelden (Baden) Bahnhof,Bad Schussenried,Rheinfelden (Baden) Bahnhof,148.91691417246983,true
Bad Schussenried,Tiengen (Hochrhein) Bahnhof,Bad Schussenried,Tiengen (Hochrhein) Bahnhof,111.58405707204211,true
Bad Schussenried,Waldshut Bahnhof,Bad Schussenried,Waldshut Bahnhof,115.84737542074684,true
Bad Säckingen Bahnhof,Bermatingen-Ahausen Bahnhof,Bad Säckingen Bahnhof,Bermatingen-Ahausen Bahnhof,106.3779034002627,true
Bad Säckingen Bahnhof,Friedrichshafen Hafenbahnhof,Bad Säckingen Bahnhof,Friedrichshafen Hafenbahnhof,115.47786749335746,true
Bad Säckingen Bahnhof,Friedrichshafen Stadtbahnhof,Bad Säckingen Bahnhof,Friedrichshafen Stadtbahnhof,114.8330132311778,true
Bad Säckingen Bahnhof,Markdorf Bahnhof,Bad Säckingen Bahnhof,Markdorf Bahnhof,109.34646291011283,true
Bad Säckingen Bahnhof,"Salem, Bahnhof",Bad Säckingen Bahnhof,"Salem, Bahnhof",103.44084341055547,true
Badischer Bahnhof,Bahnhof Überlingen,Badischer Bahnhof,Bahnhof Überlingen,118.55481153186875,true
Badischer Bahnhof,Bermatingen-Ahausen Bahnhof,Badischer Bahnhof,Bermatingen-Ahausen Bahnhof,131.33593947129498,true
Badischer Bahnhof,Friedrichshafen Hafenbahnhof,Badischer Bahnhof,Friedrichshafen Hafenbahnhof,140.80578682797096,true
Badischer Bahnhof,Friedrichshafen Stadtbahnhof,Badischer Bahnhof,Friedrichshafen Stadtbahnhof,140.1538494064175,true
Badischer Bahnhof,Ludwigshafen(Bodensee) Bahnhof,Badischer Bahnhof,Ludwigshafen(Bodensee) Bahnhof,111.60004778222017,true
Badischer Bahnhof,Markdorf Bahnhof,Badischer Bahnhof,Markdorf Bahnhof,134.39347265618358,true
Badischer Bahnhof,Radolfzell Bahnhof,Badischer Bahnhof,Radolfzell Bahnhof,103.63291535438728,true
Badischer Bahnhof,"Salem, Bahnhof",Badischer Bahnhof,"Salem, Bahnhof",128.21517661356825,true
Badischer Bahnhof,Uhldingen-Mühlhofen Bahnhof,Badischer Bahnhof,Uhldingen-Mühlhofen Bahnhof,124.29768754706564,true
Bahnhof Überlingen,Badischer Bahnhof,Bahnhof Überlingen,Badischer Bahnhof,118.55481153186875,true
Bahnhof Überlingen,Rheinfelden (Baden) Bahnhof,Bahnhof Überlingen,Rheinfelden (Baden) Bahnhof,105.90449980612748,true
Bar,Zemun,Bar,Zemun,324.00076837130325,true
Bergen,Oslo S,Bergen,Oslo S,304.664381805284,true
Berlin Hbf,Budapest Nyugati,Berlin Hbf,Budapest Nyugati,689.4958375078542,true
Berlin Hbf,Graz Hbf,Berlin Hbf,Graz Hbf,623.7997096354479,true
Berlin Hbf,Paris Gare du Nord,Berlin Hbf,Paris Gare du Nord,873.8472072374328,true
Berlin Hbf,Stockholm C,Berlin Hbf,Stockholm C,810.5934008503954,true
Berlin Hbf,Zürich HB,Berlin Hbf,Zürich HB,668.1718928717406,true
Beuggen Bahnhof,Bahnhof Überlingen,Beuggen Bahnhof,Bahnhof Überlingen,103.34069068019238,true
Beuggen Bahnhof,Bermatingen-Ahausen Bahnhof,Beuggen Bahnhof,Bermatingen-Ahausen Bahnhof,116.06021655749642,true
Beuggen Bahnhof,Friedrichshafen Stadtbahnhof,Beuggen Bahnhof,Friedrichshafen Stadtbahnhof,124.86675182147685,true
Beuggen Bahnhof,Markdorf Bahnhof,Beuggen Bahnhof,Markdorf Bahnhof,119.10857217464434,true
Beuggen Bahnhof,"Salem, Bahnhof",Beuggen Bahnhof,"Salem, Bahnhof",112.96642633726766,true
Beuggen Bahnhof,Uhldingen-Mühlhofen Bahnhof,Beuggen Bahnhof,Uhldingen-Mühlhofen Bahnhof,109.03365099008492,true
Biberach (Riß),Bad Säckingen Bahnhof,Biberach (Riß),Bad Säckingen Bahnhof,150.4562075366277,true
Biberach (Riß),Badischer Bahnhof,Biberach (Riß),Badischer Bahnhof,173.5461380227689,true
Biberach (Riß),Erzingen (Baden) Bahnhof,Biberach (Riß),Erzingen (Baden) Bahnhof,112.84597270039654,true
Biberach (Riß),Rheinfelden (Baden) Bahnhof,Biberach (Riß),Rheinfelden (Baden) Bahnhof,161.71879064058683,true
Biberach (Riß),Tiengen (Hochrhein) Bahnhof,Biberach (Riß),Tiengen (Hochrhein) Bahnhof,124.71989843888687,true
Biberach (Riß),Waldshut Bahnhof,Biberach (Riß),Waldshut Bahnhof,128.97442248281178,true
Biberach Süd,Bad Säckingen Bahnhof,Biberach Süd,Bad Säckingen Bahnhof,150.51775081417196,true
Biberach Süd,Badischer Bahnhof,Biberach Süd,Badischer Bahnhof,173.73075011803837,true
Biberach Süd,Erzingen (Baden) Bahnhof,Biberach Süd,Erzingen (Baden) Bahnhof,112.84144032805317,true
Biberach Süd,Rheinfelden (Baden) Bahnhof,Biberach Süd,Rheinfelden (Baden) Bahnhof,161.83859727396987,true
Biberach Süd,Tiengen (Hochrhein) Bahnhof,Biberach Süd,Tiengen (Hochrhein) Bahnhof,124.7551768822576,true
Biberach Süd,Waldshut Bahnhof,Biberach Süd,Waldshut Bahnhof,129.0132072862169,true
Bielsko-Biała Gł.,Świnoujście,Bielsko-Biała Gł.,Świnoujście,559.173648330782,true
Bielsko-Biała Główna,Kołobrzeg,Bielsko-Biała Główna,Kołobrzeg,540.2059303082054,true
Bistrița Nord,București Nord,Bistrița Nord,București Nord,323.07934733505,true
Blaubeuren,Donaueschingen Bahnhof,Blaubeuren,Donaueschingen Bahnhof,108.45611309388235,true
Blaubeuren,Geisingen Bahnhof,Blaubeuren,Geisingen Bahnhof,100.10180726261356,true
Blaubeuren,Villingen Bahnhof/ZOB,Blaubeuren,Villingen Bahnhof/ZOB,105.52094275011439,true
Blaustein,Donaueschingen Bahnhof,Blaustein,Donaueschingen Bahnhof,117.38936892916776,true
Blaustein,Geisingen Bahnhof,Blaustein,Geisingen Bahnhof,108.7767856272184,true
Blaustein,Immendingen Bahnhof,Blaustein,Immendingen Bahnhof,103.0124840263309,true
Bobingen,Hergatz,Bobingen,Hergatz,102.06931394978199,true
Bobingen,Lindau-Insel,Bobingen,Lindau-Insel,117.81395909938952,true
Bobingen,Lindau-Reutin,Bobingen,Lindau-Reutin,116.13483724919115,true
Bodø,Trondheim S,Bodø,Trondheim S,466.17744901027874,true
Bohumín,Hel,Bohumín,Hel,524.6208669884766,true
Bohumín,Łeba,Bohumín,Łeba,542.7448652242813,true
Bolzano / Bozen,Roma Termini,Bolzano / Bozen,Roma Termini,519.0967485415856,true
Bratislava Nové Mesto,Split,Bratislava Nové Mesto,Split,521.7998892278248,true
Bratislava hl.st.,Humenné,Bratislava hl.st.,Humenné,363.16343357454554,true
Brașov,Budapest Keleti,Brașov,Budapest Keleti,538.0143949699024,true
Bregenz,Wien Hbf,Bregenz,Wien Hbf,500.954653388415,true
Briançon,Paris Austerlitz,Briançon,Paris Austerlitz,546.0006851829762,true
Bruxelles Midi / Brussel Zuid,Milano Porta Garibaldi,Bruxelles Midi / Brussel Zuid,Milano Porta Garibaldi,,
Bruxelles Midi / Brussel Zuid,Praha hl.n.,Bruxelles Midi / Brussel Zuid,Praha hl.n.,,
Bruxelles Midi / Brussel Zuid,Wien Hbf,Bruxelles Midi / Brussel Zuid,Wien Hbf,,
București Nord,Arad,București Nord,Arad,418.867119159711,true
București Nord,Bistrița Nord,București Nord,Bistrița Nord,323.07934733505,true
București Nord,Budapest Keleti,București Nord,Budapest Keleti,637.6817691986246,true
București Nord,Chişinău,București Nord,Chişinău,357.95964565572797,true
București Nord,Cluj-Napoca,București Nord,Cluj-Napoca,323.9890934914132,true
București Nord,Iași,București Nord,Iași,323.841447701412,true
București Nord,Kyiv Pasazhyrskyi,București Nord,Kyiv Pasazhyrskyi,,
București Nord,Oradea,București Nord,Oradea,433.6380428042795,true
București Nord,Satu Mare,București Nord,Satu Mare,445.75838388999847,true
București Nord,Vatra Dornei Băi,București Nord,Vatra Dornei Băi,327.293847266987,true
București Nord,Wien Hbf,București Nord,Wien Hbf,852.0070230476704,true
București Nord,İstanbul Halkalı,București Nord,İstanbul Halkalı,439.9977264500113,true
Budapest Déli,Koper,Budapest Déli,Koper,459.38430139469756,true
Budapest Déli,Rijeka,Budapest Déli,Rijeka,426.77275759396673,true
Budapest Keleti,Brașov,Budapest Keleti,Brașov,538.0143949699024,true
Budapest Keleti,București Nord,Budapest Keleti,București Nord,637.6817691986246,true
Budapest Keleti,Kyiv Pasazhyrskyi,Budapest Keleti,Kyiv Pasazhyrskyi,,
Budapest Keleti,Split,Budapest Keleti,Split,489.599545109085,true
Budapest Keleti,Stuttgart Hbf,Budapest Keleti,Stuttgart Hbf,747.9209404467774,true
Budapest Keleti,Zürich HB,Budapest Keleti,Zürich HB,792.5146364909679,true
Budapest Nyugati,Berlin Hbf,Budapest Nyugati,Berlin Hbf,689.4958375078542,true
Budapest Nyugati,Warszawa Wschodnia,Budapest Nyugati,Warszawa Wschodnia,546.0700593571285,true
Budapest-Keleti,București Nord,Budapest-Keleti,București Nord,637.6911655423157,true
Burgas,Sofia,Burgas,Sofia,,
Cerbère,Paris Austerlitz,Cerbère,Paris Austerlitz,714.240059971162,true
Chelm,Kharkiv,Chelm,Kharkiv,,
Chelm,Kyiv Pasazhyrskyi,Chelm,Kyiv Pasazhyrskyi,,
Chelm,Świnoujście,Chelm,Świnoujście,695.1090393829659,true
Cherkasy,Ivano-Frankivsk,Cherkasy,Ivano-Frankivsk,,
Chernihiv,Ivano-Frankivsk,Chernihiv,Ivano-Frankivsk,,
Chernivtsi,Dnipro Holovny,Chernivtsi,Dnipro Holovny,,
Chernivtsi,Kharkiv,Chernivtsi,Kharkiv,,
Chernivtsi,Kryvyi Rih,Chernivtsi,Kryvyi Rih,,
Chernivtsi,Kyiv Pasazhyrskyi,Chernivtsi,Kyiv Pasazhyrskyi,,
Chernivtsi,Odesa Holovna,Chernivtsi,Odesa Holovna,,
Chişinău,București Nord,Chişinău,București Nord,357.95964565572797,true
Chişinău,Kyiv Pasazhyrskyi,Chişinău,Kyiv Pasazhyrskyi,,
Chop,Kyiv Pasazhyrskyi,Chop,Kyiv Pasazhyrskyi,,
Chop,Lozova,Chop,Lozova,,
Chop,Praha hl.n.,Chop,Praha hl.n.,592.6851238033265,true
Cluj-Napoca,București Nord,Cluj-Napoca,București Nord,323.9890934914132,true
Cluj-Napoca,Iași,Cluj-Napoca,Iași,307.55640211776995,true
Constanța,Oradea,Constanța,Oradea,612.2290490739184,true
Constanța,Suceava Nord,Constanța,Suceava Nord,431.7553521686727,true
Dnipro Holovny,Chernivtsi,Dnipro Holovny,Chernivtsi,,
Dnipro Holovny,Kovel,Dnipro Holovny,Kovel,,
Dnipro Holovny,Lviv,Dnipro Holovny,Lviv,,
Dnipro Holovny,Odesa Holovna,Dnipro Holovny,Odesa Holovna,,
Dnipro Holovny,Truskavets,Dnipro Holovny,Truskavets,,
Dnipro Holovny,Uzhhorod,Dnipro Holovny,Uzhhorod,,
Dobrich,Sofia,Dobrich,Sofia,,
Donaueschingen Bahnhof,Allmendingen,Donaueschingen Bahnhof,Allmendingen,100.1246496072879,true
Donaueschingen Bahnhof,Blaubeuren,Donaueschingen Bahnhof,Blaubeuren,108.45642000521117,true
Donaueschingen Bahnhof,Blaustein,Donaueschingen Bahnhof,Blaustein,117.41964956453032,true
Donaueschingen Bahnhof,Herrlingen,Donaueschingen Bahnhof,Herrlingen,116.10056117368684,true
Donaueschingen Bahnhof,Schelklingen,Donaueschingen Bahnhof,Schelklingen,103.08292609536873,true
Donaueschingen Bahnhof,Ulm Hbf,Donaueschingen Bahnhof,Ulm Hbf,120.90965713213525,true
Donnersbergerbrücke,Kempten (Allgäu) Hbf Bstg SEV,Donnersbergerbrücke,Kempten (Allgäu) Hbf Bstg SEV,102.65690468664772,true
Dortmund Hbf,"Amsterdam, Centraal",Dortmund Hbf,"Amsterdam, Centraal",199.76218554310623,true
Dortmund Hbf,Freilassing,Dortmund Hbf,Freilassing,569.9139934274601,true
Dortmund Hbf,Ingolstadt Hbf,Dortmund Hbf,Ingolstadt Hbf,418.8005946698384,true
Dortmund Hbf,Kufstein Bahnhof,Dortmund Hbf,Kufstein Bahnhof,553.5722560609125,true
Dortmund Hbf,München Hbf Gleis 10,Dortmund Hbf,München Hbf Gleis 10,476.6595434361162,true
Dortmund Hbf,München Hbf Gleis 14,Dortmund Hbf,München Hbf Gleis 14,476.8024101885349,true
Dortmund Hbf,Nürnberg Hbf,Dortmund Hbf,Nürnberg Hbf,344.6016745305486,true
Dortmund Hbf,Ostbahnhof Gleis 8,Dortmund Hbf,Ostbahnhof Gleis 8,480.067583213921,true
Dortmund Hbf,Passau Hbf,Dortmund Hbf,Passau Hbf,538.4186932916906,true
Dortmund Hbf,Rosenheim,Dortmund Hbf,Rosenheim,527.746035693837,true
Duved,Malmö C,Duved,Malmö C,865.1546994025,true
Duved,Stockholm C,Duved,Stockholm C,527.6870120417353,true
Düsseldorf Hbf,Innsbruck Hbf,Düsseldorf Hbf,Innsbruck Hbf,552.5777240085893,true
Düsseldorf Hbf,Villach Hbf,Düsseldorf Hbf,Villach Hbf,725.8230618512234,true
Edinburgh Waverley,London Euston,Edinburgh Waverley,London Euston,531.3807187308821,true
Edirne,Villach Hbf,Edirne,Villach Hbf,1154.2618380191282,true
Enzisweiler,Esslingen (N) Gleis 3,Enzisweiler,Esslingen (N) Gleis 3,133.36963727464803,true
Enzisweiler,Geislingen (Steige) Gleis 2,Enzisweiler,Geislingen (Steige) Gleis 2,118.05185230399306,true
Enzisweiler,Göppingen Gleis 4,Enzisweiler,Göppingen Gleis 4,126.31685553899472,true
Enzisweiler,Plochingen Gleis 1,Enzisweiler,Plochingen Gleis 1,129.13429754673055,true
Enzisweiler,Stuttgart Hauptbahnhof (oben) Gleis 11,Enzisweiler,Stuttgart Hauptbahnhof (oben) Gleis 11,140.39085676118762,true
Enzisweiler,Stuttgart Hauptbahnhof (oben) Gleis 13,Enzisweiler,Stuttgart Hauptbahnhof (oben) Gleis 13,140.37627507189495,true
Eriskirch Bahnhof,Esslingen (N) Gleis 3,Eriskirch Bahnhof,Esslingen (N) Gleis 3,124.56873208110314,true
Eriskirch Bahnhof,Geislingen (Steige) Gleis 2,Eriskirch Bahnhof,Geislingen (Steige) Gleis 2,112.61477023983745,true
Eriskirch Bahnhof,Geislingen (Steige) Gleis 3,Eriskirch Bahnhof,Geislingen (Steige) Gleis 3,112.62134663918357,true
Eriskirch Bahnhof,Göppingen Gleis 4,Eriskirch Bahnhof,Göppingen Gleis 4,119.51360273503931,true
Eriskirch Bahnhof,Plochingen Gleis 1,Eriskirch Bahnhof,Plochingen Gleis 1,120.89560308537773,true
Eriskirch Bahnhof,Stuttgart Hauptbahnhof (oben) Gleis 11,Eriskirch Bahnhof,Stuttgart Hauptbahnhof (oben) Gleis 11,131.09791401863663,true
Eriskirch Bahnhof,Stuttgart Hauptbahnhof (oben) Gleis 13,Eriskirch Bahnhof,Stuttgart Hauptbahnhof (oben) Gleis 13,131.08423127608543,true
Eriskirch Bahnhof,Stuttgart Hauptbahnhof (oben) Gleis 14,Eriskirch Bahnhof,Stuttgart Hauptbahnhof (oben) Gleis 14,131.0766557510213,true
Esslingen (N) Gleis 5,Augsburg Hbf,Esslingen (N) Gleis 5,Augsburg Hbf,123.82525376619309,true
Esslingen (N) Gleis 5,Enzisweiler,Esslingen (N) Gleis 5,Enzisweiler,133.36192169966148,true
Esslingen (N) Gleis 5,Eriskirch Bahnhof,Esslingen (N) Gleis 5,Eriskirch Bahnhof,124.5614823112438,true
Esslingen (N) Gleis 5,Friedrichshafen Stadtbahnhof,Esslingen (N) Gleis 5,Friedrichshafen Stadtbahnhof,121.36365182154809,true
Esslingen (N) Gleis 5,Kressbronn Bahnhof,Esslingen (N) Gleis 5,Kressbronn Bahnhof,129.1701054862711,true
Esslingen (N) Gleis 5,Langenargen Bahnhof,Esslingen (N) Gleis 5,Langenargen Bahnhof,127.9468644265093,true
Esslingen (N) Gleis 5,Lindau-Aeschach,Esslingen (N) Gleis 5,Lindau-Aeschach,134.19438211122863,true
Esslingen (N) Gleis 5,Lindau-Reutin,Esslingen (N) Gleis 5,Lindau-Reutin,135.2117135104453,true
Esslingen (N) Gleis 5,Meckenbeuren Bahnhof,Esslingen (N) Gleis 5,Meckenbeuren Bahnhof,117.06562045456239,true
Esslingen (N) Gleis 5,München Hbf Gleis 14,Esslingen (N) Gleis 5,München Hbf Gleis 14,179.28629022217248,true
Esslingen (N) Gleis 5,Nonnenhorn,Esslingen (N) Gleis 5,Nonnenhorn,131.41454689086078,true
Esslingen (N) Gleis 5,Paris Gare de l'Est,Esslingen (N) Gleis 5,Paris Gare de l'Est,508.30366643699745,true
Esslingen (N) Gleis 5,Ravensburg Bahnhof,Esslingen (N) Gleis 5,Ravensburg Bahnhof,108.4785150870255,true
Esslingen (N) Gleis 5,Strasbourg Gare Centrale,Esslingen (N) Gleis 5,Strasbourg Gare Centrale,116.32412891434346,true
Esslingen (N) Gleis 5,Wasserburg (Bodensee),Esslingen (N) Gleis 5,Wasserburg (Bodensee),132.14688490925818,true
Finninger Straße,Altstädten (Allgäu),Finninger Straße,Altstädten (Allgäu),102.13565104656583,true
Finninger Straße,Fischen,Finninger Straße,Fischen,105.54241382010416,true
Finninger Straße,Langenwang (Schwab),Finninger Straße,Langenwang (Schwab),107.75237801881818,true
Finninger Straße,Oberstdorf,Finninger Straße,Oberstdorf,110.53046953817405,true
Fischen,Ulm Hbf,Fischen,Ulm Hbf,107.07423881421283,true
Fort William / An Gearasdan,London Euston,Fort William / An Gearasdan,London Euston,,
Freilassing,Altona,Freilassing,Altona,670.4955942836441,true
Freilassing,"Amsterdam, Centraal",Freilassing,"Amsterdam, Centraal",765.2063951860704,true
Freilassing,Dortmund Hbf,Freilassing,Dortmund Hbf,569.9139934274601,true
Freilassing,Hamburg Hbf,Freilassing,Hamburg Hbf,668.9465493189682,true
Freilassing,Nürnberg Hbf,Freilassing,Nürnberg Hbf,226.6601503332089,true
Freilassing,Ostbahnhof Gleis 6,Freilassing,Ostbahnhof Gleis 6,107.04615838981897,true
Friedrichshafen Stadtbahnhof,"Aalen, Hauptbahnhof",Friedrichshafen Stadtbahnhof,"Aalen, Hauptbahnhof",139.98370445856744,true
Friedrichshafen Stadtbahnhof,Amstetten (Württ),Friedrichshafen Stadtbahnhof,Amstetten (Württ),107.06213929398375,true
Friedrichshafen Stadtbahnhof,Bad Säckingen Bahnhof,Friedrichshafen Stadtbahnhof,Bad Säckingen Bahnhof,114.82601543062388,true
Friedrichshafen Stadtbahnhof,Badischer Bahnhof,Friedrichshafen Stadtbahnhof,Badischer Bahnhof,140.15198418763168,true
Friedrichshafen Stadtbahnhof,Ebersbach (F) Gleis 2,Friedrichshafen Stadtbahnhof,Ebersbach (F) Gleis 2,118.28161592819013,true
Friedrichshafen Stadtbahnhof,Esslingen (N) Gleis 3,Friedrichshafen Stadtbahnhof,Esslingen (N) Gleis 3,121.38700794167366,true
Friedrichshafen Stadtbahnhof,Geislingen (Steige) Gleis 2,Friedrichshafen Stadtbahnhof,Geislingen (Steige) Gleis 2,110.84626446052906,true
Friedrichshafen Stadtbahnhof,Geislingen (Steige) Gleis 3,Friedrichshafen Stadtbahnhof,Geislingen (Steige) Gleis 3,110.85570067737838,true
Friedrichshafen Stadtbahnhof,Giengen (Brenz),Friedrichshafen Stadtbahnhof,Giengen (Brenz),121.53951352696602,true
Friedrichshafen Stadtbahnhof,Gingen (F) Gleis 2,Friedrichshafen Stadtbahnhof,Gingen (F) Gleis 2,114.45651731616572,true
Friedrichshafen Stadtbahnhof,Göppingen Gleis 4,Friedrichshafen Stadtbahnhof,Göppingen Gleis 4,117.1727415081429,true
Friedrichshafen Stadtbahnhof,Heidenheim (Brenz),Friedrichshafen Stadtbahnhof,Heidenheim (Brenz),124.95603460256758,true
Friedrichshafen Stadtbahnhof,Kuchen Gleis 2,Friedrichshafen Stadtbahnhof,Kuchen Gleis 2,112.48129690822525,true
Friedrichshafen Stadtbahnhof,Langenau (Württ),Friedrichshafen Stadtbahnhof,Langenau (Württ),105.25188629786629,true
Friedrichshafen Stadtbahnhof,"Oberkochen, Bahnhof",Friedrichshafen Stadtbahnhof,"Oberkochen, Bahnhof",134.07403493412627,true
Friedrichshafen Stadtbahnhof,Plochingen Gleis 1,Friedrichshafen Stadtbahnhof,Plochingen Gleis 1,117.95562056455489,true
Friedrichshafen Stadtbahnhof,Reichenbach (F) Gleis 2,Friedrichshafen Stadtbahnhof,Reichenbach (F) Gleis 2,117.30431409953151,true
Friedrichshafen Stadtbahnhof,Rheinfelden (Baden) Bahnhof,Friedrichshafen Stadtbahnhof,Rheinfelden (Baden) Bahnhof,127.09165228131144,true
Friedrichshafen Stadtbahnhof,Sontheim (Brenz),Friedrichshafen Stadtbahnhof,Sontheim (Brenz),117.39090983186986,true
Friedrichshafen Stadtbahnhof,Stuttgart Hauptbahnhof (oben) Gleis 11,Friedrichshafen Stadtbahnhof,Stuttgart Hauptbahnhof (oben) Gleis 11,127.70068184663954,true
Friedrichshafen Stadtbahnhof,Stuttgart Hauptbahnhof (oben) Gleis 12,Friedrichshafen Stadtbahnhof,Stuttgart Hauptbahnhof (oben) Gleis 12,127.6925255299484,true
Friedrichshafen Stadtbahnhof,Stuttgart Hauptbahnhof (oben) Gleis 13,Friedrichshafen Stadtbahnhof,Stuttgart Hauptbahnhof (oben) Gleis 13,127.68739338295664,true
Friedrichshafen Stadtbahnhof,Stuttgart Hauptbahnhof (oben) Gleis 14,Friedrichshafen Stadtbahnhof,Stuttgart Hauptbahnhof (oben) Gleis 14,127.66453467505805,true
Friedrichshafen Stadtbahnhof,Stuttgart Hauptbahnhof (oben) Gleis 3,Friedrichshafen Stadtbahnhof,Stuttgart Hauptbahnhof (oben) Gleis 3,127.743137156131,true
Friedrichshafen Stadtbahnhof,Stuttgart Hauptbahnhof (oben) Gleis 9,Friedrichshafen Stadtbahnhof,Stuttgart Hauptbahnhof (oben) Gleis 9,127.69904458039777,true
Friedrichshafen Stadtbahnhof,Süßen Gleis 3,Friedrichshafen Stadtbahnhof,Süßen Gleis 3,116.56250554411737,true
Friedrichshafen Stadtbahnhof,Uhingen Gleis 2,Friedrichshafen Stadtbahnhof,Uhingen Gleis 2,117.66853838969267,true
Friedrichshafen Stadtbahnhof,Westerstetten,Friedrichshafen Stadtbahnhof,Westerstetten,102.56489736166857,true
Gare de Abancourt,Gare de Douai,Gare de Abancourt,Gare de Douai,121.04214810077251,true
Gare de Abancourt,Gare de Lille Flandres,Gare de Abancourt,Gare de Lille Flandres,140.3480344821261,true
Gare de Achiet,Gare de Montérolier - Buchy,Gare de Achiet,Gare de Montérolier - Buchy,119.11196414056703,true
Gare de Achiet,Gare de Morgny,Gare de Achiet,Gare de Morgny,129.12585780649314,true
Gare de Achiet,Gare de Rouen Rive Droite,Gare de Achiet,Gare de Rouen Rive Droite,142.89633491237322,true
Gare de Achiet,Gare de Serqueux,Gare de Achiet,Gare de Serqueux,104.87112772965041,true
Gare de Albert,Gare de Longuerue - Vieux-Manoir,Gare de Albert,Gare de Longuerue - Vieux-Manoir,110.18241632096364,true
Gare de Albert,Gare de Montérolier - Buchy,Gare de Albert,Gare de Montérolier - Buchy,104.09191775509501,true
Gare de Albert,Gare de Morgny,Gare de Albert,Gare de Morgny,113.78884109993614,true
Gare de Albert,Gare de Rouen Rive Droite,Gare de Albert,Gare de Rouen Rive Droite,127.47731657982723,true
Gare de Alençon,Gare de Saint-Pierre-des-Corps,Gare de Alençon,Gare de Saint-Pierre-des-Corps,125.47063305884618,true
Gare de Alençon,Gare de Tours,Gare de Alençon,Gare de Tours,124.25069765639644,true
Gare de Amboise,Gare de Ancenis,Gare de Amboise,Gare de Ancenis,162.64896729222335,true
Gare de Amboise,Gare de Angers Saint-Laud,Gare de Amboise,Gare de Angers Saint-Laud,115.80121674819209,true
Gare de Amboise,Gare de Batz-sur-Mer,Gare de Amboise,Gare de Batz-sur-Mer,261.1530142980162,true
Gare de Amboise,Gare de La Baule les Pins,Gare de Amboise,Gare de La Baule les Pins,252.5605385309297,true
Gare de Amboise,Gare de La Baule-Escoublac,Gare de Amboise,Gare de La Baule-Escoublac,254.34389230247638,true
Gare de Amboise,Gare de Le Croisic,Gare de Amboise,Gare de Le Croisic,263.2133282109692,true
Gare de Amboise,Gare de Le Pouliguen,Gare de Amboise,Gare de Le Pouliguen,257.6991821862513,true
Gare de Amboise,Gare de Nantes,Gare de Amboise,Gare de Nantes,191.58577335839283,true
Gare de Amboise,Gare de Pornichet,Gare de Amboise,Gare de Pornichet,251.1785769460136,true
Gare de Amboise,Gare de Saint-Nazaire,Gare de Amboise,Gare de Saint-Nazaire,240.97028165950854,true
Gare de Amboise,Gare de Savenay,Gare de Amboise,Gare de Savenay,220.87491251494566,true
Gare de Amiens,Gare de Rouen Rive Droite,Gare de Amiens,Gare de Rouen Rive Droite,100.24579146241774,true
Gare de Amilly - Ouerray,Gare de Le Mans,Gare de Amilly - Ouerray,Gare de Le Mans,101.41508705719751,true
Gare de Ancenis,Gare de Amboise,Gare de Ancenis,Gare de Amboise,162.64896729222335,true
Gare de Ancenis,Gare de Beaugency,Gare de Ancenis,Gare de Beaugency,215.1726727797946,true
Gare de Ancenis,Gare de Blois - Chambord,Gare de Ancenis,Gare de Blois - Chambord,189.5211651066743,true
Gare de Ancenis,Gare de Cinq-Mars-la-Pile,Gare de Ancenis,Gare de Cinq-Mars-la-Pile,123.25149393041268,true
Gare de Ancenis,Gare de La Suze,Gare de Ancenis,Gare de La Suze,107.35304870450578,true
Gare de Ancenis,Gare de Langeais,Gare de Ancenis,Gare de Langeais,119.70830549731859,true
Gare de Ancenis,Gare de Le Croisic,Gare de Ancenis,Gare de Le Croisic,100.59212085489028,true
Gare de Ancenis,Gare de Le Mans,Gare de Ancenis,Gare de Le Mans,123.98774242632932,true
Gare de Ancenis,Gare de Mer,Gare de Ancenis,Gare de Mer,204.9269735280253,true
Gare de Ancenis,Gare de Meung-sur-Loire,Gare de Ancenis,Gare de Meung-sur-Loire,221.1646772361008,true
Gare de Ancenis,Gare de Onzain - Chaumont-sur-Loire,Gare de Ancenis,Gare de Onzain - Chaumont-sur-Loire,178.32767535961003,true
Gare de Ancenis,Gare de Orléans,Gare de Ancenis,Gare de Orléans,238.53537143257515,true
Gare de Ancenis,Gare de Port Boulet,Gare de Ancenis,Gare de Port Boulet,101.4199145437379,true
Gare de Ancenis,Gare de Saint-Pierre-des-Corps,Gare de Ancenis,Gare de Saint-Pierre-des-Corps,143.17104836412358,true
Gare de Ancenis,Gare de Tours,Gare de Ancenis,Gare de Tours,140.8606547853401,true
Gare de Angers Maître École,Gare de Batz-sur-Mer,Gare de Angers Maître École,Gare de Batz-sur-Mer,148.02054395011527,true
Gare de Angers Maître École,Gare de La Baule les Pins,Gare de Angers Maître École,Gare de La Baule les Pins,139.48190559676507,true
Gare de Angers Maître École,Gare de La Baule-Escoublac,Gare de Angers Maître École,Gare de La Baule-Escoublac,141.20777507702854,true
Gare de Angers Maître École,Gare de Le Croisic,Gare de Angers Maître École,Gare de Le Croisic,149.99580813538762,true
Gare de Angers Maître École,Gare de Le Pouliguen,Gare de Angers Maître École,Gare de Le Pouliguen,144.582719401939,true
Gare de Angers Maître École,Gare de Pornichet,Gare de Angers Maître École,Gare de Pornichet,138.22865640182744,true
Gare de Angers Maître École,Gare de Saint-Nazaire,Gare de Angers Maître École,Gare de Saint-Nazaire,127.9793953692838,true
Gare de Angers Maître École,Gare de Savenay,Gare de Angers Maître École,Gare de Savenay,107.4196073474612,true
Gare de Angers Saint-Laud,Gare de Amboise,Gare de Angers Saint-Laud,Gare de Amboise,115.80121674819209,true
Gare de Angers Saint-Laud,Gare de Batz-sur-Mer,Gare de Angers Saint-Laud,Gare de Batz-sur-Mer,146.17324467701118,true
Gare de Angers Saint-Laud,Gare de Beaugency,Gare de Angers Saint-Laud,Gare de Beaugency,167.26302364897745,true
Gare de Angers Saint-Laud,Gare de Blois - Chambord,Gare de Angers Saint-Laud,Gare de Blois - Chambord,141.83601158421044,true
Gare de Angers Saint-Laud,Gare de La Baule les Pins,Gare de Angers Saint-Laud,Gare de La Baule les Pins,137.6345007464922,true
Gare de Angers Saint-Laud,Gare de La Baule-Escoublac,Gare de Angers Saint-Laud,Gare de La Baule-Escoublac,139.3604489398111,true
Gare de Angers Saint-Laud,Gare de Le Croisic,Gare de Angers Saint-Laud,Gare de Le Croisic,148.14876860615473,true
Gare de Angers Saint-Laud,Gare de Le Pouliguen,Gare de Angers Saint-Laud,Gare de Le Pouliguen,142.7353749003057,true
Gare de Angers Saint-Laud,Gare de Mer,Gare de Angers Saint-Laud,Gare de Mer,157.03821353576552,true
Gare de Angers Saint-Laud,Gare de Meung-sur-Loire,Gare de Angers Saint-Laud,Gare de Meung-sur-Loire,173.27380497566878,true
Gare de Angers Saint-Laud,Gare de Onzain - Chaumont-sur-Loire,Gare de Angers Saint-Laud,Gare de Onzain - Chaumont-sur-Loire,131.0146559588578,true
Gare de Angers Saint-Laud,Gare de Orléans,Gare de Angers Saint-Laud,Gare de Orléans,190.6900933952656,true
Gare de Angers Saint-Laud,Gare de Pornichet,Gare de Angers Saint-Laud,Gare de Pornichet,136.38129542805925,true
Gare de Angers Saint-Laud,Gare de Rennes,Gare de Angers Saint-Laud,Gare de Rennes,109.53651231033768,true
Gare de Angers Saint-Laud,Gare de Saint-Nazaire,Gare de Angers Saint-Laud,Gare de Saint-Nazaire,126.13202788316381,true
Gare de Angers Saint-Laud,Gare de Savenay,Gare de Angers Saint-Laud,Gare de Savenay,105.57339467157422,true
Gare de Argentan,Gare de Château-du-Loir,Gare de Argentan,Gare de Château-du-Loir,121.78396072739858,true
Gare de Argentan,Gare de Dreux,Gare de Argentan,Gare de Dreux,102.34107538345451,true
Gare de Argentan,Gare de Folligny,Gare de Argentan,Gare de Folligny,101.75592653493315,true
Gare de Argentan,Gare de Granville,Gare de Argentan,Gare de Granville,114.98501701890441,true
Gare de Argentan,Gare de Paris Montparnasse Hall 1 - 2,Gare de Argentan,Gare de Paris Montparnasse Hall 1 - 2,172.21991062098007,true
Gare de Argentan,Gare de Paris Montparnasse Vaugirard,Gare de Argentan,Gare de Paris Montparnasse Vaugirard,172.21991062098007,true
Gare de Argentan,Gare de Saint-Pierre-des-Corps,Gare de Argentan,Gare de Saint-Pierre-des-Corps,160.34438310396112,true
Gare de Argentan,Gare de Tours,Gare de Argentan,Gare de Tours,159.17521391056027,true
Gare de Argentan,Gare de Versailles Chantiers,Gare de Argentan,Gare de Versailles Chantiers,158.51685489289568,true
Gare de Argentan,Gare de Écommoy,Gare de Argentan,Gare de Écommoy,103.93961295984138,true
Gare de Arras,Gare de Longuerue - Vieux-Manoir,Gare de Arras,Gare de Longuerue - Vieux-Manoir,134.8425159019506,true
Gare de Arras,Gare de Montérolier - Buchy,Gare de Arras,Gare de Montérolier - Buchy,128.35714774997408,true
Gare de Arras,Gare de Morgny,Gare de Arras,Gare de Morgny,138.79698613364403,true
Gare de Arras,Gare de Rouen Rive Droite,Gare de Arras,Gare de Rouen Rive Droite,152.59929710635038,true
Gare de Arras,Gare de Serqueux,Gare de Arras,Gare de Serqueux,114.83108083377346,true
Gare de Audrieu,Gare de Dol-de-Bretagne,Gare de Audrieu,Gare de Dol-de-Bretagne,112.73255503877326,true
Gare de Audrieu,Gare de Pontchaillou,Gare de Audrieu,Gare de Pontchaillou,146.14700544124057,true
Gare de Audrieu,Gare de Rennes,Gare de Audrieu,Gare de Rennes,146.82964317548848,true
Gare de Auffay,Gare de Paris Saint-Lazare,Gare de Auffay,Gare de Paris Saint-Lazare,128.9802551796741,true
Gare de Auray,Gare de Brest,Gare de Auray,Gare de Brest,135.32916459634853,true
Gare de Auray,Gare de Nantes,Gare de Auray,Gare de Nantes,121.05080006509671,true
Gare de Auray,Gare de Rennes,Gare de Auray,Gare de Rennes,109.54488132579172,true
Gare de Batz-sur-Mer,Gare de Amboise,Gare de Batz-sur-Mer,Gare de Amboise,261.1530142980162,true
Gare de Batz-sur-Mer,Gare de Angers Saint-Laud,Gare de Batz-sur-Mer,Gare de Angers Saint-Laud,146.17324467701118,true
Gare de Batz-sur-Mer,Gare de Beaugency,Gare de Batz-sur-Mer,Gare de Beaugency,313.0748992752962,true
Gare de Batz-sur-Mer,Gare de Blois - Chambord,Gare de Batz-sur-Mer,Gare de Blois - Chambord,287.9934341711524,true
Gare de Batz-sur-Mer,Gare de Le Mans,Gare de Batz-sur-Mer,Gare de Le Mans,215.3457541211755,true
Gare de Batz-sur-Mer,Gare de Mer,Gare de Batz-sur-Mer,Gare de Mer,303.0883601490261,true
Gare de Batz-sur-Mer,Gare de Meung-sur-Loire,Gare de Batz-sur-Mer,Gare de Meung-sur-Loire,318.84553684551776,true
Gare de Batz-sur-Mer,Gare de Onzain - Chaumont-sur-Loire,Gare de Batz-sur-Mer,Gare de Onzain - Chaumont-sur-Loire,276.88617123522573,true
Gare de Batz-sur-Mer,Gare de Orléans,Gare de Batz-sur-Mer,Gare de Orléans,335.9406990091849,true
Gare de Batz-sur-Mer,Gare de Sablé-sur-Sarthe,Gare de Batz-sur-Mer,Gare de Sablé-sur-Sarthe,172.0346254219354,true
Gare de Batz-sur-Mer,Gare de Saint-Pierre-des-Corps,Gare de Batz-sur-Mer,Gare de Saint-Pierre-des-Corps,241.60096499767744,true
Gare de Batz-sur-Mer,Gare de Saumur,Gare de Batz-sur-Mer,Gare de Saumur,181.62566427994855,true
Gare de Batz-sur-Mer,Gare de Tours,Gare de Batz-sur-Mer,Gare de Tours,239.302579261764,true
Gare de Bayeux,Gare de Dol-de-Bretagne,Gare de Bayeux,Gare de Dol-de-Bretagne,111.46122038792788,true
Gare de Bayeux,Gare de Mantes-la-Jolie,Gare de Bayeux,Gare de Mantes-la-Jolie,177.47328474790248,true
Gare de Bayeux,Gare de Paris Saint-Lazare,Gare de Bayeux,Gare de Paris Saint-Lazare,224.5249043032911,true
Gare de Bayeux,Gare de Pontchaillou,Gare de Bayeux,Gare de Pontchaillou,147.2886781142356,true
Gare de Bayeux,Gare de Rennes,Gare de Bayeux,Gare de Rennes,148.1016495413439,true
Gare de Bayeux,Gare de Évreux Normandie,Gare de Bayeux,Gare de Évreux Normandie,137.26494704218797,true
Gare de Beaugency,Gare de Ancenis,Gare de Beaugency,Gare de Ancenis,215.1726727797946,true
Gare de Beaugency,Gare de Angers Saint-Laud,Gare de Beaugency,Gare de Angers Saint-Laud,167.26302364897745,true
Gare de Beaugency,Gare de Batz-sur-Mer,Gare de Beaugency,Gare de Batz-sur-Mer,313.0748992752962,true
Gare de Beaugency,Gare de La Baule les Pins,Gare de Beaugency,Gare de La Baule les Pins,304.59931021641313,true
Gare de Beaugency,Gare de La Baule-Escoublac,Gare de Beaugency,Gare de La Baule-Escoublac,306.28112988529045,true
Gare de Beaugency,Gare de Le Croisic,Gare de Beaugency,Gare de Le Croisic,314.9773854616025,true
Gare de Beaugency,Gare de Le Pouliguen,Gare de Beaugency,Gare de Le Pouliguen,309.6591720040533,true
Gare de Beaugency,Gare de Nantes,Gare de Beaugency,Gare de Nantes,246.01434516349244,true
Gare de Beaugency,Gare de Pornichet,Gare de Beaugency,Gare de Pornichet,303.4236725879091,true
Gare de Beaugency,Gare de Saint-Nazaire,Gare de Beaugency,Gare de Saint-Nazaire,293.1813721314846,true
Gare de Beaugency,Gare de Saumur,Gare de Beaugency,Gare de Saumur,139.46681317824778,true
Gare de Beaugency,Gare de Savenay,Gare de Beaugency,Gare de Savenay,272.3611219267663,true
Gare de Beaumont-le-Roger,Gare de Paris Saint-Lazare,Gare de Beaumont-le-Roger,Gare de Paris Saint-Lazare,115.43732443009819,true
Gare de Bernay,Gare de Carentan,Gare de Bernay,Gare de Carentan,135.871910000843,true
Gare de Bernay,Gare de Cherbourg,Gare de Bernay,Gare de Cherbourg,171.6726291417892,true
Gare de Bernay,Gare de Lison,Gare de Bernay,Gare de Lison,120.70099630863496,true
Gare de Bernay,Gare de Paris Saint-Lazare,Gare de Bernay,Gare de Paris Saint-Lazare,128.38102168807436,true
Gare de Bernay,Gare de Valognes,Gare de Bernay,Gare de Valognes,157.5277390640842,true
Gare de Blois - Chambord,Gare de Ancenis,Gare de Blois - Chambord,Gare de Ancenis,189.5211651066743,true
Gare de Blois - Chambord,Gare de Angers Saint-Laud,Gare de Blois - Chambord,Gare de Angers Saint-Laud,141.83601158421044,true
Gare de Blois - Chambord,Gare de Batz-sur-Mer,Gare de Blois - Chambord,Gare de Batz-sur-Mer,287.9934341711524,true
Gare de Blois - Chambord,Gare de La Baule les Pins,Gare de Blois - Chambord,Gare de La Baule les Pins,279.4424485986885,true
Gare de Blois - Chambord,Gare de La Baule-Escoublac,Gare de Blois - Chambord,Gare de La Baule-Escoublac,281.1789507720268,true
Gare de Blois - Chambord,Gare de Le Croisic,Gare de Blois - Chambord,Gare de Le Croisic,289.979510648645,true
Gare de Blois - Chambord,Gare de Le Pouliguen,Gare de Blois - Chambord,Gare de Le Pouliguen,284.55196765932897,true
Gare de Blois - Chambord,Gare de Nantes,Gare de Blois - Chambord,Gare de Nantes,219.524010470536,true
Gare de Blois - Chambord,Gare de Pornichet,Gare de Blois - Chambord,Gare de Pornichet,278.160049726904,true
Gare de Blois - Chambord,Gare de Saint-Nazaire,Gare de Blois - Chambord,Gare de Saint-Nazaire,267.9142743307845,true
Gare de Blois - Chambord,Gare de Saumur,Gare de Blois - Chambord,Gare de Saumur,110.69243451109666,true
Gare de Blois - Chambord,Gare de Savenay,Gare de Blois - Chambord,Gare de Savenay,247.40892619124398,true
Gare de Bournezeau,Gare de Langeais,Gare de Bournezeau,Gare de Langeais,141.78193767290085,true
Gare de Bournezeau,Gare de Saumur,Gare de Bournezeau,Gare de Saumur,108.49708676991699,true
Gare de Bournezeau,Gare de Tours,Gare de Bournezeau,Gare de Tours,163.8896610205006,true
Gare de Bressuire,Gare de Tours,Gare de Bressuire,Gare de Tours,108.8806970735048,true
Gare de Brest,Gare de Auray,Gare de Brest,Gare de Auray,135.32916459634853,true
Gare de Brest,Gare de Broons,Gare de Brest,Gare de Broons,165.93735854431398,true
Gare de Brest,Gare de Caulnes,Gare de Brest,Gare de Caulnes,172.21421823100502,true
Gare de Brest,Gare de Guingamp,Gare de Brest,Gare de Guingamp,100.31662573459633,true
Gare de Brest,Gare de Lamballe,Gare de Brest,Gare de Lamballe,145.52500813023016,true
Gare de Brest,Gare de Lorient,Gare de Brest,Gare de Lorient,108.58434775118924,true
Gare de Brest,Gare de Montauban-de-Bretagne,Gare de Brest,Gare de Montauban-de-Bretagne,180.93945967852852,true
Gare de Brest,Gare de Montfort-sur-Meu,Gare de Brest,Gare de Montfort-sur-Meu,189.38701469503158,true
Gare de Brest,Gare de Nantes,Gare de Brest,Gare de Nantes,255.09699050524605,true
Gare de Brest,Gare de Plestan,Gare de Brest,Gare de Plestan,150.47813031863896,true
Gare de Brest,Gare de Plénée-Jugon,Gare de Brest,Gare de Plénée-Jugon,156.98473343471306,true
Gare de Brest,Gare de Quédillac,Gare de Brest,Gare de Quédillac,173.35066631635277,true
Gare de Brest,Gare de Redon,Gare de Brest,Gare de Redon,195.8335571106044,true
Gare de Brest,Gare de Rennes,Gare de Brest,Gare de Rennes,210.2713901975119,true
Gare de Brest,Gare de Saint-Brieuc,Gare de Brest,Gare de Saint-Brieuc,127.21282621091527,true
Gare de Brest,Gare de Vannes,Gare de Brest,Gare de Vannes,151.5328576379902,true
Gare de Brest,Gare de Yffiniac,Gare de Brest,Gare de Yffiniac,135.17363818106392,true
Gare de Bretoncelles,Gare de Angers Maître École,Gare de Bretoncelles,Gare de Angers Maître École,150.96705304417296,true
Gare de Bretoncelles,Gare de Angers Saint-Laud,Gare de Bretoncelles,Gare de Angers Saint-Laud,152.42907944836756,true
Gare de Bretoncelles,Gare de Le Vieux Briollay,Gare de Bretoncelles,Gare de Le Vieux Briollay,139.9775589619674,true
Gare de Bretoncelles,Gare de Morannes,Gare de Bretoncelles,Gare de Morannes,124.20030825381046,true
Gare de Bretoncelles,Gare de Paris Montparnasse Hall 1 - 2,Gare de Bretoncelles,Gare de Paris Montparnasse Hall 1 - 2,114.34539804137968,true
Gare de Bretoncelles,Gare de Sablé-sur-Sarthe,Gare de Bretoncelles,Gare de Sablé-sur-Sarthe,112.72813042237533,true
Gare de Bretoncelles,Gare de Tiercé,Gare de Bretoncelles,Gare de Tiercé,135.9107362573752,true
Gare de Bretoncelles,Gare de Étriché - Châteauneuf,Gare de Bretoncelles,Gare de Étriché - Châteauneuf,132.53094504464093,true
Gare de Bretteville - Norrey,Gare de Dol-de-Bretagne,Gare de Bretteville - Norrey,Gare de Dol-de-Bretagne,116.47576126856553,true
Gare de Bretteville - Norrey,Gare de Pontchaillou,Gare de Bretteville - Norrey,Gare de Pontchaillou,148.45366114662124,true
Gare de Bretteville - Norrey,Gare de Pontorson - Mont-Saint-Michel,Gare de Bretteville - Norrey,Gare de Pontorson - Mont-Saint-Michel,102.4655218253448,true
Gare de Bretteville - Norrey,Gare de Rennes,Gare de Bretteville - Norrey,Gare de Rennes,149.05525633712557,true
Gare de Brion-près-Thouet,Gare de La Roche-sur-Yon,Gare de Brion-près-Thouet,Gare de La Roche-sur-Yon,103.91100260013258,true
Gare de Briouze,Gare de Dreux,Gare de Briouze,Gare de Dreux,127.57424357000814,true
Gare de Briouze,Gare de Nonancourt,Gare de Briouze,Gare de Nonancourt,114.76714515328999,true
Gare de Briouze,Gare de Paris Montparnasse Hall 1 - 2,Gare de Briouze,Gare de Paris Montparnasse Hall 1 - 2,197.63884949184762,true
Gare de Briouze,Gare de Paris Montparnasse Vaugirard,Gare de Briouze,Gare de Paris Montparnasse Vaugirard,197.63884949184762,true
Gare de Briouze,Gare de Versailles Chantiers,Gare de Briouze,Gare de Versailles Chantiers,183.88228748337255,true
Gare de Bréauté - Beuzeville,Gare de Paris Saint-Lazare,Gare de Bréauté - Beuzeville,Gare de Paris Saint-Lazare,160.37265547333678,true
Gare de Caen,Gare de Cherbourg,Gare de Caen,Gare de Cherbourg,105.25845667790381,true
Gare de Caen,Gare de Château-du-Loir,Gare de Caen,Gare de Château-du-Loir,175.28855456841043,true
Gare de Caen,Gare de Dol-de-Bretagne,Gare de Caen,Gare de Dol-de-Bretagne,124.38820815543787,true
Gare de Caen,Gare de La Bonneville-sur-Iton,Gare de Caen,Gare de La Bonneville-sur-Iton,102.84339359826804,true
Gare de Caen,Gare de La Guierche,Gare de Caen,Gare de La Guierche,124.63460875551499,true
Gare de Caen,Gare de La Hutte Coulombiers,Gare de Caen,Gare de La Hutte Coulombiers,102.61077441584087,true
Gare de Caen,Gare de Le Mans,Gare de Caen,Gare de Le Mans,137.17253318858317,true
Gare de Caen,Gare de Mantes-la-Jolie,Gare de Caen,Gare de Mantes-la-Jolie,150.79839043665098,true
Gare de Caen,Gare de Montbizot,Gare de Caen,Gare de Montbizot,120.64229566612251,true
Gare de Caen,Gare de Neuville,Gare de Caen,Gare de Neuville,129.3766077123356,true
Gare de Caen,Gare de Paris Saint-Lazare,Gare de Caen,Gare de Paris Saint-Lazare,197.71481218340045,true
Gare de Caen,Gare de Pontchaillou,Gare de Caen,Gare de Pontchaillou,153.53468929632263,true
Gare de Caen,Gare de Pontorson - Mont-Saint-Michel,Gare de Caen,Gare de Pontorson - Mont-Saint-Michel,109.42923147183495,true
Gare de Caen,Gare de Rennes,Gare de Caen,Gare de Rennes,153.97905768372388,true
Gare de Caen,Gare de Rouen Rive Droite,Gare de Caen,Gare de Rouen Rive Droite,108.80825026055443,true
Gare de Caen,Gare de Saint-Pierre-des-Corps,Gare de Caen,Gare de Saint-Pierre-des-Corps,214.25650217709892,true
Gare de Caen,Gare de Teillé,Gare de Caen,Gare de Teillé,117.50542660530363,true
Gare de Caen,Gare de Tours,Gare de Caen,Gare de Tours,213.03864280728322,true
Gare de Caen,Gare de Vivoin - Beaumont,Gare de Caen,Gare de Vivoin - Beaumont,111.24119531100507,true
Gare de Caen,Gare de Écommoy,Gare de Caen,Gare de Écommoy,157.02962539466785,true
Gare de Caen,Gare de Évreux Normandie,Gare de Caen,Gare de Évreux Normandie,110.40817099289215,true
Gare de Carentan,Gare de Bernay,Gare de Carentan,Gare de Bernay,135.871910000843,true
Gare de Carentan,Gare de Lisieux,Gare de Carentan,Gare de Lisieux,108.74503317389018,true
Gare de Carentan,Gare de Mantes-la-Jolie,Gare de Carentan,Gare de Mantes-la-Jolie,217.23336649406127,true
Gare de Carentan,Gare de Paris Saint-Lazare,Gare de Carentan,Gare de Paris Saint-Lazare,264.2433370388036,true
Gare de Carentan,Gare de Évreux Normandie,Gare de Carentan,Gare de Évreux Normandie,176.94797976635206,true
Gare de Cerizay,Gare de Tours,Gare de Cerizay,Gare de Tours,121.02621777828391,true
Gare de Cesson-Sévigné,Gare de Le Mans,Gare de Cesson-Sévigné,Gare de Le Mans,134.02604237425754,true
Gare de Cesson-Sévigné,Gare de Sillé-le-Guillaume,Gare de Cesson-Sévigné,Gare de Sillé-le-Guillaume,109.56704866306593,true
Gare de Champagné,Gare de Maintenon,Gare de Champagné,Gare de Maintenon,112.21797162862349,true
Gare de Champagné,Gare de Paris Montparnasse Hall 1 - 2,Gare de Champagné,Gare de Paris Montparnasse Hall 1 - 2,172.58487467327257,true
Gare de Champagné,Gare de Rambouillet,Gare de Champagné,Gare de Rambouillet,130.54499841252272,true
Gare de Champagné,Gare de Versailles Chantiers,Gare de Champagné,Gare de Versailles Chantiers,158.43704484589446,true
Gare de Champagné,Gare de Épernon,Gare de Champagné,Gare de Épernon,118.91564892391554,true
Gare de Champtocé-sur-Loire,Gare de Le Mans,Gare de Champtocé-sur-Loire,Gare de Le Mans,102.67700082522889,true
Gare de Chantonnay,Gare de Langeais,Gare de Chantonnay,Gare de Langeais,131.4803711242695,true
Gare de Chantonnay,Gare de Tours,Gare de Chantonnay,Gare de Tours,153.5471391948048,true
Gare de Chartres,Gare de Angers Maître École,Gare de Chartres,Gare de Angers Maître École,185.43825198040423,true
Gare de Chartres,Gare de Angers Saint-Laud,Gare de Chartres,Gare de Angers Saint-Laud,187.05906239226678,true
Gare de Chartres,Gare de La Suze,Gare de Chartres,Gare de La Suze,124.33540101898917,true
Gare de Chartres,Gare de Le Mans,Gare de Chartres,Gare de Le Mans,107.92093783650158,true
Gare de Chartres,Gare de Le Vieux Briollay,Gare de Chartres,Gare de Le Vieux Briollay,175.51174216120418,true
Gare de Chartres,Gare de Morannes,Gare de Chartres,Gare de Morannes,161.60964757343433,true
Gare de Chartres,Gare de Noyen,Gare de Chartres,Gare de Noyen,133.4017350874042,true
Gare de Chartres,Gare de Sablé-sur-Sarthe,Gare de Chartres,Gare de Sablé-sur-Sarthe,151.1497486527518,true
Gare de Chartres,Gare de Tiercé,Gare de Chartres,Gare de Tiercé,171.95356331193508,true
Gare de Chartres,Gare de Voivres,Gare de Chartres,Gare de Voivres,118.4185062928538,true
Gare de Chartres,Gare de Étriché - Châteauneuf,Gare de Chartres,Gare de Étriché - Châteauneuf,169.06241352575483,true
Gare de Cherbourg,Gare de Bernay,Gare de Cherbourg,Gare de Bernay,171.6726291417892,true
Gare de Cherbourg,Gare de Caen,Gare de Cherbourg,Gare de Caen,105.25845667790381,true
Gare de Cherbourg,Gare de Lisieux,Gare de Cherbourg,Gare de Lisieux,144.96059190123708,true
Gare de Cherbourg,Gare de Mantes-la-Jolie,Gare de Cherbourg,Gare de Mantes-la-Jolie,251.40603229375094,true
Gare de Cherbourg,Gare de Paris Saint-Lazare,Gare de Cherbourg,Gare de Paris Saint-Lazare,298.52481352080196,true
Gare de Cherbourg,Gare de Évreux Normandie,Gare de Cherbourg,Gare de Évreux Normandie,212.12747528954802,true
Gare de Château-du-Loir,Gare de Argentan,Gare de Château-du-Loir,Gare de Argentan,121.78396072739858,true
Gare de Château-du-Loir,Gare de Caen,Gare de Château-du-Loir,Gare de Caen,175.28855456841043,true
Gare de Château-du-Loir,Gare de Mézidon - Canon,Gare de Château-du-Loir,Gare de Mézidon - Canon,158.47605246740412,true
Gare de Château-du-Loir,Gare de Saint-Pierre-sur-Dives,Gare de Château-du-Loir,Gare de Saint-Pierre-sur-Dives,152.7304514438064,true
Gare de Château-du-Loir,Gare de Surdon,Gare de Château-du-Loir,Gare de Surdon,111.09554169819732,true
Gare de Château-du-Loir,Gare de Sées,Gare de Château-du-Loir,Gare de Sées,103.5796920132207,true
Gare de Châteaubourg,Gare de Conlie,Gare de Châteaubourg,Gare de Conlie,103.47442784036582,true
Gare de Châteaubourg,Gare de Le Mans,Gare de Châteaubourg,Gare de Le Mans,119.39754689010205,true
Gare de Cinq-Mars-la-Pile,Gare de Ancenis,Gare de Cinq-Mars-la-Pile,Gare de Ancenis,123.25149393041268,true
Gare de Cinq-Mars-la-Pile,Gare de Batz-sur-Mer,Gare de Cinq-Mars-la-Pile,Gare de Batz-sur-Mer,221.5199144054358,true
Gare de Cinq-Mars-la-Pile,Gare de Cerizay,Gare de Cinq-Mars-la-Pile,Gare de Cerizay,103.45820551362354,true
Gare de Cinq-Mars-la-Pile,Gare de Chantonnay,Gare de Cinq-Mars-la-Pile,Gare de Chantonnay,135.81818830425985,true
Gare de Cinq-Mars-la-Pile,Gare de La Baule les Pins,Gare de Cinq-Mars-la-Pile,Gare de La Baule les Pins,212.91853465011212,true
Gare de Cinq-Mars-la-Pile,Gare de La Baule-Escoublac,Gare de Cinq-Mars-la-Pile,Gare de La Baule-Escoublac,214.72351284658984,true
Gare de Cinq-Mars-la-Pile,Gare de La Roche-sur-Yon,Gare de Cinq-Mars-la-Pile,Gare de La Roche-sur-Yon,161.92015445903868,true
Gare de Cinq-Mars-la-Pile,Gare de Le Croisic,Gare de Cinq-Mars-la-Pile,Gare de Le Croisic,223.61583586434335,true
Gare de Cinq-Mars-la-Pile,Gare de Le Pouliguen,Gare de Cinq-Mars-la-Pile,Gare de Le Pouliguen,218.0646457301784,true
Gare de Cinq-Mars-la-Pile,Gare de Nantes,Gare de Cinq-Mars-la-Pile,Gare de Nantes,151.54606340593668,true
Gare de Cinq-Mars-la-Pile,Gare de Pornichet,Gare de Cinq-Mars-la-Pile,Gare de Pornichet,211.48783812370377,true
Gare de Cinq-Mars-la-Pile,Gare de Pouzauges,Gare de Cinq-Mars-la-Pile,Gare de Pouzauges,116.79938668074522,true
Gare de Cinq-Mars-la-Pile,Gare de Saint-Nazaire,Gare de Cinq-Mars-la-Pile,Gare de Saint-Nazaire,201.3142403386398,true
Gare de Cinq-Mars-la-Pile,Gare de Savenay,Gare de Cinq-Mars-la-Pile,Gare de Savenay,181.48796622433687,true
Gare de Clisson,Gare de La Rochelle,Gare de Clisson,Gare de La Rochelle,104.33243863523288,true
Gare de Clères,Gare de Paris Saint-Lazare,Gare de Clères,Gare de Paris Saint-Lazare,119.56027825906249,true
Gare de Conches,Gare de Paris Saint-Lazare,Gare de Conches,Gare de Paris Saint-Lazare,101.82812278408868,true
Gare de Condé-sur-Huisne,Gare de Angers Maître École,Gare de Condé-sur-Huisne,Gare de Angers Maître École,144.83037183125793,true
Gare de Condé-sur-Huisne,Gare de Angers Saint-Laud,Gare de Condé-sur-Huisne,Gare de Angers Saint-Laud,146.30513226709084,true
Gare de Condé-sur-Huisne,Gare de Le Vieux Briollay,Gare de Condé-sur-Huisne,Gare de Le Vieux Briollay,133.91502437025278,true
Gare de Condé-sur-Huisne,Gare de Morannes,Gare de Condé-sur-Huisne,Gare de Morannes,118.31859266336966,true
Gare de Condé-sur-Huisne,Gare de Paris Montparnasse Hall 1 - 2,Gare de Condé-sur-Huisne,Gare de Paris Montparnasse Hall 1 - 2,119.56453169778719,true
Gare de Condé-sur-Huisne,Gare de Sablé-sur-Sarthe,Gare de Condé-sur-Huisne,Gare de Sablé-sur-Sarthe,106.9734169542266,true
Gare de Condé-sur-Huisne,Gare de Tiercé,Gare de Condé-sur-Huisne,Gare de Tiercé,129.89088234041603,true
Gare de Condé-sur-Huisne,Gare de Versailles Chantiers,Gare de Condé-sur-Huisne,Gare de Versailles Chantiers,105.18227340719594,true
Gare de Condé-sur-Huisne,Gare de Étriché - Châteauneuf,Gare de Condé-sur-Huisne,Gare de Étriché - Châteauneuf,126.55707089267534,true
Gare de Conlie,Gare de Cesson-Sévigné,Gare de Conlie,Gare de Cesson-Sévigné,118.07193013388982,true
Gare de Conlie,Gare de Châteaubourg,Gare de Conlie,Gare de Châteaubourg,103.47442784036582,true
Gare de Conlie,Gare de Noyal - Acigné,Gare de Conlie,Gare de Noyal - Acigné,112.53999719996784,true
Gare de Conlie,Gare de Rennes,Gare de Conlie,Gare de Rennes,123.34328879254707,true
Gare de Conlie,Gare de Servon,Gare de Conlie,Gare de Servon,107.91292062050563,true
Gare de Connerré - Beillé,Gare de Angers Maître École,Gare de Connerré - Beillé,Gare de Angers Maître École,101.75930311497874,true
Gare de Connerré - Beillé,Gare de Angers Saint-Laud,Gare de Connerré - Beillé,Gare de Angers Saint-Laud,103.29721010635811,true
Gare de Connerré - Beillé,Gare de Paris Montparnasse Hall 1 - 2,Gare de Connerré - Beillé,Gare de Paris Montparnasse Hall 1 - 2,159.88496434459168,true
Gare de Connerré - Beillé,Gare de Rambouillet,Gare de Connerré - Beillé,Gare de Rambouillet,117.84570285537464,true
Gare de Connerré - Beillé,Gare de Versailles Chantiers,Gare de Connerré - Beillé,Gare de Versailles Chantiers,145.75824434594705,true
Gare de Connerré - Beillé,Gare de Épernon,Gare de Connerré - Beillé,Gare de Épernon,106.23926039007435,true
Gare de Corbie,Gare de Rouen Rive Droite,Gare de Corbie,Gare de Rouen Rive Droite,113.49358346017775,true
Gare de Courville-sur-Eure,Gare de Angers Maître École,Gare de Courville-sur-Eure,Gare de Angers Maître École,171.1644083306245,true
Gare de Courville-sur-Eure,Gare de Angers Saint-Laud,Gare de Courville-sur-Eure,Gare de Angers Saint-Laud,172.7264867673601,true
Gare de Courville-sur-Eure,Gare de La Suze,Gare de Courville-sur-Eure,Gare de La Suze,109.05760389295536,true
Gare de Courville-sur-Eure,Gare de Le Vieux Briollay,Gare de Courville-sur-Eure,Gare de Le Vieux Briollay,160.78363914028458,true
Gare de Courville-sur-Eure,Gare de Morannes,Gare de Courville-sur-Eure,Gare de Morannes,146.09620256750347,true
Gare de Courville-sur-Eure,Gare de Noyen,Gare de Courville-sur-Eure,Gare de Noyen,117.86424637118506,true
Gare de Courville-sur-Eure,Gare de Sablé-sur-Sarthe,Gare de Courville-sur-Eure,Gare de Sablé-sur-Sarthe,135.20689898889484,true
Gare de Courville-sur-Eure,Gare de Tiercé,Gare de Courville-sur-Eure,Gare de Tiercé,157.0124185891088,true
Gare de Courville-sur-Eure,Gare de Voivres,Gare de Courville-sur-Eure,Gare de Voivres,103.0337261359341,true
Gare de Courville-sur-Eure,Gare de Étriché - Châteauneuf,Gare de Courville-sur-Eure,Gare de Étriché - Châteauneuf,153.91861702266692,true
Gare de Coutances,Gare de Pontchaillou,Gare de Coutances,Gare de Pontchaillou,104.40023512460868,true
Gare de Coutances,Gare de Rennes,Gare de Coutances,Gare de Rennes,105.83127818973033,true
Gare de Dieppe,Gare de Paris Saint-Lazare,Gare de Dieppe,Gare de Paris Saint-Lazare,147.04184250729423,true
Gare de Dol-de-Bretagne,Gare de Audrieu,Gare de Dol-de-Bretagne,Gare de Audrieu,112.73255503877326,true
Gare de Dol-de-Bretagne,Gare de Bayeux,Gare de Dol-de-Bretagne,Gare de Bayeux,111.46122038792788,true
Gare de Dol-de-Bretagne,Gare de Bretteville - Norrey,Gare de Dol-de-Bretagne,Gare de Bretteville - Norrey,116.47576126856553,true
Gare de Dol-de-Bretagne,Gare de Caen,Gare de Dol-de-Bretagne,Gare de Caen,124.38820815543787,true
Gare de Dol-de-Bretagne,Gare de Le Molay-Littry,Gare de Dol-de-Bretagne,Gare de Le Molay-Littry,100.93098970416568,true
Gare de Douai,Gare de Abancourt,Gare de Douai,Gare de Abancourt,121.04214810077251,true
Gare de Douai,Gare de Longuerue - Vieux-Manoir,Gare de Douai,Gare de Longuerue - Vieux-Manoir,158.24307342811116,true
Gare de Douai,Gare de Montérolier - Buchy,Gare de Douai,Gare de Montérolier - Buchy,151.81480097818138,true
Gare de Douai,Gare de Morgny,Gare de Douai,Gare de Morgny,162.13668262171333,true
Gare de Douai,Gare de Poix-de-Picardie,Gare de Douai,Gare de Poix-de-Picardie,102.58422735120213,true
Gare de Douai,Gare de Rouen Rive Droite,Gare de Douai,Gare de Rouen Rive Droite,175.9441431838817,true
Gare de Douai,Gare de Serqueux,Gare de Douai,Gare de Serqueux,138.03324499075197,true
Gare de Dreux,Gare de Argentan,Gare de Dreux,Gare de Argentan,102.34107538345451,true
Gare de Dreux,Gare de Briouze,Gare de Dreux,Gare de Briouze,127.57424357000814,true
Gare de Dreux,Gare de Flers,Gare de Dreux,Gare de Flers,142.51803835741958,true
Gare de Dreux,Gare de Folligny,Gare de Dreux,Gare de Folligny,203.78496345244147,true
Gare de Dreux,Gare de Granville,Gare de Dreux,Gare de Granville,217.00814413443925,true
Gare de Dreux,Gare de Villedieu-les-Poêles,Gare de Dreux,Gare de Villedieu-les-Poêles,190.50605891623974,true
Gare de Dreux,Gare de Vire,Gare de Dreux,Gare de Vire,165.5433313286869,true
Gare de Flers,Gare de Dreux,Gare de Flers,Gare de Dreux,142.51803835741958,true
Gare de Flers,Gare de Nonancourt,Gare de Flers,Gare de Nonancourt,129.49623816659425,true
Gare de Flers,Gare de Paris Montparnasse Hall 1 - 2,Gare de Flers,Gare de Paris Montparnasse Hall 1 - 2,212.23279610144778,true
Gare de Flers,Gare de Paris Montparnasse Vaugirard,Gare de Flers,Gare de Paris Montparnasse Vaugirard,212.23279610144778,true
Gare de Flers,Gare de Verneuil-sur-Avre,Gare de Flers,Gare de Verneuil-sur-Avre,110.16290141126734,true
Gare de Flers,Gare de Versailles Chantiers,Gare de Flers,Gare de Versailles Chantiers,198.61032149191615,true
Gare de Folligny,Gare de Argentan,Gare de Folligny,Gare de Argentan,101.75592653493315,true
Gare de Folligny,Gare de Dreux,Gare de Folligny,Gare de Dreux,203.78496345244147,true
Gare de Folligny,Gare de L'Aigle,Gare de Folligny,Gare de L'Aigle,148.650948096196,true
Gare de Folligny,Gare de Nonancourt,Gare de Folligny,Gare de Nonancourt,190.5112228873892,true
Gare de Folligny,Gare de Paris Montparnasse Hall 1 - 2,Gare de Folligny,Gare de Paris Montparnasse Hall 1 - 2,272.81231412534055,true
Gare de Folligny,Gare de Sainte-Gauburge,Gare de Folligny,Gare de Sainte-Gauburge,135.0786079022565,true
Gare de Folligny,Gare de Surdon,Gare de Folligny,Gare de Surdon,114.51256703939288,true
Gare de Folligny,Gare de Verneuil-sur-Avre,Gare de Folligny,Gare de Verneuil-sur-Avre,171.44220513000744,true
Gare de Folligny,Gare de Versailles Chantiers,Gare de Folligny,Gare de Versailles Chantiers,259.44501880165495,true
Gare de Fougeré,Gare de Langeais,Gare de Fougeré,Gare de Langeais,144.45849744892158,true
Gare de Fougeré,Gare de Saumur,Gare de Fougeré,Gare de Saumur,110.73405362365588,true
Gare de Fougeré,Gare de Tours,Gare de Fougeré,Gare de Tours,166.6594640625751,true
Gare de Frénouville - Cagny,Gare de Évreux Normandie,Gare de Frénouville - Cagny,Gare de Évreux Normandie,103.59421025988387,true
Gare de Gazeran,Gare de Champagné,Gare de Gazeran,Gare de Champagné,125.76293890803376,true
Gare de Gazeran,Gare de Connerré - Beillé,Gare de Gazeran,Gare de Connerré - Beillé,113.06928253400719,true
Gare de Gazeran,Gare de Le Mans,Gare de Gazeran,Gare de Le Mans,136.196318427208,true
Gare de Gazeran,Gare de Montfort-le-Gesnois,Gare de Gazeran,Gare de Montfort-le-Gesnois,120.10301761879299,true
Gare de Gazeran,Gare de Saint-Mars-la-Brière,Gare de Gazeran,Gare de Saint-Mars-la-Brière,123.35779531452577,true
Gare de Gazeran,Gare de Sceaux - Boëssé,Gare de Gazeran,Gare de Sceaux - Boëssé,104.81503091929343,true
Gare de Granville,Gare de Argentan,Gare de Granville,Gare de Argentan,114.98501701890441,true
Gare de Granville,Gare de Dreux,Gare de Granville,Gare de Dreux,217.00814413443925,true
Gare de Granville,Gare de L'Aigle,Gare de Granville,Gare de L'Aigle,161.87380075163756,true
Gare de Granville,Gare de Nonancourt,Gare de Granville,Gare de Nonancourt,203.72236490680407,true
Gare de Granville,Gare de Paris Montparnasse Hall 1 - 2,Gare de Granville,Gare de Paris Montparnasse Hall 1 - 2,285.97968129151997,true
Gare de Granville,Gare de Paris Montparnasse Vaugirard,Gare de Granville,Gare de Paris Montparnasse Vaugirard,285.97968129151997,true
Gare de Granville,Gare de Sainte-Gauburge,Gare de Granville,Gare de Sainte-Gauburge,148.30938051292216,true
Gare de Granville,Gare de Surdon,Gare de Granville,Gare de Surdon,127.70652958604241,true
Gare de Granville,Gare de Verneuil-sur-Avre,Gare de Granville,Gare de Verneuil-sur-Avre,184.6678835280653,true
Gare de Granville,Gare de Versailles Chantiers,Gare de Granville,Gare de Versailles Chantiers,272.63576003262256,true
Gare de Guingamp,Gare de Brest,Gare de Guingamp,Gare de Brest,100.31662573459633,true
Gare de Guingamp,Gare de Rennes,Gare de Guingamp,Gare de Rennes,119.77695411598873,true
Gare de Hennebont,Gare de Nantes,Gare de Hennebont,Gare de Nantes,146.06493016303,true
Gare de Hennebont,Gare de Rennes,Gare de Hennebont,Gare de Rennes,124.80485701421433,true
Gare de Hennebont,Gare de Savenay,Gare de Hennebont,Gare de Savenay,111.45977277722142,true
Gare de Ingrandes,Gare de Le Mans,Gare de Ingrandes,Gare de Le Mans,106.02805189346851,true
Gare de Jouy,Gare de Champagné,Gare de Jouy,Gare de Champagné,105.60995788266486,true
Gare de Jouy,Gare de Le Mans,Gare de Jouy,Gare de Le Mans,116.12669680058843,true
Gare de Jouy,Gare de Saint-Mars-la-Brière,Gare de Jouy,Gare de Saint-Mars-la-Brière,103.1958653964267,true
Gare de L'Aigle,Gare de Folligny,Gare de L'Aigle,Gare de Folligny,148.650948096196,true
Gare de L'Aigle,Gare de Granville,Gare de L'Aigle,Gare de Granville,161.87380075163756,true
Gare de L'Aigle,Gare de Paris Montparnasse Hall 1 - 2,Gare de L'Aigle,Gare de Paris Montparnasse Hall 1 - 2,124.81624287370096,true
Gare de L'Aigle,Gare de Paris Montparnasse Vaugirard,Gare de L'Aigle,Gare de Paris Montparnasse Vaugirard,124.81624287370096,true
Gare de L'Aigle,Gare de Versailles Chantiers,Gare de L'Aigle,Gare de Versailles Chantiers,111.115532170879,true
Gare de L'Aigle,Gare de Villedieu-les-Poêles,Gare de L'Aigle,Gare de Villedieu-les-Poêles,135.37183478414997,true
Gare de L'Aigle,Gare de Vire,Gare de L'Aigle,Gare de Vire,110.42084271029013,true
Gare de La Baule les Pins,Gare de Amboise,Gare de La Baule les Pins,Gare de Amboise,252.5605385309297,true
Gare de La Baule les Pins,Gare de Angers Saint-Laud,Gare de La Baule les Pins,Gare de Angers Saint-Laud,137.6345007464922,true
Gare de La Baule les Pins,Gare de Beaugency,Gare de La Baule les Pins,Gare de Beaugency,304.59931021641313,true
Gare de La Baule les Pins,Gare de Blois - Chambord,Gare de La Baule les Pins,Gare de Blois - Chambord,279.4424485986885,true
Gare de La Baule les Pins,Gare de Le Mans,Gare de La Baule les Pins,Gare de Le Mans,207.3194909041384,true
Gare de La Baule les Pins,Gare de Mer,Gare de La Baule les Pins,Gare de Mer,294.5823204369318,true
Gare de La Baule les Pins,Gare de Meung-sur-Loire,Gare de La Baule les Pins,Gare de Meung-sur-Loire,310.3940003811604,true
Gare de La Baule les Pins,Gare de Onzain - Chaumont-sur-Loire,Gare de La Baule les Pins,Gare de Onzain - Chaumont-sur-Loire,268.3079151914478,true
Gare de La Baule les Pins,Gare de Orléans,Gare de La Baule les Pins,Gare de Orléans,327.51914716448044,true
Gare de La Baule les Pins,Gare de Sablé-sur-Sarthe,Gare de La Baule les Pins,Gare de Sablé-sur-Sarthe,163.98140799558186,true
Gare de La Baule les Pins,Gare de Saint-Pierre-des-Corps,Gare de La Baule les Pins,Gare de Saint-Pierre-des-Corps,233.00369874869114,true
Gare de La Baule les Pins,Gare de Saumur,Gare de La Baule les Pins,Gare de Saumur,173.02608368192696,true
Gare de La Baule les Pins,Gare de Tours,Gare de La Baule les Pins,Gare de Tours,230.70595481224586,true
Gare de La Baule-Escoublac,Gare de Amboise,Gare de La Baule-Escoublac,Gare de Amboise,254.34389230247638,true
Gare de La Baule-Escoublac,Gare de Angers Saint-Laud,Gare de La Baule-Escoublac,Gare de Angers Saint-Laud,139.3604489398111,true
Gare de La Baule-Escoublac,Gare de Beaugency,Gare de La Baule-Escoublac,Gare de Beaugency,306.28112988529045,true
Gare de La Baule-Escoublac,Gare de Blois - Chambord,Gare de La Baule-Escoublac,Gare de Blois - Chambord,281.1789507720268,true
Gare de La Baule-Escoublac,Gare de Le Mans,Gare de La Baule-Escoublac,Gare de Le Mans,208.785488393541,true
Gare de La Baule-Escoublac,Gare de Mer,Gare de La Baule-Escoublac,Gare de Mer,296.284237756839,true
Gare de La Baule-Escoublac,Gare de Meung-sur-Loire,Gare de La Baule-Escoublac,Gare de Meung-sur-Loire,312.0610917488811,true
Gare de La Baule-Escoublac,Gare de Onzain - Chaumont-sur-Loire,Gare de La Baule-Escoublac,Gare de Onzain - Chaumont-sur-Loire,270.0715877327542,true
Gare de La Baule-Escoublac,Gare de Orléans,Gare de La Baule-Escoublac,Gare de Orléans,329.16895970918773,true
Gare de La Baule-Escoublac,Gare de Sablé-sur-Sarthe,Gare de La Baule-Escoublac,Gare de Sablé-sur-Sarthe,165.45704316256774,true
Gare de La Baule-Escoublac,Gare de Saint-Pierre-des-Corps,Gare de La Baule-Escoublac,Gare de Saint-Pierre-des-Corps,234.79638436371332,true
Gare de La Baule-Escoublac,Gare de Saumur,Gare de La Baule-Escoublac,Gare de Saumur,174.85831777182833,true
Gare de La Baule-Escoublac,Gare de Tours,Gare de La Baule-Escoublac,Gare de Tours,232.4972295827897,true
Gare de La Bonneville-sur-Iton,Gare de Caen,Gare de La Bonneville-sur-Iton,Gare de Caen,102.84339359826804,true
Gare de La Chaize-le-Vicomte,Gare de Langeais,Gare de La Chaize-le-Vicomte,Gare de Langeais,147.19745430773224,true
Gare de La Chaize-le-Vicomte,Gare de Saumur,Gare de La Chaize-le-Vicomte,Gare de Saumur,113.11043507512305,true
Gare de La Chaize-le-Vicomte,Gare de Tours,Gare de La Chaize-le-Vicomte,Gare de Tours,169.47111346735255,true
Gare de La Chapelle-sur-Loire,Gare de Ancenis,Gare de La Chapelle-sur-Loire,Gare de Ancenis,106.08225666252685,true
Gare de La Chapelle-sur-Loire,Gare de Nantes,Gare de La Chapelle-sur-Loire,Gare de Nantes,132.97535688913098,true
Gare de La Ferté-Bernard,Gare de Angers Maître École,Gare de La Ferté-Bernard,Gare de Angers Maître École,118.55070584507621,true
Gare de La Ferté-Bernard,Gare de Angers Saint-Laud,Gare de La Ferté-Bernard,Gare de Angers Saint-Laud,120.07035676019359,true
Gare de La Ferté-Bernard,Gare de Le Vieux Briollay,Gare de La Ferté-Bernard,Gare de Le Vieux Briollay,107.93306112580932,true
Gare de La Ferté-Bernard,Gare de Paris Montparnasse Hall 1 - 2,Gare de La Ferté-Bernard,Gare de Paris Montparnasse Hall 1 - 2,143.6376404372168,true
Gare de La Ferté-Bernard,Gare de Rambouillet,Gare de La Ferté-Bernard,Gare de Rambouillet,101.61735260161778,true
Gare de La Ferté-Bernard,Gare de Tiercé,Gare de La Ferté-Bernard,Gare de Tiercé,104.08929743458751,true
Gare de La Ferté-Bernard,Gare de Versailles Chantiers,Gare de La Ferté-Bernard,Gare de Versailles Chantiers,129.42671816130442,true
Gare de La Ferté-Bernard,Gare de Étriché - Châteauneuf,Gare de La Ferté-Bernard,Gare de Étriché - Châteauneuf,100.9553522396772,true
Gare de La Guierche,Gare de Caen,Gare de La Guierche,Gare de Caen,124.63460875551499,true
Gare de La Guierche,Gare de Mézidon - Canon,Gare de La Guierche,Gare de Mézidon - Canon,108.22054359773996,true
Gare de La Guierche,Gare de Saint-Pierre-sur-Dives,Gare de La Guierche,Gare de Saint-Pierre-sur-Dives,102.54627015641549,true
Gare de La Hutte Coulombiers,Gare de Caen,Gare de La Hutte Coulombiers,Gare de Caen,102.61077441584087,true
Gare de La Loupe,Gare de Angers Maître École,Gare de La Loupe,Gare de Angers Maître École,160.41814904086678,true
Gare de La Loupe,Gare de Angers Saint-Laud,Gare de La Loupe,Gare de Angers Saint-Laud,161.90010433719,true
Gare de La Loupe,Gare de Le Vieux Briollay,Gare de La Loupe,Gare de Le Vieux Briollay,149.53267983504705,true
Gare de La Loupe,Gare de Morannes,Gare de La Loupe,Gare de Morannes,133.91826884679296,true
Gare de La Loupe,Gare de Noyen,Gare de La Loupe,Gare de Noyen,105.8624654101607,true
Gare de La Loupe,Gare de Paris Montparnasse Hall 1 - 2,Gare de La Loupe,Gare de Paris Montparnasse Hall 1 - 2,104.50371384718868,true
Gare de La Loupe,Gare de Sablé-sur-Sarthe,Gare de La Loupe,Gare de Sablé-sur-Sarthe,122.51365080558122,true
Gare de La Loupe,Gare de Tiercé,Gare de La Loupe,Gare de Tiercé,145.51381262737354,true
Gare de La Loupe,Gare de Étriché - Châteauneuf,Gare de La Loupe,Gare de Étriché - Châteauneuf,142.17831005021796,true
Gare de La Membrolle-sur-Choisille,Gare de Alençon,Gare de La Membrolle-sur-Choisille,Gare de Alençon,118.57020550748226,true
Gare de La Membrolle-sur-Choisille,Gare de La Hutte Coulombiers,Gare de La Membrolle-sur-Choisille,Gare de La Hutte Coulombiers,104.85282483652412,true
Gare de La Roche-sur-Yon,Gare de Brion-près-Thouet,Gare de La Roche-sur-Yon,Gare de Brion-près-Thouet,103.91100260013258,true
Gare de La Roche-sur-Yon,Gare de Langeais,Gare de La Roche-sur-Yon,Gare de Langeais,157.60592735469476,true
Gare de La Roche-sur-Yon,Gare de Montreuil-Bellay,Gare de La Roche-sur-Yon,Gare de Montreuil-Bellay,110.0364778500217,true
Gare de La Roche-sur-Yon,Gare de Saumur,Gare de La Roche-sur-Yon,Gare de Saumur,122.96445361801993,true
Gare de La Roche-sur-Yon,Gare de Tours,Gare de La Roche-sur-Yon,Gare de Tours,179.97733540289371,true
Gare de La Rochelle,Gare de Nantes,Gare de La Rochelle,Gare de Nantes,122.19542283082342,true
Gare de La Suze,Gare de Ancenis,Gare de La Suze,Gare de Ancenis,107.35304870450578,true
Gare de La Suze,Gare de Batz-sur-Mer,Gare de La Suze,Gare de Batz-sur-Mer,199.81181153709863,true
Gare de La Suze,Gare de La Baule les Pins,Gare de La Suze,Gare de La Baule les Pins,191.6906256581237,true
Gare de La Suze,Gare de La Baule-Escoublac,Gare de La Suze,Gare de La Baule-Escoublac,193.19561231806898,true
Gare de La Suze,Gare de Le Croisic,Gare de La Suze,Gare de Le Croisic,201.4692824934889,true
Gare de La Suze,Gare de Le Pouliguen,Gare de La Suze,Gare de Le Pouliguen,196.52392035180554,true
Gare de La Suze,Gare de Nantes,Gare de La Suze,Gare de Nantes,139.5899308697578,true
Gare de La Suze,Gare de Pornichet,Gare de La Suze,Gare de Pornichet,190.8270310611282,true
Gare de La Suze,Gare de Saint-Nazaire,Gare de La Suze,Gare de Saint-Nazaire,180.81525730928308,true
Gare de La Suze,Gare de Savenay,Gare de La Suze,Gare de Savenay,159.63638960477448,true
Gare de La Villette Saint-Prest,Gare de Champagné,Gare de La Villette Saint-Prest,Gare de Champagné,101.869394157093,true
Gare de La Villette Saint-Prest,Gare de Le Mans,Gare de La Villette Saint-Prest,Gare de Le Mans,112.42587811661241,true
Gare de Lamballe,Gare de Brest,Gare de Lamballe,Gare de Brest,145.52500813023016,true
Gare de Lamballe,Gare de Landerneau,Gare de Lamballe,Gare de Landerneau,128.67685055914228,true
Gare de Lamballe,Gare de Landivisiau,Gare de Lamballe,Gare de Landivisiau,115.81350071672182,true
Gare de Landerneau,Gare de Broons,Gare de Landerneau,Gare de Broons,149.796560936439,true
Gare de Landerneau,Gare de Caulnes,Gare de Landerneau,Gare de Caulnes,156.32696303119994,true
Gare de Landerneau,Gare de Lamballe,Gare de Landerneau,Gare de Lamballe,128.67685055914228,true
Gare de Landerneau,Gare de Montauban-de-Bretagne,Gare de Landerneau,Gare de Montauban-de-Bretagne,165.55328024728016,true
Gare de Landerneau,Gare de Montfort-sur-Meu,Gare de Landerneau,Gare de Montfort-sur-Meu,174.233181663451,true
Gare de Landerneau,Gare de Plestan,Gare de Landerneau,Gare de Plestan,133.85054744004125,true
Gare de Landerneau,Gare de Plénée-Jugon,Gare de Landerneau,Gare de Plénée-Jugon,140.6244442085185,true
Gare de Landerneau,Gare de Quédillac,Gare de Landerneau,Gare de Quédillac,157.6703963472319,true
Gare de Landerneau,Gare de Rennes,Gare de Landerneau,Gare de Rennes,195.11502016295373,true
Gare de Landerneau,Gare de Saint-Brieuc,Gare de Landerneau,Gare de Saint-Brieuc,110.10001465331419,true
Gare de Landerneau,Gare de Yffiniac,Gare de Landerneau,Gare de Yffiniac,118.28971426356027,true
Gare de Landivisiau,Gare de Lamballe,Gare de Landivisiau,Gare de Lamballe,115.81350071672182,true
Gare de Landivisiau,Gare de Rennes,Gare de Landivisiau,Gare de Rennes,183.48430247939604,true
Gare de Langeais,Gare de Ancenis,Gare de Langeais,Gare de Ancenis,119.70830549731859,true
Gare de Langeais,Gare de Batz-sur-Mer,Gare de Langeais,Gare de Batz-sur-Mer,217.85438125339334,true
Gare de Langeais,Gare de Chantonnay,Gare de Langeais,Gare de Chantonnay,131.4803711242695,true
Gare de Langeais,Gare de La Baule les Pins,Gare de Langeais,Gare de La Baule les Pins,209.25190637866865,true
Gare de Langeais,Gare de La Baule-Escoublac,Gare de Langeais,Gare de La Baule-Escoublac,211.06386122476127,true
Gare de Langeais,Gare de La Roche-sur-Yon,Gare de Langeais,Gare de La Roche-sur-Yon,157.60592735469476,true
Gare de Langeais,Gare de Le Croisic,Gare de Langeais,Gare de Le Croisic,219.96188012422522,true
Gare de Langeais,Gare de Le Pouliguen,Gare de Langeais,Gare de Le Pouliguen,214.39939168110266,true
Gare de Langeais,Gare de Nantes,Gare de Langeais,Gare de Nantes,147.73561966219478,true
Gare de Langeais,Gare de Pornichet,Gare de Langeais,Gare de Pornichet,207.80454783863135,true
Gare de Langeais,Gare de Pouzauges,Gare de Langeais,Gare de Pouzauges,112.46176706834767,true
Gare de Langeais,Gare de Saint-Nazaire,Gare de Langeais,Gare de Saint-Nazaire,197.64562139980833,true
Gare de Langeais,Gare de Savenay,Gare de Langeais,Gare de Savenay,177.9149200645628,true
Gare de Laval,Gare de Batz-sur-Mer,Gare de Laval,Gare de Batz-sur-Mer,156.0848611152262,true
Gare de Laval,Gare de La Baule les Pins,Gare de Laval,Gare de La Baule les Pins,148.95964625317686,true
Gare de Laval,Gare de La Baule-Escoublac,Gare de Laval,Gare de La Baule-Escoublac,150.10067105901624,true
Gare de Laval,Gare de Le Croisic,Gare de Laval,Gare de Le Croisic,157.27580910441134,true
Gare de Laval,Gare de Le Pouliguen,Gare de Laval,Gare de Le Pouliguen,153.16850353456132,true
Gare de Laval,Gare de Nantes,Gare de Laval,Gare de Nantes,111.99250211049272,true
Gare de Laval,Gare de Pornichet,Gare de Laval,Gare de Pornichet,148.63441099649532,true
Gare de Laval,Gare de Saint-Nazaire,Gare de Laval,Gare de Saint-Nazaire,139.62947338295731,true
Gare de Laval,Gare de Savenay,Gare de Laval,Gare de Savenay,119.55667366418234,true
Gare de Le Croisic,Gare de Amboise,Gare de Le Croisic,Gare de Amboise,263.2133282109692,true
Gare de Le Croisic,Gare de Ancenis,Gare de Le Croisic,Gare de Ancenis,100.59212085489028,true
Gare de Le Croisic,Gare de Angers Saint-Laud,Gare de Le Croisic,Gare de Angers Saint-Laud,148.14876860615473,true
Gare de Le Croisic,Gare de Beaugency,Gare de Le Croisic,Gare de Beaugency,314.9773854616025,true
Gare de Le Croisic,Gare de Blois - Chambord,Gare de Le Croisic,Gare de Blois - Chambord,289.979510648645,true
Gare de Le Croisic,Gare de Le Mans,Gare de Le Croisic,Gare de Le Mans,216.94798421585372,true
Gare de Le Croisic,Gare de Mer,Gare de Le Croisic,Gare de Mer,305.0212903539292,true
Gare de Le Croisic,Gare de Meung-sur-Loire,Gare de Le Croisic,Gare de Meung-sur-Loire,320.7259365182442,true
Gare de Le Croisic,Gare de Onzain - Chaumont-sur-Loire,Gare de Le Croisic,Gare de Onzain - Chaumont-sur-Loire,278.9148835996967,true
Gare de Le Croisic,Gare de Orléans,Gare de Le Croisic,Gare de Orléans,337.79508936096494,true
Gare de Le Croisic,Gare de Sablé-sur-Sarthe,Gare de Le Croisic,Gare de Sablé-sur-Sarthe,173.65669102820002,true
Gare de Le Croisic,Gare de Saint-Pierre-des-Corps,Gare de Le Croisic,Gare de Saint-Pierre-des-Corps,243.6765886998857,true
Gare de Le Croisic,Gare de Saumur,Gare de Le Croisic,Gare de Saumur,183.7675134033134,true
Gare de Le Croisic,Gare de Tours,Gare de Le Croisic,Gare de Tours,241.3759372411304,true
Gare de Le Havre,Gare de Paris Saint-Lazare,Gare de Le Havre,Gare de Paris Saint-Lazare,174.00320428267304,true
Gare de Le Havre,Gare de Vernon - Giverny,Gare de Le Havre,Gare de Vernon - Giverny,107.82127701663255,true
Gare de Le Mans,Gare de Amilly - Ouerray,Gare de Le Mans,Gare de Amilly - Ouerray,101.41508705719751,true
Gare de Le Mans,Gare de Ancenis,Gare de Le Mans,Gare de Ancenis,123.98774242632932,true
Gare de Le Mans,Gare de Batz-sur-Mer,Gare de Le Mans,Gare de Batz-sur-Mer,215.3457541211755,true
Gare de Le Mans,Gare de Caen,Gare de Le Mans,Gare de Caen,137.17253318858317,true
Gare de Le Mans,Gare de Cesson-Sévigné,Gare de Le Mans,Gare de Cesson-Sévigné,134.02604237425754,true
Gare de Le Mans,Gare de Chartres,Gare de Le Mans,Gare de Chartres,107.92093783650158,true
Gare de Le Mans,Gare de Châteaubourg,Gare de Le Mans,Gare de Châteaubourg,119.39754689010205,true
Gare de Le Mans,Gare de La Baule les Pins,Gare de Le Mans,Gare de La Baule les Pins,207.3194909041384,true
Gare de Le Mans,Gare de La Baule-Escoublac,Gare de Le Mans,Gare de La Baule-Escoublac,208.785488393541,true
Gare de Le Mans,Gare de Le Croisic,Gare de Le Mans,Gare de Le Croisic,216.94798421585372,true
Gare de Le Mans,Gare de Le Pouliguen,Gare de Le Mans,Gare de Le Pouliguen,212.0934918933134,true
Gare de Le Mans,Gare de Maintenon,Gare de Le Mans,Gare de Maintenon,122.56059021698034,true
Gare de Le Mans,Gare de Mézidon - Canon,Gare de Le Mans,Gare de Mézidon - Canon,121.1791356052228,true
Gare de Le Mans,Gare de Nantes,Gare de Le Mans,Gare de Nantes,156.19599956587234,true
Gare de Le Mans,Gare de Noyal - Acigné,Gare de Le Mans,Gare de Noyal - Acigné,128.58968096457164,true
Gare de Le Mans,Gare de Paris Montparnasse Hall 1 - 2,Gare de Le Mans,Gare de Paris Montparnasse Hall 1 - 2,183.0206472320865,true
Gare de Le Mans,Gare de Pornichet,Gare de Le Mans,Gare de Pornichet,206.516856235288,true
Gare de Le Mans,Gare de Rambouillet,Gare de Le Mans,Gare de Rambouillet,140.99226941794404,true
Gare de Le Mans,Gare de Rennes,Gare de Le Mans,Gare de Rennes,139.17123183659922,true
Gare de Le Mans,Gare de Saint-Nazaire,Gare de Le Mans,Gare de Saint-Nazaire,196.57982303050272,true
Gare de Le Mans,Gare de Saint-Pierre-sur-Dives,Gare de Le Mans,Gare de Saint-Pierre-sur-Dives,115.53578003464834,true
Gare de Le Mans,Gare de Savenay,Gare de Le Mans,Gare de Savenay,175.4178307999511,true
Gare de Le Mans,Gare de Servon,Gare de Le Mans,Gare de Servon,123.89741863631295,true
Gare de Le Mans,Gare de Versailles Chantiers,Gare de Le Mans,Gare de Versailles Chantiers,168.81804784372875,true
Gare de Le Mans,Gare de Vitré,Gare de Le Mans,Gare de Vitré,105.32100904753807,true
Gare de Le Mans,Gare de Épernon,Gare de Le Mans,Gare de Épernon,129.30768988018804,true
Gare de Le Molay-Littry,Gare de Dol-de-Bretagne,Gare de Le Molay-Littry,Gare de Dol-de-Bretagne,100.93098970416568,true
Gare de Le Molay-Littry,Gare de Pontchaillou,Gare de Le Molay-Littry,Gare de Pontchaillou,139.08167186944706,true
Gare de Le Molay-Littry,Gare de Rennes,Gare de Le Molay-Littry,Gare de Rennes,140.0422727192513,true
Gare de Le Pouliguen,Gare de Amboise,Gare de Le Pouliguen,Gare de Amboise,257.6991821862513,true
Gare de Le Pouliguen,Gare de Angers Saint-Laud,Gare de Le Pouliguen,Gare de Angers Saint-Laud,142.7353749003057,true
Gare de Le Pouliguen,Gare de Beaugency,Gare de Le Pouliguen,Gare de Beaugency,309.6591720040533,true
Gare de Le Pouliguen,Gare de Blois - Chambord,Gare de Le Pouliguen,Gare de Blois - Chambord,284.55196765932897,true
Gare de Le Pouliguen,Gare de Le Mans,Gare de Le Pouliguen,Gare de Le Mans,212.0934918933134,true
Gare de Le Pouliguen,Gare de Mer,Gare de Le Pouliguen,Gare de Mer,299.66201919237386,true
Gare de Le Pouliguen,Gare de Meung-sur-Loire,Gare de Le Pouliguen,Gare de Meung-sur-Loire,315.4383161754115,true
Gare de Le Pouliguen,Gare de Onzain - Chaumont-sur-Loire,Gare de Le Pouliguen,Gare de Onzain - Chaumont-sur-Loire,273.43619344990725,true
Gare de Le Pouliguen,Gare de Orléans,Gare de Le Pouliguen,Gare de Orléans,332.54423315470865,true
Gare de Le Pouliguen,Gare de Sablé-sur-Sarthe,Gare de Le Pouliguen,Gare de Sablé-sur-Sarthe,168.77102212972747,true
Gare de Le Pouliguen,Gare de Saint-Pierre-des-Corps,Gare de Le Pouliguen,Gare de Saint-Pierre-des-Corps,238.14611668068855,true
Gare de Le Pouliguen,Gare de Saumur,Gare de Le Pouliguen,Gare de Saumur,178.1739826096871,true
Gare de Le Pouliguen,Gare de Tours,Gare de Le Pouliguen,Gare de Tours,235.84784810254635,true
Gare de Le Theil - La Rouge,Gare de Angers Maître École,Gare de Le Theil - La Rouge,Gare de Angers Maître École,127.64776607780438,true
Gare de Le Theil - La Rouge,Gare de Angers Saint-Laud,Gare de Le Theil - La Rouge,Gare de Angers Saint-Laud,129.1340425681915,true
Gare de Le Theil - La Rouge,Gare de Le Vieux Briollay,Gare de Le Theil - La Rouge,Gare de Le Vieux Briollay,116.81345998371613,true
Gare de Le Theil - La Rouge,Gare de Morannes,Gare de Le Theil - La Rouge,Gare de Morannes,101.49640946799313,true
Gare de Le Theil - La Rouge,Gare de Paris Montparnasse Hall 1 - 2,Gare de Le Theil - La Rouge,Gare de Paris Montparnasse Hall 1 - 2,135.63022107570706,true
Gare de Le Theil - La Rouge,Gare de Tiercé,Gare de Le Theil - La Rouge,Gare de Tiercé,112.84618416300248,true
Gare de Le Theil - La Rouge,Gare de Versailles Chantiers,Gare de Le Theil - La Rouge,Gare de Versailles Chantiers,121.32531311102663,true
Gare de Le Theil - La Rouge,Gare de Étriché - Châteauneuf,Gare de Le Theil - La Rouge,Gare de Étriché - Châteauneuf,109.58009142502803,true
Gare de Le Vieux Briollay,Gare de Batz-sur-Mer,Gare de Le Vieux Briollay,Gare de Batz-sur-Mer,153.6269590558762,true
Gare de Le Vieux Briollay,Gare de La Baule les Pins,Gare de Le Vieux Briollay,Gare de La Baule les Pins,145.19185458210717,true
Gare de Le Vieux Briollay,Gare de La Baule-Escoublac,Gare de Le Vieux Briollay,Gare de La Baule-Escoublac,146.84809510347938,true
Gare de Le Vieux Briollay,Gare de Le Croisic,Gare de Le Vieux Briollay,Gare de Le Croisic,155.5008742617357,true
Gare de Le Vieux Briollay,Gare de Le Pouliguen,Gare de Le Vieux Briollay,Gare de Le Pouliguen,150.22443963347214,true
Gare de Le Vieux Briollay,Gare de Pornichet,Gare de Le Vieux Briollay,Gare de Pornichet,144.07256548852,true
Gare de Le Vieux Briollay,Gare de Saint-Nazaire,Gare de Le Vieux Briollay,Gare de Saint-Nazaire,133.85183772932547,true
Gare de Le Vieux Briollay,Gare de Savenay,Gare de Le Vieux Briollay,Gare de Savenay,112.91129204701976,true
Gare de Les Rosiers-sur-Loire,Gare de Nantes,Gare de Les Rosiers-sur-Loire,Gare de Nantes,101.04386643157129,true
Gare de Lille Flandres,Gare de Abancourt,Gare de Lille Flandres,Gare de Abancourt,140.3480344821261,true
Gare de Lille Flandres,Gare de Longuerue - Vieux-Manoir,Gare de Lille Flandres,Gare de Longuerue - Vieux-Manoir,175.45624206127624,true
Gare de Lille Flandres,Gare de Montérolier - Buchy,Gare de Lille Flandres,Gare de Montérolier - Buchy,168.83582393666882,true
Gare de Lille Flandres,Gare de Morgny,Gare de Lille Flandres,Gare de Morgny,179.56768211947713,true
Gare de Lille Flandres,Gare de Poix-de-Picardie,Gare de Lille Flandres,Gare de Poix-de-Picardie,122.57809000837072,true
Gare de Lille Flandres,Gare de Rouen Rive Droite,Gare de Lille Flandres,Gare de Rouen Rive Droite,193.26111854161437,true
Gare de Lille Flandres,Gare de Serqueux,Gare de Lille Flandres,Gare de Serqueux,156.16118200948134,true
Gare de Lisieux,Gare de Carentan,Gare de Lisieux,Gare de Carentan,108.74503317389018,true
Gare de Lisieux,Gare de Cherbourg,Gare de Lisieux,Gare de Cherbourg,144.96059190123708,true
Gare de Lisieux,Gare de Paris Saint-Lazare,Gare de Lisieux,Gare de Paris Saint-Lazare,155.49875143051614,true
Gare de Lisieux,Gare de Valognes,Gare de Lisieux,Gare de Valognes,130.5536701203894,true
Gare de Lison,Gare de Bernay,Gare de Lison,Gare de Bernay,120.70099630863496,true
Gare de Lison,Gare de Mantes-la-Jolie,Gare de Lison,Gare de Mantes-la-Jolie,202.16016438035743,true
Gare de Lison,Gare de Paris Saint-Lazare,Gare de Lison,Gare de Paris Saint-Lazare,249.04948135965213,true
Gare de Lison,Gare de Pontchaillou,Gare de Lison,Gare de Pontchaillou,131.90126948138428,true
Gare de Lison,Gare de Rennes,Gare de Lison,Gare de Rennes,133.00659756913183,true
Gare de Lison,Gare de Évreux Normandie,Gare de Lison,Gare de Évreux Normandie,161.75003532705017,true
Gare de Longuerue - Vieux-Manoir,Gare de Albert,Gare de Longuerue - Vieux-Manoir,Gare de Albert,110.18241632096364,true
Gare de Longuerue - Vieux-Manoir,Gare de Arras,Gare de Longuerue - Vieux-Manoir,Gare de Arras,134.8425159019506,true
Gare de Longuerue - Vieux-Manoir,Gare de Douai,Gare de Longuerue - Vieux-Manoir,Gare de Douai,158.24307342811116,true
Gare de Longuerue - Vieux-Manoir,Gare de Lille Flandres,Gare de Longuerue - Vieux-Manoir,Gare de Lille Flandres,175.45624206127624,true
Gare de Lorient,Gare de Brest,Gare de Lorient,Gare de Brest,108.58434775118924,true
Gare de Lorient,Gare de Nantes,Gare de Lorient,Gare de Nantes,149.55456388135477,true
Gare de Lorient,Gare de Pontchâteau,Gare de Lorient,Gare de Pontchâteau,102.2111327177882,true
Gare de Lorient,Gare de Rennes,Gare de Lorient,Gare de Rennes,131.96782986128065,true
Gare de Lorient,Gare de Savenay,Gare de Lorient,Gare de Savenay,115.00521442622636,true
Gare de Maintenon,Gare de Champagné,Gare de Maintenon,Gare de Champagné,112.21797162862349,true
Gare de Maintenon,Gare de Le Mans,Gare de Maintenon,Gare de Le Mans,122.56059021698034,true
Gare de Maintenon,Gare de Montfort-le-Gesnois,Gare de Maintenon,Gare de Montfort-le-Gesnois,106.58799006560002,true
Gare de Maintenon,Gare de Saint-Mars-la-Brière,Gare de Maintenon,Gare de Saint-Mars-la-Brière,109.82534739282657,true
Gare de Mantes-la-Jolie,Gare de Caen,Gare de Mantes-la-Jolie,Gare de Caen,150.79839043665098,true
Gare de Mer,Gare de Ancenis,Gare de Mer,Gare de Ancenis,204.9269735280253,true
Gare de Mer,Gare de Angers Saint-Laud,Gare de Mer,Gare de Angers Saint-Laud,157.03821353576552,true
Gare de Mer,Gare de Batz-sur-Mer,Gare de Mer,Gare de Batz-sur-Mer,303.0883601490261,true
Gare de Mer,Gare de La Baule les Pins,Gare de Mer,Gare de La Baule les Pins,294.5823204369318,true
Gare de Mer,Gare de La Baule-Escoublac,Gare de Mer,Gare de La Baule-Escoublac,296.284237756839,true
Gare de Mer,Gare de Le Croisic,Gare de Mer,Gare de Le Croisic,305.0212903539292,true
Gare de Mer,Gare de Le Pouliguen,Gare de Mer,Gare de Le Pouliguen,299.66201919237386,true
Gare de Mer,Gare de Nantes,Gare de Mer,Gare de Nantes,235.50167531059327,true
Gare de Mer,Gare de Pornichet,Gare de Mer,Gare de Pornichet,293.36843493124536,true
Gare de Mer,Gare de Saint-Nazaire,Gare de Mer,Gare de Saint-Nazaire,283.12011064155996,true
Gare de Mer,Gare de Saumur,Gare de Mer,Gare de Saumur,128.11774053125802,true
Gare de Mer,Gare de Savenay,Gare de Mer,Gare de Savenay,262.3995175336142,true
Gare de Meung-sur-Loire,Gare de Ancenis,Gare de Meung-sur-Loire,Gare de Ancenis,221.1646772361008,true
Gare de Meung-sur-Loire,Gare de Angers Saint-Laud,Gare de Meung-sur-Loire,Gare de Angers Saint-Laud,173.27380497566878,true
Gare de Meung-sur-Loire,Gare de Batz-sur-Mer,Gare de Meung-sur-Loire,Gare de Batz-sur-Mer,318.84553684551776,true
Gare de Meung-sur-Loire,Gare de La Baule les Pins,Gare de Meung-sur-Loire,Gare de La Baule les Pins,310.3940003811604,true
Gare de Meung-sur-Loire,Gare de La Baule-Escoublac,Gare de Meung-sur-Loire,Gare de La Baule-Escoublac,312.0610917488811,true
Gare de Meung-sur-Loire,Gare de Le Croisic,Gare de Meung-sur-Loire,Gare de Le Croisic,320.7259365182442,true
Gare de Meung-sur-Loire,Gare de Le Pouliguen,Gare de Meung-sur-Loire,Gare de Le Pouliguen,315.4383161754115,true
Gare de Meung-sur-Loire,Gare de Nantes,Gare de Meung-sur-Loire,Gare de Nantes,252.18217344587322,true
Gare de Meung-sur-Loire,Gare de Pornichet,Gare de Meung-sur-Loire,Gare de Pornichet,309.24581475377227,true
Gare de Meung-sur-Loire,Gare de Saint-Nazaire,Gare de Meung-sur-Loire,Gare de Saint-Nazaire,299.0109440338461,true
Gare de Meung-sur-Loire,Gare de Saumur,Gare de Meung-sur-Loire,Gare de Saumur,146.29826273527604,true
Gare de Meung-sur-Loire,Gare de Savenay,Gare de Meung-sur-Loire,Gare de Savenay,278.127703608079,true
Gare de Montbizot,Gare de Caen,Gare de Montbizot,Gare de Caen,120.64229566612251,true
Gare de Montbizot,Gare de Mézidon - Canon,Gare de Montbizot,Gare de Mézidon - Canon,104.10340190227784,true
Gare de Montfort-le-Gesnois,Gare de Maintenon,Gare de Montfort-le-Gesnois,Gare de Maintenon,106.58799006560002,true
Gare de Montfort-le-Gesnois,Gare de Paris Montparnasse Hall 1 - 2,Gare de Montfort-le-Gesnois,Gare de Paris Montparnasse Hall 1 - 2,166.92003740310744,true
Gare de Montfort-le-Gesnois,Gare de Rambouillet,Gare de Montfort-le-Gesnois,Gare de Rambouillet,124.88051444041555,true
Gare de Montfort-le-Gesnois,Gare de Versailles Chantiers,Gare de Montfort-le-Gesnois,Gare de Versailles Chantiers,152.78894018028035,true
Gare de Montfort-le-Gesnois,Gare de Épernon,Gare de Montfort-le-Gesnois,Gare de Épernon,113.26900628738174,true
Gare de Montlouis,Gare de Ancenis,Gare de Montlouis,Gare de Ancenis,150.24344878391395,true
Gare de Montlouis,Gare de Angers Saint-Laud,Gare de Montlouis,Gare de Angers Saint-Laud,103.69537577811745,true
Gare de Montlouis,Gare de Nantes,Gare de Montlouis,Gare de Nantes,178.9562669910133,true
Gare de Montreuil-Bellay,Gare de La Roche-sur-Yon,Gare de Montreuil-Bellay,Gare de La Roche-sur-Yon,110.0364778500217,true
Gare de Montville,Gare de Paris Saint-Lazare,Gare de Montville,Gare de Paris Saint-Lazare,118.09855316902531,true
Gare de Montérolier - Buchy,Gare de Achiet,Gare de Montérolier - Buchy,Gare de Achiet,119.11196414056703,true
Gare de Montérolier - Buchy,Gare de Albert,Gare de Montérolier - Buchy,Gare de Albert,104.09191775509501,true
Gare de Montérolier - Buchy,Gare de Arras,Gare de Montérolier - Buchy,Gare de Arras,128.35714774997408,true
Gare de Montérolier - Buchy,Gare de Douai,Gare de Montérolier - Buchy,Gare de Douai,151.81480097818138,true
Gare de Montérolier - Buchy,Gare de Lille Flandres,Gare de Montérolier - Buchy,Gare de Lille Flandres,168.83582393666882,true
Gare de Morannes,Gare de Batz-sur-Mer,Gare de Morannes,Gare de Batz-sur-Mer,162.93826713778927,true
Gare de Morannes,Gare de La Baule les Pins,Gare de Morannes,Gare de La Baule les Pins,154.7325810499738,true
Gare de Morannes,Gare de La Baule-Escoublac,Gare de Morannes,Gare de La Baule-Escoublac,156.27347589461988,true
Gare de Morannes,Gare de Le Croisic,Gare de Morannes,Gare de Le Croisic,164.6504551566331,true
Gare de Morannes,Gare de Le Pouliguen,Gare de Morannes,Gare de Le Pouliguen,159.61831139580121,true
Gare de Morannes,Gare de Nantes,Gare de Morannes,Gare de Nantes,102.45498023228491,true
Gare de Morannes,Gare de Pornichet,Gare de Morannes,Gare de Pornichet,153.81378166925998,true
Gare de Morannes,Gare de Saint-Nazaire,Gare de Morannes,Gare de Saint-Nazaire,143.74541015276736,true
Gare de Morannes,Gare de Savenay,Gare de Morannes,Gare de Savenay,122.57147787163979,true
Gare de Morgny,Gare de Achiet,Gare de Morgny,Gare de Achiet,129.12585780649314,true
Gare de Morgny,Gare de Albert,Gare de Morgny,Gare de Albert,113.78884109993614,true
Gare de Morgny,Gare de Arras,Gare de Morgny,Gare de Arras,138.79698613364403,true
Gare de Morgny,Gare de Douai,Gare de Morgny,Gare de Douai,162.13668262171333,true
Gare de Morgny,Gare de Lille Flandres,Gare de Morgny,Gare de Lille Flandres,179.56768211947713,true
Gare de Morlaix,Gare de Broons,Gare de Morlaix,Gare de Broons,120.84975985189352,true
Gare de Morlaix,Gare de Caulnes,Gare de Morlaix,Gare de Caulnes,127.9533245367,true
Gare de Morlaix,Gare de Montauban-de-Bretagne,Gare de Morlaix,Gare de Montauban-de-Bretagne,138.32437643639352,true
Gare de Morlaix,Gare de Montfort-sur-Meu,Gare de Morlaix,Gare de Montfort-sur-Meu,147.46617511981734,true
Gare de Morlaix,Gare de Plestan,Gare de Morlaix,Gare de Plestan,103.80212789983351,true
Gare de Morlaix,Gare de Plénée-Jugon,Gare de Morlaix,Gare de Plénée-Jugon,111.21479329526782,true
Gare de Morlaix,Gare de Quédillac,Gare de Morlaix,Gare de Quédillac,129.80679202964447,true
Gare de Morlaix,Gare de Rennes,Gare de Morlaix,Gare de Rennes,168.11602946550704,true
Gare de Mézidon - Canon,Gare de Château-du-Loir,Gare de Mézidon - Canon,Gare de Château-du-Loir,158.47605246740412,true
Gare de Mézidon - Canon,Gare de La Guierche,Gare de Mézidon - Canon,Gare de La Guierche,108.22054359773996,true
Gare de Mézidon - Canon,Gare de Le Mans,Gare de Mézidon - Canon,Gare de Le Mans,121.1791356052228,true
Gare de Mézidon - Canon,Gare de Montbizot,Gare de Mézidon - Canon,Gare de Montbizot,104.10340190227784,true
Gare de Mézidon - Canon,Gare de Neuville,Gare de Mézidon - Canon,Gare de Neuville,113.061041380683,true
Gare de Mézidon - Canon,Gare de Saint-Pierre-des-Corps,Gare de Mézidon - Canon,Gare de Saint-Pierre-des-Corps,196.4492998355937,true
Gare de Mézidon - Canon,Gare de Teillé,Gare de Mézidon - Canon,Gare de Teillé,100.83451636651611,true
Gare de Mézidon - Canon,Gare de Tours,Gare de Mézidon - Canon,Gare de Tours,195.37902856017195,true
Gare de Mézidon - Canon,Gare de Écommoy,Gare de Mézidon - Canon,Gare de Écommoy,140.89213272097885,true
Gare de Nantes,Gare de Amboise,Gare de Nantes,Gare de Amboise,191.58577335839283,true
Gare de Nantes,Gare de Auray,Gare de Nantes,Gare de Auray,121.05080006509671,true
Gare de Nantes,Gare de Beaugency,Gare de Nantes,Gare de Beaugency,246.01434516349244,true
Gare de Nantes,Gare de Blois - Chambord,Gare de Nantes,Gare de Blois - Chambord,219.524010470536,true
Gare de Nantes,Gare de Brest,Gare de Nantes,Gare de Brest,255.09699050524605,true
Gare de Nantes,Gare de Cinq-Mars-la-Pile,Gare de Nantes,Gare de Cinq-Mars-la-Pile,151.54606340593668,true
Gare de Nantes,Gare de Hennebont,Gare de Nantes,Gare de Hennebont,146.06493016303,true
Gare de Nantes,Gare de La Rochelle,Gare de Nantes,Gare de La Rochelle,122.19542283082342,true
Gare de Nantes,Gare de La Suze,Gare de Nantes,Gare de La Suze,139.5899308697578,true
Gare de Nantes,Gare de Langeais,Gare de Nantes,Gare de Langeais,147.73561966219478,true
Gare de Nantes,Gare de Laval,Gare de Nantes,Gare de Laval,111.99250211049272,true
Gare de Nantes,Gare de Le Mans,Gare de Nantes,Gare de Le Mans,156.19599956587234,true
Gare de Nantes,Gare de Lorient,Gare de Nantes,Gare de Lorient,149.55456388135477,true
Gare de Nantes,Gare de Mer,Gare de Nantes,Gare de Mer,235.50167531059327,true
Gare de Nantes,Gare de Meung-sur-Loire,Gare de Nantes,Gare de Meung-sur-Loire,252.18217344587322,true
Gare de Nantes,Gare de Onzain - Chaumont-sur-Loire,Gare de Nantes,Gare de Onzain - Chaumont-sur-Loire,207.75599870360205,true
Gare de Nantes,Gare de Orléans,Gare de Nantes,Gare de Orléans,269.71386693675174,true
Gare de Nantes,Gare de Port Boulet,Gare de Nantes,Gare de Port Boulet,128.22858315833884,true
Gare de Nantes,Gare de Quimper,Gare de Nantes,Gare de Quimper,209.77759743662503,true
Gare de Nantes,Gare de Quimperlé,Gare de Nantes,Gare de Quimperlé,167.41495213078218,true
Gare de Nantes,Gare de Rosporden,Gare de Nantes,Gare de Rosporden,190.59641760411063,true
Gare de Nantes,Gare de Sablé-sur-Sarthe,Gare de Nantes,Gare de Sablé-sur-Sarthe,113.73767829905505,true
Gare de Nantes,Gare de Saint-Pierre-des-Corps,Gare de Nantes,Gare de Saint-Pierre-des-Corps,171.8598690727835,true
Gare de Nantes,Gare de Saumur,Gare de Nantes,Gare de Saumur,111.16540184694121,true
Gare de Nantes,Gare de Tours,Gare de Nantes,Gare de Tours,169.59939455912993,true
Gare de Nantes,Gare de Vannes,Gare de Nantes,Gare de Vannes,103.7479995413415,true
Gare de Nantes,Gare de Vitré,Gare de Nantes,Gare de Vitré,103.64581919197722,true
Gare de Neuillé-Pont-Pierre,Gare de Alençon,Gare de Neuillé-Pont-Pierre,Gare de Alençon,103.40382846905187,true
Gare de Neuville,Gare de Caen,Gare de Neuville,Gare de Caen,129.3766077123356,true
Gare de Neuville,Gare de Mézidon - Canon,Gare de Neuville,Gare de Mézidon - Canon,113.061041380683,true
Gare de Neuville,Gare de Saint-Pierre-sur-Dives,Gare de Neuville,Gare de Saint-Pierre-sur-Dives,107.391807494156,true
Gare de Nogent-le-Rotrou,Gare de Angers Maître École,Gare de Nogent-le-Rotrou,Gare de Angers Maître École,138.34581959016754,true
Gare de Nogent-le-Rotrou,Gare de Angers Saint-Laud,Gare de Nogent-le-Rotrou,Gare de Angers Saint-Laud,139.84134375435576,true
Gare de Nogent-le-Rotrou,Gare de Le Vieux Briollay,Gare de Nogent-le-Rotrou,Gare de Le Vieux Briollay,127.55579453885719,true
Gare de Nogent-le-Rotrou,Gare de Morannes,Gare de Nogent-le-Rotrou,Gare de Morannes,112.25137249387446,true
Gare de Nogent-le-Rotrou,Gare de Paris Montparnasse Hall 1 - 2,Gare de Nogent-le-Rotrou,Gare de Paris Montparnasse Hall 1 - 2,124.99713593096853,true
Gare de Nogent-le-Rotrou,Gare de Sablé-sur-Sarthe,Gare de Nogent-le-Rotrou,Gare de Sablé-sur-Sarthe,101.10905596366545,true
Gare de Nogent-le-Rotrou,Gare de Tiercé,Gare de Nogent-le-Rotrou,Gare de Tiercé,123.60169401419716,true
Gare de Nogent-le-Rotrou,Gare de Versailles Chantiers,Gare de Nogent-le-Rotrou,Gare de Versailles Chantiers,110.66916553413898,true
Gare de Nogent-le-Rotrou,Gare de Étriché - Châteauneuf,Gare de Nogent-le-Rotrou,Gare de Étriché - Châteauneuf,120.34201255173832,true
Gare de Nonancourt,Gare de Briouze,Gare de Nonancourt,Gare de Briouze,114.76714515328999,true
Gare de Nonancourt,Gare de Flers,Gare de Nonancourt,Gare de Flers,129.49623816659425,true
Gare de Nonancourt,Gare de Folligny,Gare de Nonancourt,Gare de Folligny,190.5112228873892,true
Gare de Nonancourt,Gare de Granville,Gare de Nonancourt,Gare de Granville,203.72236490680407,true
Gare de Nonancourt,Gare de Villedieu-les-Poêles,Gare de Nonancourt,Gare de Villedieu-les-Poêles,177.21411977414817,true
Gare de Nonancourt,Gare de Vire,Gare de Nonancourt,Gare de Vire,152.1961080065607,true
Gare de Noyal - Acigné,Gare de Le Mans,Gare de Noyal - Acigné,Gare de Le Mans,128.58968096457164,true
Gare de Noyal - Acigné,Gare de Sillé-le-Guillaume,Gare de Noyal - Acigné,Gare de Sillé-le-Guillaume,104.01284689801547,true
Gare de Oissel,Gare de Paris Saint-Lazare,Gare de Oissel,Gare de Paris Saint-Lazare,103.07408127646127,true
Gare de Onzain - Chaumont-sur-Loire,Gare de Ancenis,Gare de Onzain - Chaumont-sur-Loire,Gare de Ancenis,178.32767535961003,true
Gare de Onzain - Chaumont-sur-Loire,Gare de Angers Saint-Laud,Gare de Onzain - Chaumont-sur-Loire,Gare de Angers Saint-Laud,131.0146559588578,true
Gare de Onzain - Chaumont-sur-Loire,Gare de Batz-sur-Mer,Gare de Onzain - Chaumont-sur-Loire,Gare de Batz-sur-Mer,276.88617123522573,true
Gare de Onzain - Chaumont-sur-Loire,Gare de La Baule les Pins,Gare de Onzain - Chaumont-sur-Loire,Gare de La Baule les Pins,268.3079151914478,true
Gare de Onzain - Chaumont-sur-Loire,Gare de La Baule-Escoublac,Gare de Onzain - Chaumont-sur-Loire,Gare de La Baule-Escoublac,270.0715877327542,true
Gare de Onzain - Chaumont-sur-Loire,Gare de Le Croisic,Gare de Onzain - Chaumont-sur-Loire,Gare de Le Croisic,278.9148835996967,true
Gare de Onzain - Chaumont-sur-Loire,Gare de Le Pouliguen,Gare de Onzain - Chaumont-sur-Loire,Gare de Le Pouliguen,273.43619344990725,true
Gare de Onzain - Chaumont-sur-Loire,Gare de Nantes,Gare de Onzain - Chaumont-sur-Loire,Gare de Nantes,207.75599870360205,true
Gare de Onzain - Chaumont-sur-Loire,Gare de Pornichet,Gare de Onzain - Chaumont-sur-Loire,Gare de Pornichet,266.96880411804426,true
Gare de Onzain - Chaumont-sur-Loire,Gare de Saint-Nazaire,Gare de Onzain - Chaumont-sur-Loire,Gare de Saint-Nazaire,256.73916218378366,true
Gare de Onzain - Chaumont-sur-Loire,Gare de Savenay,Gare de Onzain - Chaumont-sur-Loire,Gare de Savenay,236.45083916087714,true
Gare de Orléans,Gare de Ancenis,Gare de Orléans,Gare de Ancenis,238.53537143257515,true
Gare de Orléans,Gare de Angers Saint-Laud,Gare de Orléans,Gare de Angers Saint-Laud,190.6900933952656,true
Gare de Orléans,Gare de Batz-sur-Mer,Gare de Orléans,Gare de Batz-sur-Mer,335.9406990091849,true
Gare de Orléans,Gare de La Baule les Pins,Gare de Orléans,Gare de La Baule les Pins,327.51914716448044,true
Gare de Orléans,Gare de La Baule-Escoublac,Gare de Orléans,Gare de La Baule-Escoublac,329.16895970918773,true
Gare de Orléans,Gare de Le Croisic,Gare de Orléans,Gare de Le Croisic,337.79508936096494,true
Gare de Orléans,Gare de Le Pouliguen,Gare de Orléans,Gare de Le Pouliguen,332.54423315470865,true
Gare de Orléans,Gare de Nantes,Gare de Orléans,Gare de Nantes,269.71386693675174,true
Gare de Orléans,Gare de Pornichet,Gare de Orléans,Gare de Pornichet,326.40232427847974,true
Gare de Orléans,Gare de Saint-Nazaire,Gare de Orléans,Gare de Saint-Nazaire,316.17889747905593,true
Gare de Orléans,Gare de Saint-Pierre-des-Corps,Gare de Orléans,Gare de Saint-Pierre-des-Corps,105.77578390427469,true
Gare de Orléans,Gare de Saumur,Gare de Orléans,Gare de Saumur,164.30941858641518,true
Gare de Orléans,Gare de Savenay,Gare de Orléans,Gare de Savenay,295.2319064576074,true
Gare de Orléans,Gare de Tours,Gare de Orléans,Gare de Tours,107.48055348360818,true
Gare de Paris Montparnasse Hall 1 - 2,Gare de Argentan,Gare de Paris Montparnasse Hall 1 - 2,Gare de Argentan,172.21991062098007,true
Gare de Paris Montparnasse Hall 1 - 2,Gare de Bretoncelles,Gare de Paris Montparnasse Hall 1 - 2,Gare de Bretoncelles,114.34539804137968,true
Gare de Paris Montparnasse Hall 1 - 2,Gare de Briouze,Gare de Paris Montparnasse Hall 1 - 2,Gare de Briouze,197.63884949184762,true
Gare de Paris Montparnasse Hall 1 - 2,Gare de Champagné,Gare de Paris Montparnasse Hall 1 - 2,Gare de Champagné,172.58487467327257,true
Gare de Paris Montparnasse Hall 1 - 2,Gare de Condé-sur-Huisne,Gare de Paris Montparnasse Hall 1 - 2,Gare de Condé-sur-Huisne,119.56453169778719,true
Gare de Paris Montparnasse Hall 1 - 2,Gare de Connerré - Beillé,Gare de Paris Montparnasse Hall 1 - 2,Gare de Connerré - Beillé,159.88496434459168,true
Gare de Paris Montparnasse Hall 1 - 2,Gare de Flers,Gare de Paris Montparnasse Hall 1 - 2,Gare de Flers,212.23279610144778,true
Gare de Paris Montparnasse Hall 1 - 2,Gare de Folligny,Gare de Paris Montparnasse Hall 1 - 2,Gare de Folligny,272.81231412534055,true
Gare de Paris Montparnasse Hall 1 - 2,Gare de Granville,Gare de Paris Montparnasse Hall 1 - 2,Gare de Granville,285.97968129151997,true
Gare de Paris Montparnasse Hall 1 - 2,Gare de L'Aigle,Gare de Paris Montparnasse Hall 1 - 2,Gare de L'Aigle,124.81624287370096,true
Gare de Paris Montparnasse Hall 1 - 2,Gare de La Ferté-Bernard,Gare de Paris Montparnasse Hall 1 - 2,Gare de La Ferté-Bernard,143.6376404372168,true
Gare de Paris Montparnasse Hall 1 - 2,Gare de La Loupe,Gare de Paris Montparnasse Hall 1 - 2,Gare de La Loupe,104.50371384718868,true
Gare de Paris Montparnasse Hall 1 - 2,Gare de Le Mans,Gare de Paris Montparnasse Hall 1 - 2,Gare de Le Mans,183.0206472320865,true
Gare de Paris Montparnasse Hall 1 - 2,Gare de Le Theil - La Rouge,Gare de Paris Montparnasse Hall 1 - 2,Gare de Le Theil - La Rouge,135.63022107570706,true
Gare de Paris Montparnasse Hall 1 - 2,Gare de Montfort-le-Gesnois,Gare de Paris Montparnasse Hall 1 - 2,Gare de Montfort-le-Gesnois,166.92003740310744,true
Gare de Paris Montparnasse Hall 1 - 2,Gare de Nogent-le-Rotrou,Gare de Paris Montparnasse Hall 1 - 2,Gare de Nogent-le-Rotrou,124.99713593096853,true
Gare de Paris Montparnasse Hall 1 - 2,Gare de Saint-Mars-la-Brière,Gare de Paris Montparnasse Hall 1 - 2,Gare de Saint-Mars-la-Brière,170.1778676062793,true
Gare de Paris Montparnasse Hall 1 - 2,Gare de Sainte-Gauburge,Gare de Paris Montparnasse Hall 1 - 2,Gare de Sainte-Gauburge,139.3376012715138,true
Gare de Paris Montparnasse Hall 1 - 2,Gare de Sceaux - Boëssé,Gare de Paris Montparnasse Hall 1 - 2,Gare de Sceaux - Boëssé,151.6373715061088,true
Gare de Paris Montparnasse Hall 1 - 2,Gare de Surdon,Gare de Paris Montparnasse Hall 1 - 2,Gare de Surdon,161.45681955498824,true
Gare de Paris Montparnasse Hall 1 - 2,Gare de Verneuil-sur-Avre,Gare de Paris Montparnasse Hall 1 - 2,Gare de Verneuil-sur-Avre,102.50856667631031,true
Gare de Paris Montparnasse Hall 1 - 2,Gare de Villedieu-les-Poêles,Gare de Paris Montparnasse Hall 1 - 2,Gare de Villedieu-les-Poêles,259.49707470370964,true
Gare de Paris Montparnasse Hall 1 - 2,Gare de Vire,Gare de Paris Montparnasse Hall 1 - 2,Gare de Vire,234.404908230287,true
Gare de Paris Montparnasse Vaugirard,Gare de Argentan,Gare de Paris Montparnasse Vaugirard,Gare de Argentan,172.21991062098007,true
Gare de Paris Montparnasse Vaugirard,Gare de Briouze,Gare de Paris Montparnasse Vaugirard,Gare de Briouze,197.63884949184762,true
Gare de Paris Montparnasse Vaugirard,Gare de Flers,Gare de Paris Montparnasse Vaugirard,Gare de Flers,212.23279610144778,true
Gare de Paris Montparnasse Vaugirard,Gare de Folligny,Gare de Paris Montparnasse Vaugirard,Gare de Folligny,272.81231412534055,true
Gare de Paris Montparnasse Vaugirard,Gare de Granville,Gare de Paris Montparnasse Vaugirard,Gare de Granville,285.97968129151997,true
Gare de Paris Montparnasse Vaugirard,Gare de L'Aigle,Gare de Paris Montparnasse Vaugirard,Gare de L'Aigle,124.81624287370096,true
Gare de Paris Montparnasse Vaugirard,Gare de Surdon,Gare de Paris Montparnasse Vaugirard,Gare de Surdon,161.45681955498824,true
Gare de Paris Montparnasse Vaugirard,Gare de Verneuil-sur-Avre,Gare de Paris Montparnasse Vaugirard,Gare de Verneuil-sur-Avre,102.50856667631031,true
Gare de Paris Montparnasse Vaugirard,Gare de Villedieu-les-Poêles,Gare de Paris Montparnasse Vaugirard,Gare de Villedieu-les-Poêles,259.49707470370964,true
Gare de Paris Montparnasse Vaugirard,Gare de Vire,Gare de Paris Montparnasse Vaugirard,Gare de Vire,234.404908230287,true
Gare de Paris Saint-Lazare,Gare de Auffay,Gare de Paris Saint-Lazare,Gare de Auffay,128.9802551796741,true
Gare de Paris Saint-Lazare,Gare de Bayeux,Gare de Paris Saint-Lazare,Gare de Bayeux,224.5249043032911,true
Gare de Paris Saint-Lazare,Gare de Beaumont-le-Roger,Gare de Paris Saint-Lazare,Gare de Beaumont-le-Roger,115.43732443009819,true
Gare de Paris Saint-Lazare,Gare de Bernay,Gare de Paris Saint-Lazare,Gare de Bernay,128.38102168807436,true
Gare de Paris Saint-Lazare,Gare de Bréauté - Beuzeville,Gare de Paris Saint-Lazare,Gare de Bréauté - Beuzeville,160.37265547333678,true
Gare de Paris Saint-Lazare,Gare de Caen,Gare de Paris Saint-Lazare,Gare de Caen,197.71481218340045,true
Gare de Paris Saint-Lazare,Gare de Carentan,Gare de Paris Saint-Lazare,Gare de Carentan,264.2433370388036,true
Gare de Paris Saint-Lazare,Gare de Cherbourg,Gare de Paris Saint-Lazare,Gare de Cherbourg,298.52481352080196,true
Gare de Paris Saint-Lazare,Gare de Clères,Gare de Paris Saint-Lazare,Gare de Clères,119.56027825906249,true
Gare de Paris Saint-Lazare,Gare de Conches,Gare de Paris Saint-Lazare,Gare de Conches,101.82812278408868,true
Gare de Paris Saint-Lazare,Gare de Dieppe,Gare de Paris Saint-Lazare,Gare de Dieppe,147.04184250729423,true
Gare de Paris Saint-Lazare,Gare de Le Havre,Gare de Paris Saint-Lazare,Gare de Le Havre,174.00320428267304,true
Gare de Paris Saint-Lazare,Gare de Lisieux,Gare de Paris Saint-Lazare,Gare de Lisieux,155.49875143051614,true
Gare de Paris Saint-Lazare,Gare de Lison,Gare de Paris Saint-Lazare,Gare de Lison,249.04948135965213,true
Gare de Paris Saint-Lazare,Gare de Montville,Gare de Paris Saint-Lazare,Gare de Montville,118.09855316902531,true
Gare de Paris Saint-Lazare,Gare de Oissel,Gare de Paris Saint-Lazare,Gare de Oissel,103.07408127646127,true
Gare de Paris Saint-Lazare,Gare de Pont-l'Évêque,Gare de Paris Saint-Lazare,Gare de Pont-l'Évêque,161.94309099675755,true
Gare de Paris Saint-Lazare,Gare de Romilly-la-Puthenaye,Gare de Paris Saint-Lazare,Gare de Romilly-la-Puthenaye,108.33284338567869,true
Gare de Paris Saint-Lazare,Gare de Rouen Rive Droite,Gare de Paris Saint-Lazare,Gare de Rouen Rive Droite,109.84367355231086,true
Gare de Paris Saint-Lazare,Gare de Serquigny,Gare de Paris Saint-Lazare,Gare de Serquigny,119.97208509862132,true
Gare de Paris Saint-Lazare,Gare de Trouville - Deauville,Gare de Paris Saint-Lazare,Gare de Trouville - Deauville,171.7391634000595,true
Gare de Paris Saint-Lazare,Gare de Valognes,Gare de Paris Saint-Lazare,Gare de Valognes,285.20397121216814,true
Gare de Paris Saint-Lazare,Gare de Yvetot,Gare de Paris Saint-Lazare,Gare de Yvetot,141.24333210243333,true
Gare de Plouaret Trégor,Gare de Caulnes,Gare de Plouaret Trégor,Gare de Caulnes,103.1392342703514,true
Gare de Plouaret Trégor,Gare de Montauban-de-Bretagne,Gare de Plouaret Trégor,Gare de Montauban-de-Bretagne,114.20801620979978,true
Gare de Plouaret Trégor,Gare de Montfort-sur-Meu,Gare de Plouaret Trégor,Gare de Montfort-sur-Meu,123.579230017363,true
Gare de Plouaret Trégor,Gare de Quédillac,Gare de Plouaret Trégor,Gare de Quédillac,105.33360578865748,true
Gare de Plouaret Trégor,Gare de Rennes,Gare de Plouaret Trégor,Gare de Rennes,143.883388447306,true
Gare de Poix-de-Picardie,Gare de Douai,Gare de Poix-de-Picardie,Gare de Douai,102.58422735120213,true
Gare de Poix-de-Picardie,Gare de Lille Flandres,Gare de Poix-de-Picardie,Gare de Lille Flandres,122.57809000837072,true
Gare de Pont-l'Évêque,Gare de Paris Saint-Lazare,Gare de Pont-l'Évêque,Gare de Paris Saint-Lazare,161.94309099675755,true
Gare de Pontchaillou,Gare de Audrieu,Gare de Pontchaillou,Gare de Audrieu,146.14700544124057,true
Gare de Pontchaillou,Gare de Bayeux,Gare de Pontchaillou,Gare de Bayeux,147.2886781142356,true
Gare de Pontchaillou,Gare de Bretteville - Norrey,Gare de Pontchaillou,Gare de Bretteville - Norrey,148.45366114662124,true
Gare de Pontchaillou,Gare de Caen,Gare de Pontchaillou,Gare de Caen,153.53468929632263,true
Gare de Pontchaillou,Gare de Coutances,Gare de Pontchaillou,Gare de Coutances,104.40023512460868,true
Gare de Pontchaillou,Gare de Le Molay-Littry,Gare de Pontchaillou,Gare de Le Molay-Littry,139.08167186944706,true
Gare de Pontchaillou,Gare de Lison,Gare de Pontchaillou,Gare de Lison,131.90126948138428,true
Gare de Pontchaillou,Gare de Saint-Lô,Gare de Pontchaillou,Gare de Saint-Lô,119.22235082431898,true
Gare de Pontchâteau,Gare de Lorient,Gare de Pontchâteau,Gare de Lorient,102.2111327177882,true
Gare de Pontchâteau,Gare de Quimper,Gare de Pontchâteau,Gare de Quimper,162.27122865159674,true
Gare de Pontchâteau,Gare de Quimperlé,Gare de Pontchâteau,Gare de Quimperlé,119.81891360282458,true
Gare de Pontchâteau,Gare de Rosporden,Gare de Pontchâteau,Gare de Rosporden,142.98166981258743,true
Gare de Pontorson - Mont-Saint-Michel,Gare de Bretteville - Norrey,Gare de Pontorson - Mont-Saint-Michel,Gare de Bretteville - Norrey,102.4655218253448,true
Gare de Pontorson - Mont-Saint-Michel,Gare de Caen,Gare de Pontorson - Mont-Saint-Michel,Gare de Caen,109.42923147183495,true
Gare de Pornichet,Gare de Amboise,Gare de Pornichet,Gare de Amboise,251.1785769460136,true
Gare de Pornichet,Gare de Angers Saint-Laud,Gare de Pornichet,Gare de Angers Saint-Laud,136.38129542805925,true
Gare de Pornichet,Gare de Beaugency,Gare de Pornichet,Gare de Beaugency,303.4236725879091,true
Gare de Pornichet,Gare de Blois - Chambord,Gare de Pornichet,Gare de Blois - Chambord,278.160049726904,true
Gare de Pornichet,Gare de Le Mans,Gare de Pornichet,Gare de Le Mans,206.516856235288,true
Gare de Pornichet,Gare de Mer,Gare de Pornichet,Gare de Mer,293.36843493124536,true
Gare de Pornichet,Gare de Meung-sur-Loire,Gare de Pornichet,Gare de Meung-sur-Loire,309.24581475377227,true
Gare de Pornichet,Gare de Onzain - Chaumont-sur-Loire,Gare de Pornichet,Gare de Onzain - Chaumont-sur-Loire,266.96880411804426,true
Gare de Pornichet,Gare de Orléans,Gare de Pornichet,Gare de Orléans,326.40232427847974,true
Gare de Pornichet,Gare de Sablé-sur-Sarthe,Gare de Pornichet,Gare de Sablé-sur-Sarthe,163.16744463470943,true
Gare de Pornichet,Gare de Saint-Pierre-des-Corps,Gare de Pornichet,Gare de Saint-Pierre-des-Corps,231.60109585379507,true
Gare de Pornichet,Gare de Saumur,Gare de Pornichet,Gare de Saumur,171.5291594883047,true
Gare de Pornichet,Gare de Tours,Gare de Pornichet,Gare de Tours,229.3066692222966,true
Gare de Port Boulet,Gare de Ancenis,Gare de Port Boulet,Gare de Ancenis,101.4199145437379,true
Gare de Port Boulet,Gare de Batz-sur-Mer,Gare de Port Boulet,Gare de Batz-sur-Mer,198.8180194852956,true
Gare de Port Boulet,Gare de Chantonnay,Gare de Port Boulet,Gare de Chantonnay,110.83720079322,true
Gare de Port Boulet,Gare de La Baule les Pins,Gare de Port Boulet,Gare de La Baule les Pins,190.22096048563688,true
Gare de Port Boulet,Gare de La Baule-Escoublac,Gare de Port Boulet,Gare de La Baule-Escoublac,192.05835966773597,true
Gare de Port Boulet,Gare de La Roche-sur-Yon,Gare de Port Boulet,Gare de La Roche-sur-Yon,136.73479649202986,true
Gare de Port Boulet,Gare de Le Croisic,Gare de Port Boulet,Gare de Le Croisic,200.96882831392304,true
Gare de Port Boulet,Gare de Le Pouliguen,Gare de Port Boulet,Gare de Le Pouliguen,195.36793995517414,true
Gare de Port Boulet,Gare de Nantes,Gare de Port Boulet,Gare de Nantes,128.22858315833884,true
Gare de Port Boulet,Gare de Pornichet,Gare de Port Boulet,Gare de Pornichet,188.70961118525133,true
Gare de Port Boulet,Gare de Saint-Nazaire,Gare de Port Boulet,Gare de Saint-Nazaire,178.62135843506266,true
Gare de Port Boulet,Gare de Savenay,Gare de Port Boulet,Gare de Savenay,159.31092787209903,true
Gare de Pouzauges,Gare de Langeais,Gare de Pouzauges,Gare de Langeais,112.46176706834767,true
Gare de Pouzauges,Gare de Tours,Gare de Pouzauges,Gare de Tours,134.37514101773522,true
Gare de Questembert,Gare de Quimper,Gare de Questembert,Gare de Quimper,127.38315497518668,true
Gare de Questembert,Gare de Rosporden,Gare de Questembert,Gare de Rosporden,107.76249625634512,true
Gare de Quimper,Gare de Nantes,Gare de Quimper,Gare de Nantes,209.77759743662503,true
Gare de Quimper,Gare de Pontchâteau,Gare de Quimper,Gare de Pontchâteau,162.27122865159674,true
Gare de Quimper,Gare de Questembert,Gare de Quimper,Gare de Questembert,127.38315497518668,true
Gare de Quimper,Gare de Redon,Gare de Quimper,Gare de Redon,154.40442237553742,true
Gare de Quimper,Gare de Rennes,Gare de Quimper,Gare de Rennes,180.2397437860367,true
Gare de Quimper,Gare de Savenay,Gare de Quimper,Gare de Savenay,175.19393682071907,true
Gare de Quimper,Gare de Vannes,Gare de Quimper,Gare de Vannes,106.49432389902486,true
Gare de Quimperlé,Gare de Nantes,Gare de Quimperlé,Gare de Nantes,167.41495213078218,true
Gare de Quimperlé,Gare de Pontchâteau,Gare de Quimperlé,Gare de Pontchâteau,119.81891360282458,true
Gare de Quimperlé,Gare de Redon,Gare de Quimperlé,Gare de Redon,112.13468918810523,true
Gare de Quimperlé,Gare de Rennes,Gare de Quimperlé,Gare de Rennes,142.3102597254693,true
Gare de Quimperlé,Gare de Savenay,Gare de Quimperlé,Gare de Savenay,132.8129724926896,true
Gare de Rambouillet,Gare de Champagné,Gare de Rambouillet,Gare de Champagné,130.54499841252272,true
Gare de Rambouillet,Gare de Connerré - Beillé,Gare de Rambouillet,Gare de Connerré - Beillé,117.84570285537464,true
Gare de Rambouillet,Gare de La Ferté-Bernard,Gare de Rambouillet,Gare de La Ferté-Bernard,101.61735260161778,true
Gare de Rambouillet,Gare de Le Mans,Gare de Rambouillet,Gare de Le Mans,140.99226941794404,true
Gare de Rambouillet,Gare de Montfort-le-Gesnois,Gare de Rambouillet,Gare de Montfort-le-Gesnois,124.88051444041555,true
Gare de Rambouillet,Gare de Saint-Mars-la-Brière,Gare de Rambouillet,Gare de Saint-Mars-la-Brière,128.13795015749668,true
Gare de Rambouillet,Gare de Sceaux - Boëssé,Gare de Rambouillet,Gare de Sceaux - Boëssé,109.59759075463349,true
Gare de Redon,Gare de Brest,Gare de Redon,Gare de Brest,195.8335571106044,true
Gare de Redon,Gare de Quimper,Gare de Redon,Gare de Quimper,154.40442237553742,true
Gare de Redon,Gare de Quimperlé,Gare de Redon,Gare de Quimperlé,112.13468918810523,true
Gare de Redon,Gare de Rosporden,Gare de Redon,Gare de Rosporden,134.74502216107342,true
Gare de Rennes,Gare de Angers Saint-Laud,Gare de Rennes,Gare de Angers Saint-Laud,109.53651231033768,true
Gare de Rennes,Gare de Audrieu,Gare de Rennes,Gare de Audrieu,146.82964317548848,true
Gare de Rennes,Gare de Auray,Gare de Rennes,Gare de Auray,109.54488132579172,true
Gare de Rennes,Gare de Batz-sur-Mer,Gare de Rennes,Gare de Batz-sur-Mer,109.58031048204646,true
Gare de Rennes,Gare de Bayeux,Gare de Rennes,Gare de Bayeux,148.1016495413439,true
Gare de Rennes,Gare de Brest,Gare de Rennes,Gare de Brest,210.2713901975119,true
Gare de Rennes,Gare de Bretteville - Norrey,Gare de Rennes,Gare de Bretteville - Norrey,149.05525633712557,true
Gare de Rennes,Gare de Caen,Gare de Rennes,Gare de Caen,153.97905768372388,true
Gare de Rennes,Gare de Conlie,Gare de Rennes,Gare de Conlie,123.34328879254707,true
Gare de Rennes,Gare de Coutances,Gare de Rennes,Gare de Coutances,105.83127818973033,true
Gare de Rennes,Gare de Guingamp,Gare de Rennes,Gare de Guingamp,119.77695411598873,true
Gare de Rennes,Gare de Hennebont,Gare de Rennes,Gare de Hennebont,124.80485701421433,true
Gare de Rennes,Gare de La Baule les Pins,Gare de Rennes,Gare de La Baule les Pins,104.87354750683743,true
Gare de Rennes,Gare de La Baule-Escoublac,Gare de Rennes,Gare de La Baule-Escoublac,105.30350697071478,true
Gare de Rennes,Gare de Landerneau,Gare de Rennes,Gare de Landerneau,195.11502016295373,true
Gare de Rennes,Gare de Landivisiau,Gare de Rennes,Gare de Landivisiau,183.48430247939604,true
Gare de Rennes,Gare de Le Croisic,Gare de Rennes,Gare de Le Croisic,109.93695305145545,true
Gare de Rennes,Gare de Le Mans,Gare de Rennes,Gare de Le Mans,139.17123183659922,true
Gare de Rennes,Gare de Le Molay-Littry,Gare de Rennes,Gare de Le Molay-Littry,140.0422727192513,true
Gare de Rennes,Gare de Le Pouliguen,Gare de Rennes,Gare de Le Pouliguen,107.57731245600613,true
Gare de Rennes,Gare de Lison,Gare de Rennes,Gare de Lison,133.00659756913183,true
Gare de Rennes,Gare de Lorient,Gare de Rennes,Gare de Lorient,131.96782986128065,true
Gare de Rennes,Gare de Morlaix,Gare de Rennes,Gare de Morlaix,168.11602946550704,true
Gare de Rennes,Gare de Plouaret Trégor,Gare de Rennes,Gare de Plouaret Trégor,143.883388447306,true
Gare de Rennes,Gare de Pornichet,Gare de Rennes,Gare de Pornichet,105.41504187509518,true
Gare de Rennes,Gare de Quimper,Gare de Rennes,Gare de Quimper,180.2397437860367,true
Gare de Rennes,Gare de Quimperlé,Gare de Rennes,Gare de Quimperlé,142.3102597254693,true
Gare de Rennes,Gare de Rosporden,Gare de Rennes,Gare de Rosporden,161.3930661768855,true
Gare de Rennes,Gare de Sablé-sur-Sarthe,Gare de Rennes,Gare de Sablé-sur-Sarthe,103.25116323865069,true
Gare de Rennes,Gare de Saint-Lô,Gare de Rennes,Gare de Saint-Lô,120.31244809631903,true
Gare de Rennes,Gare de Sillé-le-Guillaume,Gare de Rennes,Gare de Sillé-le-Guillaume,114.87895701704254,true
Gare de Romilly-la-Puthenaye,Gare de Paris Saint-Lazare,Gare de Romilly-la-Puthenaye,Gare de Paris Saint-Lazare,108.33284338567869,true
Gare de Rosporden,Gare de Nantes,Gare de Rosporden,Gare de Nantes,190.59641760411063,true
Gare de Rosporden,Gare de Pontchâteau,Gare de Rosporden,Gare de Pontchâteau,142.98166981258743,true
Gare de Rosporden,Gare de Questembert,Gare de Rosporden,Gare de Questembert,107.76249625634512,true
Gare de Rosporden,Gare de Redon,Gare de Rosporden,Gare de Redon,134.74502216107342,true
Gare de Rosporden,Gare de Rennes,Gare de Rosporden,Gare de Rennes,161.3930661768855,true
Gare de Rosporden,Gare de Savenay,Gare de Rosporden,Gare de Savenay,155.99327975342123,true
Gare de Rouen Rive Droite,Gare de Achiet,Gare de Rouen Rive Droite,Gare de Achiet,142.89633491237322,true
Gare de Rouen Rive Droite,Gare de Albert,Gare de Rouen Rive Droite,Gare de Albert,127.47731657982723,true
Gare de Rouen Rive Droite,Gare de Amiens,Gare de Rouen Rive Droite,Gare de Amiens,100.24579146241774,true
Gare de Rouen Rive Droite,Gare de Arras,Gare de Rouen Rive Droite,Gare de Arras,152.59929710635038,true
Gare de Rouen Rive Droite,Gare de Caen,Gare de Rouen Rive Droite,Gare de Caen,108.80825026055443,true
Gare de Rouen Rive Droite,Gare de Corbie,Gare de Rouen Rive Droite,Gare de Corbie,113.49358346017775,true
Gare de Rouen Rive Droite,Gare de Douai,Gare de Rouen Rive Droite,Gare de Douai,175.9441431838817,true
Gare de Rouen Rive Droite,Gare de Lille Flandres,Gare de Rouen Rive Droite,Gare de Lille Flandres,193.26111854161437,true
Gare de Rouen Rive Droite,Gare de Paris Saint-Lazare,Gare de Rouen Rive Droite,Gare de Paris Saint-Lazare,109.84367355231086,true
Gare de Sablé-sur-Sarthe,Gare de Batz-sur-Mer,Gare de Sablé-sur-Sarthe,Gare de Batz-sur-Mer,172.0346254219354,true
Gare de Sablé-sur-Sarthe,Gare de La Baule les Pins,Gare de Sablé-sur-Sarthe,Gare de La Baule les Pins,163.98140799558186,true
Gare de Sablé-sur-Sarthe,Gare de La Baule-Escoublac,Gare de Sablé-sur-Sarthe,Gare de La Baule-Escoublac,165.45704316256774,true
Gare de Sablé-sur-Sarthe,Gare de Le Croisic,Gare de Sablé-sur-Sarthe,Gare de Le Croisic,173.65669102820002,true
Gare de Sablé-sur-Sarthe,Gare de Le Pouliguen,Gare de Sablé-sur-Sarthe,Gare de Le Pouliguen,168.77102212972747,true
Gare de Sablé-sur-Sarthe,Gare de Nantes,Gare de Sablé-sur-Sarthe,Gare de Nantes,113.73767829905505,true
Gare de Sablé-sur-Sarthe,Gare de Pornichet,Gare de Sablé-sur-Sarthe,Gare de Pornichet,163.16744463470943,true
Gare de Sablé-sur-Sarthe,Gare de Rennes,Gare de Sablé-sur-Sarthe,Gare de Rennes,103.25116323865069,true
Gare de Sablé-sur-Sarthe,Gare de Saint-Nazaire,Gare de Sablé-sur-Sarthe,Gare de Saint-Nazaire,153.222736960345,true
Gare de Sablé-sur-Sarthe,Gare de Savenay,Gare de Sablé-sur-Sarthe,Gare de Savenay,132.0600536633633,true
Gare de Saint-Antoine-du-Rocher,Gare de Alençon,Gare de Saint-Antoine-du-Rocher,Gare de Alençon,110.39056094763403,true
Gare de Saint-Brieuc,Gare de Brest,Gare de Saint-Brieuc,Gare de Brest,127.21282621091527,true
Gare de Saint-Brieuc,Gare de Landerneau,Gare de Saint-Brieuc,Gare de Landerneau,110.10001465331419,true
Gare de Saint-Genouph,Gare de Ancenis,Gare de Saint-Genouph,Gare de Ancenis,133.6436067012202,true
Gare de Saint-Genouph,Gare de Nantes,Gare de Saint-Genouph,Gare de Nantes,162.2101287045115,true
Gare de Saint-Lô,Gare de Pontchaillou,Gare de Saint-Lô,Gare de Pontchaillou,119.22235082431898,true
Gare de Saint-Lô,Gare de Rennes,Gare de Saint-Lô,Gare de Rennes,120.31244809631903,true
Gare de Saint-Mars-la-Brière,Gare de Maintenon,Gare de Saint-Mars-la-Brière,Gare de Maintenon,109.82534739282657,true
Gare de Saint-Mars-la-Brière,Gare de Paris Montparnasse Hall 1 - 2,Gare de Saint-Mars-la-Brière,Gare de Paris Montparnasse Hall 1 - 2,170.1778676062793,true
Gare de Saint-Mars-la-Brière,Gare de Rambouillet,Gare de Saint-Mars-la-Brière,Gare de Rambouillet,128.13795015749668,true
Gare de Saint-Mars-la-Brière,Gare de Versailles Chantiers,Gare de Saint-Mars-la-Brière,Gare de Versailles Chantiers,156.03711381278822,true
Gare de Saint-Mars-la-Brière,Gare de Épernon,Gare de Saint-Mars-la-Brière,Gare de Épernon,116.51606953345465,true
Gare de Saint-Nazaire,Gare de Amboise,Gare de Saint-Nazaire,Gare de Amboise,240.97028165950854,true
Gare de Saint-Nazaire,Gare de Angers Saint-Laud,Gare de Saint-Nazaire,Gare de Angers Saint-Laud,126.13202788316381,true
Gare de Saint-Nazaire,Gare de Beaugency,Gare de Saint-Nazaire,Gare de Beaugency,293.1813721314846,true
Gare de Saint-Nazaire,Gare de Blois - Chambord,Gare de Saint-Nazaire,Gare de Blois - Chambord,267.9142743307845,true
Gare de Saint-Nazaire,Gare de Le Mans,Gare de Saint-Nazaire,Gare de Le Mans,196.57982303050272,true
Gare de Saint-Nazaire,Gare de Mer,Gare de Saint-Nazaire,Gare de Mer,283.12011064155996,true
Gare de Saint-Nazaire,Gare de Meung-sur-Loire,Gare de Saint-Nazaire,Gare de Meung-sur-Loire,299.0109440338461,true
Gare de Saint-Nazaire,Gare de Onzain - Chaumont-sur-Loire,Gare de Saint-Nazaire,Gare de Onzain - Chaumont-sur-Loire,256.73916218378366,true
Gare de Saint-Nazaire,Gare de Orléans,Gare de Saint-Nazaire,Gare de Orléans,316.17889747905593,true
Gare de Saint-Nazaire,Gare de Sablé-sur-Sarthe,Gare de Saint-Nazaire,Gare de Sablé-sur-Sarthe,153.222736960345,true
Gare de Saint-Nazaire,Gare de Saint-Pierre-des-Corps,Gare de Saint-Nazaire,Gare de Saint-Pierre-des-Corps,221.4060537031766,true
Gare de Saint-Nazaire,Gare de Saumur,Gare de Saint-Nazaire,Gare de Saumur,161.423056845564,true
Gare de Saint-Nazaire,Gare de Tours,Gare de Saint-Nazaire,Gare de Tours,219.109332358133,true
Gare de Saint-Patrice,Gare de Ancenis,Gare de Saint-Patrice,Gare de Ancenis,112.48717609737179,true
Gare de Saint-Patrice,Gare de Nantes,Gare de Saint-Patrice,Gare de Nantes,139.9641895108467,true
Gare de Saint-Piat,Gare de Champagné,Gare de Saint-Piat,Gare de Champagné,109.57153915603938,true
Gare de Saint-Piat,Gare de Le Mans,Gare de Saint-Piat,Gare de Le Mans,120.03349964982854,true
Gare de Saint-Piat,Gare de Montfort-le-Gesnois,Gare de Saint-Piat,Gare de Montfort-le-Gesnois,103.90561732866921,true
Gare de Saint-Piat,Gare de Saint-Mars-la-Brière,Gare de Saint-Piat,Gare de Saint-Mars-la-Brière,107.16373105401668,true
Gare de Saint-Pierre-des-Corps,Gare de Alençon,Gare de Saint-Pierre-des-Corps,Gare de Alençon,125.47063305884618,true
Gare de Saint-Pierre-des-Corps,Gare de Ancenis,Gare de Saint-Pierre-des-Corps,Gare de Ancenis,143.17104836412358,true
Gare de Saint-Pierre-des-Corps,Gare de Argentan,Gare de Saint-Pierre-des-Corps,Gare de Argentan,160.34438310396112,true
Gare de Saint-Pierre-des-Corps,Gare de Batz-sur-Mer,Gare de Saint-Pierre-des-Corps,Gare de Batz-sur-Mer,241.60096499767744,true
Gare de Saint-Pierre-des-Corps,Gare de Caen,Gare de Saint-Pierre-des-Corps,Gare de Caen,214.25650217709892,true
Gare de Saint-Pierre-des-Corps,Gare de La Baule les Pins,Gare de Saint-Pierre-des-Corps,Gare de La Baule les Pins,233.00369874869114,true
Gare de Saint-Pierre-des-Corps,Gare de La Baule-Escoublac,Gare de Saint-Pierre-des-Corps,Gare de La Baule-Escoublac,234.79638436371332,true
Gare de Saint-Pierre-des-Corps,Gare de Le Croisic,Gare de Saint-Pierre-des-Corps,Gare de Le Croisic,243.6765886998857,true
Gare de Saint-Pierre-des-Corps,Gare de Le Pouliguen,Gare de Saint-Pierre-des-Corps,Gare de Le Pouliguen,238.14611668068855,true
Gare de Saint-Pierre-des-Corps,Gare de Mézidon - Canon,Gare de Saint-Pierre-des-Corps,Gare de Mézidon - Canon,196.4492998355937,true
Gare de Saint-Pierre-des-Corps,Gare de Nantes,Gare de Saint-Pierre-des-Corps,Gare de Nantes,171.8598690727835,true
Gare de Saint-Pierre-des-Corps,Gare de Orléans,Gare de Saint-Pierre-des-Corps,Gare de Orléans,105.77578390427469,true
Gare de Saint-Pierre-des-Corps,Gare de Pornichet,Gare de Saint-Pierre-des-Corps,Gare de Pornichet,231.60109585379507,true
Gare de Saint-Pierre-des-Corps,Gare de Saint-Nazaire,Gare de Saint-Pierre-des-Corps,Gare de Saint-Nazaire,221.4060537031766,true
Gare de Saint-Pierre-des-Corps,Gare de Savenay,Gare de Saint-Pierre-des-Corps,Gare de Savenay,201.4197963213341,true
Gare de Saint-Pierre-des-Corps,Gare de Surdon,Gare de Saint-Pierre-des-Corps,Gare de Surdon,148.7729237202397,true
Gare de Saint-Pierre-des-Corps,Gare de Sées,Gare de Saint-Pierre-des-Corps,Gare de Sées,141.19382806903533,true
Gare de Saint-Pierre-sur-Dives,Gare de Château-du-Loir,Gare de Saint-Pierre-sur-Dives,Gare de Château-du-Loir,152.7304514438064,true
Gare de Saint-Pierre-sur-Dives,Gare de La Guierche,Gare de Saint-Pierre-sur-Dives,Gare de La Guierche,102.54627015641549,true
Gare de Saint-Pierre-sur-Dives,Gare de Le Mans,Gare de Saint-Pierre-sur-Dives,Gare de Le Mans,115.53578003464834,true
Gare de Saint-Pierre-sur-Dives,Gare de Neuville,Gare de Saint-Pierre-sur-Dives,Gare de Neuville,107.391807494156,true
Gare de Saint-Pierre-sur-Dives,Gare de Tours,Gare de Saint-Pierre-sur-Dives,Gare de Tours,189.56282071835946,true
Gare de Saint-Pierre-sur-Dives,Gare de Écommoy,Gare de Saint-Pierre-sur-Dives,Gare de Écommoy,135.21776801811055,true
Gare de Sainte-Gauburge,Gare de Folligny,Gare de Sainte-Gauburge,Gare de Folligny,135.0786079022565,true
Gare de Sainte-Gauburge,Gare de Granville,Gare de Sainte-Gauburge,Gare de Granville,148.30938051292216,true
Gare de Sainte-Gauburge,Gare de Paris Montparnasse Hall 1 - 2,Gare de Sainte-Gauburge,Gare de Paris Montparnasse Hall 1 - 2,139.3376012715138,true
Gare de Sainte-Gauburge,Gare de Paris Montparnasse Vaugirard,Gare de Sainte-Gauburge,Gare de Paris Montparnasse Vaugirard,139.3376012715138,true
Gare de Sainte-Gauburge,Gare de Versailles Chantiers,Gare de Sainte-Gauburge,Gare de Versailles Chantiers,125.4882484492729,true
Gare de Sainte-Gauburge,Gare de Villedieu-les-Poêles,Gare de Sainte-Gauburge,Gare de Villedieu-les-Poêles,121.86415208914524,true
Gare de Saumur,Gare de Batz-sur-Mer,Gare de Saumur,Gare de Batz-sur-Mer,181.62566427994855,true
Gare de Saumur,Gare de Beaugency,Gare de Saumur,Gare de Beaugency,139.46681317824778,true
Gare de Saumur,Gare de Blois - Chambord,Gare de Saumur,Gare de Blois - Chambord,110.69243451109666,true
Gare de Saumur,Gare de La Baule les Pins,Gare de Saumur,Gare de La Baule les Pins,173.02608368192696,true
Gare de Saumur,Gare de La Baule-Escoublac,Gare de Saumur,Gare de La Baule-Escoublac,174.85831777182833,true
Gare de Saumur,Gare de La Roche-sur-Yon,Gare de Saumur,Gare de La Roche-sur-Yon,122.96445361801993,true
Gare de Saumur,Gare de Le Croisic,Gare de Saumur,Gare de Le Croisic,183.7675134033134,true
Gare de Saumur,Gare de Le Pouliguen,Gare de Saumur,Gare de Le Pouliguen,178.1739826096871,true
Gare de Saumur,Gare de Mer,Gare de Saumur,Gare de Mer,128.11774053125802,true
Gare de Saumur,Gare de Meung-sur-Loire,Gare de Saumur,Gare de Meung-sur-Loire,146.29826273527604,true
Gare de Saumur,Gare de Nantes,Gare de Saumur,Gare de Nantes,111.16540184694121,true
Gare de Saumur,Gare de Orléans,Gare de Saumur,Gare de Orléans,164.30941858641518,true
Gare de Saumur,Gare de Pornichet,Gare de Saumur,Gare de Pornichet,171.5291594883047,true
Gare de Saumur,Gare de Saint-Nazaire,Gare de Saumur,Gare de Saint-Nazaire,161.423056845564,true
Gare de Saumur,Gare de Savenay,Gare de Saumur,Gare de Savenay,142.04668259247015,true
Gare de Savenay,Gare de Amboise,Gare de Savenay,Gare de Amboise,220.87491251494566,true
Gare de Savenay,Gare de Angers Saint-Laud,Gare de Savenay,Gare de Angers Saint-Laud,105.57339467157422,true
Gare de Savenay,Gare de Beaugency,Gare de Savenay,Gare de Beaugency,272.3611219267663,true
Gare de Savenay,Gare de Blois - Chambord,Gare de Savenay,Gare de Blois - Chambord,247.40892619124398,true
Gare de Savenay,Gare de Hennebont,Gare de Savenay,Gare de Hennebont,111.45977277722142,true
Gare de Savenay,Gare de Le Mans,Gare de Savenay,Gare de Le Mans,175.4178307999511,true
Gare de Savenay,Gare de Lorient,Gare de Savenay,Gare de Lorient,115.00521442622636,true
Gare de Savenay,Gare de Mer,Gare de Savenay,Gare de Mer,262.3995175336142,true
Gare de Savenay,Gare de Meung-sur-Loire,Gare de Savenay,Gare de Meung-sur-Loire,278.127703608079,true
Gare de Savenay,Gare de Onzain - Chaumont-sur-Loire,Gare de Savenay,Gare de Onzain - Chaumont-sur-Loire,236.45083916087714,true
Gare de Savenay,Gare de Orléans,Gare de Savenay,Gare de Orléans,295.2319064576074,true
Gare de Savenay,Gare de Quimper,Gare de Savenay,Gare de Quimper,175.19393682071907,true
Gare de Savenay,Gare de Quimperlé,Gare de Savenay,Gare de Quimperlé,132.8129724926896,true
Gare de Savenay,Gare de Rosporden,Gare de Savenay,Gare de Rosporden,155.99327975342123,true
Gare de Savenay,Gare de Sablé-sur-Sarthe,Gare de Savenay,Gare de Sablé-sur-Sarthe,132.0600536633633,true
Gare de Savenay,Gare de Saint-Pierre-des-Corps,Gare de Savenay,Gare de Saint-Pierre-des-Corps,201.4197963213341,true
Gare de Savenay,Gare de Saumur,Gare de Savenay,Gare de Saumur,142.04668259247015,true
Gare de Savenay,Gare de Tours,Gare de Savenay,Gare de Tours,199.10804217697932,true
Gare de Savonnières,Gare de Ancenis,Gare de Savonnières,Gare de Ancenis,129.6892001497216,true
Gare de Savonnières,Gare de Nantes,Gare de Savonnières,Gare de Nantes,158.15034398314478,true
Gare de Sceaux - Boëssé,Gare de Angers Maître École,Gare de Sceaux - Boëssé,Gare de Angers Maître École,110.08145568016904,true
Gare de Sceaux - Boëssé,Gare de Angers Saint-Laud,Gare de Sceaux - Boëssé,Gare de Angers Saint-Laud,111.61992735554178,true
Gare de Sceaux - Boëssé,Gare de Paris Montparnasse Hall 1 - 2,Gare de Sceaux - Boëssé,Gare de Paris Montparnasse Hall 1 - 2,151.6373715061088,true
Gare de Sceaux - Boëssé,Gare de Rambouillet,Gare de Sceaux - Boëssé,Gare de Rambouillet,109.59759075463349,true
Gare de Sceaux - Boëssé,Gare de Versailles Chantiers,Gare de Sceaux - Boëssé,Gare de Versailles Chantiers,137.49054544719638,true
Gare de Serqueux,Gare de Achiet,Gare de Serqueux,Gare de Achiet,104.87112772965041,true
Gare de Serqueux,Gare de Arras,Gare de Serqueux,Gare de Arras,114.83108083377346,true
Gare de Serqueux,Gare de Douai,Gare de Serqueux,Gare de Douai,138.03324499075197,true
Gare de Serqueux,Gare de Lille Flandres,Gare de Serqueux,Gare de Lille Flandres,156.16118200948134,true
Gare de Serquigny,Gare de Paris Saint-Lazare,Gare de Serquigny,Gare de Paris Saint-Lazare,119.97208509862132,true
Gare de Servon,Gare de Le Mans,Gare de Servon,Gare de Le Mans,123.89741863631295,true
Gare de Sillé-le-Guillaume,Gare de Cesson-Sévigné,Gare de Sillé-le-Guillaume,Gare de Cesson-Sévigné,109.56704866306593,true
Gare de Sillé-le-Guillaume,Gare de Noyal - Acigné,Gare de Sillé-le-Guillaume,Gare de Noyal - Acigné,104.01284689801547,true
Gare de Sillé-le-Guillaume,Gare de Rennes,Gare de Sillé-le-Guillaume,Gare de Rennes,114.87895701704254,true
Gare de Surdon,Gare de Château-du-Loir,Gare de Surdon,Gare de Château-du-Loir,111.09554169819732,true
Gare de Surdon,Gare de Folligny,Gare de Surdon,Gare de Folligny,114.51256703939288,true
Gare de Surdon,Gare de Granville,Gare de Surdon,Gare de Granville,127.70652958604241,true
Gare de Surdon,Gare de Paris Montparnasse Hall 1 - 2,Gare de Surdon,Gare de Paris Montparnasse Hall 1 - 2,161.45681955498824,true
Gare de Surdon,Gare de Paris Montparnasse Vaugirard,Gare de Surdon,Gare de Paris Montparnasse Vaugirard,161.45681955498824,true
Gare de Surdon,Gare de Tours,Gare de Surdon,Gare de Tours,147.71784950942632,true
Gare de Surdon,Gare de Versailles Chantiers,Gare de Surdon,Gare de Versailles Chantiers,147.51452967697432,true
Gare de Surdon,Gare de Villedieu-les-Poêles,Gare de Surdon,Gare de Villedieu-les-Poêles,101.46002308086712,true
Gare de Sées,Gare de Château-du-Loir,Gare de Sées,Gare de Château-du-Loir,103.5796920132207,true
Gare de Sées,Gare de Tours,Gare de Sées,Gare de Tours,140.14101284647106,true
Gare de Teillé,Gare de Caen,Gare de Teillé,Gare de Caen,117.50542660530363,true
Gare de Teillé,Gare de Mézidon - Canon,Gare de Teillé,Gare de Mézidon - Canon,100.83451636651611,true
Gare de Tiercé,Gare de Batz-sur-Mer,Gare de Tiercé,Gare de Batz-sur-Mer,155.66431848405057,true
Gare de Tiercé,Gare de La Baule les Pins,Gare de Tiercé,Gare de La Baule les Pins,147.2839568925189,true
Gare de Tiercé,Gare de La Baule-Escoublac,Gare de Tiercé,Gare de La Baule-Escoublac,148.9096979528658,true
Gare de Tiercé,Gare de Le Croisic,Gare de Tiercé,Gare de Le Croisic,157.4949292691906,true
Gare de Tiercé,Gare de Le Pouliguen,Gare de Tiercé,Gare de Le Pouliguen,152.28115222034515,true
Gare de Tiercé,Gare de Pornichet,Gare de Tiercé,Gare de Pornichet,146.21990394547697,true
Gare de Tiercé,Gare de Saint-Nazaire,Gare de Tiercé,Gare de Saint-Nazaire,136.02899963703692,true
Gare de Tiercé,Gare de Savenay,Gare de Tiercé,Gare de Savenay,114.98711221756133,true
Gare de Tours,Gare de Alençon,Gare de Tours,Gare de Alençon,124.25069765639644,true
Gare de Tours,Gare de Ancenis,Gare de Tours,Gare de Ancenis,140.8606547853401,true
Gare de Tours,Gare de Argentan,Gare de Tours,Gare de Argentan,159.17521391056027,true
Gare de Tours,Gare de Batz-sur-Mer,Gare de Tours,Gare de Batz-sur-Mer,239.302579261764,true
Gare de Tours,Gare de Bressuire,Gare de Tours,Gare de Bressuire,108.8806970735048,true
Gare de Tours,Gare de Caen,Gare de Tours,Gare de Caen,213.03864280728322,true
Gare de Tours,Gare de Cerizay,Gare de Tours,Gare de Cerizay,121.02621777828391,true
Gare de Tours,Gare de Chantonnay,Gare de Tours,Gare de Chantonnay,153.5471391948048,true
Gare de Tours,Gare de La Baule les Pins,Gare de Tours,Gare de La Baule les Pins,230.70595481224586,true
Gare de Tours,Gare de La Baule-Escoublac,Gare de Tours,Gare de La Baule-Escoublac,232.4972295827897,true
Gare de Tours,Gare de La Hutte Coulombiers,Gare de Tours,Gare de La Hutte Coulombiers,110.61790265025436,true
Gare de Tours,Gare de La Roche-sur-Yon,Gare de Tours,Gare de La Roche-sur-Yon,179.97733540289371,true
Gare de Tours,Gare de Le Croisic,Gare de Tours,Gare de Le Croisic,241.3759372411304,true
Gare de Tours,Gare de Le Pouliguen,Gare de Tours,Gare de Le Pouliguen,235.84784810254635,true
Gare de Tours,Gare de Mézidon - Canon,Gare de Tours,Gare de Mézidon - Canon,195.37902856017195,true
Gare de Tours,Gare de Nantes,Gare de Tours,Gare de Nantes,169.59939455912993,true
Gare de Tours,Gare de Orléans,Gare de Tours,Gare de Orléans,107.48055348360818,true
Gare de Tours,Gare de Pornichet,Gare de Tours,Gare de Pornichet,229.3066692222966,true
Gare de Tours,Gare de Pouzauges,Gare de Tours,Gare de Pouzauges,134.37514101773522,true
Gare de Tours,Gare de Saint-Nazaire,Gare de Tours,Gare de Saint-Nazaire,219.109332358133,true
Gare de Tours,Gare de Saint-Pierre-sur-Dives,Gare de Tours,Gare de Saint-Pierre-sur-Dives,189.56282071835946,true
Gare de Tours,Gare de Savenay,Gare de Tours,Gare de Savenay,199.10804217697932,true
Gare de Tours,Gare de Surdon,Gare de Tours,Gare de Surdon,147.71784950942632,true
Gare de Tours,Gare de Sées,Gare de Tours,Gare de Sées,140.14101284647106,true
Gare de Tours,Gare de Vivoin - Beaumont,Gare de Tours,Gare de Vivoin - Beaumont,102.00675577022889,true
Gare de Trouville - Deauville,Gare de Paris Saint-Lazare,Gare de Trouville - Deauville,Gare de Paris Saint-Lazare,171.7391634000595,true
Gare de Valognes,Gare de Bernay,Gare de Valognes,Gare de Bernay,157.5277390640842,true
Gare de Valognes,Gare de Lisieux,Gare de Valognes,Gare de Lisieux,130.5536701203894,true
Gare de Valognes,Gare de Mantes-la-Jolie,Gare de Valognes,Gare de Mantes-la-Jolie,238.04777518497016,true
Gare de Valognes,Gare de Paris Saint-Lazare,Gare de Valognes,Gare de Paris Saint-Lazare,285.20397121216814,true
Gare de Valognes,Gare de Évreux Normandie,Gare de Valognes,Gare de Évreux Normandie,198.3253503192709,true
Gare de Vannes,Gare de Brest,Gare de Vannes,Gare de Brest,151.5328576379902,true
Gare de Vannes,Gare de Nantes,Gare de Vannes,Gare de Nantes,103.7479995413415,true
Gare de Vannes,Gare de Quimper,Gare de Vannes,Gare de Quimper,106.49432389902486,true
Gare de Varades - Saint-Florent-le-Vieil,Gare de Le Mans,Gare de Varades - Saint-Florent-le-Vieil,Gare de Le Mans,114.04254762169285,true
Gare de Verneuil-sur-Avre,Gare de Flers,Gare de Verneuil-sur-Avre,Gare de Flers,110.16290141126734,true
Gare de Verneuil-sur-Avre,Gare de Folligny,Gare de Verneuil-sur-Avre,Gare de Folligny,171.44220513000744,true
Gare de Verneuil-sur-Avre,Gare de Granville,Gare de Verneuil-sur-Avre,Gare de Granville,184.6678835280653,true
Gare de Verneuil-sur-Avre,Gare de Paris Montparnasse Hall 1 - 2,Gare de Verneuil-sur-Avre,Gare de Paris Montparnasse Hall 1 - 2,102.50856667631031,true
Gare de Verneuil-sur-Avre,Gare de Paris Montparnasse Vaugirard,Gare de Verneuil-sur-Avre,Gare de Paris Montparnasse Vaugirard,102.50856667631031,true
Gare de Verneuil-sur-Avre,Gare de Villedieu-les-Poêles,Gare de Verneuil-sur-Avre,Gare de Villedieu-les-Poêles,158.17015677706982,true
Gare de Verneuil-sur-Avre,Gare de Vire,Gare de Verneuil-sur-Avre,Gare de Vire,133.2346810950969,true
Gare de Vernon - Giverny,Gare de Le Havre,Gare de Vernon - Giverny,Gare de Le Havre,107.82127701663255,true
Gare de Versailles Chantiers,Gare de Argentan,Gare de Versailles Chantiers,Gare de Argentan,158.51685489289568,true
Gare de Versailles Chantiers,Gare de Briouze,Gare de Versailles Chantiers,Gare de Briouze,183.88228748337255,true
Gare de Versailles Chantiers,Gare de Champagné,Gare de Versailles Chantiers,Gare de Champagné,158.43704484589446,true
Gare de Versailles Chantiers,Gare de Condé-sur-Huisne,Gare de Versailles Chantiers,Gare de Condé-sur-Huisne,105.18227340719594,true
Gare de Versailles Chantiers,Gare de Connerré - Beillé,Gare de Versailles Chantiers,Gare de Connerré - Beillé,145.75824434594705,true
Gare de Versailles Chantiers,Gare de Flers,Gare de Versailles Chantiers,Gare de Flers,198.61032149191615,true
Gare de Versailles Chantiers,Gare de Folligny,Gare de Versailles Chantiers,Gare de Folligny,259.44501880165495,true
Gare de Versailles Chantiers,Gare de Granville,Gare de Versailles Chantiers,Gare de Granville,272.63576003262256,true
Gare de Versailles Chantiers,Gare de L'Aigle,Gare de Versailles Chantiers,Gare de L'Aigle,111.115532170879,true
Gare de Versailles Chantiers,Gare de La Ferté-Bernard,Gare de Versailles Chantiers,Gare de La Ferté-Bernard,129.42671816130442,true
Gare de Versailles Chantiers,Gare de Le Mans,Gare de Versailles Chantiers,Gare de Le Mans,168.81804784372875,true
Gare de Versailles Chantiers,Gare de Le Theil - La Rouge,Gare de Versailles Chantiers,Gare de Le Theil - La Rouge,121.32531311102663,true
Gare de Versailles Chantiers,Gare de Montfort-le-Gesnois,Gare de Versailles Chantiers,Gare de Montfort-le-Gesnois,152.78894018028035,true
Gare de Versailles Chantiers,Gare de Nogent-le-Rotrou,Gare de Versailles Chantiers,Gare de Nogent-le-Rotrou,110.66916553413898,true
Gare de Versailles Chantiers,Gare de Saint-Mars-la-Brière,Gare de Versailles Chantiers,Gare de Saint-Mars-la-Brière,156.03711381278822,true
Gare de Versailles Chantiers,Gare de Sainte-Gauburge,Gare de Versailles Chantiers,Gare de Sainte-Gauburge,125.4882484492729,true
Gare de Versailles Chantiers,Gare de Sceaux - Boëssé,Gare de Versailles Chantiers,Gare de Sceaux - Boëssé,137.49054544719638,true
Gare de Versailles Chantiers,Gare de Surdon,Gare de Versailles Chantiers,Gare de Surdon,147.51452967697432,true
Gare de Versailles Chantiers,Gare de Villedieu-les-Poêles,Gare de Versailles Chantiers,Gare de Villedieu-les-Poêles,246.13477552102904,true
Gare de Versailles Chantiers,Gare de Vire,Gare de Versailles Chantiers,Gare de Vire,221.06716362137317,true
Gare de Villedieu-les-Poêles,Gare de Dreux,Gare de Villedieu-les-Poêles,Gare de Dreux,190.50605891623974,true
Gare de Villedieu-les-Poêles,Gare de L'Aigle,Gare de Villedieu-les-Poêles,Gare de L'Aigle,135.37183478414997,true
Gare de Villedieu-les-Poêles,Gare de Nonancourt,Gare de Villedieu-les-Poêles,Gare de Nonancourt,177.21411977414817,true
Gare de Villedieu-les-Poêles,Gare de Paris Montparnasse Hall 1 - 2,Gare de Villedieu-les-Poêles,Gare de Paris Montparnasse Hall 1 - 2,259.49707470370964,true
Gare de Villedieu-les-Poêles,Gare de Paris Montparnasse Vaugirard,Gare de Villedieu-les-Poêles,Gare de Paris Montparnasse Vaugirard,259.49707470370964,true
Gare de Villedieu-les-Poêles,Gare de Sainte-Gauburge,Gare de Villedieu-les-Poêles,Gare de Sainte-Gauburge,121.86415208914524,true
Gare de Villedieu-les-Poêles,Gare de Surdon,Gare de Villedieu-les-Poêles,Gare de Surdon,101.46002308086712,true
Gare de Villedieu-les-Poêles,Gare de Verneuil-sur-Avre,Gare de Villedieu-les-Poêles,Gare de Verneuil-sur-Avre,158.17015677706982,true
Gare de Villedieu-les-Poêles,Gare de Versailles Chantiers,Gare de Villedieu-les-Poêles,Gare de Versailles Chantiers,246.13477552102904,true
Gare de Vire,Gare de Dreux,Gare de Vire,Gare de Dreux,165.5433313286869,true
Gare de Vire,Gare de L'Aigle,Gare de Vire,Gare de L'Aigle,110.42084271029013,true
Gare de Vire,Gare de Nonancourt,Gare de Vire,Gare de Nonancourt,152.1961080065607,true
Gare de Vire,Gare de Paris Montparnasse Hall 1 - 2,Gare de Vire,Gare de Paris Montparnasse Hall 1 - 2,234.404908230287,true
Gare de Vire,Gare de Paris Montparnasse Vaugirard,Gare de Vire,Gare de Paris Montparnasse Vaugirard,234.404908230287,true
Gare de Vire,Gare de Verneuil-sur-Avre,Gare de Vire,Gare de Verneuil-sur-Avre,133.2346810950969,true
Gare de Vire,Gare de Versailles Chantiers,Gare de Vire,Gare de Versailles Chantiers,221.06716362137317,true
Gare de Vitré,Gare de Batz-sur-Mer,Gare de Vitré,Gare de Batz-sur-Mer,133.23751215433612,true
Gare de Vitré,Gare de La Baule les Pins,Gare de Vitré,Gare de La Baule les Pins,127.09586345383744,true
Gare de Vitré,Gare de La Baule-Escoublac,Gare de Vitré,Gare de La Baule-Escoublac,127.9310769893953,true
Gare de Vitré,Gare de Le Croisic,Gare de Vitré,Gare de Le Croisic,134.0603385861042,true
Gare de Vitré,Gare de Le Mans,Gare de Vitré,Gare de Le Mans,105.32100904753807,true
Gare de Vitré,Gare de Le Pouliguen,Gare de Vitré,Gare de Le Pouliguen,130.6918271634282,true
Gare de Vitré,Gare de Nantes,Gare de Vitré,Gare de Nantes,103.64581919197722,true
Gare de Vitré,Gare de Pornichet,Gare de Vitré,Gare de Pornichet,127.16616370746227,true
Gare de Vitré,Gare de Saint-Nazaire,Gare de Vitré,Gare de Saint-Nazaire,119.31648766493717,true
Gare de Vitré,Gare de Savenay,Gare de Vitré,Gare de Savenay,101.36052880825535,true
Gare de Vivoin - Beaumont,Gare de Caen,Gare de Vivoin - Beaumont,Gare de Caen,111.24119531100507,true
Gare de Vivoin - Beaumont,Gare de Tours,Gare de Vivoin - Beaumont,Gare de Tours,102.00675577022889,true
Gare de Yvetot,Gare de Paris Saint-Lazare,Gare de Yvetot,Gare de Paris Saint-Lazare,141.24333210243333,true
Gare de Écommoy,Gare de Argentan,Gare de Écommoy,Gare de Argentan,103.93961295984138,true
Gare de Écommoy,Gare de Caen,Gare de Écommoy,Gare de Caen,157.02962539466785,true
Gare de Écommoy,Gare de Mézidon - Canon,Gare de Écommoy,Gare de Mézidon - Canon,140.89213272097885,true
Gare de Écommoy,Gare de Saint-Pierre-sur-Dives,Gare de Écommoy,Gare de Saint-Pierre-sur-Dives,135.21776801811055,true
Gare de Épernon,Gare de Champagné,Gare de Épernon,Gare de Champagné,118.91564892391554,true
Gare de Épernon,Gare de Connerré - Beillé,Gare de Épernon,Gare de Connerré - Beillé,106.23926039007435,true
Gare de Épernon,Gare de Le Mans,Gare de Épernon,Gare de Le Mans,129.30768988018804,true
Gare de Épernon,Gare de Montfort-le-Gesnois,Gare de Épernon,Gare de Montfort-le-Gesnois,113.26900628738174,true
Gare de Épernon,Gare de Saint-Mars-la-Brière,Gare de Épernon,Gare de Saint-Mars-la-Brière,116.51606953345465,true
Gare de Étriché - Châteauneuf,Gare de Batz-sur-Mer,Gare de Étriché - Châteauneuf,Gare de Batz-sur-Mer,157.3342269229457,true
Gare de Étriché - Châteauneuf,Gare de La Baule les Pins,Gare de Étriché - Châteauneuf,Gare de La Baule les Pins,149.00874742577764,true
Gare de Étriché - Châteauneuf,Gare de La Baule-Escoublac,Gare de Étriché - Châteauneuf,Gare de La Baule-Escoublac,150.60618314561336,true
Gare de Étriché - Châteauneuf,Gare de Le Croisic,Gare de Étriché - Châteauneuf,Gare de Le Croisic,159.12511884407547,true
Gare de Étriché - Châteauneuf,Gare de Le Pouliguen,Gare de Étriché - Châteauneuf,Gare de Le Pouliguen,153.9707133260253,true
Gare de Étriché - Châteauneuf,Gare de Pornichet,Gare de Étriché - Châteauneuf,Gare de Pornichet,147.99447226057828,true
Gare de Étriché - Châteauneuf,Gare de Saint-Nazaire,Gare de Étriché - Châteauneuf,Gare de Saint-Nazaire,137.83869378063153,true
Gare de Étriché - Châteauneuf,Gare de Savenay,Gare de Étriché - Châteauneuf,Gare de Savenay,116.73047422524814,true
Gare de Évreux Normandie,Gare de Bayeux,Gare de Évreux Normandie,Gare de Bayeux,137.26494704218797,true
Gare de Évreux Normandie,Gare de Caen,Gare de Évreux Normandie,Gare de Caen,110.40817099289215,true
Gare de Évreux Normandie,Gare de Carentan,Gare de Évreux Normandie,Gare de Carentan,176.94797976635206,true
Gare de Évreux Normandie,Gare de Cherbourg,Gare de Évreux Normandie,Gare de Cherbourg,212.12747528954802,true
Gare de Évreux Normandie,Gare de Frénouville - Cagny,Gare de Évreux Normandie,Gare de Frénouville - Cagny,103.59421025988387,true
Gare de Évreux Normandie,Gare de Lison,Gare de Évreux Normandie,Gare de Lison,161.75003532705017,true
Gare de Évreux Normandie,Gare de Valognes,Gare de Évreux Normandie,Gare de Valognes,198.3253503192709,true
Gdynia Gł.,Praha hl.n.,Gdynia Gł.,Praha hl.n.,566.3324285438963,true
Gdynia Gł.,Zakopane,Gdynia Gł.,Zakopane,588.4871436483481,true
Geisingen Bahnhof,Blaubeuren,Geisingen Bahnhof,Blaubeuren,100.1039747812892,true
Geisingen Bahnhof,Blaustein,Geisingen Bahnhof,Blaustein,108.80430640143308,true
Geisingen Bahnhof,Herrlingen,Geisingen Bahnhof,Herrlingen,107.56274750453576,true
Geisingen Bahnhof,Ulm Hbf,Geisingen Bahnhof,Ulm Hbf,112.04560195666244,true
Geislingen (Steige) Gleis 2,Enzisweiler,Geislingen (Steige) Gleis 2,Enzisweiler,118.05185230399306,true
Geislingen (Steige) Gleis 2,Eriskirch Bahnhof,Geislingen (Steige) Gleis 2,Eriskirch Bahnhof,112.61691784953173,true
Geislingen (Steige) Gleis 2,Friedrichshafen Stadtbahnhof,Geislingen (Steige) Gleis 2,Friedrichshafen Stadtbahnhof,110.83532384147405,true
Geislingen (Steige) Gleis 2,Kressbronn Bahnhof,Geislingen (Steige) Gleis 2,Kressbronn Bahnhof,115.40771167316488,true
Geislingen (Steige) Gleis 2,Langenargen Bahnhof,Geislingen (Steige) Gleis 2,Langenargen Bahnhof,115.51694795415392,true
Geislingen (Steige) Gleis 2,Lindau-Aeschach,Geislingen (Steige) Gleis 2,Lindau-Aeschach,118.43926263348206,true
Geislingen (Steige) Gleis 2,Lindau-Reutin,Geislingen (Steige) Gleis 2,Lindau-Reutin,119.0934008076147,true
Geislingen (Steige) Gleis 2,Meckenbeuren Bahnhof,Geislingen (Steige) Gleis 2,Meckenbeuren Bahnhof,104.36400280709643,true
Geislingen (Steige) Gleis 2,Nonnenhorn,Geislingen (Steige) Gleis 2,Nonnenhorn,117.33069619796858,true
Geislingen (Steige) Gleis 2,Wasserburg (Bodensee),Geislingen (Steige) Gleis 2,Wasserburg (Bodensee),117.43384466870233,true
Geltendorf,Hergatz,Geltendorf,Hergatz,103.75537461539375,true
Geltendorf,Lindau-Insel,Geltendorf,Lindau-Insel,119.0014700454264,true
Geltendorf,Lindau-Reutin,Geltendorf,Lindau-Reutin,117.14009269494763,true
Gerlenhofen,Fischen,Gerlenhofen,Fischen,101.12755813076683,true
Gerlenhofen,Langenwang (Schwab),Gerlenhofen,Langenwang (Schwab),103.33754852706869,true
Gerlenhofen,Oberstdorf,Gerlenhofen,Oberstdorf,106.11578358626726,true
Giengen (Brenz),Bahnhof Überlingen,Giengen (Brenz),Bahnhof Überlingen,123.6840474822574,true
Giengen (Brenz),Friedrichshafen Stadtbahnhof,Giengen (Brenz),Friedrichshafen Stadtbahnhof,121.51733425814723,true
Giengen (Brenz),Ludwigshafen(Bodensee) Bahnhof,Giengen (Brenz),Ludwigshafen(Bodensee) Bahnhof,125.30393883019786,true
Giengen (Brenz),Radolfzell Bahnhof,Giengen (Brenz),Radolfzell Bahnhof,136.05270464967822,true
Giengen (Brenz),"Salem, Bahnhof",Giengen (Brenz),"Salem, Bahnhof",118.5516926923062,true
Giengen (Brenz),Singen (Htw) Bahnhof,Giengen (Brenz),Singen (Htw) Bahnhof,140.90013699765305,true
Giengen (Brenz),Sipplingen Bahnhof,Giengen (Brenz),Sipplingen Bahnhof,124.76161855107719,true
Giengen (Brenz),Uhldingen-Mühlhofen Bahnhof,Giengen (Brenz),Uhldingen-Mühlhofen Bahnhof,122.55072870142088,true
Giengen (Brenz),Überlingen Bahnhof Therme,Giengen (Brenz),Überlingen Bahnhof Therme,124.52552489973387,true
Glasgow Central,London Euston,Glasgow Central,London Euston,552.6122013736833,true
Graz Hbf,Berlin Hbf,Graz Hbf,Berlin Hbf,623.7997096354479,true
Graz Hbf,Zürich HB,Graz Hbf,Zürich HB,520.1972565068972,true
Grenzach Bahnhof Bstg 2,Bahnhof Überlingen,Grenzach Bahnhof Bstg 2,Bahnhof Überlingen,115.1920721307758,true
Grenzach Bahnhof Bstg 2,Bermatingen-Ahausen Bahnhof,Grenzach Bahnhof Bstg 2,Bermatingen-Ahausen Bahnhof,127.84074918164298,true
Grenzach Bahnhof Bstg 2,Friedrichshafen Stadtbahnhof,Grenzach Bahnhof Bstg 2,Friedrichshafen Stadtbahnhof,136.49404812283586,true
Grenzach Bahnhof Bstg 2,Ludwigshafen(Bodensee) Bahnhof,Grenzach Bahnhof Bstg 2,Ludwigshafen(Bodensee) Bahnhof,108.4021865808863,true
Grenzach Bahnhof Bstg 2,Markdorf Bahnhof,Grenzach Bahnhof Bstg 2,Markdorf Bahnhof,130.86268481631188,true
Grenzach Bahnhof Bstg 2,Radolfzell Bahnhof,Grenzach Bahnhof Bstg 2,Radolfzell Bahnhof,100.2481059900553,true
Grenzach Bahnhof Bstg 2,"Salem, Bahnhof",Grenzach Bahnhof Bstg 2,"Salem, Bahnhof",124.78865260207841,true
Grenzach Bahnhof Bstg 2,Uhldingen-Mühlhofen Bahnhof,Grenzach Bahnhof Bstg 2,Uhldingen-Mühlhofen Bahnhof,120.83662068320409,true
Göppingen Gleis 6,Enzisweiler,Göppingen Gleis 6,Enzisweiler,126.2984699746807,true
Göppingen Gleis 6,Eriskirch Bahnhof,Göppingen Gleis 6,Eriskirch Bahnhof,119.49612795009143,true
Göppingen Gleis 6,Friedrichshafen Stadtbahnhof,Göppingen Gleis 6,Friedrichshafen Stadtbahnhof,117.13774355670715,true
Göppingen Gleis 6,Kressbronn Bahnhof,Göppingen Gleis 6,Kressbronn Bahnhof,123.02747985462976,true
Göppingen Gleis 6,Langenargen Bahnhof,Göppingen Gleis 6,Langenargen Bahnhof,122.62329831508299,true
Göppingen Gleis 6,Lindau-Aeschach,Göppingen Gleis 6,Lindau-Aeschach,126.86062543968593,true
Göppingen Gleis 6,Lindau-Reutin,Göppingen Gleis 6,Lindau-Reutin,127.66082815815925,true
Göppingen Gleis 6,Meckenbeuren Bahnhof,Göppingen Gleis 6,Meckenbeuren Bahnhof,111.4159899924604,true
Göppingen Gleis 6,Nonnenhorn,Göppingen Gleis 6,Nonnenhorn,125.098056383036,true
Göppingen Gleis 6,Ravensburg Bahnhof,Göppingen Gleis 6,Ravensburg Bahnhof,101.8578691967619,true
Göppingen Gleis 6,Wasserburg (Bodensee),Göppingen Gleis 6,Wasserburg (Bodensee),125.44426337980954,true
Günzburg,München Hbf Gleis 11,Günzburg,München Hbf Gleis 11,101.04786813143393,true
Günzburg,München Hbf Gleis 12,Günzburg,München Hbf Gleis 12,101.04570707363615,true
Günzburg,München Hbf Gleis 13,Günzburg,München Hbf Gleis 13,101.04397209270923,true
Günzburg,München Hbf Gleis 14,Günzburg,München Hbf Gleis 14,101.04180789050875,true
Günzburg,München Hbf Gleis 15,Günzburg,München Hbf Gleis 15,101.03834776649728,true
Günzburg,München Hbf Gleis 16,Günzburg,München Hbf Gleis 16,101.03742349841963,true
Günzburg,München Hbf Gleis 17,Günzburg,München Hbf Gleis 17,101.03545145232675,true
Günzburg,München Hbf Gleis 18,Günzburg,München Hbf Gleis 18,101.03329308848978,true
Günzburg,München Hbf Gleis 19,Günzburg,München Hbf Gleis 19,101.02997226469066,true
Günzburg,München Hbf Gleis 20,Günzburg,München Hbf Gleis 20,101.02905699083988,true
Hamburg Altona,Innsbruck Hbf,Hamburg Altona,Innsbruck Hbf,706.926686833688,true
Hamburg Altona,Lörrach Autoreisezug Terminal,Hamburg Altona,Lörrach Autoreisezug Terminal,678.6569353186164,true
Hamburg Altona,München-Pasing,Hamburg Altona,München-Pasing,610.1691881060142,true
Hamburg Altona,Villach Hbf-Autoverladestelle,Hamburg Altona,Villach Hbf-Autoverladestelle,819.6695561665917,true
Hamburg Hbf,Augsburg Hbf,Hamburg Hbf,Augsburg Hbf,580.047201254215,true
Hamburg Hbf,Freilassing,Hamburg Hbf,Freilassing,668.9465493189682,true
Hamburg Hbf,Ingolstadt Hbf,Hamburg Hbf,Ingolstadt Hbf,543.8284369053247,true
Hamburg Hbf,Innsbruck Hbf,Hamburg Hbf,Innsbruck Hbf,706.2116110900812,true
Hamburg Hbf,Kufstein Bahnhof,Hamburg Hbf,Kufstein Bahnhof,680.9780268288359,true
Hamburg Hbf,München Hbf Gleis 10,Hamburg Hbf,München Hbf Gleis 10,611.5220830114138,true
Hamburg Hbf,München Hbf Gleis 14,Hamburg Hbf,München Hbf Gleis 14,611.5755978177431,true
Hamburg Hbf,Nürnberg Hbf,Hamburg Hbf,Nürnberg Hbf,462.67667404829126,true
Hamburg Hbf,Ostbahnhof Gleis 6,Hamburg Hbf,Ostbahnhof Gleis 6,613.5662989677319,true
Hamburg Hbf,Ostbahnhof Gleis 8,Hamburg Hbf,Ostbahnhof Gleis 8,613.5810707018337,true
Hamburg Hbf,Pasing Gleis 9,Hamburg Hbf,Pasing Gleis 9,609.3228297088086,true
Hamburg Hbf,Rosenheim,Hamburg Hbf,Rosenheim,651.2282266466182,true
Hamburg Hbf,Wien Hbf,Hamburg Hbf,Wien Hbf,745.0615789845033,true
Hamburg Hbf,Zürich HB,Hamburg Hbf,Zürich HB,694.2897259318105,true
Heidenheim (Brenz),Bahnhof Überlingen,Heidenheim (Brenz),Bahnhof Überlingen,125.24437145676221,true
Heidenheim (Brenz),Friedrichshafen Stadtbahnhof,Heidenheim (Brenz),Friedrichshafen Stadtbahnhof,124.9335343788044,true
Heidenheim (Brenz),Ludwigshafen(Bodensee) Bahnhof,Heidenheim (Brenz),Ludwigshafen(Bodensee) Bahnhof,126.176658083473,true
Heidenheim (Brenz),Radolfzell Bahnhof,Heidenheim (Brenz),Radolfzell Bahnhof,137.00828563448715,true
Heidenheim (Brenz),"Salem, Bahnhof",Heidenheim (Brenz),"Salem, Bahnhof",120.75252480555089,true
Heidenheim (Brenz),Singen (Htw) Bahnhof,Heidenheim (Brenz),Singen (Htw) Bahnhof,141.28988846110465,true
Heidenheim (Brenz),Sipplingen Bahnhof,Heidenheim (Brenz),Sipplingen Bahnhof,125.90956370976349,true
Heidenheim (Brenz),Uhldingen-Mühlhofen Bahnhof,Heidenheim (Brenz),Uhldingen-Mühlhofen Bahnhof,124.62856766575216,true
Heidenheim (Brenz),Überlingen Bahnhof Therme,Heidenheim (Brenz),Überlingen Bahnhof Therme,126.00644433599791,true
Heimenkirch,Augsburg Hbf,Heimenkirch,Augsburg Hbf,109.79660708497514,true
Heimenkirch,Augsburg Messe,Heimenkirch,Augsburg Messe,107.68568694041059,true
Heimenkirch,Augsburg Morellstraße,Heimenkirch,Augsburg Morellstraße,109.35899469213435,true
Heimenkirch,Inningen,Heimenkirch,Inningen,104.63573836867037,true
Heimenkirch,München Hbf Gleis 12,Heimenkirch,München Hbf Gleis 12,135.90346887609866,true
Heimenkirch,München Hbf Gleis 14,Heimenkirch,München Hbf Gleis 14,135.9118313240102,true
Heimenkirch,München Hbf Gleis 15,Heimenkirch,München Hbf Gleis 15,135.91706847333336,true
Heimenkirch,München Hbf Gleis 17,Heimenkirch,München Hbf Gleis 17,135.9269181958988,true
Heimenkirch,München Hbf Gleis 24,Heimenkirch,München Hbf Gleis 24,135.95697216976959,true
Heimenkirch,München Hbf Gleis 25,Heimenkirch,München Hbf Gleis 25,135.96248765980758,true
Heimenkirch,Pasing Gleis 3,Heimenkirch,Pasing Gleis 3,129.9152574324411,true
Heimenkirch,Pasing Gleis 4,Heimenkirch,Pasing Gleis 4,129.92499675518295,true
Hel,Bohumín,Hel,Bohumín,524.6208669884766,true
Hel,Kraków Gł.,Hel,Kraków Gł.,511.2032428538644,true
Helsinki / Helsingfors,Kemijärvi,Helsinki / Helsingfors,Kemijärvi,,
Helsinki / Helsingfors,Kolari,Helsinki / Helsingfors,Kolari,,
Helsinki / Helsingfors,Rovaniemi,Helsinki / Helsingfors,Rovaniemi,,
Hergatz,Augsburg Hbf,Hergatz,Augsburg Hbf,112.15969627617795,true
Hergatz,Augsburg Messe,Hergatz,Augsburg Messe,110.15078578905617,true
Hergatz,Augsburg Morellstraße,Hergatz,Augsburg Morellstraße,111.77987161020887,true
Hergatz,Bobingen,Hergatz,Bobingen,102.07176866978351,true
Hergatz,Geltendorf,Hergatz,Geltendorf,103.75226942140868,true
Hergatz,Inningen,Hergatz,Inningen,107.16304172513037,true
Hergatz,München Hbf Gleis 12,Hergatz,München Hbf Gleis 12,140.18283488941591,true
Hergatz,München Hbf Gleis 14,Hergatz,München Hbf Gleis 14,140.19078298844056,true
Hergatz,München Hbf Gleis 15,Hergatz,München Hbf Gleis 15,140.19867201022333,true
Hergatz,München Hbf Gleis 17,Hergatz,München Hbf Gleis 17,140.20515064318772,true
Hergatz,München Hbf Gleis 19,Hergatz,München Hbf Gleis 19,140.2164419970629,true
Hergatz,München Hbf Gleis 24,Hergatz,München Hbf Gleis 24,140.236624050587,true
Hergatz,München Hbf Gleis 25,Hergatz,München Hbf Gleis 25,140.2388727895563,true
Hergatz,Pasing Gleis 3,Hergatz,Pasing Gleis 3,134.0768045819243,true
Hergatz,Pasing Gleis 4,Hergatz,Pasing Gleis 4,134.0837940583623,true
Herrlingen,Donaueschingen Bahnhof,Herrlingen,Donaueschingen Bahnhof,116.10056117368684,true
Herrlingen,Geisingen Bahnhof,Herrlingen,Geisingen Bahnhof,107.56100742284582,true
Herrlingen,Immendingen Bahnhof,Herrlingen,Immendingen Bahnhof,101.81279819031677,true
Herrlingen,Villingen Bahnhof/ZOB,Herrlingen,Villingen Bahnhof/ZOB,113.3528019384528,true
Herten (Baden) Bahnhof,Bahnhof Überlingen,Herten (Baden) Bahnhof,Bahnhof Überlingen,109.41653560058491,true
Herten (Baden) Bahnhof,Bermatingen-Ahausen Bahnhof,Herten (Baden) Bahnhof,Bermatingen-Ahausen Bahnhof,121.98912127910677,true
Herten (Baden) Bahnhof,Friedrichshafen Stadtbahnhof,Herten (Baden) Bahnhof,Friedrichshafen Stadtbahnhof,130.5697181036153,true
Herten (Baden) Bahnhof,Ludwigshafen(Bodensee) Bahnhof,Herten (Baden) Bahnhof,Ludwigshafen(Bodensee) Bahnhof,102.73626530772944,true
Herten (Baden) Bahnhof,Markdorf Bahnhof,Herten (Baden) Bahnhof,Markdorf Bahnhof,124.99312997808833,true
Herten (Baden) Bahnhof,"Salem, Bahnhof",Herten (Baden) Bahnhof,"Salem, Bahnhof",118.97408650042973,true
Herten (Baden) Bahnhof,Uhldingen-Mühlhofen Bahnhof,Herten (Baden) Bahnhof,Uhldingen-Mühlhofen Bahnhof,115.0038565489112,true
Humenné,Bratislava hl.st.,Humenné,Bratislava hl.st.,363.16343357454554,true
Humenné,Praha hl.n.,Humenné,Praha hl.n.,553.8529281142767,true
Iași,București Nord,Iași,București Nord,323.841447701412,true
Iași,Cluj-Napoca,Iași,Cluj-Napoca,307.55640211776995,true
Iași,Timişoara Nord,Iași,Timişoara Nord,514.1004354388759,true
Immendingen Bahnhof,Blaustein,Immendingen Bahnhof,Blaustein,103.03673830767728,true
Immendingen Bahnhof,Herrlingen,Immendingen Bahnhof,Herrlingen,101.81279819031677,true
Immendingen Bahnhof,Ulm Hbf,Immendingen Bahnhof,Ulm Hbf,106.22817883850203,true
Immendingen Zimmern,Herrlingen,Immendingen Zimmern,Herrlingen,103.05314420034222,true
Immendingen Zimmern,Ulm Hbf,Immendingen Zimmern,Ulm Hbf,107.48155041552013,true
Immenstadt,Augsburg Hbf,Immenstadt,Augsburg Hbf,102.62676158132894,true
Immenstadt,Augsburg Messe,Immenstadt,Augsburg Messe,100.10878822780359,true
Immenstadt,Augsburg Morellstraße,Immenstadt,Augsburg Morellstraße,101.93100475821197,true
Immenstadt,München Hbf Gleis 12,Immenstadt,München Hbf Gleis 12,119.24909702649948,true
Immenstadt,München Hbf Gleis 14,Immenstadt,München Hbf Gleis 14,119.25934205278557,true
Immenstadt,München Hbf Gleis 15,Immenstadt,München Hbf Gleis 15,119.26596305438515,true
Immenstadt,München Hbf Gleis 17,Immenstadt,München Hbf Gleis 17,119.27768946176424,true
Immenstadt,München Hbf Gleis 24,Immenstadt,München Hbf Gleis 24,119.31468909465113,true
Immenstadt,München Hbf Gleis 25,Immenstadt,München Hbf Gleis 25,119.32167224821225,true
Immenstadt,"München, Hauptbahnhof (U, Tram)",Immenstadt,"München, Hauptbahnhof (U, Tram)",119.62014264357967,true
Immenstadt,Pasing,Immenstadt,Pasing,113.91167391714801,true
Immenstadt,Pasing Gleis 3,Immenstadt,Pasing Gleis 3,113.91825633508488,true
Immenstadt,Pasing Gleis 4,Immenstadt,Pasing Gleis 4,113.92909152897623,true
Ingolstadt Hbf,"Amsterdam, Centraal",Ingolstadt Hbf,"Amsterdam, Centraal",613.172662174997,true
Ingolstadt Hbf,Dortmund Hbf,Ingolstadt Hbf,Dortmund Hbf,418.82795156543006,true
Ingolstadt Hbf,Kufstein Bahnhof,Ingolstadt Hbf,Kufstein Bahnhof,139.99279809491645,true
Ingolstadt Hbf,Münster (Westf) Hauptbahnhof,Ingolstadt Hbf,Münster (Westf) Hauptbahnhof,447.4545254647289,true
Ingolstadt Hbf,Nersingen,Ingolstadt Hbf,Nersingen,103.18853322832182,true
Ingolstadt Hbf,Neu-Ulm,Ingolstadt Hbf,Neu-Ulm,112.36087371589998,true
Ingolstadt Hbf,Rosenheim,Ingolstadt Hbf,Rosenheim,111.53794109075359,true
Ingolstadt Hbf,Ulm Hbf,Ingolstadt Hbf,Ulm Hbf,113.71563330712783,true
Inningen,Heimenkirch,Inningen,Heimenkirch,104.62104689320547,true
Inningen,Hergatz,Inningen,Hergatz,107.15919523617276,true
Inningen,Lindau-Insel,Inningen,Lindau-Insel,122.91471756078042,true
Inningen,Lindau-Reutin,Inningen,Lindau-Reutin,121.24445320008127,true
Inningen,Oberstaufen,Inningen,Oberstaufen,105.1160412368082,true
Inningen,Röthenbach (Allgäu),Inningen,Röthenbach (Allgäu),102.72351669552951,true
Innsbruck Hbf,Amsterdam Centraal,Innsbruck Hbf,Amsterdam Centraal,734.988320977054,true
Innsbruck Hbf,Düsseldorf Hbf,Innsbruck Hbf,Düsseldorf Hbf,552.5777240085893,true
Innsbruck Hbf,Hamburg Altona,Innsbruck Hbf,Hamburg Altona,706.926686833688,true
Innsbruck Hbf,Hamburg Hbf,Innsbruck Hbf,Hamburg Hbf,706.2116110900812,true
Innsbruck Hbf,Malmö C,Innsbruck Hbf,Malmö C,934.5751189636397,true
Inverness / Inbhir Nis,London Euston,Inverness / Inbhir Nis,London Euston,,
Ivano-Frankivsk,Cherkasy,Ivano-Frankivsk,Cherkasy,,
Ivano-Frankivsk,Chernihiv,Ivano-Frankivsk,Chernihiv,,
Ivano-Frankivsk,Kharkiv,Ivano-Frankivsk,Kharkiv,,
Ivano-Frankivsk,Kryvyi Rih,Ivano-Frankivsk,Kryvyi Rih,,
Ivano-Frankivsk,Kyiv Pasazhyrskyi,Ivano-Frankivsk,Kyiv Pasazhyrskyi,,
Kamianets-Podilskyi,Kyiv Pasazhyrskyi,Kamianets-Podilskyi,Kyiv Pasazhyrskyi,,
Karlsruhe Hauptbahnhof,Augsburg Hbf,Karlsruhe Hauptbahnhof,Augsburg Hbf,195.29929396704543,true
Karlsruhe Hauptbahnhof,München Hbf Gleis 14,Karlsruhe Hauptbahnhof,München Hbf Gleis 14,250.8542793514989,true
Karlsruhe Hauptbahnhof,Paris Gare de l'Est,Karlsruhe Hauptbahnhof,Paris Gare de l'Est,441.32587528698446,true
Karlsruhe Hauptbahnhof,Ulm Hauptbahnhof,Karlsruhe Hauptbahnhof,Ulm Hauptbahnhof,133.55648809313462,true
Kars,Ankara,Kars,Ankara,873.3727363721098,true
Kaufering,Lindau-Insel,Kaufering,Lindau-Insel,106.04977036235533,true
Kaufering,Lindau-Reutin,Kaufering,Lindau-Reutin,104.19947327573303,true
Kemijärvi,Helsinki / Helsingfors,Kemijärvi,Helsinki / Helsingfors,,
Kempten (Allgäu) Hbf,München Hbf Gleis 12,Kempten (Allgäu) Hbf,München Hbf Gleis 12,103.92245718604359,true
Kempten (Allgäu) Hbf,München Hbf Gleis 14,Kempten (Allgäu) Hbf,München Hbf Gleis 14,103.93146169730733,true
Kempten (Allgäu) Hbf,München Hbf Gleis 15,Kempten (Allgäu) Hbf,München Hbf Gleis 15,103.93716897275641,true
Kempten (Allgäu) Hbf,München Hbf Gleis 17,Kempten (Allgäu) Hbf,München Hbf Gleis 17,103.94766279920984,true
Kempten (Allgäu) Hbf,München Hbf Gleis 24,Kempten (Allgäu) Hbf,München Hbf Gleis 24,103.98008910930635,true
Kempten (Allgäu) Hbf,München Hbf Gleis 25,Kempten (Allgäu) Hbf,München Hbf Gleis 25,103.98610460025391,true
Kempten (Allgäu) Hbf Bstg SEV,"München, Hauptbahnhof (U, Tram)",Kempten (Allgäu) Hbf Bstg SEV,"München, Hauptbahnhof (U, Tram)",104.34354490262317,true
Kharkiv,Chelm,Kharkiv,Chelm,,
Kharkiv,Chernivtsi,Kharkiv,Chernivtsi,,
Kharkiv,Ivano-Frankivsk,Kharkiv,Ivano-Frankivsk,,
Kharkiv,Lviv,Kharkiv,Lviv,,
Kharkiv,Odesa Holovna,Kharkiv,Odesa Holovna,,
Kharkiv,Przemyśl Gł.,Kharkiv,Przemyśl Gł.,,
Kharkiv,Uzhhorod,Kharkiv,Uzhhorod,,
Kharkiv,Vorokhta,Kharkiv,Vorokhta,,
Kißlegg Bahnhof,München Hbf Gleis 15,Kißlegg Bahnhof,München Hbf Gleis 15,130.5529326644779,true
Kißlegg Bahnhof,München Hbf Gleis 19,Kißlegg Bahnhof,München Hbf Gleis 19,130.56746200281484,true
Kißlegg Bahnhof,München Hbf Gleis 24,Kißlegg Bahnhof,München Hbf Gleis 24,130.58338551419166,true
Kißlegg Bahnhof,Pasing Gleis 3,Kißlegg Bahnhof,Pasing Gleis 3,124.07310485627812,true
Kolari,Helsinki / Helsingfors,Kolari,Helsinki / Helsingfors,,
Konya,İzmir Basmane,Konya,İzmir Basmane,470.30208447777346,true
Koper,Budapest Déli,Koper,Budapest Déli,459.38430139469756,true
Kovel,Dnipro Holovny,Kovel,Dnipro Holovny,,
Kovel,Kyiv Pasazhyrskyi,Kovel,Kyiv Pasazhyrskyi,,
Kovel,Odesa Holovna,Kovel,Odesa Holovna,,
Kołobrzeg,Bielsko-Biała Główna,Kołobrzeg,Bielsko-Biała Główna,540.2059303082054,true
Kołobrzeg,Kraków Gł.,Kołobrzeg,Kraków Gł.,546.2129924240011,true
Kraków Gł.,Hel,Kraków Gł.,Hel,511.2032428538644,true
Kraków Gł.,Kołobrzeg,Kraków Gł.,Kołobrzeg,546.2129924240011,true
Kraków Gł.,Łeba,Kraków Gł.,Łeba,546.0892639717985,true
Kraków Gł.,Świnoujście,Kraków Gł.,Świnoujście,577.0780445395837,true
Kremenchuk,Mukacheve,Kremenchuk,Mukacheve,,
Kremenchuk,Przemyśl Gł.,Kremenchuk,Przemyśl Gł.,,
Kressbronn Bahnhof,Esslingen (N) Gleis 3,Kressbronn Bahnhof,Esslingen (N) Gleis 3,129.1779788425687,true
Kressbronn Bahnhof,Geislingen (Steige) Gleis 2,Kressbronn Bahnhof,Geislingen (Steige) Gleis 2,115.40771167316488,true
Kressbronn Bahnhof,Geislingen (Steige) Gleis 3,Kressbronn Bahnhof,Geislingen (Steige) Gleis 3,115.41154176157873,true
Kressbronn Bahnhof,Göppingen Gleis 4,Kressbronn Bahnhof,Göppingen Gleis 4,123.04622710640461,true
Kressbronn Bahnhof,Plochingen Gleis 1,Kressbronn Bahnhof,Plochingen Gleis 1,125.20022960126593,true
Kressbronn Bahnhof,Stuttgart Hauptbahnhof (oben) Gleis 11,Kressbronn Bahnhof,Stuttgart Hauptbahnhof (oben) Gleis 11,135.9749784169716,true
Kressbronn Bahnhof,Stuttgart Hauptbahnhof (oben) Gleis 12,Kressbronn Bahnhof,Stuttgart Hauptbahnhof (oben) Gleis 12,135.9663183176236,true
Kressbronn Bahnhof,Stuttgart Hauptbahnhof (oben) Gleis 13,Kressbronn Bahnhof,Stuttgart Hauptbahnhof (oben) Gleis 13,135.96080654501884,true
Kressbronn Bahnhof,Stuttgart Hauptbahnhof (oben) Gleis 14,Kressbronn Bahnhof,Stuttgart Hauptbahnhof (oben) Gleis 14,135.95244937749916,true
Kryvyi Rih,Chernivtsi,Kryvyi Rih,Chernivtsi,,
Kryvyi Rih,Ivano-Frankivsk,Kryvyi Rih,Ivano-Frankivsk,,
Kryvyi Rih,Kyiv Pasazhyrskyi,Kryvyi Rih,Kyiv Pasazhyrskyi,,
Kufstein Bahnhof,Altona,Kufstein Bahnhof,Altona,682.0711110763358,true
Kufstein Bahnhof,"Amsterdam, Centraal",Kufstein Bahnhof,"Amsterdam, Centraal",743.7693649192852,true
Kufstein Bahnhof,Augsburg Hbf,Kufstein Bahnhof,Augsburg Hbf,129.02294950170028,true
Kufstein Bahnhof,Dortmund Hbf,Kufstein Bahnhof,Dortmund Hbf,553.5905118451432,true
Kufstein Bahnhof,Hamburg Hbf,Kufstein Bahnhof,Hamburg Hbf,680.9788744089788,true
Kufstein Bahnhof,Ingolstadt Hbf,Kufstein Bahnhof,Ingolstadt Hbf,139.99374865687983,true
Kufstein Bahnhof,Münster (Westf) Hauptbahnhof,Kufstein Bahnhof,Münster (Westf) Hauptbahnhof,584.855101456647,true
Kufstein Bahnhof,Nürnberg Hbf,Kufstein Bahnhof,Nürnberg Hbf,221.9566494740734,true
Kurtalan,Ankara,Kurtalan,Ankara,797.2439001981827,true
Kyiv Pasazhyrskyi,București Nord,Kyiv Pasazhyrskyi,București Nord,,
Kyiv Pasazhyrskyi,Budapest Keleti,Kyiv Pasazhyrskyi,Budapest Keleti,,
Kyiv Pasazhyrskyi,Chelm,Kyiv Pasazhyrskyi,Chelm,,
Kyiv Pasazhyrskyi,Chernivtsi,Kyiv Pasazhyrskyi,Chernivtsi,,
Kyiv Pasazhyrskyi,Chişinău,Kyiv Pasazhyrskyi,Chişinău,,
Kyiv Pasazhyrskyi,Chop,Kyiv Pasazhyrskyi,Chop,,
Kyiv Pasazhyrskyi,Ivano-Frankivsk,Kyiv Pasazhyrskyi,Ivano-Frankivsk,,
Kyiv Pasazhyrskyi,Kamianets-Podilskyi,Kyiv Pasazhyrskyi,Kamianets-Podilskyi,,
Kyiv Pasazhyrskyi,Kovel,Kyiv Pasazhyrskyi,Kovel,,
Kyiv Pasazhyrskyi,Kryvyi Rih,Kyiv Pasazhyrskyi,Kryvyi Rih,,
Kyiv Pasazhyrskyi,Lviv,Kyiv Pasazhyrskyi,Lviv,,
Kyiv Pasazhyrskyi,Mykolaiv,Kyiv Pasazhyrskyi,Mykolaiv,,
Kyiv Pasazhyrskyi,Odesa Holovna,Kyiv Pasazhyrskyi,Odesa Holovna,,
Kyiv Pasazhyrskyi,Przemyśl Gł.,Kyiv Pasazhyrskyi,Przemyśl Gł.,,
Kyiv Pasazhyrskyi,Rakhiv,Kyiv Pasazhyrskyi,Rakhiv,,
Kyiv Pasazhyrskyi,Solotvyno,Kyiv Pasazhyrskyi,Solotvyno,,
Kyiv Pasazhyrskyi,Truskavets,Kyiv Pasazhyrskyi,Truskavets,,
Kyiv Pasazhyrskyi,Uzhhorod,Kyiv Pasazhyrskyi,Uzhhorod,,
Kyiv Pasazhyrskyi,Warszawa Zachodnia,Kyiv Pasazhyrskyi,Warszawa Zachodnia,,
Kyiv Pasazhyrskyi,Wien Hbf,Kyiv Pasazhyrskyi,Wien Hbf,,
Kyiv Pasazhyrskyi,Zaporizhzhia 1,Kyiv Pasazhyrskyi,Zaporizhzhia 1,,
Langenargen Bahnhof,Esslingen (N) Gleis 3,Langenargen Bahnhof,Esslingen (N) Gleis 3,127.95487873302692,true
Langenargen Bahnhof,Geislingen (Steige) Gleis 2,Langenargen Bahnhof,Geislingen (Steige) Gleis 2,115.51694795415392,true
Langenargen Bahnhof,Geislingen (Steige) Gleis 3,Langenargen Bahnhof,Geislingen (Steige) Gleis 3,115.52118299686008,true
Langenargen Bahnhof,Göppingen Gleis 4,Langenargen Bahnhof,Göppingen Gleis 4,122.64232312878946,true
Langenargen Bahnhof,Plochingen Gleis 1,Langenargen Bahnhof,Plochingen Gleis 1,124.21898471399109,true
Langenargen Bahnhof,Stuttgart Hauptbahnhof (oben) Gleis 11,Langenargen Bahnhof,Stuttgart Hauptbahnhof (oben) Gleis 11,134.5308146689089,true
Langenargen Bahnhof,Stuttgart Hauptbahnhof (oben) Gleis 12,Langenargen Bahnhof,Stuttgart Hauptbahnhof (oben) Gleis 12,134.52238933414293,true
Langenargen Bahnhof,Stuttgart Hauptbahnhof (oben) Gleis 13,Langenargen Bahnhof,Stuttgart Hauptbahnhof (oben) Gleis 13,134.51705491989165,true
Langenargen Bahnhof,Stuttgart Hauptbahnhof (oben) Gleis 14,Langenargen Bahnhof,Stuttgart Hauptbahnhof (oben) Gleis 14,134.50889583286354,true
Langenau (Württ),Bahnhof Überlingen,Langenau (Württ),Bahnhof Überlingen,107.66848056618794,true
Langenau (Württ),Friedrichshafen Stadtbahnhof,Langenau (Württ),Friedrichshafen Stadtbahnhof,105.22967266382108,true
Langenau (Württ),Ludwigshafen(Bodensee) Bahnhof,Langenau (Württ),Ludwigshafen(Bodensee) Bahnhof,109.59258088532987,true
Langenau (Württ),Radolfzell Bahnhof,Langenau (Württ),Radolfzell Bahnhof,120.2802187493953,true
Langenau (Württ),"Salem, Bahnhof",Langenau (Württ),"Salem, Bahnhof",102.34980216285084,true
Langenau (Württ),Singen (Htw) Bahnhof,Langenau (Württ),Singen (Htw) Bahnhof,125.42971841716151,true
Langenau (Württ),Sipplingen Bahnhof,Langenau (Württ),Sipplingen Bahnhof,108.91608986265446,true
Langenau (Württ),Uhldingen-Mühlhofen Bahnhof,Langenau (Württ),Uhldingen-Mühlhofen Bahnhof,106.37512397989124,true
Langenau (Württ),Überlingen Bahnhof Therme,Langenau (Württ),Überlingen Bahnhof Therme,108.5389471683259,true
Langenwang (Schwab),Ulm Hbf,Langenwang (Schwab),Ulm Hbf,109.28171452229994,true
Latour-de-Carol / La Tor de Querol,Paris Austerlitz,Latour-de-Carol / La Tor de Querol,Paris Austerlitz,,
Laufenburg (Baden) Bahnhof,Friedrichshafen Stadtbahnhof,Laufenburg (Baden) Bahnhof,Friedrichshafen Stadtbahnhof,106.50544011151845,true
Laufenburg (Baden) Bahnhof,Markdorf Bahnhof,Laufenburg (Baden) Bahnhof,Markdorf Bahnhof,101.03614758865211,true
Laufenburg (Baden) Ost Bahnhof,Friedrichshafen Stadtbahnhof,Laufenburg (Baden) Ost Bahnhof,Friedrichshafen Stadtbahnhof,105.43482587871074,true
Lecce,Milano Centrale,Lecce,Milano Centrale,926.0141480652627,true
Lecce,Roma Termini,Lecce,Roma Termini,504.74269793977476,true
Lecce,Torino Lingotto,Lecce,Torino Lingotto,1003.1453798348673,true
Leipheim,München Hbf Gleis 11,Leipheim,München Hbf Gleis 11,105.08555157310019,true
Leipheim,München Hbf Gleis 12,Leipheim,München Hbf Gleis 12,105.08353352511332,true
Leipheim,München Hbf Gleis 13,Leipheim,München Hbf Gleis 13,105.08205483253519,true
Leipheim,München Hbf Gleis 14,Leipheim,München Hbf Gleis 14,105.08003388512775,true
Leipheim,München Hbf Gleis 15,Leipheim,München Hbf Gleis 15,105.07684999263803,true
Leipheim,München Hbf Gleis 16,Leipheim,München Hbf Gleis 16,105.07608073433195,true
Leipheim,München Hbf Gleis 17,Leipheim,München Hbf Gleis 17,105.07438079680385,true
Leipheim,München Hbf Gleis 18,Leipheim,München Hbf Gleis 18,105.0723653797453,true
Leipheim,München Hbf Gleis 19,Leipheim,München Hbf Gleis 19,105.06935836783445,true
Leipheim,München Hbf Gleis 20,Leipheim,München Hbf Gleis 20,105.06859810804012,true
Leutkirch Bahnhof,München Hbf Gleis 15,Leutkirch Bahnhof,München Hbf Gleis 15,119.92219309966069,true
Leutkirch Bahnhof,München Hbf Gleis 19,Leutkirch Bahnhof,München Hbf Gleis 19,119.93661305097272,true
Leutkirch Bahnhof,München Hbf Gleis 24,Leutkirch Bahnhof,München Hbf Gleis 24,119.95300673564833,true
Leutkirch Bahnhof,Pasing Gleis 3,Leutkirch Bahnhof,Pasing Gleis 3,113.43551385188115,true
Lindau-Aeschach,Esslingen (N) Gleis 3,Lindau-Aeschach,Esslingen (N) Gleis 3,134.20204792900765,true
Lindau-Aeschach,Geislingen (Steige) Gleis 2,Lindau-Aeschach,Geislingen (Steige) Gleis 2,118.43926263348206,true
Lindau-Aeschach,Göppingen Gleis 4,Lindau-Aeschach,Göppingen Gleis 4,126.87890152800743,true
Lindau-Aeschach,Plochingen Gleis 1,Lindau-Aeschach,Plochingen Gleis 1,129.88989405608137,true
Lindau-Aeschach,Stuttgart Hauptbahnhof (oben) Gleis 11,Lindau-Aeschach,Stuttgart Hauptbahnhof (oben) Gleis 11,141.2910425954397,true
Lindau-Aeschach,Stuttgart Hauptbahnhof (oben) Gleis 13,Lindau-Aeschach,Stuttgart Hauptbahnhof (oben) Gleis 13,141.2763357209993,true
Lindau-Insel,Augsburg Hbf,Lindau-Insel,Augsburg Hbf,127.9191132447776,true
Lindau-Insel,Augsburg Messe,Lindau-Insel,Augsburg Messe,125.90827659936977,true
Lindau-Insel,Augsburg Morellstraße,Lindau-Insel,Augsburg Morellstraße,127.53883376362725,true
Lindau-Insel,Bobingen,Lindau-Insel,Bobingen,117.8146556946204,true
Lindau-Insel,Geltendorf,Lindau-Insel,Geltendorf,118.97129512561919,true
Lindau-Insel,Inningen,Lindau-Insel,Inningen,122.9167249316966,true
Lindau-Insel,Kaufering,Lindau-Insel,Kaufering,106.02023500266664,true
Lindau-Insel,München Hbf Gleis 12,Lindau-Insel,München Hbf Gleis 12,154.89575606175737,true
Lindau-Insel,München Hbf Gleis 15,Lindau-Insel,München Hbf Gleis 15,154.92050294935515,true
Lindau-Insel,München Hbf Gleis 19,Lindau-Insel,München Hbf Gleis 19,154.93944012230142,true
Lindau-Insel,München Hbf Gleis 24,Lindau-Insel,München Hbf Gleis 24,154.93545968864038,true
Lindau-Insel,München Hbf Gleis 25,Lindau-Insel,München Hbf Gleis 25,154.978335743088,true
Lindau-Insel,Pasing Gleis 3,Lindau-Insel,Pasing Gleis 3,148.9192100391445,true
Lindau-Insel,Pasing Gleis 4,Lindau-Insel,Pasing Gleis 4,148.95485837767336,true
Lindau-Insel,Plochingen Gleis 1,Lindau-Insel,Plochingen Gleis 1,131.36890912613123,true
Lindau-Insel,Schwabmünchen,Lindau-Insel,Schwabmünchen,107.52811154215472,true
Lindau-Insel,Stuttgart Hauptbahnhof (oben) Gleis 12,Lindau-Insel,Stuttgart Hauptbahnhof (oben) Gleis 12,142.6931212073284,true
Lindau-Reutin,Augsburg Hbf,Lindau-Reutin,Augsburg Hbf,126.17790272521736,true
Lindau-Reutin,Augsburg Messe,Lindau-Reutin,Augsburg Messe,124.24358534161405,true
Lindau-Reutin,Augsburg Morellstraße,Lindau-Reutin,Augsburg Morellstraße,125.87818420853725,true
Lindau-Reutin,Bobingen,Lindau-Reutin,Bobingen,116.04552974172738,true
Lindau-Reutin,Esslingen (N) Gleis 3,Lindau-Reutin,Esslingen (N) Gleis 3,135.25117306079133,true
Lindau-Reutin,Geislingen (Steige) Gleis 2,Lindau-Reutin,Geislingen (Steige) Gleis 2,119.08639140103422,true
Lindau-Reutin,Geltendorf,Lindau-Reutin,Geltendorf,117.25498988057447,true
Lindau-Reutin,Göppingen Gleis 4,Lindau-Reutin,Göppingen Gleis 4,127.68673895531812,true
Lindau-Reutin,Inningen,Lindau-Reutin,Inningen,121.24644067679539,true
Lindau-Reutin,Kaufering,Lindau-Reutin,Kaufering,104.31302232456486,true
Lindau-Reutin,München Hbf Gleis 12,Lindau-Reutin,München Hbf Gleis 12,153.15698410025277,true
Lindau-Reutin,München Hbf Gleis 14,Lindau-Reutin,München Hbf Gleis 14,153.16545818270424,true
Lindau-Reutin,München Hbf Gleis 15,Lindau-Reutin,München Hbf Gleis 15,153.17077678845084,true
Lindau-Reutin,München Hbf Gleis 17,Lindau-Reutin,München Hbf Gleis 17,153.18073834046538,true
Lindau-Reutin,München Hbf Gleis 19,Lindau-Reutin,München Hbf Gleis 19,153.0665767805762,true
Lindau-Reutin,München Hbf Gleis 24,Lindau-Reutin,München Hbf Gleis 24,153.21120126499412,true
Lindau-Reutin,München Hbf Gleis 25,Lindau-Reutin,München Hbf Gleis 25,153.09368357861788,true
Lindau-Reutin,Pasing Gleis 3,Lindau-Reutin,Pasing Gleis 3,147.19505701654563,true
Lindau-Reutin,Pasing Gleis 4,Lindau-Reutin,Pasing Gleis 4,147.09307389036667,true
Lindau-Reutin,Plochingen Gleis 1,Lindau-Reutin,Plochingen Gleis 1,130.87181348910102,true
Lindau-Reutin,Schwabmünchen,Lindau-Reutin,Schwabmünchen,105.73984733502732,true
Lindau-Reutin,Stuttgart Hauptbahnhof (oben) Gleis 11,Lindau-Reutin,Stuttgart Hauptbahnhof (oben) Gleis 11,142.3984303502801,true
Lindau-Reutin,Stuttgart Hauptbahnhof (oben) Gleis 13,Lindau-Reutin,Stuttgart Hauptbahnhof (oben) Gleis 13,142.38361665008568,true
London Euston,Aberdeen,London Euston,Aberdeen,637.2963549703024,true
London Euston,Edinburgh Waverley,London Euston,Edinburgh Waverley,531.3807187308821,true
London Euston,Fort William / An Gearasdan,London Euston,Fort William / An Gearasdan,,
London Euston,Glasgow Central,London Euston,Glasgow Central,552.6122013736833,true
London Euston,Inverness / Inbhir Nis,London Euston,Inverness / Inbhir Nis,,
London Paddington,Penzance,London Paddington,Penzance,406.76098562040863,true
Lozova,Chop,Lozova,Chop,,
Lozova,Lviv,Lozova,Lviv,,
Lozova,Mykolaiv,Lozova,Mykolaiv,,
Ludwigshafen(Bodensee) Bahnhof,"Aalen, Hauptbahnhof",Ludwigshafen(Bodensee) Bahnhof,"Aalen, Hauptbahnhof",137.7164110449805,true
Ludwigshafen(Bodensee) Bahnhof,Giengen (Brenz),Ludwigshafen(Bodensee) Bahnhof,Giengen (Brenz),125.30393883019786,true
Ludwigshafen(Bodensee) Bahnhof,Heidenheim (Brenz),Ludwigshafen(Bodensee) Bahnhof,Heidenheim (Brenz),126.176658083473,true
Ludwigshafen(Bodensee) Bahnhof,Langenau (Württ),Ludwigshafen(Bodensee) Bahnhof,Langenau (Württ),109.59258088532987,true
Ludwigshafen(Bodensee) Bahnhof,"Oberkochen, Bahnhof",Ludwigshafen(Bodensee) Bahnhof,"Oberkochen, Bahnhof",132.81659055546132,true
Ludwigshafen(Bodensee) Bahnhof,Sontheim (Brenz),Ludwigshafen(Bodensee) Bahnhof,Sontheim (Brenz),123.18334188813405,true
Luleå C,Stockholm C,Luleå C,Stockholm C,726.41863286551,true
Lviv,Dnipro Holovny,Lviv,Dnipro Holovny,,
Lviv,Kharkiv,Lviv,Kharkiv,,
Lviv,Kyiv Pasazhyrskyi,Lviv,Kyiv Pasazhyrskyi,,
Lviv,Lozova,Lviv,Lozova,,
Lviv,Mykolaiv,Lviv,Mykolaiv,,
Lviv,Odesa Holovna,Lviv,Odesa Holovna,,
Lviv,Zaporizhzhia 1,Lviv,Zaporizhzhia 1,,
Lörrach Autoreisezug Terminal,Hamburg Altona,Lörrach Autoreisezug Terminal,Hamburg Altona,678.6569353186164,true
Löwental Bahnhof,Esslingen (N) Gleis 3,Löwental Bahnhof,Esslingen (N) Gleis 3,120.679888920952,true
Löwental Bahnhof,Geislingen (Steige) Gleis 3,Löwental Bahnhof,Geislingen (Steige) Gleis 3,109.48969605392095,true
Löwental Bahnhof,Göppingen Gleis 4,Löwental Bahnhof,Göppingen Gleis 4,116.04349162119146,true
Löwental Bahnhof,Plochingen Gleis 1,Löwental Bahnhof,Plochingen Gleis 1,117.11553565807696,true
Löwental Bahnhof,Stuttgart Hauptbahnhof (oben) Gleis 11,Löwental Bahnhof,Stuttgart Hauptbahnhof (oben) Gleis 11,127.12184191748976,true
Löwental Bahnhof,Stuttgart Hauptbahnhof (oben) Gleis 12,Löwental Bahnhof,Stuttgart Hauptbahnhof (oben) Gleis 12,127.11354634051959,true
Löwental Bahnhof,Stuttgart Hauptbahnhof (oben) Gleis 13,Löwental Bahnhof,Stuttgart Hauptbahnhof (oben) Gleis 13,127.10830962432698,true
Malatya,Ankara,Malatya,Ankara,503.0829081005218,true
Malmö C,Duved,Malmö C,Duved,865.1546994025,true
Malmö C,Innsbruck Hbf,Malmö C,Innsbruck Hbf,934.5751189636397,true
Malmö C,Stockholm C,Malmö C,Stockholm C,512.1231750190567,true
Malmö C,Storlien,Malmö C,Storlien,858.4041806146538,true
Mangalia,Satu Mare,Mangalia,Satu Mare,623.7960687410105,true
Markdorf Bahnhof,"Aalen, Hauptbahnhof",Markdorf Bahnhof,"Aalen, Hauptbahnhof",135.60529892817942,true
Markdorf Bahnhof,Giengen (Brenz),Markdorf Bahnhof,Giengen (Brenz),118.52855167405546,true
Markdorf Bahnhof,Heidenheim (Brenz),Markdorf Bahnhof,Heidenheim (Brenz),121.32317433430846,true
Markdorf Bahnhof,Langenau (Württ),Markdorf Bahnhof,Langenau (Württ),102.23633541202197,true
Markdorf Bahnhof,"Oberkochen, Bahnhof",Markdorf Bahnhof,"Oberkochen, Bahnhof",129.8990395266097,true
Markdorf Bahnhof,Sontheim (Brenz),Markdorf Bahnhof,Sontheim (Brenz),114.880979321055,true
Martinszell (Allgäu),München Hbf Gleis 14,Martinszell (Allgäu),München Hbf Gleis 14,111.27851689738192,true
Martinszell (Allgäu),München Hbf Gleis 15,Martinszell (Allgäu),München Hbf Gleis 15,111.28479310222161,true
Martinszell (Allgäu),München Hbf Gleis 24,Martinszell (Allgäu),München Hbf Gleis 24,111.33133570015886,true
Martinszell (Allgäu),München Hbf Gleis 25,Martinszell (Allgäu),München Hbf Gleis 25,111.33795373295328,true
Martinszell (Allgäu),"München, Hauptbahnhof (U, Tram)",Martinszell (Allgäu),"München, Hauptbahnhof (U, Tram)",111.59914966545333,true
Martinszell (Allgäu),Pasing,Martinszell (Allgäu),Pasing,105.72152996710886,true
Martinszell (Allgäu),Pasing Gleis 3,Martinszell (Allgäu),Pasing Gleis 3,105.76599935349988,true
Martinszell (Allgäu),Pasing Gleis 4,Martinszell (Allgäu),Pasing Gleis 4,105.77660398541026,true
Meckenbeuren Bahnhof,Amstetten (Württ),Meckenbeuren Bahnhof,Amstetten (Württ),100.41990773388963,true
Meckenbeuren Bahnhof,Ebersbach (F) Gleis 2,Meckenbeuren Bahnhof,Ebersbach (F) Gleis 2,113.0371480588981,true
Meckenbeuren Bahnhof,Esslingen (N) Gleis 3,Meckenbeuren Bahnhof,Esslingen (N) Gleis 3,117.07540413787835,true
Meckenbeuren Bahnhof,Geislingen (Steige) Gleis 2,Meckenbeuren Bahnhof,Geislingen (Steige) Gleis 2,104.36465081435277,true
Meckenbeuren Bahnhof,Geislingen (Steige) Gleis 3,Meckenbeuren Bahnhof,Geislingen (Steige) Gleis 3,104.36900358331523,true
Meckenbeuren Bahnhof,Gingen (F) Gleis 2,Meckenbeuren Bahnhof,Gingen (F) Gleis 2,108.1980851007429,true
Meckenbeuren Bahnhof,Göppingen Gleis 4,Meckenbeuren Bahnhof,Göppingen Gleis 4,111.43612781662046,true
Meckenbeuren Bahnhof,Kuchen Gleis 2,Meckenbeuren Bahnhof,Kuchen Gleis 2,106.14830295987569,true
Meckenbeuren Bahnhof,Plochingen Gleis 1,Meckenbeuren Bahnhof,Plochingen Gleis 1,113.18815838594233,true
Meckenbeuren Bahnhof,Reichenbach (F) Gleis 2,Meckenbeuren Bahnhof,Reichenbach (F) Gleis 2,112.31647224081405,true
Meckenbeuren Bahnhof,Stuttgart Hauptbahnhof (oben) Gleis 11,Meckenbeuren Bahnhof,Stuttgart Hauptbahnhof (oben) Gleis 11,123.83211619594147,true
Meckenbeuren Bahnhof,Stuttgart Hauptbahnhof (oben) Gleis 12,Meckenbeuren Bahnhof,Stuttgart Hauptbahnhof (oben) Gleis 12,123.82347691752169,true
Meckenbeuren Bahnhof,Stuttgart Hauptbahnhof (oben) Gleis 13,Meckenbeuren Bahnhof,Stuttgart Hauptbahnhof (oben) Gleis 13,123.81798094025002,true
Meckenbeuren Bahnhof,Stuttgart Hauptbahnhof (oben) Gleis 14,Meckenbeuren Bahnhof,Stuttgart Hauptbahnhof (oben) Gleis 14,123.80964137186265,true
Meckenbeuren Bahnhof,Stuttgart Hauptbahnhof (oben) Gleis 3,Meckenbeuren Bahnhof,Stuttgart Hauptbahnhof (oben) Gleis 3,123.89271697228678,true
Meckenbeuren Bahnhof,Stuttgart Hauptbahnhof (oben) Gleis 9,Meckenbeuren Bahnhof,Stuttgart Hauptbahnhof (oben) Gleis 9,123.84625147315919,true
Meckenbeuren Bahnhof,Süßen Gleis 3,Meckenbeuren Bahnhof,Süßen Gleis 3,110.4234417345332,true
Meckenbeuren Bahnhof,Uhingen Gleis 2,Meckenbeuren Bahnhof,Uhingen Gleis 2,112.19403881259156,true
Memmingen,München Hbf Gleis 12,Memmingen,München Hbf Gleis 12,103.27409104194265,true
Memmingen,München Hbf Gleis 13,Memmingen,München Hbf Gleis 13,103.27764227669354,true
Memmingen,München Hbf Gleis 15,Memmingen,München Hbf Gleis 15,103.28103131830464,true
Memmingen,München Hbf Gleis 16,Memmingen,München Hbf Gleis 16,103.28328903812078,true
Memmingen,München Hbf Gleis 17,Memmingen,München Hbf Gleis 17,103.2869484457607,true
Memmingen,München Hbf Gleis 18,Memmingen,München Hbf Gleis 18,103.28789371394446,true
Memmingen,München Hbf Gleis 19,Memmingen,München Hbf Gleis 19,103.29120388862833,true
Memmingen,München Hbf Gleis 20,Memmingen,München Hbf Gleis 20,103.29347081362364,true
Memmingen,München Hbf Gleis 23,Memmingen,München Hbf Gleis 23,103.30063008293128,true
Memmingen,München Hbf Gleis 24,Memmingen,München Hbf Gleis 24,103.3077314049471,true
Milano Centrale,Amsterdam Centraal,Milano Centrale,Amsterdam Centraal,827.9841081104923,true
Milano Centrale,Bari Centrale,Milano Centrale,Bari Centrale,787.3072704813981,true
Milano Centrale,Lecce,Milano Centrale,Lecce,926.0141480652627,true
Milano Centrale,Palermo Centrale,Milano Centrale,Palermo Centrale,889.6585344822922,true
Milano Centrale,Siracusa,Milano Centrale,Siracusa,1064.1675173548674,true
Milano Porta Garibaldi,Bruxelles Midi / Brussel Zuid,Milano Porta Garibaldi,Bruxelles Midi / Brussel Zuid,,
Mukacheve,Kremenchuk,Mukacheve,Kremenchuk,,
Murg (Baden) Bahnhof,Bermatingen-Ahausen Bahnhof,Murg (Baden) Bahnhof,Bermatingen-Ahausen Bahnhof,101.30647089497073,true
Murg (Baden) Bahnhof,Friedrichshafen Stadtbahnhof,Murg (Baden) Bahnhof,Friedrichshafen Stadtbahnhof,109.66571259764774,true
Murg (Baden) Bahnhof,Markdorf Bahnhof,Murg (Baden) Bahnhof,Markdorf Bahnhof,104.25086595062643,true
Mykolaiv,Kyiv Pasazhyrskyi,Mykolaiv,Kyiv Pasazhyrskyi,,
Mykolaiv,Lozova,Mykolaiv,Lozova,,
Mykolaiv,Lviv,Mykolaiv,Lviv,,
München Hbf,Przemyśl Gł.,München Hbf,Przemyśl Gł.,838.2453718116631,true
München Hbf,Roma Termini,München Hbf,Roma Termini,697.9273301717878,true
München Hbf,Warszawa Wschodnia,München Hbf,Warszawa Wschodnia,814.8240894998492,true
München Hbf Gleis 10,"Amsterdam, Centraal",München Hbf Gleis 10,"Amsterdam, Centraal",667.2043772497559,true
München Hbf Gleis 10,Münster (Westf) Hauptbahnhof,München Hbf Gleis 10,Münster (Westf) Hauptbahnhof,508.14075892698287,true
München Hbf Gleis 10,Nürnberg Hbf,München Hbf Gleis 10,Nürnberg Hbf,149.23129278253467,true
München Hbf Gleis 11,"Amsterdam, Centraal",München Hbf Gleis 11,"Amsterdam, Centraal",667.4073620853434,true
München Hbf Gleis 11,Nürnberg Hbf,München Hbf Gleis 11,Nürnberg Hbf,149.32228521465325,true
München Hbf Gleis 12,Altona,München Hbf Gleis 12,Altona,612.4426841781553,true
München Hbf Gleis 12,"Amsterdam, Centraal",München Hbf Gleis 12,"Amsterdam, Centraal",667.4029496232828,true
München Hbf Gleis 12,Günzburg,München Hbf Gleis 12,Günzburg,101.0502478403367,true
München Hbf Gleis 12,Hamburg Hbf,München Hbf Gleis 12,Hamburg Hbf,611.591036602211,true
München Hbf Gleis 12,Heimenkirch,München Hbf Gleis 12,Heimenkirch,135.88133756495634,true
München Hbf Gleis 12,Hergatz,München Hbf Gleis 12,Hergatz,140.18279429409563,true
München Hbf Gleis 12,Immenstadt,München Hbf Gleis 12,Immenstadt,119.24909702649948,true
München Hbf Gleis 12,Kempten (Allgäu) Hbf,München Hbf Gleis 12,Kempten (Allgäu) Hbf,103.9136539415176,true
München Hbf Gleis 12,Leipheim,München Hbf Gleis 12,Leipheim,105.08627090312447,true
München Hbf Gleis 12,Lindau-Insel,München Hbf Gleis 12,Lindau-Insel,154.9227289618672,true
München Hbf Gleis 12,Lindau-Reutin,München Hbf Gleis 12,Lindau-Reutin,153.15698410025277,true
München Hbf Gleis 12,Martinszell (Allgäu),München Hbf Gleis 12,Martinszell (Allgäu),111.3198993309079,true
München Hbf Gleis 12,Memmingen,München Hbf Gleis 12,Memmingen,103.2812202136384,true
München Hbf Gleis 12,Münster (Westf) Hauptbahnhof,München Hbf Gleis 12,Münster (Westf) Hauptbahnhof,508.3026661194158,true
München Hbf Gleis 12,Nersingen,München Hbf Gleis 12,Nersingen,111.30534789094256,true
München Hbf Gleis 12,Neu-Ulm,München Hbf Gleis 12,Neu-Ulm,118.2720715770978,true
München Hbf Gleis 12,Nürnberg Hbf,München Hbf Gleis 12,Nürnberg Hbf,149.3164527254862,true
München Hbf Gleis 12,Oberstaufen,München Hbf Gleis 12,Oberstaufen,131.5856904262463,true
München Hbf Gleis 12,Röthenbach (Allgäu),München Hbf Gleis 12,Röthenbach (Allgäu),132.823512625177,true
München Hbf Gleis 12,Ulm Hbf,München Hbf Gleis 12,Ulm Hbf,120.02202442288764,true
München Hbf Gleis 13,Nürnberg Hbf,München Hbf Gleis 13,Nürnberg Hbf,149.27899441858457,true
München Hbf Gleis 14,"Amsterdam, Centraal",München Hbf Gleis 14,"Amsterdam, Centraal",667.3925253812719,true
München Hbf Gleis 14,Dortmund Hbf,München Hbf Gleis 14,Dortmund Hbf,476.8024101885349,true
München Hbf Gleis 14,Esslingen (N) Gleis 5,München Hbf Gleis 14,Esslingen (N) Gleis 5,179.28629022217248,true
München Hbf Gleis 14,Günzburg,München Hbf Gleis 14,Günzburg,101.04634793226766,true
München Hbf Gleis 14,Heimenkirch,München Hbf Gleis 14,Heimenkirch,135.88970213434033,true
München Hbf Gleis 14,Hergatz,München Hbf Gleis 14,Hergatz,140.19074187961377,true
München Hbf Gleis 14,Immenstadt,München Hbf Gleis 14,Immenstadt,119.25934205278557,true
München Hbf Gleis 14,Karlsruhe Hauptbahnhof,München Hbf Gleis 14,Karlsruhe Hauptbahnhof,250.8542793514989,true
München Hbf Gleis 14,Kempten (Allgäu) Hbf,München Hbf Gleis 14,Kempten (Allgäu) Hbf,103.93408955993365,true
München Hbf Gleis 14,Leipheim,München Hbf Gleis 14,Leipheim,105.08277098145884,true
München Hbf Gleis 14,Lindau-Insel,München Hbf Gleis 14,Lindau-Insel,154.91518209895528,true
München Hbf Gleis 14,Lindau-Reutin,München Hbf Gleis 14,Lindau-Reutin,153.0423172869444,true
München Hbf Gleis 14,Martinszell (Allgäu),München Hbf Gleis 14,Martinszell (Allgäu),111.3296821061108,true
München Hbf Gleis 14,Münster (Westf) Hauptbahnhof,München Hbf Gleis 14,Münster (Westf) Hauptbahnhof,508.290146068399,true
München Hbf Gleis 14,Nersingen,München Hbf Gleis 14,Nersingen,111.30247882673902,true
München Hbf Gleis 14,Neu-Ulm,München Hbf Gleis 14,Neu-Ulm,118.27004052632795,true
München Hbf Gleis 14,Nürnberg Hbf,München Hbf Gleis 14,Nürnberg Hbf,149.30134264683358,true
München Hbf Gleis 14,Oberstaufen,München Hbf Gleis 14,Oberstaufen,131.59522619423342,true
München Hbf Gleis 14,Paris Gare de l'Est,München Hbf Gleis 14,Paris Gare de l'Est,682.055877834715,true
München Hbf Gleis 14,Röthenbach (Allgäu),München Hbf Gleis 14,Röthenbach (Allgäu),132.832133015227,true
München Hbf Gleis 14,Strasbourg Gare Centrale,München Hbf Gleis 14,Strasbourg Gare Centrale,286.75746242134863,true
München Hbf Gleis 14,Stuttgart Hauptbahnhof (oben) Gleis 1,München Hbf Gleis 14,Stuttgart Hauptbahnhof (oben) Gleis 1,189.27064918136287,true
München Hbf Gleis 14,Ulm Hauptbahnhof,München Hbf Gleis 14,Ulm Hauptbahnhof,120.0518899085957,true
München Hbf Gleis 14,Ulm Hbf,München Hbf Gleis 14,Ulm Hbf,120.01997110091358,true
München Hbf Gleis 15,Günzburg,München Hbf Gleis 15,Günzburg,101.04288730734129,true
München Hbf Gleis 15,Kempten (Allgäu) Hbf,München Hbf Gleis 15,Kempten (Allgäu) Hbf,103.93979648912394,true
München Hbf Gleis 15,Leipheim,München Hbf Gleis 15,Leipheim,105.07958689397641,true
München Hbf Gleis 15,Nersingen,München Hbf Gleis 15,Nersingen,111.29973189547677,true
München Hbf Gleis 15,Neu-Ulm,München Hbf Gleis 15,Neu-Ulm,118.26787616464762,true
München Hbf Gleis 15,Ulm Hbf,München Hbf Gleis 15,Ulm Hbf,120.0177912092667,true
München Hbf Gleis 16,Günzburg,München Hbf Gleis 16,Günzburg,101.04196275751065,true
München Hbf Gleis 16,Leipheim,München Hbf Gleis 16,Leipheim,105.07881752645358,true
München Hbf Gleis 16,Nersingen,München Hbf Gleis 16,Nersingen,111.29920651840311,true
München Hbf Gleis 16,Neu-Ulm,München Hbf Gleis 16,Neu-Ulm,118.26767349536165,true
München Hbf Gleis 16,Nürnberg Hbf,München Hbf Gleis 16,Nürnberg Hbf,149.25674106927787,true
München Hbf Gleis 16,Ulm Hbf,München Hbf Gleis 16,Ulm Hbf,120.10693116700145,true
München Hbf Gleis 17,Günzburg,München Hbf Gleis 17,Günzburg,101.03999021692442,true
München Hbf Gleis 17,Heimenkirch,München Hbf Gleis 17,Heimenkirch,135.90479268731065,true
München Hbf Gleis 17,Hergatz,München Hbf Gleis 17,Hergatz,140.20510864284134,true
München Hbf Gleis 17,Immenstadt,München Hbf Gleis 17,Immenstadt,119.27768946176424,true
München Hbf Gleis 17,Kempten (Allgäu) Hbf,München Hbf Gleis 17,Kempten (Allgäu) Hbf,103.95028984365258,true
München Hbf Gleis 17,Leipheim,München Hbf Gleis 17,Leipheim,105.07711739707764,true
München Hbf Gleis 17,Lindau-Insel,München Hbf Gleis 17,Lindau-Insel,154.93046757222652,true
München Hbf Gleis 17,Lindau-Reutin,München Hbf Gleis 17,Lindau-Reutin,153.05760361494734,true
München Hbf Gleis 17,Martinszell (Allgäu),München Hbf Gleis 17,Martinszell (Allgäu),111.34723044734581,true
München Hbf Gleis 17,Memmingen,München Hbf Gleis 17,Memmingen,103.2869484457607,true
München Hbf Gleis 17,Nersingen,München Hbf Gleis 17,Nersingen,111.29793515598249,true
München Hbf Gleis 17,Neu-Ulm,München Hbf Gleis 17,Neu-Ulm,118.2669700892239,true
München Hbf Gleis 17,Oberstaufen,München Hbf Gleis 17,Oberstaufen,131.61234654142564,true
München Hbf Gleis 17,Röthenbach (Allgäu),München Hbf Gleis 17,Röthenbach (Allgäu),132.8476673641591,true
München Hbf Gleis 17,Ulm Hbf,München Hbf Gleis 17,Ulm Hbf,120.10620766415101,true
München Hbf Gleis 18,Günzburg,München Hbf Gleis 18,Günzburg,101.04282629159728,true
München Hbf Gleis 18,Leipheim,München Hbf Gleis 18,Leipheim,105.0751018789566,true
München Hbf Gleis 18,Memmingen,München Hbf Gleis 18,Memmingen,103.28789371394446,true
München Hbf Gleis 18,Nersingen,München Hbf Gleis 18,Nersingen,111.29614634543519,true
München Hbf Gleis 18,Neu-Ulm,München Hbf Gleis 18,Neu-Ulm,118.2654843005802,true
München Hbf Gleis 18,Ulm Hbf,München Hbf Gleis 18,Ulm Hbf,120.01536754431716,true
München Hbf Gleis 19,Günzburg,München Hbf Gleis 19,Günzburg,101.03950417690604,true
München Hbf Gleis 19,Heimenkirch,München Hbf Gleis 19,Heimenkirch,135.913631159155,true
München Hbf Gleis 19,Hergatz,München Hbf Gleis 19,Hergatz,140.2134489564947,true
München Hbf Gleis 19,Immenstadt,München Hbf Gleis 19,Immenstadt,119.28878854143366,true
München Hbf Gleis 19,Kempten (Allgäu) Hbf,München Hbf Gleis 19,Kempten (Allgäu) Hbf,103.9598955014147,true
München Hbf Gleis 19,Leipheim,München Hbf Gleis 19,Leipheim,105.0720946454486,true
München Hbf Gleis 19,Lindau-Reutin,München Hbf Gleis 19,Lindau-Reutin,153.0665767805762,true
München Hbf Gleis 19,Martinszell (Allgäu),München Hbf Gleis 19,Martinszell (Allgäu),111.35777195743228,true
München Hbf Gleis 19,Memmingen,München Hbf Gleis 19,Memmingen,103.29120388862833,true
München Hbf Gleis 19,Nersingen,München Hbf Gleis 19,Nersingen,111.2936349624098,true
München Hbf Gleis 19,Neu-Ulm,München Hbf Gleis 19,Neu-Ulm,118.26363229200511,true
München Hbf Gleis 19,Oberstaufen,München Hbf Gleis 19,Oberstaufen,131.62258981750352,true
München Hbf Gleis 19,Röthenbach (Allgäu),München Hbf Gleis 19,Röthenbach (Allgäu),132.85681199364848,true
München Hbf Gleis 19,Ulm Hbf,München Hbf Gleis 19,Ulm Hbf,120.01349791995116,true
München Hbf Gleis 20,Heimenkirch,München Hbf Gleis 20,Heimenkirch,135.91730473297528,true
München Hbf Gleis 20,Hergatz,München Hbf Gleis 20,Hergatz,140.21697297485102,true
München Hbf Gleis 20,Immenstadt,München Hbf Gleis 20,Immenstadt,119.29312816588097,true
München Hbf Gleis 20,Kempten (Allgäu) Hbf,München Hbf Gleis 20,Kempten (Allgäu) Hbf,103.96379763521571,true
München Hbf Gleis 20,Lindau-Reutin,München Hbf Gleis 20,Lindau-Reutin,153.07029058581867,true
München Hbf Gleis 20,Martinszell (Allgäu),München Hbf Gleis 20,Martinszell (Allgäu),111.36194943024262,true
München Hbf Gleis 20,Memmingen,München Hbf Gleis 20,Memmingen,103.29347081362364,true
München Hbf Gleis 20,Oberstaufen,München Hbf Gleis 20,Oberstaufen,131.62667988680556,true
München Hbf Gleis 20,Röthenbach (Allgäu),München Hbf Gleis 20,Röthenbach (Allgäu),132.86057701899196,true
München Hbf Gleis 24,Aichstetten Bahnhof,München Hbf Gleis 24,Aichstetten Bahnhof,113.8397403727203,true
München Hbf Gleis 24,"Aitrach (Kr Ravensb), Bahnhof",München Hbf Gleis 24,"Aitrach (Kr Ravensb), Bahnhof",112.01018476370551,true
München Hbf Gleis 24,Heimenkirch,München Hbf Gleis 24,Heimenkirch,135.93485448027775,true
München Hbf Gleis 24,Hergatz,München Hbf Gleis 24,Hergatz,140.236624050587,true
München Hbf Gleis 24,Immenstadt,München Hbf Gleis 24,Immenstadt,119.31468909465113,true
München Hbf Gleis 24,Kempten (Allgäu) Hbf,München Hbf Gleis 24,Kempten (Allgäu) Hbf,103.98271441278305,true
München Hbf Gleis 24,Kißlegg Bahnhof,München Hbf Gleis 24,Kißlegg Bahnhof,130.58397858061534,true
München Hbf Gleis 24,Leutkirch Bahnhof,München Hbf Gleis 24,Leutkirch Bahnhof,119.95300673564833,true
München Hbf Gleis 24,Lindau-Insel,München Hbf Gleis 24,Lindau-Insel,154.96094164973917,true
München Hbf Gleis 24,Lindau-Reutin,München Hbf Gleis 24,Lindau-Reutin,153.0880796566093,true
München Hbf Gleis 24,Martinszell (Allgäu),München Hbf Gleis 24,Martinszell (Allgäu),111.38252529766038,true
München Hbf Gleis 24,Memmingen,München Hbf Gleis 24,Memmingen,103.31132444828758,true
München Hbf Gleis 24,Oberstaufen,München Hbf Gleis 24,Oberstaufen,131.64672660210795,true
München Hbf Gleis 24,Röthenbach (Allgäu),München Hbf Gleis 24,Röthenbach (Allgäu),132.8786722250935,true
München Hbf Gleis 24,Tannheim (Württ),München Hbf Gleis 24,Tannheim (Württ),109.75739508529531,true
München Hbf Gleis 24,Wangen Bahnhof,München Hbf Gleis 24,Wangen Bahnhof,138.1721695295491,true
München Hbf Gleis 25,Aichstetten Bahnhof,München Hbf Gleis 25,Aichstetten Bahnhof,113.84324313948605,true
München Hbf Gleis 25,"Aitrach (Kr Ravensb), Bahnhof",München Hbf Gleis 25,"Aitrach (Kr Ravensb), Bahnhof",112.01307858160459,true
München Hbf Gleis 25,Heimenkirch,München Hbf Gleis 25,Heimenkirch,135.9403716134287,true
München Hbf Gleis 25,Hergatz,München Hbf Gleis 25,Hergatz,140.24181775567706,true
München Hbf Gleis 25,Immenstadt,München Hbf Gleis 25,Immenstadt,119.32167224821225,true
München Hbf Gleis 25,Kempten (Allgäu) Hbf,München Hbf Gleis 25,Kempten (Allgäu) Hbf,103.97726976739055,true
München Hbf Gleis 25,Kißlegg Bahnhof,München Hbf Gleis 25,Kißlegg Bahnhof,130.58804131587928,true
München Hbf Gleis 25,Leutkirch Bahnhof,München Hbf Gleis 25,Leutkirch Bahnhof,119.95703191518088,true
München Hbf Gleis 25,Lindau-Insel,München Hbf Gleis 25,Lindau-Insel,154.96654513314948,true
München Hbf Gleis 25,Lindau-Reutin,München Hbf Gleis 25,Lindau-Reutin,153.09368357861788,true
München Hbf Gleis 25,Martinszell (Allgäu),München Hbf Gleis 25,Martinszell (Allgäu),111.38914684664793,true
München Hbf Gleis 25,Memmingen,München Hbf Gleis 25,Memmingen,103.31522784019843,true
München Hbf Gleis 25,Oberstaufen,München Hbf Gleis 25,Oberstaufen,131.65315408246343,true
München Hbf Gleis 25,Röthenbach (Allgäu),München Hbf Gleis 25,Röthenbach (Allgäu),132.88438768262694,true
München Hbf Gleis 25,Tannheim (Württ),München Hbf Gleis 25,Tannheim (Württ),109.7597185309487,true
München Hbf Gleis 25,Wangen Bahnhof,München Hbf Gleis 25,Wangen Bahnhof,138.17703056716385,true
München Hbf Gleis 7,Nürnberg Hbf,München Hbf Gleis 7,Nürnberg Hbf,149.22348877330833,true
München Süd,Hamburg Altona,München Süd,Hamburg Altona,614.4165613223748,true
"München, Hauptbahnhof (U, Tram)",Kempten (Allgäu) Hbf Bstg SEV,"München, Hauptbahnhof (U, Tram)",Kempten (Allgäu) Hbf Bstg SEV,104.23267874794728,true
Münster (Westf) Hauptbahnhof,"Amsterdam, Centraal",Münster (Westf) Hauptbahnhof,"Amsterdam, Centraal",192.3203341144779,true
Münster (Westf) Hauptbahnhof,Ingolstadt Hbf,Münster (Westf) Hauptbahnhof,Ingolstadt Hbf,447.4529065646435,true
Münster (Westf) Hauptbahnhof,Kufstein Bahnhof,Münster (Westf) Hauptbahnhof,Kufstein Bahnhof,584.8529548538853,true
Münster (Westf) Hauptbahnhof,München Hbf Gleis 10,Münster (Westf) Hauptbahnhof,München Hbf Gleis 10,508.14075892698287,true
Münster (Westf) Hauptbahnhof,München Hbf Gleis 14,Münster (Westf) Hauptbahnhof,München Hbf Gleis 14,508.290146068399,true
Münster (Westf) Hauptbahnhof,München Hbf Gleis 15,Münster (Westf) Hauptbahnhof,München Hbf Gleis 15,508.2808831928805,true
Münster (Westf) Hauptbahnhof,Nürnberg Hbf,Münster (Westf) Hauptbahnhof,Nürnberg Hbf,369.8850603489928,true
Münster (Westf) Hauptbahnhof,Ostbahnhof Gleis 6,Münster (Westf) Hauptbahnhof,Ostbahnhof Gleis 6,511.36695855944316,true
Münster (Westf) Hauptbahnhof,Ostbahnhof Gleis 8,Münster (Westf) Hauptbahnhof,Ostbahnhof Gleis 8,511.3847749540075,true
Münster (Westf) Hauptbahnhof,Rosenheim,Münster (Westf) Hauptbahnhof,Rosenheim,558.0169660017923,true
Narvik,Stockholm C,Narvik,Stockholm C,1013.6097080275927,true
Nersingen,Ingolstadt Hbf,Nersingen,Ingolstadt Hbf,103.17535337785475,true
Nersingen,Ingolstadt Nord,Nersingen,Ingolstadt Nord,103.92246938240982,true
Nersingen,München Hbf Gleis 11,Nersingen,München Hbf Gleis 11,111.29880940923584,true
Nersingen,München Hbf Gleis 12,Nersingen,München Hbf Gleis 12,111.29701843279278,true
Nersingen,München Hbf Gleis 13,Nersingen,München Hbf Gleis 13,111.29594388504036,true
Nersingen,München Hbf Gleis 14,Nersingen,München Hbf Gleis 14,111.29415040048251,true
Nersingen,München Hbf Gleis 15,Nersingen,München Hbf Gleis 15,111.2914041854866,true
Nersingen,München Hbf Gleis 16,Nersingen,München Hbf Gleis 16,111.29087920695312,true
Nersingen,München Hbf Gleis 17,Nersingen,München Hbf Gleis 17,111.28960854548217,true
Nersingen,München Hbf Gleis 18,Nersingen,München Hbf Gleis 18,111.2878201070799,true
Nersingen,München Hbf Gleis 19,Nersingen,München Hbf Gleis 19,111.28530953635384,true
Nersingen,München Hbf Gleis 20,Nersingen,München Hbf Gleis 20,111.28479356020863,true
Nersingen,Pasing,Nersingen,Pasing,104.20155186571597,true
Nersingen,Pasing Gleis 4,Nersingen,Pasing Gleis 4,104.19390399074766,true
Nersingen,Pasing Gleis 9,Nersingen,Pasing Gleis 9,104.19954471001566,true
Neu-Ulm,Altstädten (Allgäu),Neu-Ulm,Altstädten (Allgäu),102.70559846536523,true
Neu-Ulm,Fischen,Neu-Ulm,Fischen,106.09432905396423,true
Neu-Ulm,Ingolstadt Hbf,Neu-Ulm,Ingolstadt Hbf,112.34609050600228,true
Neu-Ulm,Ingolstadt Nord,Neu-Ulm,Ingolstadt Nord,113.11566799179472,true
Neu-Ulm,Langenwang (Schwab),Neu-Ulm,Langenwang (Schwab),108.30331955580719,true
Neu-Ulm,München Hbf Gleis 11,Neu-Ulm,München Hbf Gleis 11,118.26463759320595,true
Neu-Ulm,München Hbf Gleis 12,Neu-Ulm,München Hbf Gleis 12,118.26314965894659,true
Neu-Ulm,München Hbf Gleis 13,Neu-Ulm,München Hbf Gleis 13,118.26260934148692,true
Neu-Ulm,München Hbf Gleis 14,Neu-Ulm,München Hbf Gleis 14,118.2611194311073,true
Neu-Ulm,München Hbf Gleis 15,Neu-Ulm,München Hbf Gleis 15,118.25895564270166,true
Neu-Ulm,München Hbf Gleis 16,Neu-Ulm,München Hbf Gleis 16,118.25875328968606,true
Neu-Ulm,München Hbf Gleis 17,Neu-Ulm,München Hbf Gleis 17,118.25805044074924,true
Neu-Ulm,München Hbf Gleis 18,Neu-Ulm,München Hbf Gleis 18,118.25656495094789,true
Neu-Ulm,München Hbf Gleis 19,Neu-Ulm,München Hbf Gleis 19,118.2547135909137,true
Neu-Ulm,München Hbf Gleis 20,Neu-Ulm,München Hbf Gleis 20,118.25452025244903,true
Neu-Ulm,Oberstdorf,Neu-Ulm,Oberstdorf,111.07748514095908,true
Neu-Ulm,Pasing,Neu-Ulm,Pasing,111.12053169287368,true
Neu-Ulm,Pasing Gleis 4,Neu-Ulm,Pasing Gleis 4,111.11006416119935,true
Neu-Ulm,Pasing Gleis 9,Neu-Ulm,Pasing Gleis 9,111.11789736063852,true
Neu-Ulm,Weichering,Neu-Ulm,Weichering,104.07002631502563,true
Nice Ville,Paris Austerlitz,Nice Ville,Paris Austerlitz,683.672113150376,true
Nonnenhorn,Esslingen (N) Gleis 3,Nonnenhorn,Esslingen (N) Gleis 3,131.4223965509455,true
Nonnenhorn,Geislingen (Steige) Gleis 2,Nonnenhorn,Geislingen (Steige) Gleis 2,117.33069619796858,true
Nonnenhorn,Göppingen Gleis 4,Nonnenhorn,Göppingen Gleis 4,125.11672756753451,true
Nonnenhorn,Plochingen Gleis 1,Nonnenhorn,Plochingen Gleis 1,127.40192850861138,true
Nonnenhorn,Stuttgart Hauptbahnhof (oben) Gleis 11,Nonnenhorn,Stuttgart Hauptbahnhof (oben) Gleis 11,138.2518134247728,true
Nonnenhorn,Stuttgart Hauptbahnhof (oben) Gleis 12,Nonnenhorn,Stuttgart Hauptbahnhof (oben) Gleis 12,138.24613332156966,true
Nonnenhorn,Stuttgart Hauptbahnhof (oben) Gleis 13,Nonnenhorn,Stuttgart Hauptbahnhof (oben) Gleis 13,138.23758701199117,true
Nürnberg Hbf,Altona,Nürnberg Hbf,Altona,463.4356513743365,true
Nürnberg Hbf,"Amsterdam, Centraal",Nürnberg Hbf,"Amsterdam, Centraal",542.0905528227883,true
Nürnberg Hbf,Dortmund Hbf,Nürnberg Hbf,Dortmund Hbf,344.6253255807076,true
Nürnberg Hbf,Freilassing,Nürnberg Hbf,Freilassing,226.66624250499663,true
Nürnberg Hbf,Hamburg Hbf,Nürnberg Hbf,Hamburg Hbf,462.67667404829126,true
Nürnberg Hbf,Kufstein Bahnhof,Nürnberg Hbf,Kufstein Bahnhof,221.95522257392918,true
Nürnberg Hbf,München Hbf Gleis 10,Nürnberg Hbf,München Hbf Gleis 10,149.23129278253467,true
Nürnberg Hbf,München Hbf Gleis 14,Nürnberg Hbf,München Hbf Gleis 14,149.30134264683358,true
Nürnberg Hbf,München Hbf Gleis 15,Nürnberg Hbf,München Hbf Gleis 15,149.2904699858379,true
Nürnberg Hbf,Münster (Westf) Hauptbahnhof,Nürnberg Hbf,Münster (Westf) Hauptbahnhof,369.8850603489928,true
Nürnberg Hbf,Ostbahnhof Gleis 6,Nürnberg Hbf,Ostbahnhof Gleis 6,151.5200810414455,true
Nürnberg Hbf,Ostbahnhof Gleis 8,Nürnberg Hbf,Ostbahnhof Gleis 8,151.53567337071632,true
Nürnberg Hbf,Passau Hbf,Nürnberg Hbf,Passau Hbf,198.07445895099798,true
Nürnberg Hbf,Rosenheim,Nürnberg Hbf,Rosenheim,193.10392051756062,true
"Oberkochen, Bahnhof",Bahnhof Überlingen,"Oberkochen, Bahnhof",Bahnhof Überlingen,132.6061363076221,true
"Oberkochen, Bahnhof",Friedrichshafen Stadtbahnhof,"Oberkochen, Bahnhof",Friedrichshafen Stadtbahnhof,134.05133902811684,true
"Oberkochen, Bahnhof",Ludwigshafen(Bodensee) Bahnhof,"Oberkochen, Bahnhof",Ludwigshafen(Bodensee) Bahnhof,132.81659055546132,true
"Oberkochen, Bahnhof",Radolfzell Bahnhof,"Oberkochen, Bahnhof",Radolfzell Bahnhof,143.6806273349904,true
"Oberkochen, Bahnhof","Salem, Bahnhof","Oberkochen, Bahnhof","Salem, Bahnhof",128.77186260637328,true
"Oberkochen, Bahnhof",Singen (Htw) Bahnhof,"Oberkochen, Bahnhof",Singen (Htw) Bahnhof,147.32440152866445,true
"Oberkochen, Bahnhof",Sipplingen Bahnhof,"Oberkochen, Bahnhof",Sipplingen Bahnhof,132.84217661168918,true
"Oberkochen, Bahnhof",Uhldingen-Mühlhofen Bahnhof,"Oberkochen, Bahnhof",Uhldingen-Mühlhofen Bahnhof,132.50926865056127,true
"Oberkochen, Bahnhof",Überlingen Bahnhof Therme,"Oberkochen, Bahnhof",Überlingen Bahnhof Therme,133.28326677595896,true
Oberstaufen,Augsburg Hbf,Oberstaufen,Augsburg Hbf,110.6206789403066,true
Oberstaufen,Augsburg Messe,Oberstaufen,Augsburg Messe,108.29368603934294,true
Oberstaufen,Augsburg Morellstraße,Oberstaufen,Augsburg Morellstraße,110.05384851266533,true
Oberstaufen,Inningen,Oberstaufen,Inningen,105.12853219345072,true
Oberstaufen,München Hbf Gleis 12,Oberstaufen,München Hbf Gleis 12,131.59805894350734,true
Oberstaufen,München Hbf Gleis 14,Oberstaufen,München Hbf Gleis 14,131.60759469193778,true
Oberstaufen,München Hbf Gleis 15,Oberstaufen,München Hbf Gleis 15,131.61369205539594,true
Oberstaufen,München Hbf Gleis 17,Oberstaufen,München Hbf Gleis 17,131.62471500499186,true
Oberstaufen,München Hbf Gleis 24,Oberstaufen,München Hbf Gleis 24,131.65909499171215,true
Oberstaufen,München Hbf Gleis 25,Oberstaufen,München Hbf Gleis 25,131.6655224562109,true
Oberstaufen,"München, Hauptbahnhof (U, Tram)",Oberstaufen,"München, Hauptbahnhof (U, Tram)",131.96171456597764,true
Oberstaufen,Pasing,Oberstaufen,Pasing,125.98053629126372,true
Oberstaufen,Pasing Gleis 3,Oberstaufen,Pasing Gleis 3,125.99230714796076,true
Oberstaufen,Pasing Gleis 4,Oberstaufen,Pasing Gleis 4,126.00273186098865,true
Oberstdorf,Ulm Hbf,Oberstdorf,Ulm Hbf,112.04851278370128,true
Odesa Holovna,Chernivtsi,Odesa Holovna,Chernivtsi,,
Odesa Holovna,Dnipro Holovny,Odesa Holovna,Dnipro Holovny,,
Odesa Holovna,Kharkiv,Odesa Holovna,Kharkiv,,
Odesa Holovna,Kovel,Odesa Holovna,Kovel,,
Odesa Holovna,Kyiv Pasazhyrskyi,Odesa Holovna,Kyiv Pasazhyrskyi,,
Odesa Holovna,Lviv,Odesa Holovna,Lviv,,
Odesa Holovna,Przemyśl Gł.,Odesa Holovna,Przemyśl Gł.,,
Odesa Holovna,Uzhhorod,Odesa Holovna,Uzhhorod,,
Oradea,București Nord,Oradea,București Nord,433.6380428042795,true
Oradea,Constanța,Oradea,Constanța,612.2290490739184,true
Osijek,Split,Osijek,Split,288.76914352006855,true
Oslo S,Bergen,Oslo S,Bergen,304.664381805284,true
Oslo S,Stavanger,Oslo S,Stavanger,302.65238857004414,true
Oslo S,Trondheim S,Oslo S,Trondheim S,392.5032494518196,true
Ostbahnhof Gleis 6,Altona,Ostbahnhof Gleis 6,Altona,614.4433928225856,true
Ostbahnhof Gleis 6,"Amsterdam, Centraal",Ostbahnhof Gleis 6,"Amsterdam, Centraal",670.8330305909628,true
Ostbahnhof Gleis 6,Dortmund Hbf,Ostbahnhof Gleis 6,Dortmund Hbf,480.0494619468301,true
Ostbahnhof Gleis 6,Freilassing,Ostbahnhof Gleis 6,Freilassing,107.04615838981897,true
Ostbahnhof Gleis 6,Hamburg Hbf,Ostbahnhof Gleis 6,Hamburg Hbf,613.5662989677319,true
Ostbahnhof Gleis 6,Münster (Westf) Hauptbahnhof,Ostbahnhof Gleis 6,Münster (Westf) Hauptbahnhof,511.36695855944316,true
Ostbahnhof Gleis 6,Nürnberg Hbf,Ostbahnhof Gleis 6,Nürnberg Hbf,151.5200810414455,true
Ostbahnhof Gleis 7,Altona,Ostbahnhof Gleis 7,Altona,614.4473939573362,true
Ostbahnhof Gleis 7,Hamburg Hbf,Ostbahnhof Gleis 7,Hamburg Hbf,613.5702739717206,true
Ostbahnhof Gleis 8,Freilassing,Ostbahnhof Gleis 8,Freilassing,107.02969935846471,true
Palermo Centrale,Milano Centrale,Palermo Centrale,Milano Centrale,889.6585344822922,true
Palermo Centrale,Roma Termini,Palermo Centrale,Roma Termini,427.9256667607793,true
Paris Austerlitz,Albi Ville,Paris Austerlitz,Albi Ville,547.0695210058518,true
Paris Austerlitz,Aurillac,Paris Austerlitz,Aurillac,435.98858180664377,true
Paris Austerlitz,Briançon,Paris Austerlitz,Briançon,546.0006851829762,true
Paris Austerlitz,Cerbère,Paris Austerlitz,Cerbère,714.240059971162,true
Paris Austerlitz,Latour-de-Carol / La Tor de Querol,Paris Austerlitz,Latour-de-Carol / La Tor de Querol,,
Paris Austerlitz,Nice Ville,Paris Austerlitz,Nice Ville,683.672113150376,true
Paris Austerlitz,Rodez,Paris Austerlitz,Rodez,498.31846661779787,true
Paris Austerlitz,Tarbes,Paris Austerlitz,Tarbes,647.5588559432113,true
Paris Austerlitz,Toulouse Matabiau,Paris Austerlitz,Toulouse Matabiau,585.8311066474893,true
Paris Gare de l'Est,Augsburg Hbf,Paris Gare de l'Est,Augsburg Hbf,628.9020362900421,true
Paris Gare de l'Est,Esslingen (N) Gleis 5,Paris Gare de l'Est,Esslingen (N) Gleis 5,508.30366643699745,true
Paris Gare de l'Est,Karlsruhe Hauptbahnhof,Paris Gare de l'Est,Karlsruhe Hauptbahnhof,441.32587528698446,true
Paris Gare de l'Est,München Hbf Gleis 14,Paris Gare de l'Est,München Hbf Gleis 14,682.055877834715,true
Paris Gare de l'Est,Strasbourg Gare Centrale,Paris Gare de l'Est,Strasbourg Gare Centrale,395.3763140589674,true
Paris Gare de l'Est,Stuttgart Hauptbahnhof (oben) Gleis 1,Paris Gare de l'Est,Stuttgart Hauptbahnhof (oben) Gleis 1,499.2762315756796,true
Paris Gare de l'Est,Ulm Hauptbahnhof,Paris Gare de l'Est,Ulm Hauptbahnhof,562.383295458872,true
Paris Gare du Nord,Berlin Hbf,Paris Gare du Nord,Berlin Hbf,873.8472072374328,true
Pasing,Aichstetten Bahnhof,Pasing,Aichstetten Bahnhof,107.23014488420667,true
Pasing,"Aitrach (Kr Ravensb), Bahnhof",Pasing,"Aitrach (Kr Ravensb), Bahnhof",105.26009690477392,true
Pasing,Altona,Pasing,Altona,610.11208831458,true
Pasing,Hamburg Hbf,Pasing,Hamburg Hbf,609.3138006978214,true
Pasing,Hergatz,Pasing,Hergatz,134.12544947314663,true
Pasing,Kißlegg Bahnhof,Pasing,Kißlegg Bahnhof,124.11770487111033,true
Pasing,Leutkirch Bahnhof,Pasing,Leutkirch Bahnhof,113.47960444787587,true
Pasing,Lindau-Insel,Pasing,Lindau-Insel,148.99518518537772,true
Pasing,Lindau-Reutin,Pasing,Lindau-Reutin,147.2451643427684,true
Pasing,Nersingen,Pasing,Nersingen,104.20995207352348,true
Pasing,Neu-Ulm,Pasing,Neu-Ulm,111.1294890377186,true
Pasing,Tannheim (Württ),Pasing,Tannheim (Württ),102.89482953536073,true
Pasing,Ulm Hbf,Pasing,Ulm Hbf,112.9700700094911,true
Pasing,Wangen Bahnhof,Pasing,Wangen Bahnhof,131.94773678213025,true
Pasing Gleis 2,Aichstetten Bahnhof,Pasing Gleis 2,Aichstetten Bahnhof,107.19624086538765,true
Pasing Gleis 2,"Aitrach (Kr Ravensb), Bahnhof",Pasing Gleis 2,"Aitrach (Kr Ravensb), Bahnhof",105.22948561495315,true
Pasing Gleis 2,Heimenkirch,Pasing Gleis 2,Heimenkirch,129.89957107560377,true
Pasing Gleis 2,Hergatz,Pasing Gleis 2,Hergatz,134.08301219219322,true
Pasing Gleis 2,Immenstadt,Pasing Gleis 2,Immenstadt,113.92207942152453,true
Pasing Gleis 2,Kißlegg Bahnhof,Pasing Gleis 2,Kißlegg Bahnhof,124.0810170263467,true
Pasing Gleis 2,Leutkirch Bahnhof,Pasing Gleis 2,Leutkirch Bahnhof,113.44298764813081,true
Pasing Gleis 2,Lindau-Insel,Pasing Gleis 2,Lindau-Insel,148.95083042833542,true
Pasing Gleis 2,Lindau-Reutin,Pasing Gleis 2,Lindau-Reutin,147.20080542177024,true
Pasing Gleis 2,Martinszell (Allgäu),Pasing Gleis 2,Martinszell (Allgäu),105.8230685167846,true
Pasing Gleis 2,Oberstaufen,Pasing Gleis 2,Oberstaufen,125.98458794407514,true
Pasing Gleis 2,Röthenbach (Allgäu),Pasing Gleis 2,Röthenbach (Allgäu),126.92012572665139,true
Pasing Gleis 2,Tannheim (Württ),Pasing Gleis 2,Tannheim (Württ),102.8673509749742,true
Pasing Gleis 2,Wangen Bahnhof,Pasing Gleis 2,Wangen Bahnhof,131.9069750970564,true
Pasing Gleis 3,Aichstetten Bahnhof,Pasing Gleis 3,Aichstetten Bahnhof,107.18823274128577,true
Pasing Gleis 3,"Aitrach (Kr Ravensb), Bahnhof",Pasing Gleis 3,"Aitrach (Kr Ravensb), Bahnhof",105.2208708256253,true
Pasing Gleis 3,Heimenkirch,Pasing Gleis 3,Heimenkirch,129.8937631952397,true
Pasing Gleis 3,Hergatz,Pasing Gleis 3,Hergatz,134.0768045819243,true
Pasing Gleis 3,Immenstadt,Pasing Gleis 3,Immenstadt,113.91825633508488,true
Pasing Gleis 3,Kißlegg Bahnhof,Pasing Gleis 3,Kißlegg Bahnhof,124.07355786145321,true
Pasing Gleis 3,Leutkirch Bahnhof,Pasing Gleis 3,Leutkirch Bahnhof,113.43551385188115,true
Pasing Gleis 3,Lindau-Insel,Pasing Gleis 3,Lindau-Insel,148.94508102285474,true
Pasing Gleis 3,Lindau-Reutin,Pasing Gleis 3,Lindau-Reutin,147.0730208102547,true
Pasing Gleis 3,Martinszell (Allgäu),Pasing Gleis 3,Martinszell (Allgäu),105.81878192024078,true
Pasing Gleis 3,Oberstaufen,Pasing Gleis 3,Oberstaufen,125.9799531142345,true
Pasing Gleis 3,Röthenbach (Allgäu),Pasing Gleis 3,Röthenbach (Allgäu),126.91457107269804,true
Pasing Gleis 3,Tannheim (Württ),Pasing Gleis 3,Tannheim (Württ),102.85819810416251,true
Pasing Gleis 3,Wangen Bahnhof,Pasing Gleis 3,Wangen Bahnhof,131.90038483337253,true
Pasing Gleis 4,Aichstetten Bahnhof,Pasing Gleis 4,Aichstetten Bahnhof,107.19635216412875,true
Pasing Gleis 4,"Aitrach (Kr Ravensb), Bahnhof",Pasing Gleis 4,"Aitrach (Kr Ravensb), Bahnhof",105.22844916184668,true
Pasing Gleis 4,Heimenkirch,Pasing Gleis 4,Heimenkirch,129.9035038238831,true
Pasing Gleis 4,Hergatz,Pasing Gleis 4,Hergatz,134.08628556745558,true
Pasing Gleis 4,Immenstadt,Pasing Gleis 4,Immenstadt,113.92909152897623,true
Pasing Gleis 4,Kißlegg Bahnhof,Pasing Gleis 4,Kißlegg Bahnhof,124.08212846875101,true
Pasing Gleis 4,Leutkirch Bahnhof,Pasing Gleis 4,Leutkirch Bahnhof,113.44407294132569,true
Pasing Gleis 4,Lindau-Insel,Pasing Gleis 4,Lindau-Insel,148.95485837767336,true
Pasing Gleis 4,Lindau-Reutin,Pasing Gleis 4,Lindau-Reutin,147.0828010816219,true
Pasing Gleis 4,Martinszell (Allgäu),Pasing Gleis 4,Martinszell (Allgäu),105.8293888706169,true
Pasing Gleis 4,Oberstaufen,Pasing Gleis 4,Oberstaufen,125.99037786196118,true
Pasing Gleis 4,Röthenbach (Allgäu),Pasing Gleis 4,Röthenbach (Allgäu),126.92446898730942,true
Pasing Gleis 4,Tannheim (Württ),Pasing Gleis 4,Tannheim (Württ),102.86525463757238,true
Pasing Gleis 4,Wangen Bahnhof,Pasing Gleis 4,Wangen Bahnhof,131.90960371618706,true
Pasing Gleis 9,Aichstetten Bahnhof,Pasing Gleis 9,Aichstetten Bahnhof,107.222366395602,true
Pasing Gleis 9,"Aitrach (Kr Ravensb), Bahnhof",Pasing Gleis 9,"Aitrach (Kr Ravensb), Bahnhof",105.25278711085951,true
Pasing Gleis 9,Heimenkirch,Pasing Gleis 9,Heimenkirch,129.9345211416167,true
Pasing Gleis 9,Hergatz,Pasing Gleis 9,Hergatz,134.11650372710594,true
Pasing Gleis 9,Immenstadt,Pasing Gleis 9,Immenstadt,113.96346278270335,true
Pasing Gleis 9,Kißlegg Bahnhof,Pasing Gleis 9,Kißlegg Bahnhof,124.10953774112026,true
Pasing Gleis 9,Leutkirch Bahnhof,Pasing Gleis 9,Leutkirch Bahnhof,113.47144700800813,true
Pasing Gleis 9,Lindau-Insel,Pasing Gleis 9,Lindau-Insel,148.98598825397664,true
Pasing Gleis 9,Lindau-Reutin,Pasing Gleis 9,Lindau-Reutin,147.2359668590623,true
Pasing Gleis 9,Martinszell (Allgäu),Pasing Gleis 9,Martinszell (Allgäu),105.86306347515392,true
Pasing Gleis 9,Nersingen,Pasing Gleis 9,Nersingen,104.20794568341822,true
Pasing Gleis 9,Neu-Ulm,Pasing Gleis 9,Neu-Ulm,111.12685530351462,true
Pasing Gleis 9,Oberstaufen,Pasing Gleis 9,Oberstaufen,126.02349469470684,true
Pasing Gleis 9,Röthenbach (Allgäu),Pasing Gleis 9,Röthenbach (Allgäu),126.95596987177021,true
Pasing Gleis 9,Tannheim (Württ),Pasing Gleis 9,Tannheim (Württ),102.88797374370219,true
Pasing Gleis 9,Ulm Hbf,Pasing Gleis 9,Ulm Hbf,112.87776307168103,true
Pasing Gleis 9,Wangen Bahnhof,Pasing Gleis 9,Wangen Bahnhof,131.93901425771398,true
Passau Hbf,"Amsterdam, Centraal",Passau Hbf,"Amsterdam, Centraal",737.5169802102029,true
Passau Hbf,Dortmund Hbf,Passau Hbf,Dortmund Hbf,538.4137507577341,true
Passau Hbf,Nürnberg Hbf,Passau Hbf,Nürnberg Hbf,198.06310500243976,true
Penzance,London Paddington,Penzance,London Paddington,406.76098562040863,true
Plochingen Gleis 4,Enzisweiler,Plochingen Gleis 4,Enzisweiler,129.1243079083665,true
Plochingen Gleis 4,Eriskirch Bahnhof,Plochingen Gleis 4,Eriskirch Bahnhof,120.88465213446237,true
Plochingen Gleis 4,Friedrichshafen Stadtbahnhof,Plochingen Gleis 4,Friedrichshafen Stadtbahnhof,117.92739568137182,true
Plochingen Gleis 4,Kressbronn Bahnhof,Plochingen Gleis 4,Kressbronn Bahnhof,125.18929654563959,true
Plochingen Gleis 4,Langenargen Bahnhof,Plochingen Gleis 4,Langenargen Bahnhof,124.20720904196972,true
Plochingen Gleis 4,Lindau-Aeschach,Plochingen Gleis 4,Lindau-Aeschach,129.8801889146623,true
Plochingen Gleis 4,Lindau-Insel,Plochingen Gleis 4,Lindau-Insel,131.38088558384163,true
Plochingen Gleis 4,Lindau-Reutin,Plochingen Gleis 4,Lindau-Reutin,130.83748679741558,true
Plochingen Gleis 4,Meckenbeuren Bahnhof,Plochingen Gleis 4,Meckenbeuren Bahnhof,113.17516540960816,true
Plochingen Gleis 4,Nonnenhorn,Plochingen Gleis 4,Nonnenhorn,127.39115954502856,true
Plochingen Gleis 4,Ravensburg Bahnhof,Plochingen Gleis 4,Ravensburg Bahnhof,104.25043079282882,true
Plochingen Gleis 4,Wasserburg (Bodensee),Plochingen Gleis 4,Wasserburg (Bodensee),128.0114240827023,true
Praha hl.n.,Bruxelles Midi / Brussel Zuid,Praha hl.n.,Bruxelles Midi / Brussel Zuid,,
Praha hl.n.,Chop,Praha hl.n.,Chop,592.6851238033265,true
Praha hl.n.,Gdynia Gł.,Praha hl.n.,Gdynia Gł.,566.3324285438963,true
Praha hl.n.,Humenné,Praha hl.n.,Humenné,553.8529281142767,true
Praha hl.n.,Przemyśl Gł.,Praha hl.n.,Przemyśl Gł.,597.6156639184852,true
Praha hl.n.,Warszawa Wschodnia,Praha hl.n.,Warszawa Wschodnia,520.2907643366152,true
Praha hl.n.,Zürich HB,Praha hl.n.,Zürich HB,526.4534025440987,true
Przemyśl Gł.,Kharkiv,Przemyśl Gł.,Kharkiv,,
Przemyśl Gł.,Kremenchuk,Przemyśl Gł.,Kremenchuk,,
Przemyśl Gł.,Kyiv Pasazhyrskyi,Przemyśl Gł.,Kyiv Pasazhyrskyi,,
Przemyśl Gł.,München Hbf,Przemyśl Gł.,München Hbf,838.2453718116631,true
Przemyśl Gł.,Odesa Holovna,Przemyśl Gł.,Odesa Holovna,,
Przemyśl Gł.,Praha hl.n.,Przemyśl Gł.,Praha hl.n.,597.6156639184852,true
Przemyśl Gł.,Zaporizhzhia 1,Przemyśl Gł.,Zaporizhzhia 1,,
Przemyśl Gł.,Świnoujście,Przemyśl Gł.,Świnoujście,741.947360049923,true
Radolfzell Bahnhof,"Aalen, Hauptbahnhof",Radolfzell Bahnhof,"Aalen, Hauptbahnhof",148.59273677891946,true
Radolfzell Bahnhof,Badischer Bahnhof,Radolfzell Bahnhof,Badischer Bahnhof,103.63746173076107,true
Radolfzell Bahnhof,Giengen (Brenz),Radolfzell Bahnhof,Giengen (Brenz),136.0673122445756,true
Radolfzell Bahnhof,Heidenheim (Brenz),Radolfzell Bahnhof,Heidenheim (Brenz),137.02364384702886,true
Radolfzell Bahnhof,Langenau (Württ),Radolfzell Bahnhof,Langenau (Württ),120.29443449745759,true
Radolfzell Bahnhof,"Oberkochen, Bahnhof",Radolfzell Bahnhof,"Oberkochen, Bahnhof",143.6967146772491,true
Radolfzell Bahnhof,Sontheim (Brenz),Radolfzell Bahnhof,Sontheim (Brenz),133.84081801103207,true
Radolfzell Bahnhof,Ulm Hbf,Radolfzell Bahnhof,Ulm Hbf,105.42285866186941,true
Rakhiv,Kyiv Pasazhyrskyi,Rakhiv,Kyiv Pasazhyrskyi,,
Rakhiv,Sumy,Rakhiv,Sumy,,
Ravensburg Bahnhof,"Aalen, Hauptbahnhof",Ravensburg Bahnhof,"Aalen, Hauptbahnhof",123.03196371646305,true
Ravensburg Bahnhof,Bad Säckingen Bahnhof,Ravensburg Bahnhof,Bad Säckingen Bahnhof,126.65794214482554,true
Ravensburg Bahnhof,Badischer Bahnhof,Ravensburg Bahnhof,Badischer Bahnhof,151.49286823383395,true
Ravensburg Bahnhof,Ebersbach (F) Gleis 2,Ravensburg Bahnhof,Ebersbach (F) Gleis 2,103.7828972354302,true
Ravensburg Bahnhof,Esslingen (N) Gleis 3,Ravensburg Bahnhof,Esslingen (N) Gleis 3,108.49384323395573,true
Ravensburg Bahnhof,Giengen (Brenz),Ravensburg Bahnhof,Giengen (Brenz),104.02541872672286,true
Ravensburg Bahnhof,Göppingen Gleis 4,Ravensburg Bahnhof,Göppingen Gleis 4,101.88082937742585,true
Ravensburg Bahnhof,Heidenheim (Brenz),Ravensburg Bahnhof,Heidenheim (Brenz),107.64781096456674,true
Ravensburg Bahnhof,"Oberkochen, Bahnhof",Ravensburg Bahnhof,"Oberkochen, Bahnhof",117.0144132188281,true
Ravensburg Bahnhof,Plochingen Gleis 1,Ravensburg Bahnhof,Plochingen Gleis 1,104.26730565431964,true
Ravensburg Bahnhof,Plochingen Gleis 3,Ravensburg Bahnhof,Plochingen Gleis 3,104.26524100210243,true
Ravensburg Bahnhof,Plochingen Gleis 4,Ravensburg Bahnhof,Plochingen Gleis 4,104.25710208220913,true
Ravensburg Bahnhof,Reichenbach (F) Gleis 2,Ravensburg Bahnhof,Reichenbach (F) Gleis 2,103.23876495555706,true
Ravensburg Bahnhof,Rheinfelden (Baden) Bahnhof,Ravensburg Bahnhof,Rheinfelden (Baden) Bahnhof,138.71871105157726,true
Ravensburg Bahnhof,Stuttgart Hauptbahnhof (oben) Gleis 11,Ravensburg Bahnhof,Stuttgart Hauptbahnhof (oben) Gleis 11,115.59391956637619,true
Ravensburg Bahnhof,Stuttgart Hauptbahnhof (oben) Gleis 12,Ravensburg Bahnhof,Stuttgart Hauptbahnhof (oben) Gleis 12,115.58489929265745,true
Ravensburg Bahnhof,Stuttgart Hauptbahnhof (oben) Gleis 13,Ravensburg Bahnhof,Stuttgart Hauptbahnhof (oben) Gleis 13,115.5777524545682,true
Ravensburg Bahnhof,Stuttgart Hauptbahnhof (oben) Gleis 14,Ravensburg Bahnhof,Stuttgart Hauptbahnhof (oben) Gleis 14,115.57045457009654,true
Ravensburg Bahnhof,Stuttgart Hauptbahnhof (oben) Gleis 3,Ravensburg Bahnhof,Stuttgart Hauptbahnhof (oben) Gleis 3,115.6556913457293,true
Ravensburg Bahnhof,Stuttgart Hauptbahnhof (oben) Gleis 9,Ravensburg Bahnhof,Stuttgart Hauptbahnhof (oben) Gleis 9,115.60872502139662,true
Ravensburg Bahnhof,Süßen Gleis 3,Ravensburg Bahnhof,Süßen Gleis 3,100.65978327400929,true
Ravensburg Bahnhof,Tiengen (Hochrhein) Bahnhof,Ravensburg Bahnhof,Tiengen (Hochrhein) Bahnhof,101.14612969034584,true
Ravensburg Bahnhof,Uhingen Gleis 2,Ravensburg Bahnhof,Uhingen Gleis 2,102.79358724458692,true
Ravensburg Bahnhof,Waldshut Bahnhof,Ravensburg Bahnhof,Waldshut Bahnhof,105.32760286151752,true
Reggio Calabria Centrale,Torino Lingotto,Reggio Calabria Centrale,Torino Lingotto,1015.4047228783116,true
Rheinfelden (Baden) Bahnhof,Bahnhof Überlingen,Rheinfelden (Baden) Bahnhof,Bahnhof Überlingen,105.90412197945827,true
Rheinfelden (Baden) Bahnhof,Bermatingen-Ahausen Bahnhof,Rheinfelden (Baden) Bahnhof,Bermatingen-Ahausen Bahnhof,118.48403949612708,true
Rheinfelden (Baden) Bahnhof,Friedrichshafen Hafenbahnhof,Rheinfelden (Baden) Bahnhof,Friedrichshafen Hafenbahnhof,127.74036283230731,true
Rheinfelden (Baden) Bahnhof,Friedrichshafen Stadtbahnhof,Rheinfelden (Baden) Bahnhof,Friedrichshafen Stadtbahnhof,127.09272252390443,true
Rheinfelden (Baden) Bahnhof,Markdorf Bahnhof,Rheinfelden (Baden) Bahnhof,Markdorf Bahnhof,121.49221827994049,true
Rheinfelden (Baden) Bahnhof,"Salem, Bahnhof",Rheinfelden (Baden) Bahnhof,"Salem, Bahnhof",115.46372463687484,true
Rheinfelden (Baden) Bahnhof,Uhldingen-Mühlhofen Bahnhof,Rheinfelden (Baden) Bahnhof,Uhldingen-Mühlhofen Bahnhof,111.49556631390992,true
Rijeka,Budapest Déli,Rijeka,Budapest Déli,426.77275759396673,true
Rodez,Paris Austerlitz,Rodez,Paris Austerlitz,498.31846661779787,true
Rohrenfeld,Ulm Hbf,Rohrenfeld,Ulm Hbf,100.49707204337268,true
Roma Termini,Bolzano / Bozen,Roma Termini,Bolzano / Bozen,519.0967485415856,true
Roma Termini,Lecce,Roma Termini,Lecce,504.74269793977476,true
Roma Termini,Palermo Centrale,Roma Termini,Palermo Centrale,427.9256667607793,true
Roma Termini,Siracusa,Roma Termini,Siracusa,587.7107886813169,true
Roma Termini,Trieste Centrale,Roma Termini,Trieste Centrale,430.04222391895206,true
Roma Tiburtina,München Hbf,Roma Tiburtina,München Hbf,696.9996357558224,true
Roma Tiburtina,Wien Hbf,Roma Tiburtina,Wien Hbf,759.995661238376,true
Rosenheim,Altona,Rosenheim,Altona,652.3662832221219,true
Rosenheim,"Amsterdam, Centraal",Rosenheim,"Amsterdam, Centraal",719.4561531341628,true
Rosenheim,Augsburg Hbf,Rosenheim,Augsburg Hbf,108.04496176038909,true
Rosenheim,Dortmund Hbf,Rosenheim,Dortmund Hbf,527.7644550310767,true
Rosenheim,Hamburg Hbf,Rosenheim,Hamburg Hbf,651.2527157221531,true
Rosenheim,Ingolstadt Hbf,Rosenheim,Ingolstadt Hbf,111.5417898738217,true
Rosenheim,Münster (Westf) Hauptbahnhof,Rosenheim,Münster (Westf) Hauptbahnhof,558.0205475857938,true
Rosenheim,Nürnberg Hbf,Rosenheim,Nürnberg Hbf,193.109349263838,true
Rovaniemi,Helsinki / Helsingfors,Rovaniemi,Helsinki / Helsingfors,,
Rovaniemi,Turku satama / Åbo hamn,Rovaniemi,Turku satama / Åbo hamn,,
Röthenbach (Allgäu),Augsburg Hbf,Röthenbach (Allgäu),Augsburg Hbf,107.99225219646823,true
Röthenbach (Allgäu),Augsburg Messe,Röthenbach (Allgäu),Augsburg Messe,105.81638481298909,true
Röthenbach (Allgäu),Augsburg Morellstraße,Röthenbach (Allgäu),Augsburg Morellstraße,107.5168266589428,true
Röthenbach (Allgäu),Inningen,Röthenbach (Allgäu),Inningen,102.72932776881204,true
Röthenbach (Allgäu),München Hbf Gleis 12,Röthenbach (Allgäu),München Hbf Gleis 12,132.82803092180234,true
Röthenbach (Allgäu),München Hbf Gleis 14,Röthenbach (Allgäu),München Hbf Gleis 14,132.83665131380332,true
Röthenbach (Allgäu),München Hbf Gleis 15,Röthenbach (Allgäu),München Hbf Gleis 15,132.8420770131358,true
Röthenbach (Allgäu),München Hbf Gleis 17,Röthenbach (Allgäu),München Hbf Gleis 17,132.852185666006,true
Röthenbach (Allgäu),München Hbf Gleis 24,Röthenbach (Allgäu),München Hbf Gleis 24,132.88319053341553,true
Röthenbach (Allgäu),München Hbf Gleis 25,Röthenbach (Allgäu),München Hbf Gleis 25,132.88890599222896,true
Röthenbach (Allgäu),"München, Hauptbahnhof (U, Tram)",Röthenbach (Allgäu),"München, Hauptbahnhof (U, Tram)",133.19144981217877,true
Röthenbach (Allgäu),Pasing,Röthenbach (Allgäu),Pasing,126.9055658380537,true
Röthenbach (Allgäu),Pasing Gleis 3,Röthenbach (Allgäu),Pasing Gleis 3,126.91908772253225,true
Röthenbach (Allgäu),Pasing Gleis 4,Röthenbach (Allgäu),Pasing Gleis 4,126.92898562967494,true
"Salem, Bahnhof","Aalen, Hauptbahnhof","Salem, Bahnhof","Aalen, Hauptbahnhof",134.25828196567016,true
"Salem, Bahnhof",Bad Säckingen Bahnhof,"Salem, Bahnhof",Bad Säckingen Bahnhof,103.43507810911564,true
"Salem, Bahnhof",Badischer Bahnhof,"Salem, Bahnhof",Badischer Bahnhof,128.21517661356825,true
"Salem, Bahnhof",Giengen (Brenz),"Salem, Bahnhof",Giengen (Brenz),118.5516926923062,true
"Salem, Bahnhof",Heidenheim (Brenz),"Salem, Bahnhof",Heidenheim (Brenz),120.75252480555089,true
"Salem, Bahnhof",Langenau (Württ),"Salem, Bahnhof",Langenau (Württ),102.34980216285084,true
"Salem, Bahnhof","Oberkochen, Bahnhof","Salem, Bahnhof","Oberkochen, Bahnhof",128.77186260637328,true
"Salem, Bahnhof",Rheinfelden (Baden) Bahnhof,"Salem, Bahnhof",Rheinfelden (Baden) Bahnhof,115.4642258855352,true
"Salem, Bahnhof",Sontheim (Brenz),"Salem, Bahnhof",Sontheim (Brenz),115.37885062846647,true
Salerno,Torino Lingotto,Salerno,Torino Lingotto,754.8545792186109,true
Salerno,Torino Porta Susa,Salerno,Torino Porta Susa,757.3199307043404,true
Salzburg Hauptbahnhof,Altona,Salzburg Hauptbahnhof,Altona,674.5666532606531,true
Salzburg Hauptbahnhof,Hamburg Hbf,Salzburg Hauptbahnhof,Hamburg Hbf,672.9891166034271,true
Salzburg Hauptbahnhof,Nürnberg Hbf,Salzburg Hauptbahnhof,Nürnberg Hbf,231.89384330124437,true
Satu Mare,București Nord,Satu Mare,București Nord,445.75838388999847,true
Satu Mare,Mangalia,Satu Mare,Mangalia,623.7960687410105,true
Schelklingen,Donaueschingen Bahnhof,Schelklingen,Donaueschingen Bahnhof,103.08292609536873,true
Schelklingen,Villingen Bahnhof/ZOB,Schelklingen,Villingen Bahnhof/ZOB,100.33255472902583,true
Schwabmünchen,Lindau-Insel,Schwabmünchen,Lindau-Insel,107.39875836850905,true
Schwabmünchen,Lindau-Reutin,Schwabmünchen,Lindau-Reutin,105.709722918775,true
Schwabmünchen,Lindau-Reutin Bstg 2,Schwabmünchen,Lindau-Reutin Bstg 2,105.62987323881057,true
Schwörstadt Bahnhof,Bermatingen-Ahausen Bahnhof,Schwörstadt Bahnhof,Bermatingen-Ahausen Bahnhof,111.58394331680147,true
Schwörstadt Bahnhof,Friedrichshafen Stadtbahnhof,Schwörstadt Bahnhof,Friedrichshafen Stadtbahnhof,120.42986496756745,true
Schwörstadt Bahnhof,Markdorf Bahnhof,Schwörstadt Bahnhof,Markdorf Bahnhof,114.63815068503261,true
Schwörstadt Bahnhof,"Salem, Bahnhof",Schwörstadt Bahnhof,"Salem, Bahnhof",108.4824444305341,true
Schwörstadt Bahnhof,Uhldingen-Mühlhofen Bahnhof,Schwörstadt Bahnhof,Uhldingen-Mühlhofen Bahnhof,104.55300704400668,true
Senden,Langenwang (Schwab),Senden,Langenwang (Schwab),100.11296964916288,true
Senden,Oberstdorf,Senden,Oberstdorf,102.89242301912373,true
Silistra,Sofia,Silistra,Sofia,,
Singen (Htw) Bahnhof,"Aalen, Hauptbahnhof",Singen (Htw) Bahnhof,"Aalen, Hauptbahnhof",151.93088096408763,true
Singen (Htw) Bahnhof,Giengen (Brenz),Singen (Htw) Bahnhof,Giengen (Brenz),140.90013699765305,true
Singen (Htw) Bahnhof,Heidenheim (Brenz),Singen (Htw) Bahnhof,Heidenheim (Brenz),141.28988846110465,true
Singen (Htw) Bahnhof,Langenau (Württ),Singen (Htw) Bahnhof,Langenau (Württ),125.42971841716151,true
Singen (Htw) Bahnhof,"Oberkochen, Bahnhof",Singen (Htw) Bahnhof,"Oberkochen, Bahnhof",147.32440152866445,true
Singen (Htw) Bahnhof,Sontheim (Brenz),Singen (Htw) Bahnhof,Sontheim (Brenz),139.12295602100968,true
Singen (Htw) Bahnhof,Ulm Hbf,Singen (Htw) Bahnhof,Ulm Hbf,110.60882483906185,true
Sipplingen Bahnhof,"Aalen, Hauptbahnhof",Sipplingen Bahnhof,"Aalen, Hauptbahnhof",137.86852276551159,true
Sipplingen Bahnhof,Giengen (Brenz),Sipplingen Bahnhof,Giengen (Brenz),124.76161855107719,true
Sipplingen Bahnhof,Heidenheim (Brenz),Sipplingen Bahnhof,Heidenheim (Brenz),125.90956370976349,true
Sipplingen Bahnhof,Langenau (Württ),Sipplingen Bahnhof,Langenau (Württ),108.91608986265446,true
Sipplingen Bahnhof,"Oberkochen, Bahnhof",Sipplingen Bahnhof,"Oberkochen, Bahnhof",132.84217661168918,true
Sipplingen Bahnhof,Sontheim (Brenz),Sipplingen Bahnhof,Sontheim (Brenz),122.41799564162413,true
Siracusa,Milano Centrale,Siracusa,Milano Centrale,1064.1675173548674,true
Siracusa,Roma Termini,Siracusa,Roma Termini,587.7107886813169,true
Sofia,Burgas,Sofia,Burgas,,
Sofia,Dobrich,Sofia,Dobrich,,
Sofia,Silistra,Sofia,Silistra,,
Sofia,Varna,Sofia,Varna,,
Sofia,İstanbul Halkalı,Sofia,İstanbul Halkalı,,
Solotvyno,Kyiv Pasazhyrskyi,Solotvyno,Kyiv Pasazhyrskyi,,
Solotvyno,Zaporizhzhia 1,Solotvyno,Zaporizhzhia 1,,
Sontheim (Brenz),Bahnhof Überlingen,Sontheim (Brenz),Bahnhof Überlingen,121.00893307118825,true
Sontheim (Brenz),Friedrichshafen Stadtbahnhof,Sontheim (Brenz),Friedrichshafen Stadtbahnhof,117.36905277021619,true
Sontheim (Brenz),Ludwigshafen(Bodensee) Bahnhof,Sontheim (Brenz),Ludwigshafen(Bodensee) Bahnhof,123.18334188813405,true
Sontheim (Brenz),Radolfzell Bahnhof,Sontheim (Brenz),Radolfzell Bahnhof,133.82686992968917,true
Sontheim (Brenz),"Salem, Bahnhof",Sontheim (Brenz),"Salem, Bahnhof",115.37885062846647,true
Sontheim (Brenz),Singen (Htw) Bahnhof,Sontheim (Brenz),Singen (Htw) Bahnhof,139.12295602100968,true
Sontheim (Brenz),Sipplingen Bahnhof,Sontheim (Brenz),Sipplingen Bahnhof,122.41799564162413,true
Sontheim (Brenz),Uhldingen-Mühlhofen Bahnhof,Sontheim (Brenz),Uhldingen-Mühlhofen Bahnhof,119.46174454146073,true
Sontheim (Brenz),Überlingen Bahnhof Therme,Sontheim (Brenz),Überlingen Bahnhof Therme,121.91171788233378,true
Sonthofen,Ulm Hbf,Sonthofen,Ulm Hbf,100.84568228869624,true
Split,Bratislava Nové Mesto,Split,Bratislava Nové Mesto,521.7998892278248,true
Split,Budapest Keleti,Split,Budapest Keleti,489.599545109085,true
Split,Osijek,Split,Osijek,288.76914352006855,true
Split,Zagreb Gl. K.,Split,Zagreb Gl. K.,258.35782804844297,true
St. Georgen Bahnhof,Blaubeuren,St. Georgen Bahnhof,Blaubeuren,111.67897497102798,true
St. Georgen Bahnhof,Ehingen (Donau),St. Georgen Bahnhof,Ehingen (Donau),103.9521617360304,true
St. Georgen Bahnhof,Herrlingen,St. Georgen Bahnhof,Herrlingen,119.59401901694177,true
St. Georgen Bahnhof,Schelklingen,St. Georgen Bahnhof,Schelklingen,106.69104606144563,true
St. Georgen Bahnhof,Ulm Hbf,St. Georgen Bahnhof,Ulm Hbf,125.15545381179702,true
Stavanger,Oslo S,Stavanger,Oslo S,302.65238857004414,true
Stockholm C,Berlin Hbf,Stockholm C,Berlin Hbf,810.5934008503954,true
Stockholm C,Duved,Stockholm C,Duved,527.6870120417353,true
Stockholm C,Luleå C,Stockholm C,Luleå C,726.41863286551,true
Stockholm C,Malmö C,Stockholm C,Malmö C,512.1231750190567,true
Stockholm C,Narvik,Stockholm C,Narvik,1013.6097080275927,true
Storlien,Malmö C,Storlien,Malmö C,858.4041806146538,true
Strasbourg Gare Centrale,Augsburg Hbf,Strasbourg Gare Centrale,Augsburg Hbf,233.60961241176753,true
Strasbourg Gare Centrale,Esslingen (N) Gleis 5,Strasbourg Gare Centrale,Esslingen (N) Gleis 5,116.32412891434346,true
Strasbourg Gare Centrale,München Hbf Gleis 14,Strasbourg Gare Centrale,München Hbf Gleis 14,286.75746242134863,true
Strasbourg Gare Centrale,Paris Gare de l'Est,Strasbourg Gare Centrale,Paris Gare de l'Est,395.3763140589674,true
Strasbourg Gare Centrale,Stuttgart Hauptbahnhof (oben) Gleis 1,Strasbourg Gare Centrale,Stuttgart Hauptbahnhof (oben) Gleis 1,108.63454634685851,true
Strasbourg Gare Centrale,Ulm Hauptbahnhof,Strasbourg Gare Centrale,Ulm Hauptbahnhof,167.01125583398948,true
Stuttgart Hauptbahnhof (oben) Gleis 1,Augsburg Hbf,Stuttgart Hauptbahnhof (oben) Gleis 1,Augsburg Hbf,133.75043271549237,true
Stuttgart Hauptbahnhof (oben) Gleis 1,München Hbf Gleis 14,Stuttgart Hauptbahnhof (oben) Gleis 1,München Hbf Gleis 14,189.27064918136287,true
Stuttgart Hauptbahnhof (oben) Gleis 1,Paris Gare de l'Est,Stuttgart Hauptbahnhof (oben) Gleis 1,Paris Gare de l'Est,499.2762315756796,true
Stuttgart Hauptbahnhof (oben) Gleis 1,Strasbourg Gare Centrale,Stuttgart Hauptbahnhof (oben) Gleis 1,Strasbourg Gare Centrale,108.63454634685851,true
Stuttgart Hauptbahnhof (oben) Gleis 11,Friedrichshafen Stadtbahnhof,Stuttgart Hauptbahnhof (oben) Gleis 11,Friedrichshafen Stadtbahnhof,127.69604393760734,true
Stuttgart Hauptbahnhof (oben) Gleis 11,Meckenbeuren Bahnhof,Stuttgart Hauptbahnhof (oben) Gleis 11,Meckenbeuren Bahnhof,123.83005853664797,true
Stuttgart Hauptbahnhof (oben) Gleis 11,Ravensburg Bahnhof,Stuttgart Hauptbahnhof (oben) Gleis 11,Ravensburg Bahnhof,115.59391956637619,true
Stuttgart Hauptbahnhof (oben) Gleis 12,Enzisweiler,Stuttgart Hauptbahnhof (oben) Gleis 12,Enzisweiler,140.38196370848314,true
Stuttgart Hauptbahnhof (oben) Gleis 12,Eriskirch Bahnhof,Stuttgart Hauptbahnhof (oben) Gleis 12,Eriskirch Bahnhof,131.09007856409858,true
Stuttgart Hauptbahnhof (oben) Gleis 12,Friedrichshafen Stadtbahnhof,Stuttgart Hauptbahnhof (oben) Gleis 12,Friedrichshafen Stadtbahnhof,127.67759838191577,true
Stuttgart Hauptbahnhof (oben) Gleis 12,Kressbronn Bahnhof,Stuttgart Hauptbahnhof (oben) Gleis 12,Kressbronn Bahnhof,135.9663183176236,true
Stuttgart Hauptbahnhof (oben) Gleis 12,Langenargen Bahnhof,Stuttgart Hauptbahnhof (oben) Gleis 12,Langenargen Bahnhof,134.52238933414293,true
Stuttgart Hauptbahnhof (oben) Gleis 12,Lindau-Aeschach,Stuttgart Hauptbahnhof (oben) Gleis 12,Lindau-Aeschach,141.28207848796555,true
Stuttgart Hauptbahnhof (oben) Gleis 12,Lindau-Reutin,Stuttgart Hauptbahnhof (oben) Gleis 12,Lindau-Reutin,142.35131971848563,true
Stuttgart Hauptbahnhof (oben) Gleis 12,Meckenbeuren Bahnhof,Stuttgart Hauptbahnhof (oben) Gleis 12,Meckenbeuren Bahnhof,123.82141945373635,true
Stuttgart Hauptbahnhof (oben) Gleis 12,Nonnenhorn,Stuttgart Hauptbahnhof (oben) Gleis 12,Nonnenhorn,138.24312229555545,true
Stuttgart Hauptbahnhof (oben) Gleis 12,Ravensburg Bahnhof,Stuttgart Hauptbahnhof (oben) Gleis 12,Ravensburg Bahnhof,115.5764235469622,true
Stuttgart Hauptbahnhof (oben) Gleis 12,Wasserburg (Bodensee),Stuttgart Hauptbahnhof (oben) Gleis 12,Wasserburg (Bodensee),139.07668590361683,true
Stuttgart Hauptbahnhof (oben) Gleis 13,Friedrichshafen Stadtbahnhof,Stuttgart Hauptbahnhof (oben) Gleis 13,Friedrichshafen Stadtbahnhof,127.67246600409176,true
Stuttgart Hauptbahnhof (oben) Gleis 13,Meckenbeuren Bahnhof,Stuttgart Hauptbahnhof (oben) Gleis 13,Meckenbeuren Bahnhof,123.81592362445974,true
Stuttgart Hauptbahnhof (oben) Gleis 13,Ravensburg Bahnhof,Stuttgart Hauptbahnhof (oben) Gleis 13,Ravensburg Bahnhof,115.5706386517493,true
Stuttgart Hauptbahnhof (oben) Gleis 14,Enzisweiler,Stuttgart Hauptbahnhof (oben) Gleis 14,Enzisweiler,140.36772222572043,true
Stuttgart Hauptbahnhof (oben) Gleis 14,Eriskirch Bahnhof,Stuttgart Hauptbahnhof (oben) Gleis 14,Eriskirch Bahnhof,131.0766557510213,true
Stuttgart Hauptbahnhof (oben) Gleis 14,Friedrichshafen Stadtbahnhof,Stuttgart Hauptbahnhof (oben) Gleis 14,Friedrichshafen Stadtbahnhof,127.66453467505805,true
Stuttgart Hauptbahnhof (oben) Gleis 14,Kressbronn Bahnhof,Stuttgart Hauptbahnhof (oben) Gleis 14,Kressbronn Bahnhof,135.95244937749916,true
Stuttgart Hauptbahnhof (oben) Gleis 14,Langenargen Bahnhof,Stuttgart Hauptbahnhof (oben) Gleis 14,Langenargen Bahnhof,134.50889583286354,true
Stuttgart Hauptbahnhof (oben) Gleis 14,Lindau-Aeschach,Stuttgart Hauptbahnhof (oben) Gleis 14,Lindau-Aeschach,141.26772338111567,true
Stuttgart Hauptbahnhof (oben) Gleis 14,Lindau-Insel,Stuttgart Hauptbahnhof (oben) Gleis 14,Lindau-Insel,142.69999959202642,true
Stuttgart Hauptbahnhof (oben) Gleis 14,Lindau-Reutin,Stuttgart Hauptbahnhof (oben) Gleis 14,Lindau-Reutin,142.33687830403687,true
Stuttgart Hauptbahnhof (oben) Gleis 14,Meckenbeuren Bahnhof,Stuttgart Hauptbahnhof (oben) Gleis 14,Meckenbeuren Bahnhof,123.80758422074469,true
Stuttgart Hauptbahnhof (oben) Gleis 14,Nonnenhorn,Stuttgart Hauptbahnhof (oben) Gleis 14,Nonnenhorn,138.22920371844484,true
Stuttgart Hauptbahnhof (oben) Gleis 14,Ravensburg Bahnhof,Stuttgart Hauptbahnhof (oben) Gleis 14,Ravensburg Bahnhof,115.56198020671104,true
Stuttgart Hauptbahnhof (oben) Gleis 14,Wasserburg (Bodensee),Stuttgart Hauptbahnhof (oben) Gleis 14,Wasserburg (Bodensee),139.06259581304082,true
Stuttgart Hauptbahnhof (oben) Gleis 15,Friedrichshafen Stadtbahnhof,Stuttgart Hauptbahnhof (oben) Gleis 15,Friedrichshafen Stadtbahnhof,127.65746350969506,true
Stuttgart Hauptbahnhof (oben) Gleis 15,Meckenbeuren Bahnhof,Stuttgart Hauptbahnhof (oben) Gleis 15,Meckenbeuren Bahnhof,123.80017203888958,true
Stuttgart Hauptbahnhof (oben) Gleis 15,Ravensburg Bahnhof,Stuttgart Hauptbahnhof (oben) Gleis 15,Ravensburg Bahnhof,115.55853942827932,true
Stuttgart Hauptbahnhof (oben) Gleis 16,Friedrichshafen Stadtbahnhof,Stuttgart Hauptbahnhof (oben) Gleis 16,Friedrichshafen Stadtbahnhof,127.65036805601731,true
Stuttgart Hauptbahnhof (oben) Gleis 16,Meckenbeuren Bahnhof,Stuttgart Hauptbahnhof (oben) Gleis 16,Meckenbeuren Bahnhof,123.79250504251512,true
Stuttgart Hauptbahnhof (oben) Gleis 16,Ravensburg Bahnhof,Stuttgart Hauptbahnhof (oben) Gleis 16,Ravensburg Bahnhof,115.5461785699865,true
Stuttgart Hauptbahnhof (oben) Gleis 3,Friedrichshafen Stadtbahnhof,Stuttgart Hauptbahnhof (oben) Gleis 3,Friedrichshafen Stadtbahnhof,127.743137156131,true
Stuttgart Hauptbahnhof (oben) Gleis 3,Meckenbeuren Bahnhof,Stuttgart Hauptbahnhof (oben) Gleis 3,Meckenbeuren Bahnhof,123.89065801170536,true
Stuttgart Hauptbahnhof (oben) Gleis 3,Ravensburg Bahnhof,Stuttgart Hauptbahnhof (oben) Gleis 3,Ravensburg Bahnhof,115.64857162869401,true
Stuttgart Hbf,Budapest Keleti,Stuttgart Hbf,Budapest Keleti,747.9209404467774,true
Stuttgart Hbf,Venezia Santa Lucia,Stuttgart Hbf,Venezia Santa Lucia,441.0151302014133,true
Stuttgart Hbf,Zagreb Gl. K.,Stuttgart Hbf,Zagreb Gl. K.,610.0334949829656,true
Suceava Nord,Constanța,Suceava Nord,Constanța,431.7553521686727,true
Sumy,Rakhiv,Sumy,Rakhiv,,
Szklarska Poręba Górna,Warszawa Wschodnia,Szklarska Poręba Górna,Warszawa Wschodnia,413.71495237500517,true
Tannheim (Württ),München Hbf Gleis 15,Tannheim (Württ),München Hbf Gleis 15,109.73709025982015,true
Tannheim (Württ),München Hbf Gleis 19,Tannheim (Württ),München Hbf Gleis 19,109.74657965644337,true
Tannheim (Württ),München Hbf Gleis 24,Tannheim (Württ),München Hbf Gleis 24,109.75739508529531,true
Tannheim (Württ),Pasing Gleis 3,Tannheim (Württ),Pasing Gleis 3,102.85819810416251,true
Tarbes,Paris Austerlitz,Tarbes,Paris Austerlitz,647.5588559432113,true
Tatvan,Ankara,Tatvan,Ankara,827.4309412029706,true
Timişoara Nord,Iași,Timişoara Nord,Iași,514.1004354388759,true
Torino Lingotto,Lecce,Torino Lingotto,Lecce,1003.1453798348673,true
Torino Lingotto,Reggio Calabria Centrale,Torino Lingotto,Reggio Calabria Centrale,1015.4047228783116,true
Torino Lingotto,Salerno,Torino Lingotto,Salerno,754.8545792186109,true
Torino Porta Susa,Salerno,Torino Porta Susa,Salerno,757.3199307043404,true
Toulouse Matabiau,Paris Austerlitz,Toulouse Matabiau,Paris Austerlitz,585.8311066474893,true
Triberg Bahnhof,Blaubeuren,Triberg Bahnhof,Blaubeuren,118.78447096182755,true
Triberg Bahnhof,Ehingen (Donau),Triberg Bahnhof,Ehingen (Donau),111.42276666643167,true
Triberg Bahnhof,Herrlingen,Triberg Bahnhof,Herrlingen,126.71426743488963,true
Triberg Bahnhof,Munderkingen Gleis,Triberg Bahnhof,Munderkingen Gleis,105.0037110807634,true
Triberg Bahnhof,Schelklingen,Triberg Bahnhof,Schelklingen,113.87811281050183,true
Triberg Bahnhof,Ulm Hbf,Triberg Bahnhof,Ulm Hbf,132.37685784846835,true
Trieste Centrale,Roma Termini,Trieste Centrale,Roma Termini,430.04222391895206,true
Trondheim S,Bodø,Trondheim S,Bodø,466.17744901027874,true
Trondheim S,Oslo S,Trondheim S,Oslo S,392.5032494518196,true
Truskavets,Dnipro Holovny,Truskavets,Dnipro Holovny,,
Truskavets,Kyiv Pasazhyrskyi,Truskavets,Kyiv Pasazhyrskyi,,
Turku satama / Åbo hamn,Rovaniemi,Turku satama / Åbo hamn,Rovaniemi,,
Uhldingen-Mühlhofen Bahnhof,"Aalen, Hauptbahnhof",Uhldingen-Mühlhofen Bahnhof,"Aalen, Hauptbahnhof",137.93405211864425,true
Uhldingen-Mühlhofen Bahnhof,Giengen (Brenz),Uhldingen-Mühlhofen Bahnhof,Giengen (Brenz),122.55072870142088,true
Uhldingen-Mühlhofen Bahnhof,Heidenheim (Brenz),Uhldingen-Mühlhofen Bahnhof,Heidenheim (Brenz),124.62856766575216,true
Uhldingen-Mühlhofen Bahnhof,Langenau (Württ),Uhldingen-Mühlhofen Bahnhof,Langenau (Württ),106.37512397989124,true
Uhldingen-Mühlhofen Bahnhof,"Oberkochen, Bahnhof",Uhldingen-Mühlhofen Bahnhof,"Oberkochen, Bahnhof",132.50926865056127,true
Uhldingen-Mühlhofen Bahnhof,Sontheim (Brenz),Uhldingen-Mühlhofen Bahnhof,Sontheim (Brenz),119.46174454146073,true
Ulm Hauptbahnhof,Karlsruhe Hauptbahnhof,Ulm Hauptbahnhof,Karlsruhe Hauptbahnhof,133.55648809313462,true
Ulm Hauptbahnhof,München Hbf Gleis 14,Ulm Hauptbahnhof,München Hbf Gleis 14,120.0518899085957,true
Ulm Hauptbahnhof,Paris Gare de l'Est,Ulm Hauptbahnhof,Paris Gare de l'Est,562.383295458872,true
Ulm Hauptbahnhof,Strasbourg Gare Centrale,Ulm Hauptbahnhof,Strasbourg Gare Centrale,167.01125583398948,true
Ulm Hbf,Altstädten (Allgäu),Ulm Hbf,Altstädten (Allgäu),103.70601495362367,true
Ulm Hbf,Bad Säckingen Bahnhof,Ulm Hbf,Bad Säckingen Bahnhof,178.0601014408661,true
Ulm Hbf,Badischer Bahnhof,Ulm Hbf,Badischer Bahnhof,199.42203968546465,true
Ulm Hbf,Donaueschingen Bahnhof,Ulm Hbf,Donaueschingen Bahnhof,120.90965713213525,true
Ulm Hbf,Erzingen (Baden) Bahnhof,Ulm Hbf,Erzingen (Baden) Bahnhof,141.66370360554544,true
Ulm Hbf,Fischen,Ulm Hbf,Fischen,107.07423881421283,true
Ulm Hbf,Geisingen Bahnhof,Ulm Hbf,Geisingen Bahnhof,112.04398922757971,true
Ulm Hbf,Immendingen Bahnhof,Ulm Hbf,Immendingen Bahnhof,106.22817883850203,true
Ulm Hbf,Ingolstadt Hbf,Ulm Hbf,Ingolstadt Hbf,113.70475341446394,true
Ulm Hbf,Ingolstadt Nord,Ulm Hbf,Ingolstadt Nord,114.44298568101559,true
Ulm Hbf,Langenwang (Schwab),Ulm Hbf,Langenwang (Schwab),109.28171452229994,true
Ulm Hbf,München Hbf Gleis 11,Ulm Hbf,München Hbf Gleis 11,120.02352072962394,true
Ulm Hbf,München Hbf Gleis 12,Ulm Hbf,München Hbf Gleis 12,120.02202442288764,true
Ulm Hbf,München Hbf Gleis 13,Ulm Hbf,München Hbf Gleis 13,120.02146941126081,true
Ulm Hbf,München Hbf Gleis 14,Ulm Hbf,München Hbf Gleis 14,120.01997110091358,true
Ulm Hbf,München Hbf Gleis 15,Ulm Hbf,München Hbf Gleis 15,120.0177912092667,true
Ulm Hbf,München Hbf Gleis 16,Ulm Hbf,München Hbf Gleis 16,120.01757996561126,true
Ulm Hbf,München Hbf Gleis 17,Ulm Hbf,München Hbf Gleis 17,120.01686144387277,true
Ulm Hbf,München Hbf Gleis 18,Ulm Hbf,München Hbf Gleis 18,120.01536754431716,true
Ulm Hbf,München Hbf Gleis 19,Ulm Hbf,München Hbf Gleis 19,120.01349791995116,true
Ulm Hbf,München Hbf Gleis 20,Ulm Hbf,München Hbf Gleis 20,120.01329566081965,true
Ulm Hbf,Oberstdorf,Ulm Hbf,Oberstdorf,112.051024492768,true
Ulm Hbf,Pasing,Ulm Hbf,Pasing,112.88038150920731,true
Ulm Hbf,Pasing Gleis 4,Ulm Hbf,Pasing Gleis 4,112.86998534286231,true
Ulm Hbf,Pasing Gleis 9,Ulm Hbf,Pasing Gleis 9,112.87776307168103,true
Ulm Hbf,Radolfzell Bahnhof,Ulm Hbf,Radolfzell Bahnhof,105.40865979685162,true
Ulm Hbf,Rheinfelden (Baden) Bahnhof,Ulm Hbf,Rheinfelden (Baden) Bahnhof,188.51691400754152,true
Ulm Hbf,Rohrenfeld,Ulm Hbf,Rohrenfeld,100.4976797410364,true
Ulm Hbf,Schaffhausen,Ulm Hbf,Schaffhausen,127.04506348998342,true
Ulm Hbf,Singen (Htw) Bahnhof,Ulm Hbf,Singen (Htw) Bahnhof,110.69964357314618,true
Ulm Hbf,Sonthofen,Ulm Hbf,Sonthofen,100.84365714417706,true
Ulm Hbf,Tiengen (Hochrhein) Bahnhof,Ulm Hbf,Tiengen (Hochrhein) Bahnhof,152.93543138436107,true
Ulm Hbf,Villingen Bahnhof/ZOB,Ulm Hbf,Villingen Bahnhof/ZOB,118.60318229140793,true
Ulm Hbf,Waldshut Bahnhof,Ulm Hbf,Waldshut Bahnhof,157.09280524232219,true
Ulm Hbf,Weichering,Ulm Hbf,Weichering,105.42752073637594,true
Uzhhorod,Dnipro Holovny,Uzhhorod,Dnipro Holovny,,
Uzhhorod,Kharkiv,Uzhhorod,Kharkiv,,
Uzhhorod,Kyiv Pasazhyrskyi,Uzhhorod,Kyiv Pasazhyrskyi,,
Uzhhorod,Odesa Holovna,Uzhhorod,Odesa Holovna,,
Varna,Sofia,Varna,Sofia,,
Vatra Dornei Băi,București Nord,Vatra Dornei Băi,București Nord,327.293847266987,true
Venezia Santa Lucia,Stuttgart Hbf,Venezia Santa Lucia,Stuttgart Hbf,441.0151302014133,true
Venezia Santa Lucia,Wien Hbf,Venezia Santa Lucia,Wien Hbf,433.9095933541052,true
Villach Hbf,Edirne,Villach Hbf,Edirne,1154.2618380191282,true
Villach Hbf-Autoverladestelle,Düsseldorf Hbf,Villach Hbf-Autoverladestelle,Düsseldorf Hbf,725.8178931285222,true
Villach Hbf-Autoverladestelle,Hamburg Altona,Villach Hbf-Autoverladestelle,Hamburg Altona,819.6695561665917,true
Villingen Bahnhof/ZOB,Blaubeuren,Villingen Bahnhof/ZOB,Blaubeuren,105.5173441304082,true
Villingen Bahnhof/ZOB,Blaustein,Villingen Bahnhof/ZOB,Blaustein,114.77998551432772,true
Villingen Bahnhof/ZOB,Herrlingen,Villingen Bahnhof/ZOB,Herrlingen,113.34888800437909,true
Villingen Bahnhof/ZOB,Schelklingen,Villingen Bahnhof/ZOB,Schelklingen,100.32859747252519,true
Villingen Bahnhof/ZOB,Ulm Hbf,Villingen Bahnhof/ZOB,Ulm Hbf,118.59904663730688,true
Vorokhta,Kharkiv,Vorokhta,Kharkiv,,
Wangen Bahnhof,Geltendorf,Wangen Bahnhof,Geltendorf,101.25838574557848,true
Wangen Bahnhof,München Hbf Gleis 15,Wangen Bahnhof,München Hbf Gleis 15,138.13624191676897,true
Wangen Bahnhof,München Hbf Gleis 19,Wangen Bahnhof,München Hbf Gleis 19,138.15306194632535,true
Wangen Bahnhof,München Hbf Gleis 24,Wangen Bahnhof,München Hbf Gleis 24,138.1721695295491,true
Wangen Bahnhof,Pasing Gleis 3,Wangen Bahnhof,Pasing Gleis 3,131.90038483337253,true
Warszawa Wschodnia,Budapest Nyugati,Warszawa Wschodnia,Budapest Nyugati,546.0700593571285,true
Warszawa Wschodnia,München Hbf,Warszawa Wschodnia,München Hbf,814.8240894998492,true
Warszawa Wschodnia,Praha hl.n.,Warszawa Wschodnia,Praha hl.n.,520.2907643366152,true
Warszawa Wschodnia,Szklarska Poręba Górna,Warszawa Wschodnia,Szklarska Poręba Górna,413.71495237500517,true
Warszawa Zachodnia,Kyiv Pasazhyrskyi,Warszawa Zachodnia,Kyiv Pasazhyrskyi,,
Wasserburg (Bodensee),Esslingen (N) Gleis 3,Wasserburg (Bodensee),Esslingen (N) Gleis 3,132.1546651154912,true
Wasserburg (Bodensee),Geislingen (Steige) Gleis 2,Wasserburg (Bodensee),Geislingen (Steige) Gleis 2,117.43384466870233,true
Wasserburg (Bodensee),Göppingen Gleis 4,Wasserburg (Bodensee),Göppingen Gleis 4,125.46279148203375,true
Wasserburg (Bodensee),Plochingen Gleis 1,Wasserburg (Bodensee),Plochingen Gleis 1,128.02178966840177,true
Wasserburg (Bodensee),Stuttgart Hauptbahnhof (oben) Gleis 11,Wasserburg (Bodensee),Stuttgart Hauptbahnhof (oben) Gleis 11,139.08548428583674,true
Wasserburg (Bodensee),Stuttgart Hauptbahnhof (oben) Gleis 13,Wasserburg (Bodensee),Stuttgart Hauptbahnhof (oben) Gleis 13,139.07106925149284,true
Wehr-Brennet Bahnhof,Bermatingen-Ahausen Bahnhof,Wehr-Brennet Bahnhof,Bermatingen-Ahausen Bahnhof,108.70742949124802,true
Wehr-Brennet Bahnhof,Friedrichshafen Stadtbahnhof,Wehr-Brennet Bahnhof,Friedrichshafen Stadtbahnhof,117.43317280057103,true
Wehr-Brennet Bahnhof,Markdorf Bahnhof,Wehr-Brennet Bahnhof,Markdorf Bahnhof,111.7348815331235,true
Wehr-Brennet Bahnhof,"Salem, Bahnhof",Wehr-Brennet Bahnhof,"Salem, Bahnhof",105.6587354051501,true
Wehr-Brennet Bahnhof,Uhldingen-Mühlhofen Bahnhof,Wehr-Brennet Bahnhof,Uhldingen-Mühlhofen Bahnhof,101.70283038063018,true
Weichering,Neu-Ulm,Weichering,Neu-Ulm,104.07399206023332,true
Weichering,Ulm Hbf,Weichering,Ulm Hbf,105.42756301329804,true
Wien Hbf,Amsterdam Centraal,Wien Hbf,Amsterdam Centraal,937.867979856593,true
Wien Hbf,Bregenz,Wien Hbf,Bregenz,500.954653388415,true
Wien Hbf,Bruxelles Midi / Brussel Zuid,Wien Hbf,Bruxelles Midi / Brussel Zuid,,
Wien Hbf,București Nord,Wien Hbf,București Nord,852.0070230476704,true
Wien Hbf,Hamburg Hbf,Wien Hbf,Hamburg Hbf,745.0615789845033,true
Wien Hbf,Roma Tiburtina,Wien Hbf,Roma Tiburtina,759.995661238376,true
Wien Hbf,Venezia Santa Lucia,Wien Hbf,Venezia Santa Lucia,433.9095933541052,true
Wien Westbf,Kyiv Pasazhyrskyi,Wien Westbf,Kyiv Pasazhyrskyi,,
Wyhlen Bahnhof,Bahnhof Überlingen,Wyhlen Bahnhof,Bahnhof Überlingen,113.0050376279347,true
Wyhlen Bahnhof,Bermatingen-Ahausen Bahnhof,Wyhlen Bahnhof,Bermatingen-Ahausen Bahnhof,125.60055435998862,true
Wyhlen Bahnhof,Friedrichshafen Stadtbahnhof,Wyhlen Bahnhof,Friedrichshafen Stadtbahnhof,134.19349203608917,true
Wyhlen Bahnhof,Ludwigshafen(Bodensee) Bahnhof,Wyhlen Bahnhof,Ludwigshafen(Bodensee) Bahnhof,106.28423631895984,true
Wyhlen Bahnhof,Markdorf Bahnhof,Wyhlen Bahnhof,Markdorf Bahnhof,128.6088550411124,true
Wyhlen Bahnhof,"Salem, Bahnhof",Wyhlen Bahnhof,"Salem, Bahnhof",122.57517921675787,true
Wyhlen Bahnhof,Uhldingen-Mühlhofen Bahnhof,Wyhlen Bahnhof,Uhldingen-Mühlhofen Bahnhof,118.61018134474033,true
Yasinia,Zaporizhzhia 1,Yasinia,Zaporizhzhia 1,,
Zagreb Gl. K.,Split,Zagreb Gl. K.,Split,258.35782804844297,true
Zagreb Gl. K.,Stuttgart Hbf,Zagreb Gl. K.,Stuttgart Hbf,610.0334949829656,true
Zagreb Gl. K.,Zürich HB,Zagreb Gl. K.,Zürich HB,594.497774816676,true
Zakopane,Gdynia Gł.,Zakopane,Gdynia Gł.,588.4871436483481,true
Zakopane,Świnoujście,Zakopane,Świnoujście,645.0313601009307,true
Zaporizhzhia 1,Kyiv Pasazhyrskyi,Zaporizhzhia 1,Kyiv Pasazhyrskyi,,
Zaporizhzhia 1,Lviv,Zaporizhzhia 1,Lviv,,
Zaporizhzhia 1,Przemyśl Gł.,Zaporizhzhia 1,Przemyśl Gł.,,
Zaporizhzhia 1,Solotvyno,Zaporizhzhia 1,Solotvyno,,
Zaporizhzhia 1,Yasinia,Zaporizhzhia 1,Yasinia,,
Zemun,Bar,Zemun,Bar,324.00076837130325,true
Zürich HB,Amsterdam Centraal,Zürich HB,Amsterdam Centraal,614.0212783148834,true
Zürich HB,Berlin Hbf,Zürich HB,Berlin Hbf,668.1718928717406,true
Zürich HB,Budapest Keleti,Zürich HB,Budapest Keleti,792.5146364909679,true
Zürich HB,Graz Hbf,Zürich HB,Graz Hbf,520.1972565068972,true
Zürich HB,Hamburg Hbf,Zürich HB,Hamburg Hbf,694.2897259318105,true
Zürich HB,Praha hl.n.,Zürich HB,Praha hl.n.,526.4534025440987,true
Zürich HB,Zagreb Gl. K.,Zürich HB,Zagreb Gl. K.,594.497774816676,true
Überlingen Bahnhof Therme,"Aalen, Hauptbahnhof",Überlingen Bahnhof Therme,"Aalen, Hauptbahnhof",138.44820445419577,true
Überlingen Bahnhof Therme,Giengen (Brenz),Überlingen Bahnhof Therme,Giengen (Brenz),124.51858282345407,true
Überlingen Bahnhof Therme,Heidenheim (Brenz),Überlingen Bahnhof Therme,Heidenheim (Brenz),125.9992909599947,true
Überlingen Bahnhof Therme,Langenau (Württ),Überlingen Bahnhof Therme,Langenau (Württ),108.53209641972659,true
Überlingen Bahnhof Therme,"Oberkochen, Bahnhof",Überlingen Bahnhof Therme,"Oberkochen, Bahnhof",133.275934588216,true
Überlingen Bahnhof Therme,Sontheim (Brenz),Überlingen Bahnhof Therme,Sontheim (Brenz),121.90497312778218,true
İstanbul Halkalı,Ankara,İstanbul Halkalı,Ankara,365.30280516538903,true
İstanbul Halkalı,București Nord,İstanbul Halkalı,București Nord,439.9977264500113,true
İstanbul Halkalı,Sofia,İstanbul Halkalı,Sofia,,
İzmir Basmane,Ankara,İzmir Basmane,Ankara,519.1685123931088,true
İzmir Basmane,Konya,İzmir Basmane,Konya,470.30208447777346,true
Łeba,Bohumín,Łeba,Bohumín,542.7448652242813,true
Łeba,Kraków Gł.,Łeba,Kraków Gł.,546.0892639717985,true
Świnoujście,Bielsko-Biała Gł.,Świnoujście,Bielsko-Biała Gł.,559.173648330782,true
Świnoujście,Chelm,Świnoujście,Chelm,695.1090393829659,true
Świnoujście,Kraków Gł.,Świnoujście,Kraków Gł.,577.0780445395837,true
Świnoujście,Przemyśl Gł.,Świnoujście,Przemyśl Gł.,741.947360049923,true
Świnoujście,Zakopane,Świnoujście,Zakopane,645.0313601009307,true
