distance_km,co2_train_kg,co2_avion_kg,vehicule_type,origin_station_traffic,origin_city_population,dest_station_traffic,dest_city_population,ratio_origin,ratio_dest,co2_saved_kg
-0.48515666236787014,-0.4447467606200559,-0.2641056020427684,1.0660431289593015,-0.23730015285005396,-0.18708983213482738,-0.23506178683861473,-0.2853805206670858,-0.3774078650280341,-0.3994057494620618,76.94905005162259
-0.5286657755856157,-0.3717361984318791,-0.36781052757308624,0.3786103782191796,-0.23458381406939227,-0.2632683453204722,-0.22282935576295074,-0.2639792259893105,-0.32848782272566923,-0.22375494925947523,71.96788432046164
-0.3201827798265798,-0.34497687254250065,0.0549290219817669,0.3786103782191796,-0.17727744559349787,-0.25554844542247396,-0.23323580690426277,-0.2762200670683649,0.30153194033586206,-0.33814865074238104,88.80825015243902
-0.4731822453252756,-0.23467772492911795,-0.41424070283397113,-1.683687874001186,0.007840438709131127,-0.22131913877865067,-0.2292765385112027,-0.28461513181280207,0.6693281297685375,1.9234234349514676,68.62295331935051
-0.11431653448309755,-0.318553413263663,0.590065028430912,1.0660431289593015,0.14677491602622905,-0.07651261439572349,4.14849283267825,2.544510925883555,0.07393961871835,0.07662394865985454,110.20565121440973
-0.27271418043764695,-0.3388841563670821,0.19382028874011958,0.3786103782191796,-0.22882258072967668,-0.2700360650328565,-0.23285224363638365,-0.2814903544692149,-0.059909678449803855,-0.22485900870406061,94.3699888646952
-0.5419941432745823,0.13132596866013121,-0.47459449425626343,0.3786103782191796,-0.23730015285005396,-0.24679166638404373,-0.2282629037303277,-0.2853805206670858,-0.3774078650280341,-0.3994057494620618,62.268558550044595
2.5183005995117504,2.0730068575928824,2.048852279471849,-0.9962551232610641,-0.23730015285005396,2.1021521525709193,-0.23506178683861473,-0.2853805206670858,-0.3774078650280341,-0.3994057494620618,143.7601172456365
-0.40464682250428446,-0.25706495288363707,-0.11895944474314347,1.0660431289593015,-0.23730015285005396,-0.27630515380155485,-0.23506178683861473,-0.2853805206670858,-0.3774078650280341,-0.3994057494620618,80.82461946326214
-0.37037881089465735,-0.3514196615518093,0.30998121649478727,-1.683687874001186,-0.23509690891196963,-0.2754171808881415,0.06853607612397558,-0.22770732712154118,0.20514727831822152,1.2183096216106803,99.20983722520162
-0.38193432463611987,-0.2512345384653937,-0.11565986084209338,0.3786103782191796,-0.23730015285005396,-0.2512178698293657,-0.23506178683861473,-0.2853805206670858,-0.3774078650280341,-0.3994057494620618,80.89601826244927
-0.4788090771317098,-0.3653369636317493,-0.3074170666293918,0.3786103782191796,-0.21632948375434613,-0.26436533339658136,0.2175297043446982,-0.07147249538429643,0.03496365964860124,0.25080883790021175,74.34621625566469
-0.48799411517828023,-0.44478722665645226,-0.19990300482424772,1.0660431289593015,-0.23730015285005396,-0.23185869420478,-0.2282629037303277,-0.2853805206670858,-0.3774078650280341,-0.3994057494620618,79.55048219460186
0.72104903925087,1.1129693324454468,0.40361897523563495,-0.9962551232610641,-0.23730015285005396,-0.27630515380155485,-0.23506178683861473,-0.2637855247678398,-0.3774078650280341,-0.3994057494620618,87.36205197772756
-0.4566497589833186,-0.36249275845491763,-0.12424373590444103,-1.683687874001186,-0.22218891672615107,-0.27143496389952615,0.11094217213900119,-0.08865406275822625,0.3510899798411846,0.1410942498027899,81.73662435055088
0.31808447403759105,-0.26305363756361283,0.30341290060150383,0.3786103782191796,-0.17693724140439765,-0.25863176060028004,-0.2270516680419249,-0.279767220686548,0.4244998914572508,0.03912303711032531,97.99989349312224
-0.5191081692027667,-0.3705094552004231,-0.360943898014183,0.3786103782191796,-0.23720287097153558,-0.2709117429366995,-0.1735725437656004,-0.2500825084961555,-0.37317297031003244,0.13593006689463796,72.23296485909879
-0.4284259261252515,-0.26316917045624144,-0.35819619815633397,0.3786103782191796,-0.23730015285005396,-0.27630515380155485,-0.23506178683861473,-0.2853805206670858,-0.3774078650280341,-0.3994057494620618,71.19776925873127
1.8010397864590413,0.7758621706227846,1.2655054764689375,-0.9962551232610641,-0.23730015285005396,-0.09840456199179899,-0.23506178683861473,1.7525406143950797,-0.3774078650280341,-0.3994057494620618,125.879796781611
-0.34975206837282113,-0.4428157021690666,0.14058989423457796,1.0660431289593015,-0.23527325879044492,-0.24281081550760292,-0.23506178683861473,0.5624725932157012,-0.3631998364205971,-0.3994057494620618,93.3236013757099
-0.3527823533509804,-0.34916111120723303,-0.044628768827807495,0.3786103782191796,-0.22294112167216948,-0.21179870303468498,0.2175297043446982,-0.07147249538429643,-0.3251446446426304,0.25080883790021175,84.81961948308314
-0.4131243491658813,0.25078706925615163,-0.06477014213172563,0.3786103782191796,-0.23730015285005396,-0.15009005000115444,-0.23506178683861473,-0.2853805206670858,-0.3774078650280341,-0.3994057494620618,77.59554283025906
0.3795107842000653,-0.2551694135009488,0.5244360246779671,0.3786103782191796,-0.23535472706897193,-0.1730543956541984,-0.21733710627074335,-0.18371428234236833,-0.3729840639201124,-0.34582866650631566,106.8698538383578
-0.2226576279715453,-0.3324592697931797,0.6657189957497263,0.3786103782191796,0.13131359221323136,-0.11734843951534216,-0.1735725437656004,-0.2500825084961555,0.16705319413760414,0.13593006689463796,113.41910310918132
-0.380646754603722,-0.44325630350449124,-0.12191540690340927,0.3786103782191796,-0.23730015285005396,-0.23519064179834182,-0.23506178683861473,-0.2853805206670858,-0.3774078650280341,-0.3994057494620618,82.69359335165937
-0.40883894283123423,-0.44365836344738074,-0.06477014213172563,1.0660431289593015,-0.23730015285005396,-0.27630515380155485,-0.23506178683861473,-0.16110235503040088,-0.3774078650280341,-0.3994057494620618,85.01297838888026
-0.5695416605042616,-0.37698272283821,-0.1540826838762106,-1.683687874001186,-0.2215962597086171,-0.26493773439768936,-0.2092419561211843,-0.18371428234236833,-0.053053592420731106,-0.3213591405568145,80.68254623791361
-0.30809066517507633,-0.34342481869046704,0.2601541397305744,1.0660431289593015,-0.0914464489760147,-0.19662119677618894,0.8813245755701815,0.15547000792662885,0.05234694388038261,0.3788109732027036,97.10583017781808
-0.327669059890317,-0.34593775574160934,0.0286649355342974,0.3786103782191796,-0.23484749172996278,-0.2723543573929526,0.2175297043446982,-0.07147249538429643,-0.23165165347501154,0.25080883790021175,87.75449282222765
-0.5885981295323108,-0.3794286693921045,-0.5814734426194734,1.0660431289593015,-0.19235550139599028,-0.26361123947626725,-0.1929485624615568,-0.2688002341681381,0.4538899316309388,0.38114988981155323,63.39405541702854
-0.40462066075544395,-0.4435982048588811,-0.11895944474314347,1.0660431289593015,-0.23730015285005396,-0.27630515380155485,-0.23506178683861473,-0.2853805206670858,-0.3774078650280341,-0.3994057494620618,82.81699828945725
-0.5088681360828573,-0.36919512075134225,-0.39059972439850243,-1.683687874001186,-0.22914082942950312,-0.27330653757856666,0.7627780863481606,0.02520055589806391,0.2614546947198895,0.587926369467768,71.01749826763957
-0.14237952034608103,-0.32215536929562893,0.5001786632686283,0.3786103782191796,-0.16904519606227253,-0.24045700423097027,-0.2270516680419249,-0.279767220686548,0.06962723950582328,0.03912303711032531,106.6026135874882
-0.5254787995930673,-0.2880831396763267,-0.402437183467209,1.0660431289593015,-0.23730015285005396,-0.27630515380155485,-0.23506178683861473,-0.2853805206670858,-0.3774078650280341,-0.3994057494620618,69.6715701124345
-0.26963565946596213,-0.33848902032426625,0.4030877228973895,1.0660431289593015,1.0019231505527846,0.1714162535901588,0.11094217213900119,-0.08865406275822625,0.2724462701465056,0.1410942498027899,102.8436898881384
-0.044288124633572894,-0.3095650876985207,0.7787451305314476,-1.683687874001186,0.8703328902923962,0.03911648616461518,-0.23462696308426398,-0.26336987423010044,0.4470692267519424,-0.3933347825484618,117.75352580062314
0.10128119175284113,0.7276362215020827,0.1505401459510589,0.3786103782191796,-0.23730015285005396,0.42798441496746586,-0.23506178683861473,-0.2853805206670858,-0.3774078650280341,-0.3994057494620618,81.22500505652286
-0.5814140048279998,-0.44611952463893556,-0.5364758639376908,0.3786103782191796,-0.23730015285005396,-0.27630515380155485,-0.2343111323450354,-0.2853805206670858,-0.3774078650280341,-0.3994057494620618,65.92934551852761
0.4045697181386274,-0.2519530352190603,0.47845870844086497,-1.683687874001186,-0.21076161403238222,-0.2592150904987839,1.315022825170201,-0.1722603524755389,-0.012815548991977786,3.8116672006458017,104.97284896653424
-0.33142245618766164,-0.34641951375907715,-0.33289906356915433,-1.683687874001186,-0.18708004208100978,-0.1730543956541984,-0.05838972187484425,-0.09390417294850639,-0.2632098401943753,-0.1158554225708143,73.11182092720834
-0.41030614525840864,-0.3565444370676441,0.25297755090025836,-1.683687874001186,-0.22240155316889226,-0.2756890372108634,-0.2092419561211843,-0.18371428234236833,5.300086643799319,-0.3213591405568145,96.95522134547288
-0.5921416171555677,-0.30519582604544326,-0.5218482585309332,1.0660431289593015,-0.23730015285005396,-0.11175557627301247,-0.23506178683861473,-0.2853805206670858,-0.3774078650280341,-0.3994057494620618,65.01672561559083
-0.19513700499031503,-0.32892692742467,0.5839995519153597,1.0660431289593015,0.012366799320948673,-0.22395027082670316,-0.23323580690426277,-0.28322828487296636,0.7422311972368435,-0.1386802230364207,110.07072479297034
-0.46428888888379916,-0.3634732603216239,-0.16302314694199352,-1.683687874001186,-0.23095967581422563,-0.2731876858193867,1.3760170801958096,0.035095459961528075,0.10011492965450126,1.145488362564228,80.17605100183674
5.509329814108401,7.933071878147584,2.4912020754595923,-0.9962551232610641,-0.23730015285005396,-0.030402230170429468,-0.23506178683861473,-0.20617555314874744,-0.3774078650280341,-0.3994057494620618,99.08886599079288
-0.49578939025069263,-0.28046171638313877,-0.4225732518408768,0.3786103782191796,-0.23730015285005396,-0.19701600319461426,-0.23506178683861473,-0.20681987873961194,-0.3774078650280341,-0.3994057494620618,68.77440496485274
-0.23917464586498963,-0.334579271297006,0.39126584464068914,-1.683687874001186,-0.23077944313218104,-0.1730543956541984,4.14849283267825,2.544510925883555,-0.36258009665214797,0.07662394865985454,102.32299709212094
-0.5865659721589941,-0.37916783679416005,-0.5289310852096916,-1.683687874001186,-0.23095967581422563,-0.2755742837882069,-0.22918743684675258,-0.18371428234236833,1.6594276816365374,-0.3816491227279485,65.5198853126196
-0.5807439689361765,-0.3784205677854757,-0.5450054645804976,-1.683687874001186,-0.23177188772449703,-0.2704581936947715,-0.23364538200708837,-0.2839990543167354,-0.1554181224682024,-0.08432309846977806,64.86069232178197
-0.4651251048925287,-0.2725900374284445,-0.14385261210503314,0.3786103782191796,-0.23527325879044492,-0.21823855582519355,-0.23323580690426277,-0.2853805206670858,-0.36921230108503583,-0.3994057494620618,79.9819629005297
-0.36316839660567385,-0.35049418643066627,0.25297755090025836,-1.683687874001186,0.8703328902923962,0.03911648616461518,-0.2314895160388301,-0.28117828027906755,0.4470692267519424,-0.13816502268735537,96.8905980617707
0.5316439150040052,-0.23564273694427032,0.8098455030971743,0.3786103782191796,-0.23535472706897193,-0.1730543956541984,-0.21363623906445045,-0.2769733495963067,-0.3729840639201124,0.38377039723308864,118.2239044370467
-0.24827594624054108,-0.3357474464850102,0.03956021895680417,0.3786103782191796,4.628580709868071,2.5976915844060295,-0.2280667019924058,-0.28164101097480326,0.020103340759398753,0.17544582549649265,88.08704303777776
1.8010397864590413,-0.4121424091510772,1.2655054764689375,-0.9962551232610641,-0.23730015285005396,1.7933780144457792,-0.23506178683861473,-0.11021004938370386,-0.3774078650280341,-0.3994057494620618,138.56898299961784
-0.5615722582674294,-0.44583655364624103,-0.36354896914798085,0.3786103782191796,-0.23730015285005396,-0.27630515380155485,-0.23506178683861473,-0.2373210953843985,-0.3774078650280341,-0.3994057494620618,72.93200290012393
-0.46391696854462083,-0.4444438529487305,-0.4225732518408768,1.0660431289593015,-0.23730015285005396,-0.27630515380155485,-0.23506178683861473,-0.2073081672354028,-0.3774078650280341,-0.3994057494620618,70.52591325255942
-0.24545213433735627,-0.3353850030027852,0.43097126409830305,1.0660431289593015,7.817292830604307,2.5976915844060295,-0.23323580690426277,-0.2835928198105953,0.28060063524408096,-0.08551497272690324,103.94016416960508
0.054826615418289905,-0.2968434572373282,-0.1264908759858485,-1.683687874001186,4.628580709868071,2.5976915844060295,-0.22518593897104094,-0.2659673538041284,0.020103340759398753,-0.24307104178271466,80.94438113463087
-0.5383657596063864,-0.29139128825184285,-0.4989972641597908,1.0660431289593015,-0.23730015285005396,0.07778565737550526,-0.23506178683861473,-0.2853805206670858,-0.3774078650280341,-0.3994057494620618,65.795026211233
1.831619405946384,1.7315358506903382,1.2735605531076377,-0.9962551232610641,-0.23730015285005396,-0.27630515380155485,-0.23506178683861473,-0.1408632676814501,-0.3774078650280341,-0.3994057494620618,115.99848859271674
0.2803290964880103,-0.2678996368656061,0.30341290060150383,0.3786103782191796,-0.17693724140439765,-0.25863176060028004,-0.22042233885042875,-0.26816263431413023,0.4244998914572508,-0.1381160638873422,98.05165405751924
-0.5533516826401749,-0.2952382513747037,-0.3853236962149684,0.3786103782191796,-0.23730015285005396,-0.22749669803165867,-0.23506178683861473,-0.2853805206670858,-0.3774078650280341,-0.3994057494620618,70.44130259242193
0.5900207097057046,-0.4294132310152106,0.3954426030523948,-0.9962551232610641,-0.1061982080858279,0.12537144274923992,-0.23506178683861473,1.170842394844703,-0.3007764613171408,-0.3994057494620618,103.50513775882528
-0.37592748134132037,-0.3521318475993785,-0.04024083734509009,0.3786103782191796,-0.23527325879044492,-0.2741193743223835,-0.14783628163281484,-0.1850755714821489,-0.1596875866548219,-0.13216755217667134,85.02911573302654
0.11096721890362442,-0.12470419015629426,0.10713072125781352,-1.683687874001186,-0.23730015285005396,-0.27630515380155485,-0.23506178683861473,0.40810079058774107,-0.3774078650280341,-0.3994057494620618,88.57031236715635
-0.5535405642367431,-0.37492894119500725,-0.20567208731460587,0.3786103782191796,-0.22414090797508668,-0.2747751081661349,-0.23463771125078223,-0.2817741805645644,1.641891736868955,-0.36326859153688296,78.57060016667491
2.6947890274887696,3.1317938645265024,2.126391630931186,-0.30882237252094225,-0.23730015285005396,4.4044787596838555,-0.23506178683861473,0.2733493075179224,-0.3774078650280341,-0.3994057494620618,135.59241936946825
-0.4218735372221328,-0.26148713869749646,-0.26977752697682017,1.0660431289593015,-0.23730015285005396,-0.22749669803165867,-0.23506178683861473,-0.2853805206670858,-0.3774078650280341,-0.3994057494620618,74.761853999251
-0.5546425141978055,-0.37507037929174264,-0.02261245823017096,1.0660431289593015,-0.23560237934026546,-0.27599641245012185,-0.1929485624615568,-0.2688002341681381,0.9136898948814154,0.38114988981155323,85.98829186815712
-0.46818634640887546,-0.4445047402344716,-0.04526145271838463,0.3786103782191796,-0.23730015285005396,-0.24692417926496849,-0.23506178683861473,-0.2853805206670858,-0.3774078650280341,-0.3994057494620618,85.81236202747111
2.3716967630106622,0.45563665153447647,1.4810445701853776,-1.683687874001186,-0.23730015285005396,-0.27630515380155485,-0.23506178683861473,0.05116459045937241,-0.3774078650280341,-0.3994057494620618,138.0321563670761
-0.4817625156056861,-0.3657160450159726,-0.15722669551029167,0.3786103782191796,7.817292830604307,2.5976915844060295,-0.22504430484775015,-0.28352287214728644,0.28060063524408096,1.2577847186914732,80.43483442607032
-0.47911466345873,-0.27618122869427036,-0.23244260483360038,0.3786103782191796,-0.23730015285005396,-0.27630515380155485,-0.23506178683861473,-0.12335617464365972,-0.3774078650280341,-0.3994057494620618,76.43132942490918
-0.179638182659141,-0.3269376139262166,0.5554788153346545,0.3786103782191796,-0.1734799225098543,-0.1730543956541984,7.021126615034065,2.544510925883555,-0.23228384722574022,0.38857603114134814,108.8940338759804
-0.5535445555644497,-0.44572206740401515,-0.1476611196095599,0.3786103782191796,-0.23730015285005396,-0.27630515380155485,-0.23506178683861473,-0.2853805206670858,-0.3774078650280341,-0.3994057494620618,81.67691034389604
-0.489233204434923,-0.2787787099374882,-0.23244260483360038,0.3786103782191796,-0.23730015285005396,-0.27630515380155485,-0.23323580690426277,-0.2162547424020831,-0.3774078650280341,-0.391288042515419,76.45907336104725
-0.21902180289789924,-0.44095130616523054,0.32947122366889675,0.3786103782191796,-0.23730015285005396,-0.27630515380155485,-0.23323580690426277,-0.2853805206670858,-0.3774078650280341,-0.3994057494620618,100.95571950691728
-0.5568741993193121,-0.37535682178663987,-0.23308933548407457,0.3786103782191796,-0.14361692727613823,-0.2701658456894323,-0.2338423469284317,-0.28142713254276264,3.205342764603683,-0.30461447694590327,77.46443246237955
-0.3109817380358281,-0.3437958952886766,0.2875431736269745,-1.683687874001186,0.8703328902923962,0.03911648616461518,-0.23364538200708837,-0.2839990543167354,0.4470692267519424,-0.08432309846977806,98.21938859005492
-0.4723890651281094,-0.3645129386661035,-0.22263693963412162,-1.683687874001186,0.14677491602622905,-0.07651261439572349,-0.2121825654425117,-0.18371428234236833,0.07393961871835,-0.33024783499313526,77.77205936636913
-0.39706190600331365,-0.25511786600727815,0.038588827382068876,0.3786103782191796,-0.23730015285005396,-0.27630515380155485,-0.23506178683861473,-0.2631196768190341,-0.3774078650280341,-0.3994057494620618,87.18647768725042
-0.029234900942519345,-0.30763296792554806,-0.057398482115713675,0.3786103782191796,7.817292830604307,2.5976915844060295,0.035582642769349554,-0.1382213982441685,0.28060063524408096,0.1657775309123723,83.85872210540886
2.7597644823594756,3.1920255068928616,2.3139144767732573,-0.9962551232610641,-0.22294112167216948,2.2444846478058595,-0.23506178683861473,-0.22215590392008433,-0.3760704608340948,-0.3994057494620618,142.54607617071989
-0.23747687828516809,-0.3343613584845607,0.22165406579030256,1.0660431289593015,-0.23095967581422563,-0.2088738568691188,-0.22163999799929515,-0.2847738592026184,-0.3553311426320546,6.399537167812967,95.44929295634364
-0.5500736151661324,-0.37448394941193835,-0.5586932046796033,0.3786103782191796,-0.2125830018885319,-0.265194563486492,-0.21579782890836932,-0.27522465801358464,0.14491068680642144,0.18351042276018412,64.26412203054912
-0.38762654059898954,-0.35363345178601896,-0.2203108354410242,0.3786103782191796,-0.22412354125366757,-0.27082021342100926,-0.2314895160388301,-0.2738700946106607,0.18662707600640646,-0.3040316662034217,77.75009057962949
1.7173166470174694,-0.08345860836061895,0.46883185795748544,1.0660431289593015,-0.23730015285005396,2.5976915844060295,-0.23506178683861473,0.5624725932157012,-0.3774078650280341,-0.3994057494620618,102.78313788016614
-0.5759283569038071,-0.3778024716608406,-0.41519605535310444,0.3786103782191796,-0.2295353928685737,-0.2725073619564946,0.2175297043446982,-0.07147249538429643,0.10262509008405632,0.25080883790021175,70.11297830438302
-0.48371917107140444,-0.3659671867509125,0.25297755090025836,-1.683687874001186,-0.2161232009901729,-0.24970558365221404,-0.2092419561211843,-0.18371428234236833,-0.19048475151302738,-0.3213591405568145,97.05586660177268
-0.23635905418305705,-0.33421788290120924,0.5554788153346545,0.3786103782191796,-0.22565986073140126,-0.26927650666384445,7.021126615034065,2.544510925883555,0.011427998034695923,0.38857603114134814,108.9717950987178
1.9685458937181188,4.430547889780298,1.269615229322324,-0.9962551232610641,-0.23730015285005396,-0.27630515380155485,-0.23506178683861473,-0.25805385181862545,-0.3774078650280341,-0.3994057494620618,87.01025823204402
-0.5792164891044016,-0.4460881849983515,-0.4989972641597908,0.3786103782191796,-0.23730015285005396,-0.27630515380155485,-0.23506178683861473,-0.2853805206670858,-0.3774078650280341,-0.3994057494620618,67.44735799815075
0.32189814198440425,0.46279563658392886,0.2785982670654317,-0.9962551232610641,-0.23730015285005396,0.630235956287365,-0.23506178683861473,-0.08383709002151267,-0.3774078650280341,-0.3994057494620618,89.24173078770195
0.20429959312877527,-0.2776582181359406,0.19524677921670047,0.3786103782191796,-0.21733082349665728,-0.26678471805758913,0.3953014530201081,-0.22683163618280885,0.11506332505940804,2.909235319281924,93.77381950756876
-0.3843660576719277,-0.3532149604606984,0.0286649355342974,0.3786103782191796,0.2650903650581417,-0.05906326359106374,-0.22042233885042875,-0.26816263431413023,0.16555738622139343,-0.1381160638873422,87.83222131536583
-0.31650327833494163,-0.34450459911239806,0.25297755090025836,-1.683687874001186,0.8703328902923962,0.03911648616461518,-0.2314895160388301,-0.268352300093487,0.4470692267519424,-0.3349365156802321,96.82662272855694
-0.45489597824623335,-0.36226765621043333,0.018705460032333462,1.0660431289593015,-0.23546408093676943,-0.27431746058768336,-0.23262303421548558,-0.18371428234236833,-0.16053036043788269,-0.39203403683245447,87.52543194999781
-0.5890202810234283,-0.44622800075111446,-0.4201648683948494,1.0660431289593015,-0.23730015285005396,-0.27630515380155485,-0.23506178683861473,-0.2853805206670858,-0.3774078650280341,-0.3994057494620618,70.64253924121151
-0.19222797554984195,-0.4405691887997244,0.32947122366889675,0.3786103782191796,-0.23730015285005396,-0.27630515380155485,-0.23323580690426277,-0.2853805206670858,-0.3774078650280341,-0.3994057494620618,100.9516380761799
-0.561633660831578,-0.44583742933248566,-0.36354896914798085,0.3786103782191796,-0.23730015285005396,-0.27630515380155485,-0.23506178683861473,-0.2373210953843985,-0.3774078650280341,-0.3994057494620618,72.93201225340927
-0.4850166696414385,-0.4447447641284343,-0.24512052283366223,1.0660431289593015,-0.23730015285005396,-0.24281081550760292,-0.23506178683861473,-0.2853805206670858,-0.3774078650280341,-0.3994057494620618,77.71815944237022
-0.41543978347913474,-0.3572033526671942,-0.044628768827807495,0.3786103782191796,0.2650903650581417,-0.05906326359106374,-0.21733710627074335,-0.18371428234236833,0.16555738622139343,-0.34582866650631566,84.9055194040372
-0.5903501244907481,-0.446246966174593,-0.30233028719107446,0.3786103782191796,-0.23730015285005396,-0.19652010447527726,-0.23506178683861473,-0.2853805206670858,-0.3774078650280341,-0.3994057494620618,75.41650097102206
-0.42632884453611347,-0.3586009915124736,-0.3074170666293918,0.3786103782191796,-0.23580739136872508,-0.2757764683900303,0.2175297043446982,-0.07147249538429643,0.28552151828663896,0.25080883790021175,74.2742687177208
-0.4788674154787788,-0.2761177588726965,-0.23244260483360038,0.3786103782191796,-0.23730015285005396,-0.11175557627301247,-0.23506178683861473,-0.2853805206670858,-0.3774078650280341,-0.3994057494620618,76.43065149790546
-0.4616608854121108,-0.4444116780551717,-0.4636327891484845,0.3786103782191796,-0.23730015285005396,-0.20960472688246673,-0.23506178683861473,-0.2853805206670858,-0.3774078650280341,-0.3994057494620618,68.86215007163561
-0.4162668648890784,-0.4437642959806861,-0.06477014213172563,1.0660431289593015,-0.23527325879044492,-0.24281081550760292,-0.23506178683861473,-0.2853805206670858,-0.3631998364205971,-0.3994057494620618,85.01410986401473
1.6608257432080675,4.275632044631664,0.39746223615992526,-0.9962551232610641,-0.23730015285005396,-0.07162056669890313,-0.23506178683861473,2.0565762038513635,-0.3774078650280341,-0.3994057494620618,53.331936426547074
-0.4477774910551702,-0.4442136814790557,0.026228480514750612,0.3786103782191796,-0.23730015285005396,-0.21068668772465654,-0.2343111323450354,-0.2853805206670858,-0.3774078650280341,-0.3994057494620618,88.70548043879161
-0.4434525874504674,0.2226730744315847,-0.12191540690340927,0.3786103782191796,-0.23730015285005396,-0.27630515380155485,-0.23506178683861473,-0.2853805206670858,-0.3774078650280341,-0.3994057494620618,75.58074039760695
-0.5713349922083614,-0.2998546589579953,-0.41216625702215104,0.3786103782191796,-0.23730015285005396,-0.27630515380155485,-0.23323580690426277,-0.2853805206670858,-0.3774078650280341,-0.3994057494620618,69.40315488224755
-0.5051740635517967,-0.2828708100391014,-0.3501880848546847,0.3786103782191796,-0.23730015285005396,-0.27630515380155485,-0.23506178683861473,-0.2853805206670858,-0.3774078650280341,-0.3994057494620618,71.73263200118679
-0.035806674942561525,-0.3084764719317056,-0.27485559091246115,0.3786103782191796,-0.14047715111713602,-0.17443690117477426,0.11094217213900119,-0.08865406275822625,-0.1542491451950359,0.1410942498027899,75.05802694235132
-0.31697289305710313,-0.3445648753634516,0.0286649355342974,0.3786103782191796,-0.23404954029825503,-0.05906326359106374,-0.23285224363638365,-0.2814903544692149,-0.37389472216807157,-0.22485900870406061,87.73982896059775
0.6830197550211604,-0.21621326059753135,0.8538975407025419,0.3786103782191796,-0.22656151831662388,-0.2707642028218555,-0.2054147184600289,-0.27640838770035037,0.07762098163842816,0.6160557358285936,119.80102923535112
-0.39800336049810586,-0.3549653431681669,0.12498248513762435,-1.683687874001186,0.14677491602622905,-0.07651261439572349,-0.2218422416059699,-0.26014421083366396,0.07393961871835,-0.2384271789210336,91.75297034331248
-0.35766775936288103,-0.3497881655677022,-0.056837796091764085,0.3786103782191796,0.1566191644065754,-0.23843105987621332,0.11094217213900119,-0.08865406275822625,2.0645558250916665,0.1410942498027899,84.33170037432323
-0.5612556856257384,-0.37591919676368124,-0.1540826838762106,-1.683687874001186,0.8703328902923962,0.03911648616461518,-0.22091452855862248,-0.27418754939029333,0.4470692267519424,-0.010983324569783303,80.67118661806268
-0.5286657755856157,-0.3717361984318791,-0.36781052757308624,1.0660431289593015,-0.22372177697888665,-0.25457030910554473,-0.23261470279646848,-0.2725437793025346,-0.23072970259083425,-0.3408227645543132,71.96788432046164
-0.44584808956916955,-0.3611063365505786,-0.056837796091764085,0.3786103782191796,-0.21111473736790395,-0.27426691443722756,-0.22212608224011754,-0.2804492104038096,2.638919400160859,0.4067243990561265,84.4525907999109
-0.5804947321644517,-0.3783885776081765,-0.558373687350717,-1.683687874001186,-0.23527325879044492,-0.2751630840236878,4.14849283267825,2.544510925883555,0.039281662958974846,0.07662394865985454,64.31877213053212
-0.456126769372978,-0.3624256314004118,-0.2742013152409071,0.3786103782191796,0.14677491602622905,-0.07651261439572349,-0.16003583222273957,-0.18371428234236833,0.07393961871835,-0.17262187153000788,75.66076914186024
-0.3926683454283875,-0.4434277481643169,0.007242726981846693,0.3786103782191796,-0.23730015285005396,-0.27630515380155485,-0.23506178683861473,-0.2606782343400798,-0.3774078650280341,-0.3994057494620618,87.92792777882842
-0.3112510322873073,-0.3438304598948175,0.19382028874011958,0.3786103782191796,-0.23527325879044492,-0.2741193743223835,-0.23330919970995542,-0.18371428234236833,-0.1596875866548219,-0.39410813602300454,94.42282078775575
-0.5252737282166278,0.14682563791203282,-0.350053032074865,0.3786103782191796,-0.23730015285005396,-0.27630515380155485,-0.23506178683861473,-0.12335617464365972,-0.3774078650280341,-0.3994057494620618,67.14847601606989
-0.3737666964807378,-0.4431581842753743,0.14058989423457796,1.0660431289593015,-0.23730015285005396,-0.27630515380155485,-0.23506178683861473,0.5624725932157012,-0.3774078650280341,-0.3994057494620618,93.32725945859715
-0.4524162857650441,-0.44427983716449154,-0.05938219144504962,0.3786103782191796,-0.236291682868461,-0.27630515380155485,-0.23506178683861473,-0.2853805206670858,-0.3774078650280341,-0.3994057494620618,85.23789510458371
-0.49814754671118716,-0.3678191056778909,-0.24254571248152013,0.3786103782191796,-0.23527325879044492,-0.2741193743223835,-0.23261470279646848,-0.2725437793025346,-0.1596875866548219,-0.3408227645543132,77.0008210986191
3.2109708391715506,2.734781134581255,3.0100914095981417,-0.9962551232610641,-0.23729859972862624,-0.27630515380155485,-0.23506178683861473,-0.11616501679655811,-0.3774078650280341,-0.3994057494620618,175.63372881054096
3.4147539782766105,2.686671309082355,3.0520779037210883,-1.683687874001186,-0.23730015285005396,2.1021521525709193,-0.23506178683861473,0.2733493075179224,-0.3774078650280341,-0.3994057494620618,177.84856702631714
-0.3475748917270374,-0.3484927201850099,0.0286649355342974,0.3786103782191796,-0.2284086738691881,-0.27060436769744106,0.2175297043446982,-0.07147249538429643,-0.011212000756044636,0.25080883790021175,87.78178263251513
-0.3869503819402459,-0.4433462020262543,0.14058989423457796,1.0660431289593015,-0.23730015285005396,-0.27630515380155485,-0.23506178683861473,0.5624725932157012,-0.3774078650280341,-0.3994057494620618,93.32926769349277
0.1065436772618485,-0.29020544003657556,-0.028779252642825985,0.3786103782191796,-0.1540190286347518,-0.1730543956541984,-0.2054147184600289,-0.27640838770035037,-0.18803074606762718,0.6160557358285936,84.83201013443943
-0.31156305874528234,-0.23316987443497567,0.10458860907937492,0.3786103782191796,-0.23730015285005396,-0.22749669803165867,-0.23506178683861473,-0.2524001974169479,-0.3774078650280341,-0.3994057494620618,89.625857309384
-0.33096962694380694,-0.44254783834567946,0.2175954762932514,0.3786103782191796,-0.23730015285005396,-0.19242723240052892,-0.23323580690426277,-0.2853805206670858,-0.3774078650280341,-0.3994057494620618,96.44041958732618
-0.2366079540170101,-0.33424982983168344,0.29012424603974646,1.0660431289593015,-0.1962015948224645,-0.27194588985278245,0.2175297043446982,-0.07147249538429643,1.8361332552004432,0.25080883790021175,98.22199156924586
0.1617892448005417,-0.2831145301025097,0.14252692379269835,0.3786103782191796,-0.23535472706897193,-0.1730543956541984,0.2109651821454038,-0.0980566428837856,-0.3729840639201124,0.33231501887645315,91.69629213837857
0.5572863745251995,-0.23235146166095694,0.7068004371501846,0.3786103782191796,-0.14047715111713602,-0.17443690117477426,-0.2054147184600289,-0.27640838770035037,-0.1542491451950359,0.6160557358285936,114.01414930500614
0.09704394665636712,-0.29142475476393676,0.001286451465444903,0.3786103782191796,-0.22294112167216948,-0.21179870303468498,0.8813245755701815,0.15547000792662885,-0.3251446446426304,0.3788109732027036,86.06306693301501
-0.3561649889776844,0.303587866404843,0.14058989423457796,0.3786103782191796,-0.23730015285005396,0.5847621803353796,-0.23506178683861473,-0.2524001974169479,-0.3774078650280341,-0.3994057494620618,85.35119618748912
-0.1430389110569451,-0.18990886341771146,0.5787411114387809,0.3786103782191796,-0.23730015285005396,-0.11175557627301247,-0.23506178683861473,-0.2631196768190341,-0.3774078650280341,-0.3994057494620618,108.37282812996555
1.381313249706655,-0.12658550403785895,1.0563957447390873,1.0660431289593015,-0.23730015285005396,2.5976915844060295,-0.23506178683861473,0.0963709581674801,-0.3774078650280341,-0.3994057494620618,127.04739081622644
-0.3515625335393909,-0.34900454421362376,0.11555864183190759,0.3786103782191796,-0.23458381406939227,-0.2632683453204722,-0.1735725437656004,-0.2500825084961555,-0.32848782272566923,0.13593006689463796,91.3075201939936
-0.38073568118210477,-0.25092684055751985,-0.12191540690340927,0.3786103782191796,-0.23730015285005396,-0.27630515380155485,-0.23506178683861473,-0.24489696537969896,-0.3774078650280341,-0.3994057494620618,80.63930466279933
-0.387054008145637,-0.4433476798805409,-0.11895944474314347,0.3786103782191796,-0.23730015285005396,-0.27630515380155485,-0.23506178683861473,-0.2853805206670858,-0.3774078650280341,-0.3994057494620618,82.81432240911424
2.1873126631732407,0.40830430964821585,1.3124231695782036,-1.683687874001186,-0.23730015285005396,0.07778565737550526,-0.23506178683861473,0.05116459045937241,-0.3774078650280341,-0.3994057494620618,131.70646345484306
-0.45095747247251156,-0.3617621389180877,-0.056837796091764085,1.0660431289593015,-0.2359465369293635,-0.272290150120752,0.1198106178903082,-0.24808765494448104,-0.29825189390966717,2.524907380100316,84.45959548533484
-0.4427472765516884,-0.2668455343903049,-0.2974130699150918,0.3786103782191796,-0.23730015285005396,-0.19701600319461426,-0.23506178683861473,-0.2853805206670858,-0.3774078650280341,-0.3994057494620618,73.69950594007331
-0.5244142543899816,-0.44530662866147974,-0.4225732518408768,1.0660431289593015,-0.23527325879044492,-0.27630515380155485,-0.23506178683861473,-0.2853805206670858,-0.3774078650280341,-0.3994057494620618,70.5351286393263
-0.2893630940671372,-0.3410210870260725,0.4937344576644064,1.0660431289593015,-0.2359465369293635,-0.272290150120752,1.315022825170201,-0.1722603524755389,-0.29825189390966717,3.8116672006458017,106.54304995748971
0.18547350513616442,-0.28007459469452883,0.14252692379269835,0.3786103782191796,-0.19589153530834783,-0.25320146470671373,0.04199643624291464,-0.26399536775776644,0.04339973540979095,3.5819967685205225,91.663822308599
-0.5277384542177362,-0.37161717436184916,-0.3074170666293918,0.3786103782191796,-0.23676100792534793,-0.24777526714967082,0.2175297043446982,-0.07147249538429643,-0.3729709649270296,0.25080883790021175,74.41329576427881
-0.2515997118953685,-0.33617406031034236,0.11555864183190759,0.3786103782191796,-0.22555347191360212,-0.27516854847238575,-0.23261470279646848,-0.2725437793025346,2.0490885836043256,-0.3408227645543132,91.17047661496392
-0.5186581384408556,-0.44522453841608645,-0.23389353380215566,1.0660431289593015,-0.23527325879044492,-0.27630515380155485,-0.23506178683861473,-0.2853805206670858,-0.3774078650280341,-0.3994057494620618,78.17811598514363
-0.5820709959904815,-0.44612889424966373,-0.4383993709482253,0.3786103782191796,-0.23730015285005396,-0.27630515380155485,-0.2343111323450354,-0.2853805206670858,-0.3774078650280341,-0.3994057494620618,69.90275760569031
-0.17218670241643463,-0.3259811973731693,0.5001786632686283,0.3786103782191796,-0.16904519606227253,-0.24045700423097027,-0.23330919970995542,-0.18371428234236833,0.06962723950582328,-0.39410813602300454,106.64347760917676
-0.3354445146870019,-0.3469357552575176,0.2244075569153086,1.0660431289593015,-0.23560237934026546,-0.27599641245012185,-0.2321333884520299,-0.07147249538429643,0.9136898948814154,-0.395198672250806,95.69515171992542
-0.5294094474009156,-0.4453778670839991,-0.22735735788400002,1.0660431289593015,-0.23730015285005396,-0.27630515380155485,-0.23506178683861473,-0.2853805206670858,-0.3774078650280341,-0.3994057494620618,78.44454973572776
-0.5935965730768812,-0.38007023240908755,-0.5422970746027026,-1.683687874001186,0.2847720845616952,-0.08990051370564799,0.25930725521357073,-0.12710779066228417,0.28017131692859176,0.5604867002436392,64.98803586140686
-0.5202612401118917,-0.3706574548016304,-0.40786889304015334,0.3786103782191796,-0.23333482205578762,-0.1730543956541984,-0.23261470279646848,-0.2725437793025346,-0.36839090075649317,-0.3408227645543132,70.33350249515622
-0.4293697667570818,-0.4439511616448276,-0.19990300482424772,1.0660431289593015,-0.23730015285005396,-0.27630515380155485,-0.23506178683861473,-0.2853805206670858,-0.3774078650280341,-0.3994057494620618,79.54155210729117
0.6189413670354538,-0.22443788563389352,0.8098455030971743,0.3786103782191796,-0.19977786869908581,-0.2653434697135105,-0.2270516680419249,-0.279767220686548,0.42627768822808865,0.03912303711032531,118.10422438930688
-0.4514893676357728,-0.4442666180185669,-0.2641056020427684,1.0660431289593015,-0.23730015285005396,-0.27630515380155485,-0.23506178683861473,-0.2853805206670858,-0.3774078650280341,-0.3994057494620618,76.94392160432093
-0.4955867463516625,-0.4448955081715768,-0.4225732518408768,1.0660431289593015,-0.23730015285005396,-0.19652010447527726,-0.23506178683861473,-0.2073081672354028,-0.3774078650280341,-0.3994057494620618,70.53073742354883
-0.181357619918293,-0.3271583080974437,0.667916852311156,-1.683687874001186,-0.23674342941464324,-0.27477647427830937,-0.23323580690426277,-0.28425597746465836,-0.29190173899164457,0.0995904733621317,113.45152344658312
-0.3226397354928339,0.27395495622267596,0.08069201021826615,0.3786103782191796,-0.23095967581422563,-0.23737642127751316,7.021126615034065,2.544510925883555,-0.339167163965936,0.38857603114134814,83.24110227671386
-0.4456827698881948,-0.4441838078322864,-0.1476611196095599,0.3786103782191796,-0.23527325879044492,-0.24281081550760292,-0.23506178683861473,0.06327629739077961,-0.3631998364205971,-0.3994057494620618,81.66048005188402
-0.5219400717445859,-0.44527134336453583,-0.3501880848546847,1.0660431289593015,-0.23730015285005396,-0.27630515380155485,-0.23506178683861473,-0.2853805206670858,-0.3774078650280341,-0.3994057494620618,73.46724703917118
-0.3766355185069213,0.2846118759156887,-0.11475011488326356,0.3786103782191796,-0.23730015285005396,-0.27630515380155485,-0.23506178683861473,-0.2853805206670858,-0.3774078650280341,-0.3994057494620618,75.20944938296601
-0.5050650227062133,-0.36870698141955,-0.22263693963412162,-1.683687874001186,0.14677491602622905,-0.07651261439572349,-0.2302566568201539,-0.17099187850437975,0.07393961871835,-0.3864965402030431,77.81685632288836
-0.11431653448309755,-0.318553413263663,0.590065028430912,0.3786103782191796,4.628580709868071,2.5976915844060295,0.11094217213900119,-0.08865406275822625,0.020103340759398753,0.1410942498027899,110.20565121440973
0.12463162077960409,-0.4360503288170903,-0.0316061018807592,0.3786103782191796,-0.23730015285005396,-0.27630515380155485,-0.23506178683861473,0.40810079058774107,-0.3774078650280341,-0.3994057494620618,86.27527042345845
-0.47527978559968537,-0.4446059025753631,-0.23389353380215566,0.3786103782191796,-0.23730015285005396,-0.27630515380155485,-0.23506178683861473,-0.16110235503040088,-0.3774078650280341,-0.3994057494620618,78.17150827881176
-0.5506015367155536,-0.2945322748438854,-0.4989972641597908,1.0660431289593015,-0.23730015285005396,0.07778565737550526,-0.23506178683861473,-0.2853805206670858,-0.3774078650280341,-0.3994057494620618,65.82857537800665
-0.561075106486427,-0.37589601896915625,-0.3179502426822326,1.0660431289593015,-0.1962015948224645,-0.27194588985278245,-0.23256573186026108,-0.18371428234236833,1.8361332552004432,-0.39186082676936373,74.03227448176052
-0.5459049967432749,-0.4456131166351513,-0.5174707642063857,1.0660431289593015,-0.23723908693937296,-0.27630515380155485,-0.23506178683861473,-0.2853805206670858,-0.3774078650280341,-0.3994057494620618,66.69387832247965
-0.5109895943565743,-0.3694674153483209,-0.3229537963367296,-1.683687874001186,-0.23077944313218104,-0.1730543956541984,-0.23456024813350868,-0.28387530075857353,-0.36258009665214797,-0.2970100062174223,73.7609041153507
0.6231961442822994,-0.22389177408882227,0.8538975407025419,0.3786103782191796,-0.23535472706897193,-0.1730543956541984,-0.2054147184600289,-0.27640838770035037,-0.3729840639201124,0.6160557358285936,119.88304414440732
1.3037238368362098,1.347580951786601,1.0647263546885026,-0.9962551232610641,-0.23730015285005396,0.6092907244282055,-0.23506178683861473,-0.2853805206670858,-0.3774078650280341,-0.3994057494620618,111.63917609572896
0.40297951830378415,-0.2521571414362359,0.5374419933133854,0.3786103782191796,-0.19977786869908581,-0.2653434697135105,-0.23261470279646848,-0.2725437793025346,0.42627768822808865,-0.3408227645543132,107.3645822078804
-0.5848330915038045,-0.3789454171286578,-0.41519605535310444,0.3786103782191796,-0.2295353928685737,-0.2725073619564946,-0.2321333884520299,-0.07147249538429643,0.10262509008405632,-0.395198672250806,70.12518621008059
-0.32829621875345805,-0.34601825318621915,0.2601541397305744,0.3786103782191796,1.0019231505527846,0.1714162535901588,-0.22282935576295074,-0.2639792259893105,0.2724462701465056,-0.22375494925947523,97.13353089027414
-0.5721469177362621,-0.30006308439547424,-0.43356206860566704,1.0660431289593015,-0.23730015285005396,-0.27630515380155485,-0.23506178683861473,-0.20278981721512326,-0.3774078650280341,-0.3994057494620618,68.53858587556148
-0.5171763510449083,-0.28595185865198103,-0.3853236962149684,0.3786103782191796,-0.23730015285005396,-0.22749669803165867,-0.23323580690426277,-0.2553003351495238,-0.3774078650280341,-0.3807508508715499,70.34211377736315
0.05402002112549294,-0.29694698567840266,-0.13115258843562969,0.3786103782191796,-0.2284086738691881,-0.27060436769744106,0.11094217213900119,-0.08865406275822625,-0.011212000756044636,0.1410942498027899,80.75662987204278
3.571999407999822,3.9449597288384464,3.328017219115951,-0.9962551232610641,-0.22294112167216948,2.2444846478058595,-0.23506178683861473,-0.20617555314874744,-0.3760704608340948,-0.3994057494620618,175.5876306453359
-0.4791188238178555,-0.2761822966797456,-0.23244260483360038,1.0660431289593015,-0.23730015285005396,-0.11175557627301247,-0.23506178683861473,-0.2853805206670858,-0.3774078650280341,-0.3994057494620618,76.4313408321603
-0.5759500080241797,-0.3010393571320646,-0.5513120018934556,1.0660431289593015,-0.23730015285005396,-0.27630515380155485,-0.23506178683861473,-0.2300478835476461,-0.3774078650280341,-0.3994057494620618,63.77868366451949
-0.45030540997430263,-0.4442497331302455,-0.19990300482424772,1.0660431289593015,-0.23730015285005396,-0.18708983213482738,-0.23506178683861473,-0.2853805206670858,-0.3774078650280341,-0.3994057494620618,79.54474117679676
-0.4181591779720674,-0.3575523939076716,-0.056837796091764085,0.3786103782191796,0.1566191644065754,-0.23843105987621332,-0.22212608224011754,-0.2804492104038096,2.0645558250916665,0.4067243990561265,84.41463081156427
-0.4696647538885289,-0.27375538855422904,-0.3479540702010942,0.3786103782191796,-0.23730015285005396,-0.27630515380155485,-0.21472829094187573,-0.2853805206670858,-0.3774078650280341,-0.3994057494620618,71.72577459295115
-0.5362450256896852,-0.445475351968614,-0.1476611196095599,0.3786103782191796,-0.23730015285005396,-0.27630515380155485,-0.23506178683861473,0.06327629739077961,-0.3774078650280341,-0.3994057494620618,81.67427515363165
-0.4827047570154785,-0.3658369841115535,-0.12424373590444103,-1.683687874001186,0.14677491602622905,-0.07651261439572349,-0.19157953860077662,-0.2752475255188972,0.07393961871835,0.9193111098794238,81.7723443324723
-0.4449991078345789,-0.4441740578574347,-0.12191540690340927,0.3786103782191796,-0.23730015285005396,-0.27630515380155485,-0.23506178683861473,-0.2853805206670858,-0.3774078650280341,-0.3994057494620618,82.70339597034045
-0.5863552889887984,-0.3791407950702528,-0.5814734426194734,0.3786103782191796,-0.23580739136872508,-0.2757764683900303,-0.23262303421548558,-0.18371428234236833,0.28552151828663896,-0.39203403683245447,63.39098060491119
-0.5286573936813669,-0.37173512259302444,-0.45354513188390344,-1.683687874001186,-0.19111949912523568,-0.2683420859364987,-0.2314895160388301,-0.268352300093487,0.9842055915585266,-0.3349365156802321,68.49456008583994
-0.49577578835364206,-0.28045822470656756,-0.24512052283366223,1.0660431289593015,-0.23730015285005396,-0.27630515380155485,-0.23323580690426277,-0.2524001974169479,-0.3774078650280341,-0.38239127673667533,75.96339979974931
-0.04012767744464204,-0.3090310836577172,-0.2207314747028319,0.3786103782191796,-0.15932202055686015,-0.2632697114326467,-0.05838972187484425,-0.09390417294850639,1.0270904754755281,-0.1158554225708143,77.2566474850432
-0.32811514638451705,-0.3459950120844093,0.23725546813872578,1.0660431289593015,-0.23527325879044492,-0.27249233472257534,-0.23262303421548558,-0.18371428234236833,-0.25259509347764375,-0.39203403683245447,96.2056029984232
-0.3117827619385439,-0.2332262733688649,0.23967144803751206,0.3786103782191796,-0.2297531828505978,-0.27630515380155485,-0.23506178683861473,-0.24161615094103814,-0.3774078650280341,-0.3994057494620618,95.09898681719731
2.3836921691771047,0.4587159336755898,1.4810445701853776,-1.683687874001186,-0.23730015285005396,-0.27630515380155485,-0.23506178683861473,0.05116459045937241,-0.3774078650280341,-0.3994057494620618,137.9992662712199
2.3786991821707093,2.8387815176838394,1.5315511094145413,-1.683687874001186,-0.22294112167216948,2.2444846478058595,-0.23506178683861473,-0.2853805206670858,-0.3760704608340948,-0.3994057494620618,114.62370682813857
0.72104903925087,1.1129693324454468,0.40361897523563495,-0.9962551232610641,-0.23730015285005396,-0.25437358895241935,-0.23506178683861473,-0.2853805206670858,-0.3774078650280341,-0.3994057494620618,87.36205197772756
-0.5331087904405871,-0.37230647075554113,-0.4997606196936405,0.3786103782191796,-0.22294112167216948,-0.21179870303468498,-0.1735725437656004,-0.2500825084961555,-0.3251446446426304,0.13593006689463796,66.62836337174876
-0.3953154647961054,-0.4434654997802332,-0.03893530707185631,1.0660431289593015,-0.23730015285005396,-0.27630515380155485,-0.23506178683861473,0.5624725932157012,-0.3774078650280341,-0.3994057494620618,86.05754901167192
3.2109708391715506,2.734781134581255,3.0100914095981417,-0.9962551232610641,-0.23730015285005396,-0.10445234058823122,-0.2350603876690088,-0.2853805206670858,-0.3774078650280341,-0.3994057494620618,175.63372881054096
-0.5580906356892057,-0.4457869008500953,-0.4201648683948494,1.0660431289593015,-0.23730015285005396,-0.2536973634260507,-0.2282629037303277,-0.2853805206670858,-0.3774078650280341,-0.3994057494620618,70.63782781258567
0.09564607789228123,-0.4364637031044585,-0.0316061018807592,0.3786103782191796,-0.23730015285005396,-0.27630515380155485,-0.23506178683861473,0.40810079058774107,-0.3774078650280341,-0.3994057494620618,86.27968571225402
-0.318622651579073,-0.344776626090495,0.19093253599532223,0.3786103782191796,-0.21560431724045584,-0.27033934193559156,0.8813245755701815,0.15547000792662885,0.4764409957787701,0.3788109732027036,94.315937143627
-0.23747687828516809,-0.3343613584845607,0.22165406579030256,0.3786103782191796,-0.22240155316889226,-0.2756890372108634,-0.22934980411965847,-0.2189840464185008,5.300086643799319,-0.3729683173980732,95.44929295634364
-0.3238684045492976,-0.34544993190497814,0.2875431736269745,-1.683687874001186,-0.23527325879044492,-0.27471090089393424,0.7627780863481606,0.02520055589806391,-0.07890534112303027,0.587926369467768,98.237055507332
-0.37583045047574026,-0.24966764273607353,-0.11475011488326356,1.0660431289593015,-0.23730015285005396,-0.27630515380155485,-0.23506178683861473,-0.2853805206670858,-0.3774078650280341,-0.3994057494620618,80.91613807765924
-0.562748873640206,-0.37611085126551624,-0.40786889304015334,0.3786103782191796,-0.23458381406939227,-0.2632683453204722,0.2175297043446982,-0.07147249538429643,-0.32848782272566923,0.25080883790021175,70.39175072452251
2.1051217675513043,3.1463622189355567,1.2546788610801007,-0.9962551232610641,-0.23730015285005396,-0.27630515380155485,-0.23506178683861473,0.06032235376335067,-0.3774078650280341,-0.3994057494620618,100.12165572866137
-0.4444795722877771,-0.44416664855558874,-0.05938219144504962,0.3786103782191796,-0.23730015285005396,-0.24692417926496849,-0.23506178683861473,-0.2853805206670858,-0.3774078650280341,-0.3994057494620618,85.2366861266382
-0.4802649743972189,-0.3655238317705506,-0.13071862391150826,0.3786103782191796,-0.22191422602272942,-0.2606303827115473,-0.20305222058042274,-0.2686078780940387,-0.14694729547366625,0.18707761684890956,81.50668640958514
2.5182461931352598,2.0729696138722633,2.048852279471849,-0.9962551232610641,-0.23730015285005396,2.1021521525709193,-0.23506178683861473,-0.2853805206670858,-0.3774078650280341,-0.3994057494620618,143.760515049243
-0.4007652940025822,0.26224379844817064,-0.020969050647567152,0.3786103782191796,-0.23730015285005396,0.11139611520428815,-0.23506178683861473,-0.12335617464365972,-0.3774078650280341,-0.3994057494620618,79.24765885019491
-0.48549502555396834,-0.36619512221710254,-0.056837796091764085,1.0660431289593015,-0.22294112167216948,-0.2712969865699035,-0.1349207377963667,-0.2776930034399654,0.29575552923775333,3.603758750961337,84.50694458780482
-0.008393619503635789,-0.304957936132452,0.7929700313219389,0.3786103782191796,-0.22412354125366757,-0.27082021342100926,-0.14783628163281484,-0.1850755714821489,0.18662707600640646,-0.13216755217667134,118.28060095633228
3.8829356848022067,4.95438952094209,3.3025875006215855,-0.9962551232610641,-0.23730015285005396,-0.1513741954451676,-0.23506178683861473,4.445747601103308,-0.3774078650280341,-0.3994057494620618,163.77559978235809
-0.48925098277111034,-0.2787832737273558,-0.23244260483360038,1.0660431289593015,-0.23730015285005396,-0.27630515380155485,-0.23323580690426277,-0.2162547424020831,-0.3774078650280341,-0.391288042515419,76.45912210730671
-0.1414896140281574,-0.3220411475429837,0.7086518224916399,0.3786103782191796,-0.1540190286347518,-0.1730543956541984,-0.21733710627074335,-0.18371428234236833,-0.18803074606762718,-0.34582866650631566,115.04713711551156
-0.20721614548290934,0.44166205903823424,0.36016945584462934,0.3786103782191796,1.4971600617613097,0.12501898580822354,-0.23506178683861473,-0.12335617464365972,0.637305158568072,-0.3994057494620618,92.77210335131356
-0.5409021875400726,-0.4455417695951026,-0.4201648683948494,1.0660431289593015,-0.23730015285005396,-0.2536973634260507,-0.23506178683861473,-0.2853805206670858,-0.3774078650280341,-0.3994057494620618,70.63520954309799
-0.2962981640535499,-0.4420533749050606,0.2020476969981903,0.3786103782191796,-0.23527325879044492,-0.24281081550760292,-0.23506178683861473,-0.2606782343400798,-0.3631998364205971,-0.3994057494620618,95.805260657626
-0.3212105167026451,-0.3451087851999097,0.25297755090025836,-1.683687874001186,-0.20863934419782518,-0.1730543956541984,-0.2314895160388301,-0.268352300093487,-0.3122346169387954,-0.3349365156802321,96.83307609574533
-0.4845063985094133,-0.44473748695007037,-0.264166735946153,1.0660431289593015,-0.23527325879044492,-0.24281081550760292,-0.23506178683861473,-0.2853805206670858,-0.3631998364205971,-0.3994057494620618,76.94647431886494
0.3795107842000653,-0.2551694135009488,0.5244360246779671,0.3786103782191796,-0.2176252106036396,-0.1730543956541984,-0.23330919970995542,-0.18371428234236833,-0.33266802855913913,-0.39410813602300454,106.8698538383578
-0.3953154647961054,-0.4434654997802332,-0.03893530707185631,1.0660431289593015,-0.23730015285005396,-0.27630515380155485,-0.23506178683861473,0.5624725932157012,-0.3774078650280341,-0.3994057494620618,86.05754901167192
-0.36849139159631683,-0.44308295106667694,0.18268090740644113,0.3786103782191796,-0.23730015285005396,-0.21068668772465654,-0.23506178683861473,-0.2853805206670858,-0.3774078650280341,-0.3994057494620618,95.03166294436244
-0.5943898443542852,-0.44630457821678415,-0.44791955363839653,1.0660431289593015,-0.23730015285005396,-0.27630515380155485,-0.23506178683861473,0.06327629739077961,-0.3774078650280341,-0.3994057494620618,69.51894885742917
-0.4831440836800206,-0.4447180584396588,-0.22735735788400002,1.0660431289593015,-0.23730015285005396,-0.27630515380155485,-0.23506178683861473,-0.2853805206670858,-0.3774078650280341,-0.3994057494620618,78.43750225889238
-0.3269451847565828,-0.3458448445162296,0.13283460806757105,0.3786103782191796,-0.16904519606227253,-0.24045700423097027,-0.2054147184600289,-0.27640838770035037,0.06962723950582328,0.6160557358285936,91.97366163453717
-0.39598202189517817,-0.35470589918708056,-0.01382222935264291,0.3786103782191796,0.2578035428978294,-0.0860617384953533,-0.234922696660062,-0.27775622536641764,0.23361956891045865,-0.39379947754841904,86.12689006224691
-0.4715426733105488,-0.3644043021109075,-0.21330421877511396,0.3786103782191796,1.4833415874367017,-0.16142195048848337,-0.23371699405146443,-0.28485994863438313,3.139071658540477,0.3944689127384893,78.14898972954052
-0.5608339080940531,-0.445826023742491,-0.5015556860107032,1.0660431289593015,-0.23730015285005396,-0.23185869420478,-0.23506178683861473,-0.2853805206670858,-0.3774078650280341,-0.3994057494620618,67.3409100751776
-0.5212961568074749,-0.3707902890072434,-0.3590415502228416,-1.683687874001186,-0.23527325879044492,-0.27471090089393424,-0.1934587505787722,-0.27753965663963437,-0.07890534112303027,1.23116071825217,72.31303310465758
-0.5704065326058831,-0.44596254272546126,-0.4201648683948494,1.0660431289593015,-0.23730015285005396,-0.27630515380155485,-0.23506178683861473,-0.2853805206670858,-0.3774078650280341,-0.3994057494620618,70.63970385961625
0.35597620771843996,-0.25819013660331724,0.703770723541692,0.3786103782191796,-0.22122880529810318,-0.1730543956541984,7.021126615034065,2.544510925883555,-0.3408624229980788,0.38857603114134814,114.16739366476936
-0.28342909317008397,-0.34025944282936477,0.175486533643511,0.3786103782191796,-0.2345930622015301,-0.1730543956541984,-0.22042233885042875,-0.26816263431413023,-0.37125207603487936,-0.1381160638873422,93.64193439946791
-0.4882533805826964,-0.2785271841410513,-0.264166735946153,0.3786103782191796,-0.23730015285005396,-0.27630515380155485,-0.23506178683861473,-0.2524001974169479,-0.3774078650280341,-0.3994057494620618,75.17116678251149
1.785914708843939,4.146649156369212,1.3479308965997843,-0.9962551232610641,-0.23717166735012402,-0.27630515380155485,-0.23506178683861473,0.7964367658049412,-0.3774078650280341,-0.3994057494620618,93.2153606815478
-0.2498199107017185,-0.335945618273687,0.175486533643511,0.3786103782191796,-0.2345930622015301,-0.1730543956541984,-0.2270516680419249,-0.279767220686548,-0.37125207603487936,0.03912303711032531,93.59585804249863
0.1721610205430118,-0.2817832861507723,0.14252692379269835,0.3786103782191796,0.2578035428978294,-0.0860617384953533,-0.1977577627915985,-0.26263138832324323,0.23361956891045865,0.1045219690207835,91.68207299924995
0.12599994503147444,-0.287708178291353,0.2145281904386813,0.3786103782191796,-0.23333482205578762,-0.259011539784786,7.021126615034065,2.544510925883555,-0.3235724783748181,0.38857603114134814,94.66229988676383
-0.5935965730768812,-0.38007023240908755,-0.5422970746027026,-1.683687874001186,0.31146473538285435,-0.11556566312764302,0.2352604903799409,-0.10183650699720788,0.42415558072791176,0.3880619116268663,64.98803586140686
0.6067659833047216,1.0184388533845203,0.8446194953801739,-0.9962551232610641,-0.23730015285005396,0.11521986318066352,-0.23506178683861473,0.2243684562858777,-0.3774078650280341,-0.3994057494620618,106.23772072852088
2.370870754419533,1.9720842026452852,1.6073729014039624,-0.9962551232610641,-0.23730015285005396,-0.02616318409301154,-0.23506178683861473,0.1421503586557721,-0.3774078650280341,-0.3994057494620618,126.95270172824684
-0.23917464586498963,-0.334579271297006,0.39126584464068914,-1.683687874001186,4.628580709868071,2.5976915844060295,-0.22918743684675258,-0.18371428234236833,0.020103340759398753,-0.3816491227279485,102.32299709212094
0.42918029856526946,-0.2487942042574963,0.5244360246779671,0.3786103782191796,-0.2176252106036396,-0.1730543956541984,-0.23285224363638365,-0.2814903544692149,-0.33266802855913913,-0.22485900870406061,106.8017596418823
-0.5091341581647763,-0.44508871316779497,-0.289847681995367,1.0660431289593015,-0.23730015285005396,-0.2536973634260507,-0.23506178683861473,-0.20681987873961194,-0.3774078650280341,-0.3994057494620618,75.90982959089824
-0.5088564266097796,-0.44508475232828015,-0.26950168301030397,0.3786103782191796,-0.23730015285005396,-0.27630515380155485,-0.23506178683861473,-0.2853805206670858,-0.3774078650280341,-0.3994057494620618,76.73405209738621
-0.4327689718885625,-0.4439996390531793,-0.06477014213172563,1.0660431289593015,-0.23730015285005396,-0.27630515380155485,-0.23506178683861473,-0.2853805206670858,-0.3774078650280341,-0.3994057494620618,85.01662358502459
-0.3990758400467535,-0.4435191279784531,-0.05799478554500644,0.3786103782191796,-0.23730015285005396,-0.23519064179834182,-0.23506178683861473,-0.2853805206670858,-0.3774078650280341,-0.3994057494620618,85.28597701278504
-0.45411376890129945,-0.3621672576398036,-0.3783914228441749,1.0660431289593015,0.012366799320948673,-0.22395027082670316,-0.22748680978936792,-0.18371428234236833,0.7422311972368435,-0.3765085710220156,71.43702034900465
-0.2577827648813042,-0.336967670979834,0.4878909356453699,-1.683687874001186,-0.23592775827937373,-0.275832478989184,-0.014220544959114897,-0.23123833897126841,0.3042880729974101,0.8540870134131744,106.26302007174884
-0.025699784649025382,-0.3071792267050228,-0.10904453810618749,1.0660431289593015,-0.23095967581422563,-0.2088738568691188,-0.2170719000318019,-0.27600618863632426,-0.3553311426320546,0.1903409256956361,81.76157108350041
-0.5524443838811363,-0.374788243641893,-0.2742013152409071,0.3786103782191796,-0.2288916946332104,-0.1730543956541984,-0.16003583222273957,-0.18371428234236833,-0.35828745080442054,-0.17262187153000788,75.79281534062407
-0.5156665812288015,-0.2855642930149845,-0.22891736853015632,1.0660431289593015,-0.23730015285005396,-0.11175557627301247,-0.23506178683861473,-0.12307772913779551,-0.3774078650280341,-0.3994057494620618,76.67436650575486
-0.5483398484399599,-0.29395168789091636,-0.32438110051140745,-1.683687874001186,-0.23730015285005396,0.07778565737550526,-0.23506178683861473,-0.20444703877659526,-0.3774078650280341,-0.3994057494620618,72.89649019560127
-0.1454396585674509,0.4989282878618125,0.7663624804577774,0.3786103782191796,-0.23730015285005396,0.42798441496746586,-0.23323580690426277,-0.22820503164893133,-0.3774078650280341,-0.3895913548665783,108.61628306439036
-0.4788674154787788,-0.2761177588726965,-0.23244260483360038,1.0660431289593015,-0.23730015285005396,-0.27630515380155485,-0.23506178683861473,-0.12335617464365972,-0.3774078650280341,-0.3994057494620618,76.43065149790546
-0.017092929545211466,-0.30607451483263676,-0.13115258843562969,0.3786103782191796,-0.2288916946332104,-0.1730543956541984,-0.23285224363638365,-0.2814903544692149,-0.35828745080442054,-0.22485900870406061,80.85412185071041
0.021730382822296203,-0.301091443364554,-0.13115258843562969,0.3786103782191796,-0.22104991394820073,-0.25881891796818407,0.11094217213900119,-0.08865406275822625,-0.15921648246848444,0.1410942498027899,80.80089720589618
-0.2702791693871773,-0.3385716164690125,0.14080432394995981,-1.683687874001186,-0.11725057314765833,-0.20881921238213952,-0.23285224363638365,-0.2814903544692149,0.0402508122243208,-0.22485900870406061,92.21884776325015
-0.4962069948826552,0.1737702293799022,-0.23389353380215566,1.0660431289593015,-0.23730015285005396,-0.15009005000115444,-0.23323580690426277,-0.2853805206670858,-0.3774078650280341,-0.3994057494620618,71.56657592017997
-0.5199420034969541,-0.4452428481232637,-0.2641056020427684,1.0660431289593015,-0.23527325879044492,-0.27630515380155485,-0.23506178683861473,-0.2853805206670858,-0.3774078650280341,-0.3994057494620618,76.9543488078865
0.5783709377251952,-0.42957937301949056,0.43029527581086835,-0.9962551232610641,-0.23730015285005396,1.2026137334883948,-0.23506178683861473,-0.08538131920379337,-0.3774078650280341,-0.3994057494620618,104.91887700864706
-0.45065047830283345,-0.268874326718988,-0.24046719851300313,0.3786103782191796,-0.23730015285005396,-0.27630515380155485,-0.23506178683861473,-0.20681987873961194,-0.3774078650280341,-0.3994057494620618,76.02818835590648
-0.4892469099338012,-0.27878222820917853,-0.23244260483360038,0.3786103782191796,-0.23730015285005396,-0.27630515380155485,-0.23323580690426277,-0.2162547424020831,-0.3774078650280341,-0.391288042515419,76.45911094003087
0.8986090591216698,1.2598400439563782,0.5799452387490377,-0.9962551232610641,-0.23730015285005396,-0.27630515380155485,-0.23506178683861473,-0.2853805206670858,-0.3774078650280341,-0.3994057494620618,92.9367087286752
-0.4179334763831718,-0.26047570491960126,0.00845898725439144,0.3786103782191796,-0.23730015285005396,-0.27630515380155485,-0.23506178683861473,-0.2853805206670858,-0.3774078650280341,-0.3994057494620618,86.02307376913025
0.4439815652304269,-0.24689442381340523,0.5244360246779671,0.3786103782191796,-0.23535472706897193,-0.1730543956541984,-0.22212608224011754,-0.2218640069405069,-0.3729840639201124,-0.3368192244516279,106.78146791217114
-0.23635905418305705,-0.33421788290120924,0.5554788153346545,0.3786103782191796,7.817292830604307,2.5976915844060295,-0.22457532863529112,-0.27845973744162045,0.28060063524408096,0.06623500686848074,108.9717950987178
1.3504094420049277,-0.13055208682079728,1.0198101886146702,-0.9962551232610641,1.442794458112383,2.5976915844060295,-0.22202807676908426,-0.25011882747518127,-0.24015492902672483,-0.2858151750209711,125.60759035320496
-0.5866655886665837,-0.4461944195524194,-0.30233028719107446,0.3786103782191796,-0.23730015285005396,-0.27630515380155485,-0.23506178683861473,-0.20681987873961194,-0.3774078650280341,-0.3994057494620618,75.4159397157161
-0.5799029325304772,-0.37831261861109344,-0.44434560095949877,-1.683687874001186,0.06312351354327168,-0.12685248191321405,-0.23319599416911233,-0.18371428234236833,0.09455152775547762,-0.3937659452213381,68.93750980513099
-0.5581067289906135,-0.2964588961035194,-0.21126820181814,0.3786103782191796,-0.23646690320407973,-0.27630515380155485,-0.23415328057403956,-0.2853805206670858,-0.3774078650280341,-0.3994057494620618,77.50574248637807
0.012524700272793243,-0.3022730162716367,-0.0749389835577925,0.3786103782191796,-0.1540190286347518,-0.1730543956541984,-0.21363623906445045,-0.2769733495963067,-0.18803074606762718,0.38377039723308864,83.09086453451962
2.5754361510291437,0.026683225395551603,2.032300320497297,-0.9962551232610641,1.442794458112383,2.5976915844060295,-0.18028340638595097,-0.22565732252764242,-0.24015492902672483,-0.11753920305343311,164.94652900406666
-0.029234900942519345,-0.30763296792554806,-0.057398482115713675,0.3786103782191796,0.06312351354327168,-0.12685248191321405,7.021126615034065,2.544510925883555,0.09455152775547762,0.38857603114134814,83.85872210540886
-0.28763102726464335,-0.22702639949829104,0.2555920087965237,1.0660431289593015,-0.23730015285005396,-0.27630515380155485,-0.23323580690426277,-0.2524001974169479,-0.3774078650280341,-0.38239127673667533,95.67774517794815
-0.5647461649151676,-0.2981632732780697,-0.5633747386661087,0.3786103782191796,-0.23730015285005396,-0.22749669803165867,-0.23506178683861473,-0.2853805206670858,-0.3774078650280341,-0.3994057494620618,63.25927378994729
-0.26147194551251696,-0.33744118675226414,0.23404466321010947,0.3786103782191796,-0.21560431724045584,-0.27033934193559156,-0.15756680665722766,-0.21160053249729976,0.4764409957787701,-0.07662145714927855,95.9841614583886
3.620128056777102,3.4426027622961706,3.3358138593489257,-0.9962551232610641,-0.23730015285005396,0.7368528148326453,-0.23506178683861473,-0.2853805206670858,-0.3774078650280341,-0.3994057494620618,181.26921206436657
0.10794128673371081,-0.2900260532852125,-0.004356478645729098,0.3786103782191796,-0.14047715111713602,-0.17443690117477426,0.04199643624291464,-0.26399536775776644,-0.1542491451950359,3.5819967685205225,85.81951875311732
-0.4566497589833186,-0.36249275845491763,-0.12424373590444103,-1.683687874001186,0.14677491602622905,-0.07651261439572349,-0.22144843896052016,-0.2805850702883134,0.07393961871835,0.4729887997396613,81.73662435055088
-0.519718437769065,-0.4452396597640253,-0.5015556860107032,1.0660431289593015,-0.23730015285005396,-0.27630515380155485,-0.23506178683861473,-0.2853805206670858,-0.3774078650280341,-0.3994057494620618,67.33464706757566
-0.40256908025348603,-0.3555513649797251,-0.44451754453977976,-1.683687874001186,-0.15274455131044676,-0.24985039154270913,-0.23285224363638365,-0.2814903544692149,0.37302646926825367,-0.22485900870406061,68.6874289175516
-0.40184872850982495,0.2612394647363486,-0.06477014213172563,0.3786103782191796,-0.23730015285005396,-0.15009005000115444,-0.23506178683861473,-0.2853805206670858,-0.3774078650280341,-0.3994057494620618,77.48389983247053
-0.3466429067651977,-0.34837309753076384,-0.11934412308507861,-1.683687874001186,0.31146473538285435,-0.11556566312764302,-0.22867845710328777,-0.18371428234236833,0.42415558072791176,-0.38011060981461336,81.78430592237017
-0.34210172455369686,-0.24100930620847813,-0.11475011488326356,0.3786103782191796,-0.23730015285005396,-0.27630515380155485,-0.23506178683861473,-0.24489696537969896,-0.3774078650280341,-0.3994057494620618,80.82365758860443
-0.5487432904579169,-0.4456535946640153,-0.4989972641597908,1.0660431289593015,-0.23730015285005396,-0.27630515380155485,-0.23506178683861473,0.06327629739077961,-0.3774078650280341,-0.3994057494620618,67.44271609880556
-0.2904611586780273,-0.17734885639564385,0.30998121649478727,-1.683687874001186,0.09970284119832544,-0.21773309432063517,0.25930725521357073,-0.12710779066228417,0.9734742129453773,0.5604867002436392,97.35057094007888
-0.459774266831595,-0.3628937970309969,-0.056837796091764085,0.3786103782191796,-0.21111473736790395,-0.27426691443722756,-0.23463771125078223,-0.2817741805645644,2.638919400160859,-0.36326859153688296,84.47168282975616
0.3281931553832579,-0.26175616245080685,0.47845870844086497,-1.683687874001186,1.4833415874367017,-0.16142195048848337,-0.23456024813350868,-0.28387530075857353,3.139071658540477,-0.2970100062174223,105.07755707042568
-0.5497332648895034,-0.3744402645831796,-0.16205826723404096,0.3786103782191796,-0.09111824617976509,-0.04859201377365851,-0.10491033051056925,-0.2513617436462853,-0.22668480401773147,0.7763246233897544,80.33228015533558
-0.145073357145377,-0.19043111613848146,0.7663624804577774,0.3786103782191796,-0.23527325879044492,-0.21823855582519355,-0.23506178683861473,0.40810079058774107,-0.36921230108503583,-0.3994057494620618,115.97939428249612
-0.45788521308347574,-0.27073152015592594,-0.06473426671163081,0.3786103782191796,-0.22534831869228542,-0.27630515380155485,-0.23506178683861473,-0.2853805206670858,-0.3774078650280341,-0.3994057494620618,83.16738426428283
0.7711157339999045,-0.2049059163105147,0.502771859296602,0.3786103782191796,-0.23484749172996278,-0.2723543573929526,0.09701343871200721,-0.12886320798186285,-0.23165165347501154,0.2526001056190466,105.45531793181271
-0.3082173774050334,-0.3434410825293631,0.29012424603974646,1.0660431289593015,-0.1962015948224645,-0.27194588985278245,-0.2314895160388301,-0.18371428234236833,1.8361332552004432,-0.38860770724925175,98.32016418494386
-0.25178336134587126,-0.21782412023132677,0.49921690135950714,0.3786103782191796,-0.23730015285005396,-0.27630515380155485,-0.23506178683861473,0.40810079058774107,-0.3774078650280341,-0.3994057494620618,105.44927865479256
-0.4530129203398173,-0.2694807776780435,-0.06473426671163081,0.3786103782191796,-0.22534831869228542,-0.27630515380155485,-0.23506178683861473,-0.2564504361520064,-0.3774078650280341,-0.3994057494620618,83.15402496880297
0.582836799132163,-0.22907199929434763,0.8098455030971743,0.3786103782191796,-0.19977786869908581,-0.2653434697135105,-0.22042233885042875,-0.26816263431413023,0.42627768822808865,-0.1381160638873422,118.15372178367224
-0.5032608341360696,-0.2823796742584571,-0.5325039686931888,0.3786103782191796,-0.2297531828505978,-0.27630515380155485,-0.23506178683861473,-0.2853805206670858,-0.3774078650280341,-0.3994057494620618,64.34133603550671
2.7597644823594756,-0.3984696572039876,2.3139144767732573,-0.9962551232610641,-0.23730015285005396,-0.21209514937654758,-0.22212608224011754,2.196724418174937,-0.3774078650280341,-0.3978041741971664,180.89648535916805
-0.43337698546001113,-0.26444013272109307,-0.1476611196095599,1.0660431289593015,-0.23730015285005396,0.07778565737550526,-0.23506178683861473,-0.2524001974169479,-0.3774078650280341,-0.3994057494620618,79.7406213208436
0.28164610038766397,-0.2677305960456577,0.19524677921670047,0.3786103782191796,-0.19300477674920766,-0.1730543956541984,0.3953014530201081,-0.22683163618280885,-0.27668239105917264,2.909235319281924,93.66778166263929
-0.5733182118810516,-0.3774674528693648,-0.5082285771282028,0.3786103782191796,1.0019231505527846,0.1714162535901588,-0.0878982724624434,-0.21033474882088327,0.2724462701465056,0.20322505009180464,66.34043119952159
1.3367994343124452,1.6222940030646278,1.0474166493651946,-0.9962551232610641,-0.23730015285005396,-0.27630515380155485,-0.23506178683861473,-0.03907731124068475,-0.3774078650280341,-0.3994057494620618,108.00368338585936
-0.2850450839444424,-0.3404668593796107,0.2875431736269745,-1.683687874001186,-0.20863934419782518,-0.1730543956541984,0.035582642769349554,-0.1382213982441685,-0.3122346169387954,0.1657775309123723,98.1838308512248
0.3453001893141776,-0.25956043087907127,0.5374419933133854,0.3786103782191796,-0.23458381406939227,-0.2632683453204722,-0.21363623906445045,-0.2769733495963067,-0.32848782272566923,0.38377039723308864,107.44365742355322
-0.5070551480395804,-0.4450590635824043,-0.5015556860107032,1.0660431289593015,-0.23730015285005396,-0.27630515380155485,-0.23506178683861473,-0.2853805206670858,-0.3774078650280341,-0.3994057494620618,67.33271810314415
3.835351898163911,2.9745903441590857,3.663081058798187,-0.9962551232610641,-0.23730015285005396,0.21840914628016828,-0.23506178683861473,-0.2853805206670858,-0.3774078650280341,-0.3994057494620618,199.52646842816736
-0.41631972140699075,-0.44376504978838643,-0.19990300482424772,1.0660431289593015,-0.23730015285005396,-0.27630515380155485,-0.23506178683861473,-0.2853805206670858,-0.3774078650280341,-0.3994057494620618,79.53956422942944
-0.4284259261252515,-0.44393770116040304,-0.35819619815633397,0.3786103782191796,-0.23730015285005396,-0.27630515380155485,-0.23506178683861473,-0.2853805206670858,-0.3774078650280341,-0.3994057494620618,73.12857456665122
-0.35824756731953505,-0.3498625854023217,-0.22263693963412162,-1.683687874001186,-0.21190351126390242,-0.1730543956541984,-0.22928073602002047,-0.2788323432634774,-0.31965716989546616,-0.12809702947628282,77.61557759526426
-0.4903802962135882,-0.3668221592047602,0.0007936393774818353,-1.683687874001186,-0.23246436809197657,-0.27380107018572913,-0.2218422416059699,-0.26014421083366396,0.07600340504426005,-0.2384271789210336,86.84842855687255
-0.36893805658644163,0.2917473515263724,0.14058989423457796,0.3786103782191796,-0.23730015285005396,0.5847621803353796,-0.23506178683861473,-0.2853805206670858,-0.3774078650280341,-0.3994057494620618,85.47766581628348
1.3258983456653728,1.6132770484201968,0.20920616256167507,-0.9962551232610641,-0.23730015285005396,0.15788901083843715,-0.23506178683861473,-0.17197383608544675,-0.3774078650280341,-0.3994057494620618,74.14209377364946
-0.37480099781407067,-0.3519872605566562,-0.41424070283397113,-1.683687874001186,-0.23160888057101447,-0.2750169100210182,-0.014220544959114897,-0.23123833897126841,0.6598470093542369,0.8540870134131744,69.87594726236131
-0.36137831423588157,0.29875516237658983,0.14058989423457796,0.3786103782191796,-0.23730015285005396,0.5847621803353796,-0.23506178683861473,-0.2853805206670858,-0.3774078650280341,-0.3994057494620618,85.40281474384409
0.7158869744140798,-0.21199466890082833,0.502771859296602,0.3786103782191796,-0.22104991394820073,-0.25881891796818407,0.09701343871200721,-0.12886320798186285,-0.15921648246848444,0.2526001056190466,105.53103355042506
2.370870754419533,2.477637399892845,1.6073729014039624,-0.9962551232610641,-0.23730015285005396,0.15788901083843715,-0.23506178683861473,-0.03907731124068475,-0.3774078650280341,-0.3994057494620618,121.55284151541488
-0.5469979388954996,-0.4456287035153097,-0.4989972641597908,0.3786103782191796,-0.23730015285005396,-0.27630515380155485,-0.23506178683861473,0.06327629739077961,-0.3774078650280341,-0.3994057494620618,67.44245023415614
-0.5653970253020537,-0.2983303524697109,-0.4989972641597908,1.0660431289593015,-0.23730015285005396,-0.27630515380155485,-0.23506178683861473,-0.2853805206670858,-0.3774078650280341,-0.3994057494620618,65.86914299456728
-0.4548560215470093,0.21210219708077568,-0.23389353380215566,0.3786103782191796,-0.23730015285005396,-0.27630515380155485,-0.23506178683861473,-0.2853805206670858,-0.3774078650280341,-0.3994057494620618,71.15714864646391
-0.3887149017893229,-0.35377314572926577,-0.09918210319523015,0.3786103782191796,4.628580709868071,2.5976915844060295,-0.23371699405146443,-0.28485994863438313,0.020103340759398753,0.3944689127384893,82.65879571583679
-0.4364204240965827,0.22919182445858835,-0.06477014213172563,0.3786103782191796,-0.23730015285005396,-0.27630515380155485,-0.23506178683861473,-0.2853805206670858,-0.3774078650280341,-0.3994057494620618,77.82620362679563
-0.29500352037820055,-0.17877402555109798,0.44726735859868727,-1.683687874001186,0.007840438709131127,-0.22131913877865067,-0.23300564350408792,-0.2845855385706329,0.6693281297685375,0.39542276718183944,102.9275814596324
-0.5286573936813669,-0.37173512259302444,-0.45354513188390344,-1.683687874001186,-0.23333482205578762,-0.259011539784786,-0.1934587505787722,-0.27753965663963437,-0.3235724783748181,1.23116071825217,68.49456008583994
-0.4485057755654084,0.217988816045788,-0.10432023882522068,0.3786103782191796,-0.23730015285005396,-0.27630515380155485,-0.22429466793206604,-0.2853805206670858,-0.3774078650280341,-0.3994057494620618,76.34359550198819
3.4147539782766105,-0.38912859303413927,3.0520779037210883,-1.683687874001186,-0.23730015285005396,0.2911327617765479,-0.23506178683861473,2.0565762038513635,-0.3774078650280341,-0.3994057494620618,210.70146876741373
-0.4820327745719773,-0.4447022096210816,-0.4225732518408768,1.0660431289593015,-0.23730015285005396,-0.27630515380155485,-0.23506178683861473,-0.2073081672354028,-0.3774078650280341,-0.3994057494620618,70.5286727839467
-0.43635807002500393,-0.4440508246007543,-0.06477014213172563,1.0660431289593015,-0.23730015285005396,-0.27630515380155485,-0.23506178683861473,-0.2853805206670858,-0.3774078650280341,-0.3994057494620618,85.01717030256752
-0.3904580683548723,-0.35399688561767817,0.20583436880424177,1.0660431289593015,-0.04118871031056247,-0.08184455021272709,-0.2314895160388301,-0.2662700119626764,-0.14062761205505012,-0.3419611073529478,95.01812827557728
-0.20061672446191722,-0.3296302634381857,0.444641263079643,-1.683687874001186,0.8703328902923962,0.03911648616461518,-0.18098877866319307,-0.264942351507179,0.4470692267519424,0.4136417970847274,104.4325014401762
1.3915745624883848,2.36279645037933,1.0781070146176979,-1.683687874001186,-0.23730015285005396,-0.27630515380155485,-0.23506178683861473,2.0565762038513635,-0.3774078650280341,-0.3994057494620618,101.33764831125876
0.5993819471850922,-0.22694838721258312,0.8098455030971743,0.3786103782191796,-0.19589153530834783,-0.25320146470671373,-0.20125886673733623,-0.27458705815957674,0.04339973540979095,0.5630279775157865,118.13103928764562
-0.5330670487848007,-0.29003108207145706,-0.4705795756694098,0.3786103782191796,-0.23730015285005396,-0.11175557627301247,-0.23506178683861473,-0.22076905698024862,-0.3774078650280341,-0.3994057494620618,66.93176587712064
-0.49482491939234896,-0.44488464345610024,-0.471979430381373,1.0660431289593015,-0.23730015285005396,-0.19652010447527726,-0.23506178683861473,-0.2853805206670858,-0.3774078650280341,-0.3994057494620618,68.52905956946543
-0.4477774910551702,-0.26813681619198937,0.026228480514750612,0.3786103782191796,-0.23646690320407973,-0.27630515380155485,-0.23506178683861473,-0.22076905698024862,-0.3774078650280341,-0.3994057494620618,86.82478724084469
-0.17075235535389846,-0.3257970952580536,0.4465185652210494,0.3786103782191796,-0.20439099232157032,-0.2671931855977593,0.2175297043446982,-0.07147249538429643,0.47055880814622025,0.25080883790021175,104.46761299315592
-0.34235062576690206,-0.3478221722832442,-0.09918210319523015,0.3786103782191796,4.628580709868071,2.5976915844060295,-0.2161698172276903,-0.2736239326417083,0.020103340759398753,0.09441955545491237,82.59523282094513
0.6067659833047216,1.0184388533845203,0.8446194953801739,-0.9962551232610641,-0.23730015285005396,0.24138851916713153,-0.23506178683861473,0.10013602565981782,-0.3774078650280341,-0.3994057494620618,106.23772072852088
-0.3871250869671466,-0.2525670337159012,-0.11895944474314347,1.0660431289593015,-0.23730015285005396,-0.27630515380155485,-0.23506178683861473,-0.2853805206670858,-0.3774078650280341,-0.3994057494620618,80.77657677480397
-0.5398017702330591,-0.3731655318352504,-0.5075685982373593,-1.683687874001186,0.2650903650581417,-0.05906326359106374,0.7627780863481606,0.02520055589806391,0.16555738622139343,0.587926369467768,66.32121929981302
0.05949260047718553,-0.2962445661175446,-0.04926614633909805,-1.683687874001186,0.06312351354327168,-0.12685248191321405,0.2109651821454038,-0.0980566428837856,0.09455152775547762,0.33231501887645315,84.0665418032819
-0.4475859925661545,-0.4442109504433896,-0.2974130699150918,1.0660431289593015,-0.23730015285005396,-0.27630515380155485,-0.23506178683861473,-0.2073081672354028,-0.3774078650280341,-0.3994057494620618,75.59396226730419
-0.4918739909620928,-0.2794566133514097,-0.4903576337084296,1.0660431289593015,-0.23730015285005396,-0.2535156705068446,-0.23506178683861473,-0.2524001974169479,-0.3774078650280341,-0.3994057494620618,66.01756282983904
-0.17075235535389846,-0.3257970952580536,0.4465185652210494,0.3786103782191796,0.2650903650581417,-0.05906326359106374,-0.2054147184600289,-0.27640838770035037,0.16555738622139343,0.6160557358285936,104.46761299315592
-0.1665290133165043,-0.3252550185025394,0.7144547706682186,1.0660431289593015,7.817292830604307,2.5976915844060295,-0.10337003557030001,-0.06116194078309294,0.28060063524408096,-0.21891108116555902,115.31655600007556
-0.5404229439450501,-0.3732452610703977,-0.5450054645804976,-1.683687874001186,0.06312351354327168,-0.12685248191321405,-0.23008150622493934,-0.27962328991781626,0.09455152775547762,-0.13356743195453705,64.80541439460814
-0.35979752786480157,-0.35006152680373165,0.22946403933765808,0.3786103782191796,-0.2368174850681743,-0.25395146029050436,-0.23374141592094969,-0.2819113855964395,-0.3723382708669095,-0.2824417681305355,95.93338850335044
-0.23937013750946814,-0.3346043631497214,0.26948870890028725,0.3786103782191796,-0.14047715111713602,-0.17443690117477426,-0.1735725437656004,-0.2500825084961555,-0.1542491451950359,0.13593006689463796,97.3897836803436
-0.5759631338930097,-0.3010427266097558,-0.5513120018934556,1.0660431289593015,-0.23730015285005396,-0.27630515380155485,-0.23506178683861473,-0.2300478835476461,-0.3774078650280341,-0.3994057494620618,63.77871965422071
-0.07667746608675426,-0.3137223425390535,0.7086518224916399,0.3786103782191796,-0.22294112167216948,-0.21179870303468498,-0.16003583222273957,-0.18371428234236833,-0.3251446446426304,-0.17262187153000788,114.95828319389938
0.48183321846719285,-0.24203606728064966,0.5796348722468918,-1.683687874001186,-0.21076161403238222,-0.2592150904987839,4.14849283267825,2.544510925883555,-0.012815548991977786,0.07662394865985454,108.96581196652764
-0.02967473742910198,-0.30768942206388034,-0.1264908759858485,-1.683687874001186,4.628580709868071,2.5976915844060295,-0.23217192921481133,-0.2833466578416429,0.020103340759398753,0.037242969518116516,81.06022788281788
-0.04275947256125848,-0.30936888129412976,-0.28184672423566426,-1.683687874001186,0.2578035428978294,-0.0860617384953533,-0.2121825654425117,-0.18371428234236833,0.23361956891045865,-0.33024783499313526,74.78433140927042
-0.544918671280321,0.12861495839813963,-0.39666781264415857,1.0660431289593015,-0.23730015285005396,0.5847621803353796,1.3274715551472174,0.10978476775432958,-0.3774078650280341,0.815738697462363,65.45451032361392
-0.5713268688188595,-0.3772118588926725,-0.09980413389317076,-1.683687874001186,-0.2350177703155842,-0.2754977815064359,-0.19150926212738806,-0.27257337254470376,0.2863180396621283,0.6456472247026437,82.88394682449972
-0.4584921234568345,-0.36272923064860585,-0.16803303143916726,0.3786103782191796,-0.22333356721838404,-0.2732491608672384,-0.23323580690426277,-0.2762200670683649,0.6956226633180564,-0.33814865074238104,79.9651416152734
-0.4941571080672568,0.1756704553929755,-0.4046975601847222,0.3786103782191796,-0.23730015285005396,-0.24679166638404373,-0.2282629037303277,-0.2853805206670858,-0.3774078650280341,-0.3994057494620618,64.62660205899434
-0.393840349197523,-0.35443101001707283,-0.14529661726891022,1.0660431289593015,-0.21591656524385702,-0.26599100688421506,-0.1648131696449372,-0.2725451244499059,0.10935947618460375,1.2825164487266467,80.79761377465704
-0.34235062576690206,-0.3478221722832442,-0.09918210319523015,0.3786103782191796,-0.21632948375434613,-0.26436533339658136,4.14849283267825,2.544510925883555,0.03496365964860124,0.07662394865985454,82.59523282094513
-0.4320963835381654,-0.3593412698990811,-0.056837796091764085,0.3786103782191796,0.1566191644065754,-0.23843105987621332,-0.23463771125078223,-0.2817741805645644,2.0645558250916665,-0.36326859153688296,84.43373796061266
-0.3862686523606125,-0.25234718257019273,-0.10432023882522068,0.3786103782191796,-0.22534831869228542,-0.27630515380155485,-0.23506178683861473,-0.24489696537969896,-0.3774078650280341,-0.3994057494620618,81.36729757610514
-0.48732820490213796,0.18200078511539775,-0.5146702858916454,0.3786103782191796,-0.23730015285005396,-0.27630515380155485,-0.23506178683861473,-0.12335617464365972,-0.3774078650280341,-0.3994057494620618,60.10373053231965
-0.47549745673251914,-0.36491190868105067,-0.32162211392989704,-1.683687874001186,-0.2339810617625781,-0.2737901412883333,0.035582642769349554,-0.1382213982441685,-0.06755665510208676,0.1657775309123723,73.76619595126726
-0.5594200600283558,-0.4458058602962214,-0.3501880848546847,1.0660431289593015,-0.23527325879044492,-0.27630515380155485,-0.23506178683861473,-0.2853805206670858,-0.3774078650280341,-0.3994057494620618,73.47295626369633
-0.5213217760646545,-0.3707935773044468,0.018705460032333462,1.0660431289593015,-0.23546408093676943,-0.27431746058768336,-0.1929485624615568,-0.2688002341681381,-0.16053036043788269,0.38114988981155323,87.61649809762375
-0.15811568542687293,-0.3241751463432145,-0.19369813608868006,-1.683687874001186,-0.23592775827937373,-0.275832478989184,1.3760170801958096,0.035095459961528075,0.3042880729974101,1.145488362564228,78.51358745893754
-0.2523855180694681,-0.3362749205431976,0.23914557570690667,-1.683687874001186,0.2578035428978294,-0.0860617384953533,-0.20971271309495995,-0.2671847121751772,0.23361956891045865,0.028716836181344827,96.17835455965825
-0.3736695335817135,-0.35184203422769067,0.0286649355342974,0.3786103782191796,-0.23404954029825503,-0.05906326359106374,-0.22042233885042875,-0.26816263431413023,-0.37389472216807157,-0.1381160638873422,87.81755696395605
1.9886269210140786,4.461763687995943,1.4558638066346368,-0.9962551232610641,-0.23730015285005396,0.8223728030673987,-0.23506178683861473,-0.22568691576981156,-0.3774078650280341,-0.3994057494620618,94.22221228521543
-0.40161820244201785,-0.3554293173798937,0.074502484860025,1.0660431289593015,0.012366799320948673,-0.22395027082670316,-0.23256573186026108,-0.18371428234236833,0.7422311972368435,-0.39186082676936373,89.71286121480381
-0.5050037605574716,0.16561570941293105,-0.3094857575644511,1.0660431289593015,-0.23730015285005396,0.5847621803353796,-0.23506178683861473,-0.2197037002621595,-0.3774078650280341,-0.3994057494620618,68.59125431474911
-0.4904965501532456,-0.2791030172476788,-0.264166735946153,0.3786103782191796,-0.23730015285005396,-0.27630515380155485,-0.23506178683861473,-0.2853805206670858,-0.3774078650280341,-0.3994057494620618,75.17731730890246
0.15368715093014262,-0.28415445457920385,0.14252692379269835,0.3786103782191796,-0.22104991394820073,-0.25881891796818407,0.2109651821454038,-0.0980566428837856,-0.15921648246848444,0.33231501887645315,91.70739966739156
-0.43381722610385504,-0.4440145886210005,-0.19990300482424772,1.0660431289593015,-0.23730015285005396,-0.27630515380155485,-0.2282629037303277,-0.2853805206670858,-0.3774078650280341,-0.3994057494620618,79.54222957665922
-0.3909096521821623,-0.4434026667445835,-0.06477014213172563,1.0660431289593015,-0.23527325879044492,-0.24281081550760292,-0.23506178683861473,-0.16110235503040088,-0.3631998364205971,-0.3994057494620618,85.0102472688725
-0.4516831975632125,-0.26913943103735316,-0.3479540702010942,0.3786103782191796,-0.23730015285005396,-0.27630515380155485,-0.23506178683861473,-0.2853805206670858,-0.3774078650280341,-0.3994057494620618,71.67647112602582
-0.3643318083827684,-0.3506435133087336,-0.3074170666293918,1.0660431289593015,-0.19235550139599028,-0.26361123947626725,0.2175297043446982,-0.07147249538429643,0.4538899316309388,0.25080883790021175,74.18927416090503
0.6165479605229859,-0.22474508548306926,0.8538975407025419,0.3786103782191796,-0.22104991394820073,-0.25881891796818407,-0.2054147184600289,-0.27640838770035037,-0.15921648246848444,0.6160557358285936,119.8921584419175
0.5896439344961872,-0.22819828605497358,0.8098455030971743,0.3786103782191796,-0.19977786869908581,-0.2653434697135105,-0.23330919970995542,-0.18371428234236833,0.42627768822808865,-0.39410813602300454,118.14438957217718
-0.5148853714953118,-0.2853637524790976,-0.22796870690554102,0.3786103782191796,-0.23730015285005396,-0.27630515380155485,-0.23506178683861473,-0.2853805206670858,-0.3774078650280341,-0.3994057494620618,76.71065705267962
-0.525581185065509,-0.37134028334699504,-0.30736101451481673,-1.683687874001186,-0.11725057314765833,-0.20881921238213952,0.8813245755701815,0.15547000792662885,0.0402508122243208,0.3788109732027036,74.41260907035742
-0.3737666964807378,-0.4431581842753743,0.14058989423457796,1.0660431289593015,-0.23730015285005396,-0.27630515380155485,-0.23506178683861473,0.5624725932157012,-0.3774078650280341,-0.3994057494620618,93.32725945859715
-0.16853538209157312,-0.3255125410679212,0.175486533643511,-1.683687874001186,-0.1905531745755445,-0.25946645513888855,-0.22538761019014966,-0.279924602928993,0.27439939526682516,0.14550277478021942,93.48442138497664
-0.34092770434149183,-0.34763953667788505,0.19505782251244627,-1.683687874001186,-0.22333356721838404,-0.2732491608672384,0.7627780863481606,0.02520055589806391,0.6956226633180564,0.587926369467768,94.51364132396267
1.7173166470174694,2.2256860587297567,0.46883185795748544,1.0660431289593015,-0.23730015285005396,0.5847621803353796,-0.23506178683861473,2.544510925883555,-0.3774078650280341,-0.3994057494620618,78.11895123990529
1.9685458937181188,2.996384503674375,1.269615229322324,-0.9962551232610641,-0.23730015285005396,-0.24855258497695115,-0.23506178683861473,-0.2853805206670858,-0.3774078650280341,-0.3994057494620618,102.32868930813414
-0.36893805658644163,0.2917473515263724,0.14058989423457796,0.3786103782191796,-0.23730015285005396,0.5847621803353796,-0.23506178683861473,-0.2853805206670858,-0.3774078650280341,-0.3994057494620618,85.47766581628348
-0.4775939416736204,-0.27579085163079164,-0.21726977910270076,0.3786103782191796,-0.23646690320407973,-0.27630515380155485,-0.23506178683861473,-0.24489696537969896,-0.3774078650280341,-0.3994057494620618,77.04184703105126
-0.19655192250872613,-0.32910853570808857,0.4937344576644064,0.3786103782191796,1.4833415874367017,-0.16142195048848337,0.11094217213900119,-0.08865406275822625,3.139071658540477,0.1410942498027899,106.41581090085728
2.37863666732635,0.45741816048246986,1.5315511094145413,-1.683687874001186,-0.23730015285005396,-0.27630515380155485,-0.22212608224011754,2.196724418174937,-0.3774078650280341,-0.3978041741971664,140.05926794189966
0.47734172943574277,-0.2426125613888792,0.7522280016525386,0.3786103782191796,-0.21733082349665728,-0.26678471805758913,7.021126615034065,2.544510925883555,0.11506332505940804,0.38857603114134814,115.96412774435991
-0.5303702317216454,-0.3719549697376257,-0.36771829000809103,0.3786103782191796,-0.16904519606227253,-0.24045700423097027,0.8813245755701815,0.15547000792662885,0.06962723950582328,0.3788109732027036,71.97395780005454
-0.45725984143905213,-0.44434891302699503,-0.03893530707185631,0.3786103782191796,-0.23527325879044492,-0.27630515380155485,-0.23506178683861473,0.5624725932157012,-0.3774078650280341,-0.3994057494620618,86.06698482983833
-0.4643902155561923,-0.36348626585926014,-0.23308933548407457,1.0660431289593015,0.14677491602622905,-0.07651261439572349,-0.1506648301884313,-0.2793354283803528,0.07393961871835,3.8910285221737864,77.33764196237789
-0.34614880364791933,-0.3483096781315458,0.08505938625640967,1.0660431289593015,-0.21591656524385702,-0.26599100688421506,-0.22120097673612663,-0.2699462997285067,0.10935947618460375,-0.12342340290996132,90.06450087849461
-0.39665865504014697,-0.44348465554737165,-0.35819619815633397,0.3786103782191796,-0.23730015285005396,-0.27630515380155485,-0.23506178683861473,-0.2853805206670858,-0.3774078650280341,-0.3994057494620618,73.12373554477632
-0.5148853714953118,-0.2853637524790976,-0.22796870690554102,0.3786103782191796,-0.23730015285005396,-0.27630515380155485,-0.23506178683861473,-0.2853805206670858,-0.3774078650280341,-0.3994057494620618,76.71065705267962
2.1845325588210263,2.6587908636691293,1.3680727030269306,-1.683687874001186,-0.22294112167216948,2.2444846478058595,-0.23506178683861473,0.06327629739077961,-0.3760704608340948,-0.3994057494620618,109.9233044815071
1.837991528195138,0.31863178689023985,1.3081297621994215,-0.30882237252094225,-0.23730015285005396,0.13799568535362894,-0.23506178683861473,0.2733493075179224,-0.3774078650280341,-0.3994057494620618,132.4903277757329
-0.3042119743172965,-0.3429269787956133,0.0286649355342974,0.3786103782191796,-0.23333482205578762,-0.1730543956541984,-0.2270516680419249,-0.279767220686548,-0.36839090075649317,0.03912303711032531,87.72233443666326
-0.5799029325304772,-0.37831261861109344,-0.44434560095949877,-1.683687874001186,-0.2352290654261833,-0.1730543956541984,0.035582642769349554,-0.1382213982441685,-0.37269831561760847,0.1657775309123723,68.93750980513099
-0.21907282249661988,-0.20942715753518465,0.32947122366889675,0.3786103782191796,-0.23527325879044492,-0.27630515380155485,-0.23506178683861473,-0.2853805206670858,-0.3774078650280341,-0.3994057494620618,98.4827887741996
1.9538450426776774,4.407695533030154,1.4686827738986714,-0.9962551232610641,-0.23730015285005396,-0.27630515380155485,-0.23506178683861473,-0.22568691576981156,-0.3774078650280341,-0.3994057494620618,95.31904607714704
-0.4331653962696048,-0.3594784804181277,-0.14907821584056474,0.3786103782191796,-0.17727744559349787,-0.25554844542247396,-0.22929689006910708,-0.28201630709140285,0.30153194033586206,0.12719973524403946,80.69832471759264
-0.39327584439161556,-0.20960703583589582,0.30998121649478727,-1.683687874001186,0.09970284119832544,-0.21773309432063517,-0.23382542969592368,-0.28491509967660744,0.9734742129453773,0.4169423354840456,97.69512352256903
-0.011706751536840568,0.6228974489074677,-0.09549371997898905,0.3786103782191796,-0.23730015285005396,0.42798441496746586,-0.23506178683861473,-0.20278981721512326,-0.3774078650280341,-0.3994057494620618,72.3763124137422
-0.5254787995930673,-0.2880831396763267,-0.402437183467209,0.3786103782191796,-0.23730015285005396,-0.27630515380155485,-0.23506178683861473,-0.2853805206670858,-0.3774078650280341,-0.3994057494620618,69.6715701124345
-0.564739080637363,-0.29816145470770844,-0.4673492075663066,0.3786103782191796,-0.23646690320407973,-0.27630515380155485,-0.23506178683861473,-0.20681987873961194,-0.3774078650280341,-0.3994057494620618,67.14947703068114
-0.4528047210090428,0.21400373360152158,-0.23389353380215566,0.3786103782191796,-0.23730015285005396,-0.15009005000115444,-0.23506178683861473,-0.2853805206670858,-0.3774078650280341,-0.3994057494620618,71.13683815993643
-0.4231143907671843,-0.3581884081473605,0.08661073699480194,0.3786103782191796,-0.23715331227870545,-0.2716713013057116,-0.16003583222273957,-0.18371428234236833,-0.36996777765411515,-0.17262187153000788,90.23286541103452
-0.20945124692683423,-0.44081481668253786,0.6322496144029539,0.3786103782191796,-0.23730015285005396,-0.27630515380155485,-0.23323580690426277,-0.2853805206670858,-0.3774078650280341,-0.3994057494620618,113.2205344281832
-0.4652158616167565,-0.2726133351439385,-0.05799478554500644,0.3786103782191796,-0.23730015285005396,-0.27630515380155485,-0.23506178683861473,-0.2853805206670858,-0.3774078650280341,-0.3994057494620618,83.46051651546435
-0.36578753036395045,-0.3508303589493431,0.4030877228973895,1.0660431289593015,1.0019231505527846,0.1714162535901588,-0.22748680978936792,-0.18371428234236833,0.2724462701465056,-0.3765085710220156,102.97550886144818
-0.2649084589492462,-0.3378822720438577,0.3298416519910847,1.0660431289593015,-0.23527325879044492,-0.27249233472257534,-0.2274245467419042,-0.279207639380077,-0.25259509347764375,-0.01919366056836804,99.86983660308915
-0.17218670241643463,-0.3259811973731693,0.5001786632686283,0.3786103782191796,-0.23535472706897193,-0.1730543956541984,-0.1735725437656004,-0.2500825084961555,-0.3729840639201124,0.13593006689463796,106.64347760917676
1.881358445460255,-0.4109969529988133,1.227149076034541,-0.9962551232610641,-0.23730015285005396,-0.27630515380155485,-0.23506178683861473,1.7525406143950797,-0.3774078650280341,-0.3994057494620618,137.00283926338582
0.2071228556545426,-0.27729584516771255,0.3131191002758286,0.3786103782191796,-0.1540190286347518,-0.1730543956541984,0.09701343871200721,-0.12886320798186285,-0.18803074606762718,0.2526001056190466,98.54523705823874
0.054826615418289905,-0.2968434572373282,-0.1264908759858485,-1.683687874001186,4.628580709868071,2.5976915844060295,-0.22518593897104094,-0.2659673538041284,0.020103340759398753,-0.24307104178271466,80.94438113463087
-0.4940749160777675,-0.28002160209031407,-0.264166735946153,0.3786103782191796,-0.23730015285005396,-0.27630515380155485,-0.23506178683861473,-0.2853805206670858,-0.3774078650280341,-0.3994057494620618,75.18712879812034
0.17946343972689474,-0.43526835056777663,0.1505401459510589,0.3786103782191796,-0.23527325879044492,-0.24281081550760292,-0.23506178683861473,0.40810079058774107,-0.3631998364205971,-0.3994057494620618,93.64609578293646
-0.3919088328521071,-0.3541830949525398,0.4178540567935496,-1.683687874001186,-0.23674342941464324,-0.27477647427830937,-0.2349746567313366,-0.18371428234236833,-0.29190173899164457,-0.3991423778899927,103.6095390515568
1.406978204052589,1.6803431396450172,1.076414862186857,-0.9962551232610641,-0.23730015285005396,-0.27630515380155485,-0.23506178683861473,-0.1340648928667753,-0.3774078650280341,-0.3994057494620618,108.55844179198168
-0.15908662360979237,-0.32429976874304417,0.7511293437170757,-1.683687874001186,0.06312351354327168,-0.12685248191321405,-0.22515127772398505,-0.28507248191905243,0.09455152775547762,9.487673559004065,116.79212707551484
0.7158869744140798,-0.21199466890082833,0.502771859296602,1.0660431289593015,0.13131359221323136,-0.11734843951534216,-0.22042233885042875,-0.26816263431413023,0.16705319413760414,-0.1381160638873422,105.53103355042506
-0.5749022370561198,-0.3776707665531609,-0.2928093040477804,-1.683687874001186,-0.18903351585494457,-0.26601423079118125,-0.23070534507332702,-0.2829148655354477,0.7237938686394229,0.1435656859973118,75.0697499467029
-0.45725984143905213,-0.44434891302699503,-0.03893530707185631,1.0660431289593015,-0.23527325879044492,-0.27630515380155485,-0.23506178683861473,0.5624725932157012,-0.3774078650280341,-0.3994057494620618,86.06698482983833
-0.33759772856651804,-0.34721212576774424,0.23404466321010947,0.3786103782191796,-0.237190869578685,-0.274611174705197,-0.21551653221895972,-0.279506262096511,-0.36226110253409355,0.6230998039259255,96.08852575698064
-0.5453149597446925,-0.373873163814034,-0.49623200114237126,0.3786103782191796,-0.04118871031056247,-0.08184455021272709,-0.10366570554747957,-0.20691941964508997,-0.14062761205505012,0.11523647690202082,66.78805009490766
-0.5016435173740439,-0.36826782245657347,-0.20567208731460587,0.3786103782191796,-0.22849840192985343,-0.2735893227986844,0.11094217213900119,-0.08865406275822625,0.38351477847078325,0.1410942498027899,78.49945214457863
-0.5433941183187808,-0.445577308005193,-0.21726977910270076,0.3786103782191796,-0.23730015285005396,-0.27630515380155485,-0.2343111323450354,-0.2853805206670858,-0.3774078650280341,-0.3994057494620618,78.8553517926578
0.12415883901394346,0.748843587741479,-0.0316061018807592,0.3786103782191796,-0.23730015285005396,0.42798441496746586,-0.23506178683861473,-0.2853805206670858,-0.3774078650280341,-0.3994057494620618,73.61930948544831
4.987668869084198,4.02702898126702,2.276107837354121,-0.9962551232610641,-0.2297531828505978,-0.11017908282366014,-0.23506178683861473,-0.2853805206670858,-0.36674168265109364,-0.3994057494620618,132.0956903497526
-0.13784996502415287,-0.3215739892816275,0.6693261559647833,0.3786103782191796,-0.22781354597665546,-0.27615351535018734,0.8813245755701815,0.15547000792662885,14.311034335948019,0.3788109732027036,113.4489710666186
-0.30394938820805206,-0.2312154062503801,0.00856453518419602,0.3786103782191796,-0.23730015285005396,-0.11175557627301247,-0.21472829094187573,-0.2853805206670858,-0.3774078650280341,-0.3994057494620618,85.71481782465911
0.5246153181359812,-0.23654487533427065,0.8098455030971743,0.3786103782191796,-0.22104991394820073,-0.25881891796818407,-0.21363623906445045,-0.2769733495963067,-0.15921648246848444,0.38377039723308864,118.23354026019084
-0.3753753408694584,-0.4431811257890248,-0.03303797810419061,0.3786103782191796,-0.236291682868461,-0.27630515380155485,-0.23506178683861473,-0.2853805206670858,-0.3774078650280341,-0.3994057494620618,86.29342641039857
-0.48090541353278443,-0.36560603377210243,-0.37749500405825626,0.3786103782191796,-0.21560431724045584,-0.27033934193559156,-0.16003583222273957,-0.18371428234236833,0.4764409957787701,-0.17262187153000788,71.51006629043773
-0.3620603838713574,-0.24613279617994466,0.2555920087965237,1.0660431289593015,-0.23730015285005396,-0.27630515380155485,-0.23506178683861473,-0.2853805206670858,-0.3774078650280341,-0.3994057494620618,95.88182235877414
1.8472710354222504,0.7518944549990584,1.3408110621611322,-1.683687874001186,-0.23730015285005396,0.302567120676963,-0.23506178683861473,-0.08383709002151267,-0.3774078650280341,-0.3994057494620618,129.18660655076874
-0.373996601869225,-0.24919688441533025,0.00845898725439144,0.3786103782191796,-0.23730015285005396,-0.27630515380155485,-0.23506178683861473,-0.2845209714968093,-0.3774078650280341,-0.3994057494620618,85.90260364962498
-0.5732755089884457,-0.3003527995446943,-0.24512052283366223,1.0660431289593015,-0.23730015285005396,-0.27630515380155485,-0.23506178683861473,-0.2853805206670858,-0.3774078650280341,-0.3994057494620618,76.1758955839803
-0.5785560291780681,-0.37813974011988893,-0.2179217783802258,0.3786103782191796,0.06312351354327168,-0.12685248191321405,-0.21025826204403422,-0.2826310394400982,0.09455152775547762,2.372893105740587,78.10863088399721
-0.43221340060033436,-0.3593562893383874,0.027845816082910337,0.3786103782191796,-0.21351713383087967,-0.2677669527110418,-0.1735725437656004,-0.2500825084961555,0.2765876643370517,0.13593006689463796,87.86463293685571
-0.1927705650616571,-0.32862318880551766,0.6684087101522348,0.3786103782191796,-0.23720287097153558,-0.2709117429366995,0.2109651821454038,-0.0980566428837856,-0.37317297031003244,0.33231501887645315,113.48709630324502
-0.33687846301319535,-0.3471198061938035,0.0286649355342974,0.3786103782191796,-0.23404954029825503,-0.05906326359106374,-0.2270516680419249,-0.279767220686548,-0.37389472216807157,0.03912303711032531,87.76711841186116
-0.39135859189703803,-0.35411247011821806,-0.33289906356915433,0.3786103782191796,-0.04118871031056247,-0.08184455021272709,-0.23315433707402677,-0.2785552429049845,-0.14062761205505012,-0.31352216123610366,73.19399010186483
-0.5750966964322912,-0.4460294310061783,-0.46534200486735355,1.0660431289593015,-0.23730015285005396,-0.2536973634260507,-0.23506178683861473,-0.2853805206670858,-0.3774078650280341,-0.3994057494620618,68.81018504554264
-0.43315639721707094,-0.44400516427896874,-0.23389353380215566,1.0660431289593015,-0.23730015285005396,-0.27630515380155485,-0.23506178683861473,-0.16110235503040088,-0.3774078650280341,-0.3994057494620618,78.16509173779751
-0.4467883228287801,-0.4441995745598837,-0.19990300482424772,1.0660431289593015,-0.23730015285005396,-0.27630515380155485,-0.2282629037303277,-0.2853805206670858,-0.3774078650280341,-0.3994057494620618,79.54420542849192
-0.5460574595162911,-0.29336578697566523,-0.47459449425626343,0.3786103782191796,-0.23527325879044492,-0.27630515380155485,-0.23506178683861473,-0.25631995685698794,-0.3774078650280341,-0.3994057494620618,66.80473026542694
-0.3672485602680226,-0.35101788587543536,-0.3710456504911333,-1.683687874001186,-0.23720343574296385,-0.1730543956541984,4.14849283267825,2.544510925883555,-0.37718793515475857,0.07662394865985454,71.61552759360701
-0.3864059082853489,-0.35347678050569276,-0.04024083734509009,0.3786103782191796,-0.22882258072967668,-0.2700360650328565,-0.14783628163281484,-0.1850755714821489,-0.059909678449803855,-0.13216755217667134,85.0434810851384
-0.557352177140116,-0.4457763694007563,-0.289847681995367,1.0660431289593015,-0.23730015285005396,-0.27630515380155485,-0.23506178683861473,-0.20681987873961194,-0.3774078650280341,-0.3994057494620618,75.91717451038978
-0.3561649889776844,0.303587866404843,0.14058989423457796,0.3786103782191796,-0.23730015285005396,0.5847621803353796,-0.23506178683861473,-0.2524001974169479,-0.3774078650280341,-0.3994057494620618,85.35119618748912
-0.5642102279428356,-0.37629841982899326,-0.33198561493785556,-1.683687874001186,0.14677491602622905,-0.07651261439572349,-0.15888768636384032,-0.25933174182138385,0.07393961871835,0.49925829928530757,73.46796624865127
-0.07874002723781975,-0.17340301093631375,0.7690265126341208,1.0660431289593015,-0.23730015285005396,-0.27630515380155485,-0.23506178683861473,0.5624725932157012,-0.3774078650280341,-0.3994057494620618,115.90544180413464
0.28833088151795677,-0.26687258728521457,0.30341290060150383,0.3786103782191796,-0.17693724140439765,-0.25863176060028004,-0.23330919970995542,-0.18371428234236833,0.4244998914572508,-0.39410813602300454,98.04068404645818
-0.27693439282395027,-0.4417772205075421,0.2555920087965237,0.3786103782191796,-0.23730015285005396,-0.24281081550760292,-0.23506178683861473,-0.2853805206670858,-0.3774078650280341,-0.3994057494620618,97.9715184551311
0.7223535627388519,-0.21116466574519915,0.502771859296602,1.0660431289593015,0.13131359221323136,-0.11734843951534216,-0.23330919970995542,-0.18371428234236833,0.16705319413760414,-0.39410813602300454,105.522168210356
-0.5760220347494592,-0.3010578467609908,-0.5513120018934556,1.0660431289593015,-0.23730015285005396,-0.27630515380155485,-0.23506178683861473,-0.2300478835476461,-0.3774078650280341,-0.3994057494620618,63.77888115394717
-0.43495274587372956,0.23055234852115472,-0.03893530707185631,0.3786103782191796,-0.23730015285005396,0.5847621803353796,-0.23506178683861473,-0.20681987873961194,-0.3774078650280341,-0.3994057494620618,78.85830236147414
0.5049928887659345,-0.23906346434601566,0.5244360246779671,0.3786103782191796,-0.22294112167216948,-0.21179870303468498,-0.22538761019014966,-0.279924602928993,-0.3251446446426304,0.14550277478021942,106.6978247136186
0.3380827304215031,-0.2604868101931209,0.30341290060150383,0.3786103782191796,-0.23484749172996278,-0.2723543573929526,-0.1806822969208768,-0.2679783491242587,-0.23165165347501154,0.5608990210289683,97.97247697381904
-0.3171238524305905,-0.3445842513852538,0.19382028874011958,0.3786103782191796,-0.23527325879044492,-0.2741193743223835,-0.22042233885042875,-0.26816263431413023,-0.1596875866548219,-0.1381160638873422,94.43087210401713
-0.3499727368894786,0.30932802650008695,0.14058989423457796,0.3786103782191796,-0.23730015285005396,0.5847621803353796,-0.23323580690426277,-0.2524001974169479,-0.3774078650280341,-0.38239127673667533,85.28988500939283
0.028905221660908503,-0.3001705344434826,0.001286451465444903,0.3786103782191796,-0.2176252106036396,-0.1730543956541984,0.8813245755701815,0.15547000792662885,-0.33266802855913913,0.3788109732027036,86.15648141042092
-0.39327584439161556,-0.35435855438100333,0.30998121649478727,-1.683687874001186,-0.23592775827937373,-0.275832478989184,0.06853607612397558,-0.22770732712154118,0.3042880729974101,1.2183096216106803,99.2412278099008
-0.07097476882838838,-0.3129903867561395,-0.14643023402278327,-1.683687874001186,-0.23095967581422563,-0.2755742837882069,-0.23323580690426277,-0.24295053713339218,1.6594276816365374,-0.38618060149639505,80.3090571538467
-0.327820989384073,-0.34595725628082996,0.2875431736269745,-1.683687874001186,-0.23527325879044492,-0.27471090089393424,-0.2092419561211843,-0.18371428234236833,-0.07890534112303027,-0.3213591405568145,98.24247428566645
-0.5054793330064804,-0.44503659026117426,-0.2641056020427684,1.0660431289593015,-0.23730015285005396,-0.27630515380155485,-0.23506178683861473,-0.24161615094103814,-0.3774078650280341,-0.3994057494620618,76.95214574868493
-0.5533986954347891,-0.2952503197996366,-0.3853236962149684,0.3786103782191796,-0.23730015285005396,-0.27630515380155485,-0.23506178683861473,-0.2373210953843985,-0.3774078650280341,-0.3994057494620618,70.441431496379
-0.0709448685855092,-0.31298654898346906,-0.11874278537663034,-1.683687874001186,-0.23646690320407973,-0.2731344074445819,-0.23456024813350868,-0.28387530075857353,-0.31570748896279255,-0.2970100062174223,81.43070056249721
2.8183698376364075,2.2784183477881044,2.1955343077826717,-1.683687874001186,-0.23730015285005396,2.1021521525709193,-0.23506178683861473,4.323570555660632,-0.3774078650280341,-0.3994057494620618,147.5085360755162
-0.536061879703958,-0.254406254125574,-0.11934412308507861,-1.683687874001186,-0.18895550680141568,-0.2632983997883108,-0.23382542969592368,-0.28491509967660744,0.495269342950619,0.4169423354840456,80.7806374226126
1.1811768495964088,1.5607463299986555,1.0360353929329122,-0.9962551232610641,-0.23730015285005396,-0.24915777267024672,-0.23506178683861473,11.769815424523394,-0.3774078650280341,-0.3994057494620618,108.19999797572127
-0.5296789367032914,-0.4453817103774905,-0.22735735788400002,0.3786103782191796,-0.23730015285005396,-0.27630515380155485,-0.23506178683861473,-0.2853805206670858,-0.3774078650280341,-0.3994057494620618,78.44459078629914
-0.4294807878160616,-0.35900555149639884,-0.12424373590444103,-1.683687874001186,-0.21384385410213008,-0.27495953330969,0.11094217213900119,-0.08865406275822625,3.715303029493128,0.1410942498027899,81.69937717218916
-0.42637623565345445,-0.21999230670898304,-0.11934412308507861,-1.683687874001186,-0.230214459914632,-0.1730543956541984,-0.2330769375553717,-0.28450617487572477,-0.3612953530201598,0.29821873253752196,80.41305888402738
-0.37311529882727684,-0.3517708967790023,0.0549290219817669,0.3786103782191796,-0.17727744559349787,-0.25554844542247396,-0.21250011334443847,-0.276506583458457,0.30153194033586206,0.3819204021948199,88.88081775038803
1.5252411748833026,-0.41607568219552,0.28666927514572454,-0.9962551232610641,-0.23730015285005396,-0.22975761368042655,-0.23506178683861473,0.0058680978773859626,-0.3774078650280341,-0.3994057494620618,98.9560119379782
-0.17685457712513908,-0.3265803310343402,0.39126584464068914,-1.683687874001186,-0.20916189896182596,-0.2578257544173356,4.14849283267825,2.544510925883555,-0.019901755818103623,0.07662394865985454,102.23755967523913
-0.48931123023428186,-0.2787987395594265,-0.23244260483360038,0.3786103782191796,-0.23527325879044492,-0.20610201526709465,-0.23506178683861473,-0.2853805206670858,-0.37062912939595055,-0.3994057494620618,76.45928729928198
-0.49121717448219815,0.17839574648371845,-0.23389353380215566,1.0660431289593015,-0.23730015285005396,-0.27630515380155485,-0.23506178683861473,-0.20681987873961194,-0.3774078650280341,-0.3994057494620618,71.517170346427
-0.5219657151655924,-0.28718131292801613,-0.3501880848546847,0.3786103782191796,-0.23730015285005396,-0.27630515380155485,-0.23506178683861473,-0.2853805206670858,-0.3774078650280341,-0.3994057494620618,71.77867287912777
-0.38543710495171546,-0.3533524321192307,-0.056837796091764085,0.3786103782191796,-0.21111473736790395,-0.27426691443722756,0.11094217213900119,-0.08865406275822625,2.638919400160859,0.1410942498027899,84.36977063328769
1.863604960953448,2.881145985393716,1.477440168327484,-0.9962551232610641,-0.23730015285005396,-0.24855258497695115,-0.23494603735303357,-0.2853805206670858,-0.3774078650280341,-0.3994057494620618,111.97904512255244
1.1154096302917558,1.6677238522109037,0.7797828411421127,0.3786103782191796,1.4971600617613097,0.12501898580822354,-0.23506178683861473,2.544510925883555,0.637305158568072,-0.3994057494620618,96.6759608395817
-0.37480099781407067,-0.203810539820825,-0.41424070283397113,-1.683687874001186,0.007840438709131127,-0.22131913877865067,-0.22993465701493557,-0.28411204669592666,0.6693281297685375,0.842733132508769,68.29325807529735
-0.40888399150584637,0.25471784136991205,-0.06477014213172563,0.3786103782191796,-0.23730015285005396,-0.15009005000115444,-0.23506178683861473,-0.2853805206670858,-0.3774078650280341,-0.3994057494620618,77.55355789166435
-0.19655192250872613,-0.32910853570808857,0.4937344576644064,1.0660431289593015,0.14677491602622905,-0.07651261439572349,1.315022825170201,-0.1722603524755389,0.07393961871835,3.8116672006458017,106.41581090085728
-0.4823330420479958,-0.27700740294595944,-0.04526145271838463,0.3786103782191796,-0.23730015285005396,-0.27630515380155485,-0.23415328057403956,-0.2853805206670858,-0.3774078650280341,-0.3994057494620618,84.02330755742958
-0.4007652940025822,-0.25606854465621487,-0.020969050647567152,0.3786103782191796,-0.23730015285005396,-0.11175557627301247,-0.23506178683861473,0.0963709581674801,-0.3774078650280341,-0.3994057494620618,84.78380067381897
-0.37037881089465735,-0.20242307558675485,0.30998121649478727,-1.683687874001186,0.09970284119832544,-0.21773309432063517,-0.2330769375553717,-0.28450617487572477,0.9734742129453773,0.29821873253752196,97.61839098219326
-0.4067857299999514,-0.4436290817673982,-0.03303797810419061,0.3786103782191796,-0.236291682868461,-0.27630515380155485,-0.23506178683861473,-0.2853805206670858,-0.3774078650280341,-0.3994057494620618,86.29821106941742
-0.1319378108645046,-0.3208151491695585,0.6684087101522348,0.3786103782191796,0.2578035428978294,-0.0860617384953533,-0.15756680665722766,-0.21160053249729976,0.23361956891045865,-0.07662145714927855,113.4036979135207
-0.4294807878160616,-0.35900555149639884,-0.12424373590444103,-1.683687874001186,0.14677491602622905,-0.07651261439572349,-0.21393057347064254,-0.284055550506331,0.07393961871835,4.501718805655525,81.69937717218916
-0.5730047997765443,-0.3774272256239165,-0.14907821584056474,0.3786103782191796,-0.17727744559349787,-0.25554844542247396,-0.2341352185663994,-0.28318120471497,0.30153194033586206,-0.26993632935802886,80.89003691649609
-0.38728049551732374,-0.2526069278859274,-0.11565986084209338,0.3786103782191796,-0.23730015285005396,-0.2512178698293657,-0.23506178683861473,-0.2853805206670858,-0.3774078650280341,-0.3994057494620618,80.91067688011562
-0.32829621875345805,-0.34601825318621915,0.2601541397305744,1.0660431289593015,-0.22372177697888665,-0.25457030910554473,0.8813245755701815,0.15547000792662885,-0.23072970259083425,0.3788109732027036,97.13353089027414
0.3284945676238933,-0.2617174754185871,0.46887366886927423,-1.683687874001186,4.628580709868071,2.5976915844060295,-0.22934980411965847,-0.2846608668234271,0.020103340759398753,2.0397562069463073,104.68883109926678
-0.45985826198144036,-0.3629045780233731,0.0007936393774818353,-1.683687874001186,-0.23246436809197657,-0.27380107018572913,0.7627780863481606,0.02520055589806391,0.07600340504426005,0.587926369467768,86.80658451184013
3.2264637593547962,2.7460496182563663,2.908736175569434,-0.30882237252094225,-0.23646690320407973,-0.27630515380155485,-0.23506178683861473,-0.2853805206670858,-0.3774078650280341,-0.3994057494620618,171.40722749206665
-0.5347547229971471,-0.37251773041013586,-0.2179217783802258,1.0660431289593015,-0.23095967581422563,-0.2088738568691188,0.035582642769349554,-0.1382213982441685,-0.3553311426320546,0.1657775309123723,78.04858168103868
2.2180223230052736,1.1901954414452145,1.3234207196426409,-0.9962551232610641,0.787943257776608,0.4269953497531408,1.2784948950641446,2.544510925883555,-0.03514464354244664,-0.2350418957145317,123.80054925001156
-0.3138332108550636,-0.2337526340974885,-0.11475011488326356,1.0660431289593015,-0.23730015285005396,-0.27630515380155485,-0.23506178683861473,-0.24489696537969896,-0.3774078650280341,-0.3994057494620618,80.74614840614245
-0.2648088287130381,-0.337869484248146,0.1278561514393036,-1.683687874001186,-0.23088300809283885,-0.269654919736176,0.035582642769349554,-0.1382213982441685,-0.15085003292704008,0.1657775309123723,91.68678695829668
-0.3346905190492569,-0.34683897798838764,-0.09880505031240584,0.3786103782191796,-0.19300477674920766,-0.1730543956541984,-0.23323580690426277,-0.25895510055741294,-0.27668239105917264,-0.37817078676004984,82.60000654134086
-0.29441558835229203,-0.22876803104478535,0.09620141490590567,1.0660431289593015,-0.23730015285005396,-0.27630515380155485,-0.23506178683861473,-0.22076905698024862,-0.3774078650280341,-0.3994057494620618,89.2390556299333
-0.2878087834069332,-0.441932304491143,0.2555920087965237,0.3786103782191796,-0.23527325879044492,-0.24281081550760292,-0.23506178683861473,-0.2853805206670858,-0.3631998364205971,-0.3994057494620618,97.97317492142832
-0.0709448685855092,-0.31298654898346906,-0.11874278537663034,-1.683687874001186,-0.23674342941464324,-0.27477647427830937,-0.2343111323450354,-0.28225843361824127,-0.29190173899164457,-0.32551799242597024,81.43070056249721
-0.5091746765817323,-0.4450892910169593,-0.289847681995367,1.0660431289593015,-0.23730015285005396,-0.19652010447527726,-0.23506178683861473,-0.2631196768190341,-0.3774078650280341,-0.3994057494620618,75.90983576295834
-0.4099207497038175,-0.3564949705622148,-0.08150367637968105,-1.683687874001186,0.8703328902923962,0.03911648616461518,-0.10366570554747957,-0.20691941964508997,0.4470692267519424,0.11523647690202082,83.40406289637227
-0.5361748742430054,-0.3727000104558622,-0.47918911472576664,-1.683687874001186,-0.22633765704174594,-0.25658942289942926,-0.23323580690426277,-0.28425597746465836,-0.24685971141235952,0.0995904733621317,67.46596740181226
-0.4910537477631118,-0.4448308612864566,-0.23389353380215566,1.0660431289593015,-0.23730015285005396,-0.19652010447527726,-0.23506178683861473,-0.2853805206670858,-0.3774078650280341,-0.3994057494620618,78.1739110835021
0.0055498180926799945,-0.3031682602440199,-0.11874278537663034,-1.683687874001186,-0.23646690320407973,-0.2731344074445819,-0.21115385778906381,-0.2685527270518144,-0.31570748896279255,0.03720274764033895,81.3258305171471
0.25112465609185086,-0.2716481015072069,0.3715232678943518,-1.683687874001186,-0.23095967581422563,-0.2755742837882069,1.315022825170201,-0.1722603524755389,1.6594276816365374,3.8116672006458017,100.85100473523566
-0.10999205642703093,-0.31799835544140537,0.5001786632686283,0.3786103782191796,-0.16904519606227253,-0.24045700423097027,-0.22538761019014966,-0.279924602928993,0.06962723950582328,0.14550277478021942,106.5582121400484
-0.565324700607241,-0.4458900687100831,-0.4989972641597908,0.3786103782191796,-0.23730015285005396,-0.27630515380155485,-0.23506178683861473,-0.2853805206670858,-0.3774078650280341,-0.3994057494620618,67.44524189984823
-0.5517061102244701,-0.37469348432925764,-0.37323538413793983,0.3786103782191796,0.2578035428978294,-0.0860617384953533,0.09701343871200721,-0.12886320798186285,0.23361956891045865,0.2526001056190466,71.7796975205546
-0.47429620495094144,-0.3647577249415979,-0.14907821584056474,0.3786103782191796,-0.17727744559349787,-0.25554844542247396,-0.23057318714418545,-0.28142175195327734,0.30153194033586206,-0.050965634504033304,80.75471281406064
-0.5697224962686648,-0.4459527874128032,-0.3501880848546847,1.0660431289593015,-0.23527325879044492,-0.27630515380155485,-0.23506178683861473,-0.2853805206670858,-0.3774078650280341,-0.3994057494620618,73.47452560574645
-0.26304513573077587,-0.33764310974163364,0.19382028874011958,0.3786103782191796,-0.23527325879044492,-0.2741193743223835,-0.23285224363638365,-0.2814903544692149,-0.1596875866548219,-0.22485900870406061,94.35673313150726
0.1048658918347765,-0.290420788088593,0.05106648773850682,0.3786103782191796,-0.17693724140439765,-0.25863176060028004,-0.23261470279646848,-0.2725437793025346,0.4244998914572508,-0.3408227645543132,88.06905114562466
-0.26109865943495153,-0.33739327452919204,0.38024462764130734,0.3786103782191796,-0.2368174850681743,-0.25395146029050436,-0.23295387422866864,-0.28364931600019094,-0.3723382708669095,-0.025224871319325142,101.90655800453598
-0.4348589984425357,-0.2648205730368827,-0.2974130699150918,0.3786103782191796,-0.23730015285005396,-0.19701600319461426,-0.23323580690426277,-0.2524001974169479,-0.3774078650280341,-0.38239127673667533,73.6778771415524
-0.562748873640206,-0.37611085126551624,-0.40786889304015334,0.3786103782191796,0.2650903650581417,-0.05906326359106374,-0.23261470279646848,-0.2725437793025346,0.16555738622139343,-0.3408227645543132,70.39175072452251
0.5920872689449634,-0.2278846778274368,0.8098455030971743,0.3786103782191796,-0.22656151831662388,-0.2707642028218555,-0.21363623906445045,-0.2769733495963067,0.07762098163842816,0.38377039723308864,118.14103989384556
0.32189814198440425,2.041519863881436,0.2785982670654317,-0.9962551232610641,-0.23730015285005396,-0.07162056669890313,-0.23506178683861473,0.607248513764985,-0.3774078650280341,-0.3994057494620618,72.37923206663618
-0.37978466081083234,-0.3526269264525133,0.1278561514393036,-1.683687874001186,0.06312351354327168,-0.12685248191321405,0.11094217213900119,-0.08865406275822625,0.09455152775547762,0.1410942498027899,91.84441255622858
0.7223535627388519,-0.21116466574519915,0.502771859296602,0.3786103782191796,-0.23535472706897193,-0.1730543956541984,0.09701343871200721,-0.12886320798186285,-0.3729840639201124,0.2526001056190466,105.522168210356
1.837991528195138,-0.4116154257522653,1.3081297621994215,-0.30882237252094225,-0.23730015285005396,0.2911327617765479,-0.23506178683861473,0.12256232263454248,-0.3774078650280341,-0.3994057494620618,140.2901654397973
-0.5713420409058692,-0.37721380626885664,-0.43954342731268137,0.3786103782191796,-0.21632948375434613,-0.26436533339658136,-0.2274245467419042,-0.279207639380077,0.03496365964860124,-0.01919366056836804,69.12032076598442
-0.4382162521139496,-0.44407732487020946,-0.03893530707185631,0.3786103782191796,-0.23730015285005396,-0.27630515380155485,-0.23506178683861473,0.5624725932157012,-0.3774078650280341,-0.3994057494620618,86.06408397174845
1.726573689051642,1.531032593514173,1.2908466692827552,-0.30882237252094225,-0.23730015285005396,-0.27630515380155485,-0.23506178683861473,-0.2452870581173831,-0.3774078650280341,-0.3994057494620618,118.84038401166885
-0.554128797248044,-0.4457303995056613,-0.5650860860145098,1.0660431289593015,-0.23730015285005396,-0.19652010447527726,-0.2343111323450354,-0.2644513727166455,-0.3774078650280341,-0.3883836089594094,64.76612109039819
-0.2893630940671372,-0.3410210870260725,0.4937344576644064,0.3786103782191796,1.4833415874367017,-0.16142195048848337,-0.2338423469284317,-0.28142713254276264,3.139071658540477,-0.30461447694590327,106.54304995748971
0.1048658918347765,-0.290420788088593,0.05106648773850682,0.3786103782191796,-0.23458381406939227,-0.2632683453204722,-0.1806822969208768,-0.2679783491242587,-0.32848782272566923,0.5608990210289683,88.06905114562466
-0.5051740635517967,-0.44503223669278413,-0.3501880848546847,1.0660431289593015,-0.23730015285005396,-0.27630515380155485,-0.23506178683861473,-0.2853805206670858,-0.3774078650280341,-0.3994057494620618,73.46469311881138
-0.29663601872219175,-0.3419545855126274,0.20583436880424177,0.3786103782191796,-0.07394411181770137,-0.20008975558719896,-0.05838972187484425,-0.09390417294850639,0.12582228367993625,-0.1158554225708143,94.88950336021271
-0.5268591674596639,-0.288437487170759,-0.1476611196095599,1.0660431289593015,-0.23730015285005396,0.07778565737550526,-0.23506178683861473,-0.2853805206670858,-0.3774078650280341,-0.3994057494620618,79.99693927157851
2.3721077368346832,2.8326713091605296,1.4810445701853776,-1.683687874001186,-0.23730015285005396,0.06548518335646851,-0.23506178683861473,-0.2853805206670858,-0.3774078650280341,-0.3994057494620618,112.64283049173764
1.9411556923700877,2.122193888701028,1.4556646151413846,-0.9962551232610641,-0.23730015285005396,0.06959444877731064,-0.23506178683861473,2.0565762038513635,-0.3774078650280341,-0.3994057494620618,119.20330284061794
-0.07097476882838838,-0.3129903867561395,-0.14643023402278327,-1.683687874001186,-0.23527325879044492,-0.23321387748186623,-0.22934980411965847,-0.2846608668234271,-0.36636413280861485,2.0397562069463073,80.3090571538467
-0.3269451847565828,-0.3458448445162296,0.13283460806757105,0.3786103782191796,-0.20439099232157032,-0.2671931855977593,-0.1735725437656004,-0.2500825084961555,0.47055880814622025,0.13593006689463796,91.97366163453717
-0.27055563412689126,-0.33860710142566336,0.4937344576644064,0.3786103782191796,1.4833415874367017,-0.16142195048848337,-0.23463771125078223,-0.2817741805645644,3.139071658540477,-0.36326859153688296,106.51726595519489
-0.5054003458519545,-0.4450354637941338,-0.289847681995367,0.3786103782191796,-0.23730015285005396,-0.2536973634260507,-0.23506178683861473,-0.20681987873961194,-0.3774078650280341,-0.3994057494620618,75.909260829439
-0.505149541957494,-0.4450318869806325,-0.3501880848546847,1.0660431289593015,-0.23730015285005396,-0.27630515380155485,-0.23506178683861473,-0.2853805206670858,-0.3774078650280341,-0.3994057494620618,73.46468938350371
-0.5697514515860357,-0.29944815597757135,-0.3501880848546847,0.3786103782191796,-0.23730015285005396,-0.27630515380155485,-0.23323580690426277,-0.2853805206670858,-0.3774078650280341,-0.3994057494620618,71.90969615834148
-0.5719743750835471,-0.44598490234692606,-0.43356206860566704,1.0660431289593015,-0.23730015285005396,-0.19242723240052892,-0.23506178683861473,-0.2853805206670858,-0.3774078650280341,-0.3994057494620618,70.0971902385249
-0.4823330420479958,-0.4447064918542763,-0.04526145271838463,0.3786103782191796,-0.236291682868461,-0.27630515380155485,-0.23506178683861473,-0.2853805206670858,-0.3774078650280341,-0.3994057494620618,85.81451695508424
-0.47394938984001217,-0.2748552765266333,-0.4046975601847222,0.3786103782191796,-0.23730015285005396,-0.11175557627301247,-0.23506178683861473,-0.25631995685698794,-0.3774078650280341,-0.3994057494620618,69.4387088518991
-0.43470897066239844,-0.44402730614272623,-0.2974130699150918,1.0660431289593015,-0.23527325879044492,-0.24281081550760292,-0.23506178683861473,-0.2073081672354028,-0.3631998364205971,-0.3994057494620618,75.59200074563275
-0.3970337993960185,-0.44349000562935464,-0.06420598930622724,1.0660431289593015,-0.23730015285005396,-0.27630515380155485,-0.23506178683861473,-0.20681987873961194,-0.3774078650280341,-0.3994057494620618,85.03403531635513
-0.3665004020613981,-0.3509218578555242,0.027845816082910337,0.3786103782191796,-0.19977786869908581,-0.2653434697135105,-0.1735725437656004,-0.2500825084961555,0.42627768822808865,0.13593006689463796,87.7745439981839
-0.42638520981870126,0.23849437476251323,-0.06477014213172563,0.3786103782191796,-0.23730015285005396,-0.27630515380155485,-0.23506178683861473,-0.2853805206670858,-0.3774078650280341,-0.3994057494620618,77.72684223112547
-0.518190015784986,-0.3703916078602437,-0.056837796091764085,0.3786103782191796,-0.12614049900709648,-0.26849782272438966,-0.2338423469284317,-0.28142713254276264,2.965456569285477,-0.30461447694590327,84.55176763705363
-0.4364667718734175,-0.35990222042312925,-0.005542268369822053,0.3786103782191796,-0.2125830018885319,-0.265194563486492,-0.1235351859239987,-0.19877320716434785,0.14491068680642144,-0.0036736301269580905,86.51783336105335
-0.4364667718734175,-0.35990222042312925,-0.005542268369822053,1.0660431289593015,-0.1135021851782737,-0.18834802144752538,-0.21279470214510438,-0.2744404370961024,-0.04694959205401246,0.22608389443540092,86.51783336105335
-0.489276232218231,-0.27878975538962825,-0.23244260483360038,1.0660431289593015,-0.23527325879044492,-0.20610201526709465,-0.23506178683861473,-0.2853805206670858,-0.37062912939595055,-0.3994057494620618,76.45919133853778
-0.4393864823262827,-0.44409401398595105,-0.2974130699150918,1.0660431289593015,-0.23730015285005396,-0.24281081550760292,-0.23506178683861473,-0.2073081672354028,-0.3774078650280341,-0.3994057494620618,75.59271325824363
2.0256793940610596,2.2833734110695083,1.2808896875775406,-0.9962551232610641,-0.23527325879044492,11.966777126673028,-0.23506178683861473,0.5572332442043917,-0.37736899503551374,-0.3994057494620618,110.40118150890616
0.08737651868939918,-0.2926655938766824,-0.16028161520550593,0.3786103782191796,-0.21560431724045584,-0.27033934193559156,-0.23285224363638365,-0.2814903544692149,0.4764409957787701,-0.22485900870406061,79.53081377341123
-0.5056350968610976,-0.3687801518958093,0.007488311616049165,0.3786103782191796,-0.23614985464353835,-0.27252238919041394,7.021126615034065,2.544510925883555,-0.3060116316247657,0.38857603114134814,87.14055915285363
-0.5219172664413546,-0.28716887589260154,-0.5325039686931888,0.3786103782191796,-0.23730015285005396,-0.27630515380155485,-0.23506178683861473,-0.2853805206670858,-0.3774078650280341,-0.3994057494620618,64.39248993878779
2.3837781917702072,2.84348971234567,1.4810445701853776,-1.683687874001186,-0.23730015285005396,0.06548518335646851,-0.23506178683861473,-0.2853805206670858,-0.3774078650280341,-0.3994057494620618,112.52727813197832
-0.5759823003492418,-0.3010476467371416,-0.5513120018934556,0.3786103782191796,-0.23730015285005396,-0.220110129504234,-0.23506178683861473,-0.2853805206670858,-0.3774078650280341,-0.3994057494620618,63.77877220655399
-0.5896291624822537,-0.3795610051090284,-0.45354513188390344,-1.683687874001186,-0.19111949912523568,-0.2683420859364987,-0.2314895160388301,-0.28117828027906755,0.9842055915585266,-0.13816502268735537,68.57814905700765
-0.42532339801951674,-0.35847193987973014,-0.056837796091764085,1.0660431289593015,0.14677491602622905,-0.07651261439572349,-0.1349207377963667,-0.2776930034399654,0.07393961871835,3.603758750961337,84.42445256669393
-0.5487672308656115,-0.2940613991464148,-0.4989972641597908,1.0660431289593015,-0.23730015285005396,0.07778565737550526,-0.23506178683861473,-0.2853805206670858,-0.3774078650280341,-0.3994057494620618,65.8235459113594
-0.5369068874703262,-0.37279396622637434,-0.47586279484498006,0.3786103782191796,-0.15127833408624627,-0.2013752671433866,-0.09465225494610387,-0.2803415986141036,-0.10786507441492409,8.163799493449622,67.60172808218421
-0.3527823533509804,-0.34916111120723303,-0.044628768827807495,0.3786103782191796,0.2650903650581417,-0.05906326359106374,-0.22212608224011754,-0.2218640069405069,0.16555738622139343,-0.3368192244516279,84.81961948308314
-0.36821186667846884,-0.351141528717743,0.12498248513762435,-1.683687874001186,0.14677491602622905,-0.07651261439572349,0.7627780863481606,0.02520055589806391,0.07393961871835,0.587926369467768,91.7121278293604
-0.5894880993918789,-0.37954289930048246,-0.43954342731268137,0.3786103782191796,-0.21632948375434613,-0.26436533339658136,-0.23323580690426277,-0.28322828487296636,0.03496365964860124,-0.1386802230364207,69.14519802294161
-0.375441513591782,-0.24956780064784614,-0.03303797810419061,1.0660431289593015,-0.23730015285005396,-0.27630515380155485,-0.23415328057403956,-0.2853805206670858,-0.3774078650280341,-0.3994057494620618,84.22542467132145
0.672131931426229,-0.21761074061139096,0.8538975407025419,0.3786103782191796,-0.20439099232157032,-0.2671931855977593,-0.23285224363638365,-0.2814903544692149,0.47055880814622025,-0.22485900870406061,119.81595584795323
-0.3238684045492976,-0.34544993190497814,0.2875431736269745,-1.683687874001186,0.8703328902923962,0.03911648616461518,-0.23323580690426277,-0.2838107336847499,0.4470692267519424,-0.04194144587934909,98.237055507332
0.4934931790783502,-0.24053948150531906,0.5244360246779671,0.3786103782191796,-0.23484749172996278,-0.2723543573929526,-0.22212608224011754,-0.2218640069405069,-0.23165165347501154,-0.3368192244516279,106.71359018869693
-0.426924478601857,-0.26278374119436776,-0.09685073174128991,-1.683687874001186,-0.23730015285005396,0.07778565737550526,-0.23506178683861473,-0.2853805206670858,-0.3774078650280341,-0.3994057494620618,81.78137891744021
-0.5759877736076049,-0.30104905175056906,-0.5513120018934556,1.0660431289593015,-0.23730015285005396,-0.27630515380155485,-0.23506178683861473,-0.2300478835476461,-0.3774078650280341,-0.3994057494620618,63.778787213631674
3.5194329994521367,3.8962311570042303,3.376090523425745,-0.9962551232610641,-0.23730015285005396,4.4044787596838555,-0.23506178683861473,1.7525406143950797,-0.3774078650280341,-0.3994057494620618,178.05566890601418
-0.3212105167026451,-0.3451087851999097,0.25297755090025836,-1.683687874001186,-0.23333482205578762,-0.259011539784786,-0.2092419561211843,-0.18371428234236833,-0.3235724783748181,-0.3213591405568145,96.83307609574533
-0.4359215606847473,-0.35983224117219303,-0.11934412308507861,-1.683687874001186,0.31146473538285435,-0.11556566312764302,-0.19150926212738806,-0.27257337254470376,0.42415558072791176,0.6456472247026437,81.90670208989391
-0.5227509827372372,-0.4452829080868186,-0.3501880848546847,1.0660431289593015,-0.23730015285005396,-0.19652010447527726,-0.23506178683861473,-0.2853805206670858,-0.3774078650280341,-0.3994057494620618,73.46737056303388
-0.4151899240759065,-0.4437489373019506,-0.03893530707185631,1.0660431289593015,-0.23730015285005396,-0.27630515380155485,-0.23506178683861473,0.5624725932157012,-0.3774078650280341,-0.3994057494620618,86.06057643391884
-0.5050650227062133,-0.36870698141955,-0.22263693963412162,-1.683687874001186,-0.23196631028867673,-0.16013370670794677,0.11094217213900119,-0.08865406275822625,-0.3666279591554375,0.1410942498027899,77.81685632288836
-0.3622799237685039,-0.44299436686810556,0.2555920087965237,0.3786103782191796,-0.23730015285005396,-0.27630515380155485,-0.23506178683861473,-0.2853805206670858,-0.3774078650280341,-0.3994057494620618,97.98451890739088
-0.3888592051253761,-0.44337342450840456,-0.19917393371551814,0.3786103782191796,-0.23730015285005396,-0.27630515380155485,-0.23506178683861473,-0.2853805206670858,-0.3774078650280341,-0.3994057494620618,79.56491764851941
0.5414982964001905,-0.23437790188058222,0.8098455030971743,0.3786103782191796,-0.21351713383087967,-0.2677669527110418,-0.1977577627915985,-0.26263138832324323,0.2765876643370517,0.1045219690207835,118.21039461736127
-0.5348566880575809,-0.3725308178865103,-0.5325047410075486,0.3786103782191796,-0.23600986192575754,-0.2738133651952995,-0.20461350306478088,-0.25109271417202034,-0.25583108909255614,-0.12650764571894124,65.30421740659247
-0.5058065595976243,-0.2830331750104261,-0.264166735946153,0.3786103782191796,-0.23730015285005396,-0.27630515380155485,-0.23506178683861473,-0.2853805206670858,-0.3774078650280341,-0.3994057494620618,75.2192956855575
2.02547976444263,0.3667609764762346,1.5548993075262527,-0.9962551232610641,-0.23730015285005396,-0.09530485346789913,-0.2282629037303277,0.5493143616294034,-0.3774078650280341,-0.3969025974409985,141.97347670515327
1.7113097337669894,-0.08422961104442836,0.3833090224993101,-0.9962551232610641,1.442794458112383,2.5976915844060295,-0.21517106452353288,-0.25312254155534925,-0.24015492902672483,-0.20991378407233355,99.3266395471999
-0.5514960825691798,-0.44569285332070796,-0.4989972641597908,0.3786103782191796,-0.23730015285005396,-0.27630515380155485,-0.23506178683861473,0.06327629739077961,-0.3774078650280341,-0.3994057494620618,67.44313542412966
-0.4996223766528893,-0.36800840387411904,-0.3590415502228416,-1.683687874001186,-0.19111949912523568,-0.2683420859364987,-0.23364538200708837,-0.2839990543167354,0.9842055915585266,-0.08432309846977806,72.28331953360549
-0.5322180897149223,-0.44541792224251514,-0.3501880848546847,1.0660431289593015,-0.23730015285005396,-0.19652010447527726,-0.23506178683861473,-0.2853805206670858,-0.3774078650280341,-0.3994057494620618,73.46881266165275
-0.06411593242827611,-0.31211003755651134,-0.13115258843562969,0.3786103782191796,-0.2288916946332104,-0.1730543956541984,-0.23330919970995542,-0.18371428234236833,-0.35828745080442054,-0.39410813602300454,80.91858782421771
-0.2767868480751819,-0.22424264321277596,0.2555920087965237,0.3786103782191796,-0.23730015285005396,-0.27630515380155485,-0.23506178683861473,-0.2524001974169479,-0.3774078650280341,-0.3994057494620618,95.64801162094524
-0.34883330608117585,-0.3486542408868957,0.10605032588445008,-1.683687874001186,-0.23527325879044492,-0.23321387748186623,-0.22518593897104094,-0.2659673538041284,-0.36636413280861485,-0.24307104178271466,90.91857407702662
-0.28763102726464335,-0.22702639949829104,0.2555920087965237,0.3786103782191796,-0.23730015285005396,-0.27630515380155485,-0.23323580690426277,-0.2524001974169479,-0.3774078650280341,-0.38239127673667533,95.67774517794815
0.03486613640655086,-0.2994054357854519,-0.13115258843562969,0.3786103782191796,-0.19589153530834783,-0.25320146470671373,0.11094217213900119,-0.08865406275822625,0.04339973540979095,0.1410942498027899,80.78288880382397
5.509329814108401,3.6439362417489893,2.4912020754595923,-0.9962551232610641,-0.23730015285005396,-0.19586573674370034,-0.23506178683861473,-0.04325130353390516,-0.3774078650280341,-0.3994057494620618,144.90151834177206
-0.5500736151661324,-0.37448394941193835,-0.5586932046796033,1.0660431289593015,-0.21591656524385702,-0.26599100688421506,-0.21279470214510438,-0.2744404370961024,0.10935947618460375,0.22608389443540092,64.26412203054912
-0.5719395444008875,-0.44598440561278935,-0.43356206860566704,1.0660431289593015,-0.23730015285005396,-0.19242723240052892,-0.23506178683861473,-0.2853805206670858,-0.3774078650280341,-0.3994057494620618,70.09718493286188
-0.5944137215423648,-0.30577908686745553,-0.44791955363839653,1.0660431289593015,-0.23730015285005396,0.07778565737550526,-0.23506178683861473,-0.2853805206670858,-0.3774078650280341,-0.3994057494620618,68.01798315538788
-0.5512402686745901,-0.29469624060603866,-0.3963997032993332,0.3786103782191796,-0.2372646428465019,-0.27630515380155485,-0.23506178683861473,-0.2853805206670858,-0.3774078650280341,-0.3994057494620618,69.98679793386354
-0.36252234922287935,-0.4429978241933601,0.1987230168475908,1.0660431289593015,-0.23730015285005396,-0.27630515380155485,-0.23506178683861473,-0.20681987873961194,-0.3774078650280341,-0.3994057494620618,95.68065770659491
-0.412743216020614,-0.3568572413349845,-0.2203108354410242,0.3786103782191796,-0.21560431724045584,-0.27033934193559156,-0.2314895160388301,-0.2738700946106607,0.4764409957787701,-0.3040316662034217,77.78452417240425
-0.2566596384471131,-0.33682351482859446,0.4937344576644064,0.3786103782191796,1.4833415874367017,-0.16142195048848337,-0.22212608224011754,-0.2804492104038096,3.139071658540477,0.4067243990561265,106.49821530265407
-0.4328289903358059,0.2325210501529992,-0.06477014213172563,0.3786103782191796,-0.23730015285005396,-0.27630515380155485,-0.23506178683861473,-0.2853805206670858,-0.3774078650280341,-0.3994057494620618,77.79064386085079
-0.07667746608675426,-0.3137223425390535,0.7086518224916399,0.3786103782191796,-0.1540190286347518,-0.1730543956541984,-0.22212608224011754,-0.2218640069405069,-0.18803074606762718,-0.3368192244516279,114.95828319389938
-0.4496978688201052,-0.26862978699045204,-0.2974130699150918,0.3786103782191796,-0.23730015285005396,-0.19701600319461426,-0.23506178683861473,-0.2853805206670858,-0.3774078650280341,-0.3994057494620618,73.71856370625426
0.2504273445004103,-0.271737603233973,0.3091536778511504,0.3786103782191796,-0.19977786869908581,-0.2653434697135105,0.8813245755701815,0.15547000792662885,0.42627768822808865,0.3788109732027036,98.32522027043836
0.3284945676238933,-0.2617174754185871,0.46887366886927423,-1.683687874001186,-0.23095967581422563,-0.2755742837882069,4.14849283267825,2.544510925883555,1.6594276816365374,0.07662394865985454,104.68883109926678
4.237307553140135,0.9345484873324962,3.570159519122363,-0.9962551232610641,-0.23730015285005396,-0.09530485346789913,-0.23506178683861473,0.20174173235282566,-0.3774078650280341,-0.3994057494620618,217.55187060389488
-0.5300842471066307,-0.3719182628806244,-0.14907821584056474,0.3786103782191796,-0.17727744559349787,-0.25554844542247396,-0.23374141592094969,-0.2819113855964395,0.30153194033586206,-0.2824417681305355,80.83119517858712
-0.5865659721589941,-0.37916783679416005,-0.5289310852096916,-1.683687874001186,-0.23077944313218104,-0.1730543956541984,-0.22934980411965847,-0.2846608668234271,-0.36258009665214797,2.0397562069463073,65.5198853126196
-0.2875421180627309,-0.44192850147123575,0.2555920087965237,1.0660431289593015,-0.23527325879044492,-0.24281081550760292,-0.23506178683861473,-0.2853805206670858,-0.3631998364205971,-0.3994057494620618,97.9731343010228
-0.5020284489233483,-0.4449873758388604,-0.19990300482424772,1.0660431289593015,-0.23527325879044492,-0.27630515380155485,-0.2282629037303277,-0.2853805206670858,-0.3774078650280341,-0.3994057494620618,79.55262000643373
2.184527178941323,0.4075892615930953,1.3680727030269306,-1.683687874001186,-0.23730015285005396,0.07778565737550526,-0.22212608224011754,2.196724418174937,-0.3774078650280341,-0.3978041741971664,133.9685959133429
-0.23696409003633412,-0.21401993745880607,0.40695403653033085,0.3786103782191796,-0.23730015285005396,-0.27630515380155485,-0.23506178683861473,-0.24161615094103814,-0.3774078650280341,-0.3994057494620618,101.670857723808
-0.36140932302316575,-0.4429819508866597,0.14058989423457796,1.0660431289593015,-0.23730015285005396,-0.27630515380155485,-0.23506178683861473,0.5624725932157012,-0.3774078650280341,-0.3994057494620618,93.32537709355807
-0.5335888562594686,-0.29016503272019284,-0.4989972641597908,1.0660431289593015,-0.23730015285005396,0.07778565737550526,-0.23506178683861473,-0.2853805206670858,-0.3774078650280341,-0.3994057494620618,65.78192846307876
0.00591227397484417,-0.3031217381042356,-0.02546155435611301,-1.683687874001186,-0.23674342941464324,-0.27477647427830937,-0.23323580690426277,-0.24295053713339218,-0.29190173899164457,-0.38618060149639505,85.10437815131422
-0.43560102842225207,-0.26501105592950064,-0.1476611196095599,1.0660431289593015,-0.23730015285005396,0.07778565737550526,-0.23506178683861473,-0.2524001974169479,-0.3774078650280341,-0.3994057494620618,79.74671940415995
0.18320679389163858,-0.2803655328819266,-0.1264908759858485,-1.683687874001186,-0.23020019943606831,-0.2746316663878143,4.14849283267825,2.544510925883555,0.6187019609303225,0.07662394865985454,80.76837890855215
-0.4050062855893073,-0.25715722889686593,-0.11475011488326356,0.3786103782191796,-0.23730015285005396,-0.27630515380155485,-0.23506178683861473,-0.2853805206670858,-0.3774078650280341,-0.3994057494620618,80.99613503651624
-0.5017948469553956,0.16859034247782287,-0.47459449425626343,0.3786103782191796,-0.23730015285005396,-0.24679166638404373,-0.23502979673353377,-0.2853805206670858,-0.3774078650280341,-0.3994057494620618,61.87053434481795
-0.5015963828368198,-0.28195240109326236,-0.4903576337084296,1.0660431289593015,-0.23730015285005396,-0.2535156705068446,-0.23323580690426277,-0.2524001974169479,-0.3774078650280341,-0.38239127673667533,66.04422056833279
-0.14793728414505355,-0.3228687224982316,-0.2138112351170918,-1.683687874001186,-0.23646690320407973,-0.2731344074445819,-0.22934980411965847,-0.2846608668234271,-0.31570748896279255,2.0397562069463073,77.68480394427843
0.18955725580050972,-0.2795504348488766,0.3091536778511504,0.3786103782191796,-0.21351713383087967,-0.2677669527110418,0.8813245755701815,0.15547000792662885,0.2765876643370517,0.3788109732027036,98.40866984373068
-0.5944302652917135,-0.3057833337325645,-0.3963997032993332,0.3786103782191796,-0.23527325879044492,-0.27630515380155485,-0.23506178683861473,-0.2853805206670858,-0.3774078650280341,-0.3994057494620618,70.10522019560739
-0.24157745922250126,-0.2152042129346184,0.4836642156779381,0.3786103782191796,-0.2297531828505978,-0.27630515380155485,-0.23506178683861473,-0.2853805206670858,-0.3774078650280341,-0.3994057494620618,104.79121889432818
-0.47860149449719414,-0.2760494955960571,-0.23244260483360038,1.0660431289593015,-0.23730015285005396,-0.27630515380155485,-0.23506178683861473,-0.12335617464365972,-0.3774078650280341,-0.3994057494620618,76.42992237156717
0.09527769779190033,0.7220710384352844,0.06362998084318992,0.3786103782191796,-0.23730015285005396,0.42798441496746586,-0.23506178683861473,-0.2853805206670858,-0.3774078650280341,-0.3994057494620618,77.76350978138936
0.054826615418289905,-0.2968434572373282,-0.1264908759858485,-1.683687874001186,-0.22633765704174594,-0.25658942289942926,4.14849283267825,2.544510925883555,-0.24685971141235952,0.07662394865985454,80.94438113463087
-0.5305781727978355,-0.28939217487050306,-0.3902354222826412,1.0660431289593015,-0.23730015285005396,-0.22749669803165867,-0.23323580690426277,-0.2162547424020831,-0.3774078650280341,-0.391288042515419,70.17987440569733
-0.5641372907384912,-0.37628905815221275,-0.16803303143916726,0.3786103782191796,-0.22333356721838404,-0.2732491608672384,-0.23295387422866864,-0.28364931600019094,0.6956226633180564,-0.025224871319325142,80.10997538040087
1.6608257432080675,1.4860250358671183,0.39746223615992526,-0.9962551232610641,-0.23730015285005396,2.1021521525709193,-0.23506178683861473,-0.08383709002151267,-0.3774078650280341,-0.3994057494620618,83.12798554279577
-0.43489317420523443,-0.4440299331422807,-0.03893530707185631,1.0660431289593015,-0.23730015285005396,-0.19652010447527726,-0.23506178683861473,0.5624725932157012,-0.3774078650280341,-0.3994057494620618,86.0635777763422
-0.5396249597248677,-0.37314283775417134,-0.39059972439850243,-1.683687874001186,-0.22262604981162698,-0.2506755232960963,-0.22771124931388215,-0.28242792218702817,-0.24298182830350873,0.36564828431233243,71.05966419615343
-0.35621406509796677,-0.34960158018966336,0.12806866097116307,1.0660431289593015,-0.15857327483583986,-0.2606795627498287,7.021126615034065,2.544510925883555,0.8055267790052549,0.38857603114134814,91.82070782104768
0.2504273445004103,-0.271737603233973,0.3091536778511504,0.3786103782191796,1.0019231505527846,0.1714162535901588,-0.20125886673733623,-0.27458705815957674,0.2724462701465056,0.5630279775157865,98.32522027043836
-0.5050037605574716,0.16561570941293105,-0.3094857575644511,0.3786103782191796,-0.23730015285005396,0.5847621803353796,-0.23506178683861473,-0.2197037002621595,-0.3774078650280341,-0.3994057494620618,68.59125431474911
-0.454332136110894,-0.44430715986375924,-0.24110482289144483,1.0660431289593015,-0.23730015285005396,-0.27630515380155485,-0.23415328057403956,-0.2853805206670858,-0.3774078650280341,-0.3994057494620618,77.87617090710455
0.6328488776834165,-0.22265282106119824,0.8538975407025419,0.3786103782191796,-0.20439099232157032,-0.2671931855977593,-0.1977577627915985,-0.26263138832324323,0.47055880814622025,0.1045219690207835,119.86981077313034
0.7514496376874498,-0.20743011008603549,0.502771859296602,0.3786103782191796,-0.2284086738691881,-0.27060436769744106,0.09701343871200721,-0.12886320798186285,-0.011212000756044636,0.2526001056190466,105.48227907776555
-0.3620601297332171,-0.4429912322984665,0.2555920087965237,1.0660431289593015,-0.23730015285005396,-0.27630515380155485,-0.23506178683861473,-0.2853805206670858,-0.3774078650280341,-0.3994057494620618,97.98448542676418
2.818258176581666,3.246248617421119,2.1955343077826717,-1.683687874001186,-0.23730015285005396,4.4044787596838555,-0.23506178683861473,2.0565762038513635,-0.3774078650280341,-0.3994057494620618,137.1710519210908
-0.49366044488337046,-0.36724317467847184,-0.32162211392989704,-1.683687874001186,0.06312351354327168,-0.12685248191321405,-0.23472369658292822,-0.2829269718617896,0.09455152775547762,-0.3570594606908191,73.79109641787204
-0.5655730619456211,-0.29837554197686034,-0.5325039686931888,0.3786103782191796,-0.23730015285005396,-0.27630515380155485,-0.21472829094187573,-0.2853805206670858,-0.3774078650280341,-0.3994057494620618,64.51218937029441
-0.3309878948141424,-0.23815632924700417,0.2175954762932514,0.3786103782191796,-0.23527325879044492,-0.27630515380155485,-0.23506178683861473,-0.20278981721512326,-0.3774078650280341,-0.3994057494620618,94.25729507376056
-0.38371320101151307,-0.4433000353091188,-0.06420598930622724,1.0660431289593015,-0.23730015285005396,-0.27630515380155485,-0.23506178683861473,-0.20681987873961194,-0.3774078650280341,-0.3994057494620618,85.03200622588662
-0.36204307040948525,-0.4429909890087059,0.2555920087965237,0.3786103782191796,-0.23730015285005396,-0.27630515380155485,-0.23506178683861473,-0.2853805206670858,-0.3774078650280341,-0.3994057494620618,97.98448282816386
0.1915616532415526,-0.2792931653092605,0.14252692379269835,0.3786103782191796,0.2578035428978294,-0.0860617384953533,-0.2270516680419249,-0.279767220686548,0.23361956891045865,0.03912303711032531,91.65547578944016
0.7319062489108472,-0.20993855403539413,0.502771859296602,1.0660431289593015,0.13131359221323136,-0.11734843951534216,-0.1977577627915985,-0.26263138832324323,0.16705319413760414,0.1045219690207835,105.5090719983761
-0.49445007183392375,-0.28011790649251933,-0.29745326632587116,0.3786103782191796,-0.23730015285005396,-0.27630515380155485,-0.23506178683861473,-0.20681987873961194,-0.3774078650280341,-0.3994057494620618,73.8396409154021
-0.5613419207283303,-0.44583326871152557,-0.4989972641597908,0.3786103782191796,-0.23730015285005396,-0.27630515380155485,-0.23506178683861473,0.06327629739077961,-0.3774078650280341,-0.3994057494620618,67.44463521383778
-0.5704090522411528,0.10498561231860543,-0.5083158562657688,1.0660431289593015,-0.23730015285005396,-0.27630515380155485,-0.23506178683861473,-0.2197037002621595,-0.3774078650280341,-0.3994057494620618,61.183769737068495
-0.46428888888379916,-0.23188742813519064,-0.16302314694199352,-1.683687874001186,1.5510470922212114,0.04916560732010544,-0.22934980411965847,-0.28231089436572293,0.9126644218657028,0.1724398450508555,78.77057062180076
-0.3144650732037573,-0.3442429902692586,0.2875431736269745,-1.683687874001186,-0.20863934419782518,-0.1730543956541984,-0.23364538200708837,-0.2839990543167354,-0.3122346169387954,-0.08432309846977806,98.22416405267714
-0.5931864309825479,-0.38001758962197074,-0.4740561968760813,-1.683687874001186,-0.04118871031056247,-0.08184455021272709,-0.16700433284643587,-0.2758151777095962,-0.14062761205505012,1.7871097209794868,67.75207384905515
-0.5113141314791305,-0.44511980262914497,-0.3501880848546847,1.0660431289593015,-0.23730015285005396,-0.19652010447527726,-0.23506178683861473,-0.2853805206670858,-0.3774078650280341,-0.3994057494620618,73.46562841863408
-0.479488553088147,-0.276277208075263,-0.22796870690554102,0.3786103782191796,-0.23730015285005396,-0.27630515380155485,-0.23323580690426277,-0.2553003351495238,-0.3774078650280341,-0.3807508508715499,76.61360283590177
-0.5035281004472916,-0.36850971351554945,-0.3415333014943558,0.3786103782191796,-0.17693724140439765,-0.25863176060028004,0.2175297043446982,-0.07147249538429643,0.4244998914572508,0.25080883790021175,72.99797486800192
-0.4849981071353565,-0.2776915387905107,-0.24512052283366223,0.3786103782191796,-0.23730015285005396,-0.27630515380155485,-0.23506178683861473,-0.2524001974169479,-0.3774078650280341,-0.3994057494620618,75.93384857293312
-0.5206394498795729,-0.28684085384285046,-0.3479540702010942,0.3786103782191796,-0.23730015285005396,-0.27630515380155485,-0.23506178683861473,-0.2853805206670858,-0.3774078650280341,-0.3994057494620618,71.86554165161704
-0.561266625094363,-0.2972700576019328,-0.36354896914798085,1.0660431289593015,-0.23730015285005396,-0.22749669803165867,-0.23506178683861473,-0.2853805206670858,-0.3774078650280341,-0.3994057494620618,71.34515048712915
0.029186329143297694,-0.3001344535789314,-0.16028161520550593,0.3786103782191796,-0.21560431724045584,-0.27033934193559156,-0.22042233885042875,-0.26816263431413023,0.4764409957787701,-0.1381160638873422,79.61058935105761
-0.43495274587372956,-0.4440307827173984,-0.03893530707185631,0.3786103782191796,-0.23730015285005396,-0.19652010447527726,-0.23506178683861473,0.5624725932157012,-0.3774078650280341,-0.3994057494620618,86.06358685073221
2.366777304560018,0.4543738013782729,1.5315511094145413,-1.683687874001186,-0.23730015285005396,-0.27630515380155485,-0.22212608224011754,2.196724418174937,-0.3774078650280341,-0.3978041741971664,140.09178502158548
2.0636712518732927,4.578419507183072,1.6255721626229018,-0.9962551232610641,-0.23730015285005396,-0.22040520973392214,-0.23506178683861473,-0.2853805206670858,-0.3774078650280341,-0.3994057494620618,99.8514899061957
-0.3958758786914079,-0.44347349206436953,0.05965327756323787,1.0660431289593015,-0.23730015285005396,-0.27630515380155485,-0.23506178683861473,-0.2853805206670858,-0.3774078650280341,-0.3994057494620618,90.0516924380755
2.3812480567028356,2.4355177843849067,1.5510071380068853,-0.30882237252094225,-0.23730015285005396,0.7368528148326453,-0.23506178683861473,0.2733493075179224,-0.3774078650280341,-0.3994057494620618,119.71921386061568
2.3670231334472693,0.4544369069114894,1.5315511094145413,-1.683687874001186,-0.23730015285005396,-0.27630515380155485,-0.22212608224011754,2.196724418174937,-0.3774078650280341,-0.3978041741971664,140.09111098557923
2.5968242071115077,0.5134280183690181,2.2564088792495256,-1.683687874001186,-0.23730015285005396,-0.19411028259949084,-0.22212608224011754,2.196724418174937,-0.3774078650280341,-0.3978041741971664,168.826733853103
-0.17474137519392913,-0.3263090961600454,0.590065028430912,1.0660431289593015,-0.22294112167216948,-0.2712969865699035,4.14849283267825,2.544510925883555,0.29575552923775333,0.07662394865985454,110.2884903769816
0.021730382822296203,-0.301091443364554,-0.13115258843562969,0.3786103782191796,0.14677491602622905,-0.07651261439572349,-0.22042233885042875,-0.26816263431413023,0.07393961871835,-0.1381160638873422,80.80089720589618
1.8472710354222504,4.586731537986315,1.3408110621611322,-1.683687874001186,-0.23730015285005396,-0.07162056669890313,-0.23506178683861473,0.28460819101590973,-0.3774078650280341,-0.3994057494620618,88.22635884616297
-0.48625456754468016,0.1829960369604866,-0.5439174024529883,1.0660431289593015,-0.23730015285005396,-0.27630515380155485,-0.23323580690426277,-0.2853805206670858,-0.3774078650280341,-0.3994057494620618,58.908229898570504
-0.37613408264644616,-0.24974558666792113,-0.03303797810419061,1.0660431289593015,-0.23730015285005396,-0.27630515380155485,-0.23506178683861473,-0.2853805206670858,-0.3774078650280341,-0.3994057494620618,84.22732362015894
-0.28773662736745964,-0.4419312754453352,0.2555920087965237,0.3786103782191796,-0.23527325879044492,-0.24281081550760292,-0.23506178683861473,-0.2853805206670858,-0.3631998364205971,-0.3994057494620618,97.97316393009538
-0.4774073284503918,-0.36515704560226286,0.25297755090025836,-1.683687874001186,-0.2161232009901729,-0.24970558365221404,0.7627780863481606,0.02520055589806391,-0.19048475151302738,0.587926369467768,97.04721340962756
-0.44371100365582045,-0.36083203610607134,-0.2053285440835166,0.3786103782191796,-0.14047715111713602,-0.17443690117477426,0.2175297043446982,-0.07147249538429643,-0.1542491451950359,0.25080883790021175,78.43394757986657
2.5968031642245886,3.040961880589936,2.2564088792495256,-1.683687874001186,-0.22294112167216948,2.2444846478058595,-0.23506178683861473,-0.20444703877659526,-0.3760704608340948,-0.3994057494620618,141.8299121269239
-0.5279461490629912,-0.2887165209102091,-0.5325039686931888,0.3786103782191796,-0.2297531828505978,-0.27630515380155485,-0.23506178683861473,-0.2853805206670858,-0.3774078650280341,-0.3994057494620618,64.40902047761074
-0.5682631240212804,-0.29906609467621265,-0.4989972641597908,1.0660431289593015,-0.23730015285005396,-0.27630515380155485,-0.23506178683861473,-0.2853805206670858,-0.3774078650280341,-0.3994057494620618,65.87700152476631
-0.14387953512074733,-0.322347900029601,0.6162930578863488,0.3786103782191796,-0.21560431724045584,-0.27033934193559156,-0.23261470279646848,-0.2725437793025346,0.4764409957787701,-0.3408227645543132,111.3087403342218
3.543929383049963,0.7565547631875418,3.2122485752564462,-1.683687874001186,-0.23730015285005396,-0.27630515380155485,-0.23506178683861473,-0.2853805206670858,-0.3774078650280341,-0.3994057494620618,204.95321430753089
-0.5247578984839498,-0.3712346124079523,-0.3194416293811648,0.3786103782191796,-0.15932202055686015,-0.2632697114326467,-0.20305222058042274,-0.2686078780940387,1.0270904754755281,0.18707761684890956,73.92206594692026
-0.003495580073763387,-0.30432926024046475,0.7373457782925847,0.3786103782191796,-0.22240155316889226,-0.2756890372108634,0.3953014530201081,-0.22683163618280885,5.300086643799319,2.909235319281924,116.02041521677266
2.3837292783357613,2.843444370046854,1.4810445701853776,-0.9962551232610641,-0.22294112167216948,2.2444846478058595,-0.23506178683861473,-0.2853805206670858,-0.3760704608340948,-0.3994057494620618,112.52776243724368
-0.48318451728847767,-0.4447186350793355,-0.22735735788400002,1.0660431289593015,-0.23730015285005396,-0.27630515380155485,-0.23506178683861473,-0.2853805206670858,-0.3774078650280341,-0.3994057494620618,78.43750841803383
2.961531297228202,0.07623952519752243,2.2835749483445276,-0.9962551232610641,1.442794458112383,2.5976915844060295,-0.22963930503084826,-0.28375423749515427,-0.24015492902672483,0.6252532002372169,174.5969464463731
-0.489270309166366,-0.27878823491190735,-0.23244260483360038,0.3786103782191796,-0.23730015285005396,-0.27630515380155485,-0.23323580690426277,-0.2162547424020831,-0.3774078650280341,-0.391288042515419,76.45917509817536
-0.36354309991140815,-0.3505422805585997,0.29012424603974646,1.0660431289593015,-0.23546408093676943,-0.27431746058768336,-0.2314895160388301,-0.18371428234236833,-0.16053036043788269,-0.38860770724925175,98.39601273443436
1.881358445460255,-0.4109969529988133,1.227149076034541,-0.9962551232610641,-0.23730015285005396,1.7933780144457792,-0.23506178683861473,-0.2853805206670858,-0.3774078650280341,-0.3994057494620618,137.00283926338582
1.381313249706655,1.914214034394135,1.0563957447390873,0.3786103782191796,-0.23730015285005396,0.11139611520428815,-0.23506178683861473,2.544510925883555,-0.3774078650280341,-0.3994057494620618,105.2494231840517
-0.2142564747986415,-0.20819077643678832,0.32947122366889675,0.3786103782191796,-0.23527325879044492,-0.27630515380155485,-0.23506178683861473,-0.2853805206670858,-0.3774078650280341,-0.3994057494620618,98.46958287393534
3.8856829492042912,4.235741454147442,3.6485254828346516,-0.9962551232610641,-0.23730015285005396,4.4044787596838555,16.111319188948695,2.544510925883555,-0.3774078650280341,1.3757204840847888,185.46631638790296
0.6497346982648895,-0.22048548278881716,0.8098455030971743,0.3786103782191796,-0.22656151831662388,-0.2707642028218555,-0.20125886673733623,-0.27458705815957674,0.07762098163842816,0.5630279775157865,118.06200841088086
1.3736230493441914,2.2704170493068427,0.2302223549451702,-0.9962551232610641,-0.23730015285005396,21.173844497270796,-0.23506178683861473,-0.2853805206670858,-0.3774078650280341,-0.3994057494620618,67.9745369057508
-0.29500352037820055,-0.34174505017358603,0.44726735859868727,-1.683687874001186,-0.2350177703155842,-0.2754977815064359,-0.014220544959114897,-0.23123833897126841,0.2863180396621283,0.8540870134131744,104.66828996764824
-0.36259667501770354,-0.3504208045021556,0.23914557570690667,-1.683687874001186,0.2578035428978294,-0.0860617384953533,-0.22848486290872236,-0.27977394642340464,0.23361956891045865,-0.03890792901211191,96.32944804770496
-0.4546565566530303,-0.2699027075298163,-0.1476611196095599,1.0660431289593015,-0.23730015285005396,0.07778565737550526,-0.23323580690426277,-0.2524001974169479,-0.3774078650280341,-0.38239127673667533,79.79896758495555
-0.48549502555396834,-0.36619512221710254,-0.056837796091764085,0.3786103782191796,-0.12614049900709648,-0.26849782272438966,-0.22212608224011754,-0.2804492104038096,2.965456569285477,0.4067243990561265,84.50694458780482
-0.5193941668231478,-0.3705461637266964,-0.22263693963412162,-1.683687874001186,-0.21190351126390242,-0.1730543956541984,-0.23323580690426277,-0.2848787806975817,-0.31965716989546616,0.7189879295755406,77.83650079832353
2.775179585551551,0.052320806240881396,2.279243110164089,0.3786103782191796,-0.23730015285005396,2.5976915844060295,-0.23506178683861473,-0.2853805206670858,-0.3774078650280341,-0.3994057494620618,174.67693141604886
-0.33007198011094924,-0.3462461766995679,-0.078268301738972,0.3786103782191796,1.4833415874367017,-0.16142195048848337,-0.2280667019924058,-0.28164101097480326,3.139071658540477,0.17544582549649265,83.42566730834369
-0.5459277482889096,0.12767955339601433,-0.5083158562657688,1.0660431289593015,-0.23730015285005396,-0.15009005000115444,-0.23506178683861473,-0.2197037002621595,-0.3774078650280341,-0.3994057494620618,60.9413736644822
1.726573689051642,-0.4132043996084763,1.2908466692827552,-0.30882237252094225,-0.23730015285005396,-0.23558681432894163,-0.23453747982810316,-0.2853805206670858,-0.3774078650280341,-0.3994057494620618,139.6069582132322
-0.22455686327883737,-0.33270304150388164,0.175486533643511,-1.683687874001186,-0.1905531745755445,-0.25946645513888855,-0.23330919970995542,-0.18371428234236833,0.27439939526682516,-0.39410813602300454,93.56122378168956
0.4439815652304269,-0.24689442381340523,0.5244360246779671,0.3786103782191796,-0.22294112167216948,-0.21179870303468498,-0.23330919970995542,-0.18371428234236833,-0.3251446446426304,-0.39410813602300454,106.78146791217114
-0.5288026837991547,-0.4453692137883733,-0.4225732518408768,1.0660431289593015,-0.23527325879044492,-0.27630515380155485,-0.23506178683861473,-0.2073081672354028,-0.3774078650280341,-0.3994057494620618,70.53579711682475
-0.3565007015990748,-0.3496383707179125,0.23914557570690667,-1.683687874001186,0.07024302216796093,-0.25458670245163856,-0.22848486290872236,-0.27977394642340464,2.947284106696478,-0.03890792901211191,96.32109080046826
-0.4790889293195987,-0.27617462260907866,-0.23244260483360038,0.3786103782191796,-0.23730015285005396,-0.11175557627301247,-0.23506178683861473,-0.2853805206670858,-0.3774078650280341,-0.3994057494620618,76.43125886470547
-0.5049625519749386,-0.44502922024255953,-0.3094857575644511,0.3786103782191796,-0.23730015285005396,-0.20960472688246673,-0.23506178683861473,0.5624725932157012,-0.3774078650280341,-0.3994057494620618,75.11360899031371
-0.3779433174926931,-0.35239058532673023,-0.21330421877511396,0.3786103782191796,1.4833415874367017,-0.16142195048848337,-0.23457608418950301,-0.2572884629643417,3.139071658540477,-0.3940924496483008,78.020670115256
0.4045697181386274,-0.2519530352190603,0.47845870844086497,-1.683687874001186,1.4833415874367017,-0.16142195048848337,-0.21115385778906381,-0.2685527270518144,3.139071658540477,0.03720274764033895,104.97284896653424
-0.5144285173150234,-0.2852464756733826,-0.36354896914798085,1.0660431289593015,-0.23730015285005396,-0.22749669803165867,-0.23506178683861473,-0.2853805206670858,-0.3774078650280341,-0.3994057494620618,71.21672550232995
3.0816671433519187,0.6378896809500345,2.3585583001500487,-0.30882237252094225,-0.23730015285005396,-0.09530485346789913,-0.23506178683861473,0.7122291952126464,-0.3774078650280341,-0.3994057494620618,171.63566339084795
2.516014581319,2.7029452494695367,2.1128990646342967,-0.9962551232610641,-0.23730015285005396,-0.005008937071156359,-0.23323580690426277,11.769815424523394,-0.3774078650280341,-0.3993592016653304,139.62637492953286
-0.4181591779720674,-0.3575523939076716,-0.056837796091764085,1.0660431289593015,-0.22294112167216948,-0.2712969865699035,0.1198106178903082,-0.24808765494448104,0.29575552923775333,2.524907380100316,84.41463081156427
0.03486613640655086,-0.2994054357854519,-0.13115258843562969,0.3786103782191796,0.14677491602622905,-0.07651261439572349,-0.1977577627915985,-0.26263138832324323,0.07393961871835,0.1045219690207835,80.78288880382397
-0.4731822453252756,-0.3646147453736851,-0.41424070283397113,-1.683687874001186,-0.23087834872855567,-0.2755278359742745,-0.014220544959114897,-0.23123833897126841,1.562283363433895,0.8540870134131744,70.01082258947396
-0.5753110190357852,-0.3777232347660804,-0.5325047410075486,1.0660431289593015,-0.23527325879044492,-0.27322866918462113,-0.20461350306478088,-0.25109271417202034,-0.22272205446092064,-0.12650764571894124,65.35967808900746
-0.33142245618766164,-0.34641951375907715,-0.33289906356915433,-1.683687874001186,-0.04118871031056247,-0.08184455021272709,-0.1898197012296139,-0.18371428234236833,-0.14062761205505012,-0.2626507335122591,73.11182092720834
1.4858745090573384,1.1765925053978403,0.309263928536573,-0.9962551232610641,-0.23730015285005396,-0.24112366697211754,-0.23506178683861473,2.0565762038513635,-0.3774078650280341,-0.3994057494620618,82.8599396451526
0.44092687705578226,-0.247286500855747,0.5244360246779671,0.3786103782191796,-0.2176252106036396,-0.1730543956541984,-0.22538761019014966,-0.279924602928993,-0.33266802855913913,0.14550277478021942,106.78565572313312
-0.5615770066721794,-0.375960439142061,-0.37323538413793983,0.3786103782191796,0.13131359221323136,-0.11734843951534216,0.04199643624291464,-0.26399536775776644,0.16705319413760414,3.5819967685205225,71.79322998147535
-0.37575476660939355,-0.44318653692951865,-0.11475011488326356,0.3786103782191796,-0.23730015285005396,-0.27630515380155485,-0.23506178683861473,-0.2853805206670858,-0.3774078650280341,-0.3994057494620618,82.98313119109557
-0.3559444961186759,-0.24456281650000933,0.0989017193308155,0.3786103782191796,-0.23730015285005396,-0.27630515380155485,-0.23506178683861473,-0.22076905698024862,-0.3774078650280341,-0.3994057494620618,89.51715694159238
-0.23828974648464069,-0.3344656921976082,0.507895920233493,1.0660431289593015,0.012366799320948673,-0.22395027082670316,-0.23262303421548558,-0.18371428234236833,0.7422311972368435,-0.39203403683245447,107.0467457144274
-0.508144947236465,-0.4450746056396339,-0.5015556860107032,1.0660431289593015,-0.23730015285005396,-0.18708983213482738,-0.23415328057403956,-0.2853805206670858,-0.3774078650280341,-0.3994057494620618,67.33288410928735
-0.3210036722534829,-0.44240570992551936,0.09620141490590567,0.3786103782191796,-0.23730015285005396,-0.21068668772465654,-0.23506178683861473,-0.2853805206670858,-0.3774078650280341,-0.3994057494620618,91.52093933362778
-0.3515625335393909,-0.34900454421362376,0.11555864183190759,0.3786103782191796,-0.16904519606227253,-0.24045700423097027,-0.23261470279646848,-0.2725437793025346,0.06962723950582328,-0.3408227645543132,91.3075201939936
-0.42721929882707554,-0.35871528359886024,0.07391821220706697,0.3786103782191796,7.817292830604307,2.5976915844060295,-0.2314895160388301,-0.18371428234236833,0.28060063524408096,-0.38860770724925175,89.72428864742642
-0.5749022370561198,-0.3776707665531609,-0.2928093040477804,-1.683687874001186,-0.23246436809197657,-0.27380107018572913,-0.19157953860077662,-0.2752475255188972,0.07600340504426005,0.9193111098794238,75.0697499467029
0.20486900657474288,-0.27758513246336114,0.14252692379269835,0.3786103782191796,-0.2284086738691881,-0.27060436769744106,0.04199643624291464,-0.26399536775776644,-0.011212000756044636,3.5819967685205225,91.63723213346684
1.2512733553044195,1.2056671863319006,0.9843494781817785,-0.9962551232610641,-0.2285519140226814,-0.0453433990227401,-0.23506178683861473,-0.2853805206670858,-0.36851473308719224,-0.3994057494620618,109.89871163462205
-0.30809066517507633,-0.34342481869046704,0.2601541397305744,0.3786103782191796,1.0019231505527846,0.1714162535901588,-0.10366570554747957,-0.20691941964508997,0.2724462701465056,0.11523647690202082,97.10583017781808
0.6189413670354538,-0.22443788563389352,0.8098455030971743,0.3786103782191796,-0.2284086738691881,-0.27060436769744106,-0.20125886673733623,-0.27458705815957674,-0.011212000756044636,0.5630279775157865,118.10422438930688
-0.4242316724085773,-0.358331814104491,-0.011770907482233244,-1.683687874001186,-0.22633765704174594,-0.25658942289942926,-0.2343111323450354,-0.28225843361824127,-0.24685971141235952,-0.32551799242597024,86.24872272119282
-0.43459437965321907,-0.3596618940913312,-0.3229537963367296,-1.683687874001186,-0.23077944313218104,-0.1730543956541984,-0.21115385778906381,-0.2685527270518144,-0.36258009665214797,0.03720274764033895,73.65617044065539
-0.4946721627002409,-0.2801749183542992,-0.264166735946153,0.3786103782191796,-0.23730015285005396,-0.27630515380155485,-0.23506178683861473,-0.2853805206670858,-0.3774078650280341,-0.3994057494620618,75.18876638324171
-0.10999205642703093,-0.31799835544140537,0.5001786632686283,0.3786103782191796,-0.22656151831662388,-0.2707642028218555,-0.1735725437656004,-0.2500825084961555,0.07762098163842816,0.13593006689463796,106.5582121400484
3.0320472387245214,1.2849828063409106,2.2818069624397324,-0.9962551232610641,-0.23730015285005396,-0.1699779110372647,-0.23506178683861473,1.7525406143950797,-0.3774078650280341,-0.3994057494620618,161.61462293676846
-0.28761390377903645,-0.44192952523571843,0.2555920087965237,1.0660431289593015,-0.23527325879044492,-0.24281081550760292,-0.23506178683861473,-0.2853805206670858,-0.3631998364205971,-0.3994057494620618,97.97314523594544
-0.5385228226115618,-0.29143160712893257,-0.402437183467209,0.3786103782191796,-0.23646690320407973,-0.27630515380155485,-0.23506178683861473,-0.2853805206670858,-0.3774078650280341,-0.3994057494620618,69.70733540136894
-0.5522199641098582,-0.37475943879009305,-0.22263693963412162,-1.683687874001186,-0.23196631028867673,-0.16013370670794677,-0.23323580690426277,-0.2848787806975817,-0.3666279591554375,0.7189879295755406,77.88150317691478
-0.28000918626879717,-0.33982048902908146,0.4005529355936845,1.0660431289593015,-0.1135021851782737,-0.18834802144752538,-0.1648131696449372,-0.2725451244499059,-0.04694959205401246,1.2825164487266467,102.75522116511893
0.4934931790783502,-0.24053948150531906,0.5244360246779671,0.3786103782191796,-0.22294112167216948,-0.21179870303468498,-0.23285224363638365,-0.2814903544692149,-0.3251446446426304,-0.22485900870406061,106.71359018869693
0.037566773306902126,-0.29905880212997193,-0.16028161520550593,0.3786103782191796,-0.21560431724045584,-0.27033934193559156,-0.23330919970995542,-0.18371428234236833,0.4764409957787701,-0.39410813602300454,79.5991002189668
-0.4893026290038392,-0.27879653157956114,-0.23244260483360038,1.0660431289593015,-0.23527325879044492,-0.20610201526709465,-0.23506178683861473,-0.2853805206670858,-0.37062912939595055,-0.3994057494620618,76.45926371564589
0.6497346982648895,-0.22048548278881716,0.8098455030971743,0.3786103782191796,-0.19977786869908581,-0.2653434697135105,-0.22538761019014966,-0.279924602928993,0.42627768822808865,0.14550277478021942,118.06200841088086
-0.3226397354928339,-0.34529222908814927,0.08069201021826615,0.3786103782191796,7.817292830604307,2.5976915844060295,-0.22934980411965847,-0.24704920117381843,0.28060063524408096,-0.35361154512887544,89.85533843637697
-0.5081370849033209,-0.36910128846212453,-0.36781052757308624,1.0660431289593015,-0.0914464489760147,-0.19662119677618894,-0.23261470279646848,-0.2725437793025346,0.05234694388038261,-0.3408227645543132,71.93974060465183
0.6524035629611705,-0.22014292717701575,0.8538975407025419,0.3786103782191796,-0.2284086738691881,-0.27060436769744106,-0.2054147184600289,-0.27640838770035037,-0.011212000756044636,0.6160557358285936,119.84300236563251
2.0256793940610596,2.2833734110695083,1.2808896875775406,-0.9962551232610641,-0.23730015285005396,0.5794411734157718,-0.23323580690426277,11.769815424523394,-0.3774078650280341,-0.3993592016653304,110.40118150890616
-0.20467607761837742,-0.33015129180128233,0.5147253704072149,1.0660431289593015,-0.20176854679085746,-0.2592711010979376,0.8813245755701815,0.15547000792662885,0.11233828113959185,0.3788109732027036,107.27734047748284
0.2680012826209507,-0.2694819433149701,0.2145281904386813,0.3786103782191796,7.817292830604307,2.5976915844060295,-0.22163999799929515,-0.2847738592026184,0.28060063524408096,6.399537167812967,94.46762379409044
-0.47751163015260856,-0.444637731792955,-0.21726977910270076,0.3786103782191796,-0.23730015285005396,-0.23519064179834182,-0.2343111323450354,-0.2853805206670858,-0.3774078650280341,-0.3994057494620618,78.8453160926899
2.3837292783357613,0.45872545978649704,1.4810445701853776,-0.9962551232610641,-0.23730015285005396,-0.27630515380155485,-0.22212608224011754,2.196724418174937,-0.3774078650280341,-0.3978041741971664,137.99916452195288
-0.45727175833515515,0.2098628315455224,-0.03893530707185631,1.0660431289593015,-0.23730015285005396,0.5847621803353796,-0.23323580690426277,-0.2853805206670858,-0.3774078650280341,-0.3994057494620618,79.07928899581387
2.784537854040984,0.05352196394373048,2.2765281222500993,-0.9962551232610641,1.442794458112383,2.5976915844060295,0.5364816729710105,0.19582846450848249,-0.24015492902672483,0.09331864953105139,174.55411112202046
-0.48929738773555,-0.27879518611917276,-0.23244260483360038,1.0660431289593015,-0.23527325879044492,-0.20610201526709465,-0.23506178683861473,-0.2853805206670858,-0.37062912939595055,-0.3994057494620618,76.4592493446597
-0.5907642150046025,0.08611656574837699,-0.3963997032993332,0.3786103782191796,-0.23730015285005396,-0.27630515380155485,-0.2282629037303277,-0.2853805206670858,-0.3774078650280341,-0.3994057494620618,65.91930131280441
-0.479488553088147,-0.276277208075263,-0.22796870690554102,1.0660431289593015,-0.23527325879044492,-0.2457561533557863,-0.23506178683861473,-0.2853805206670858,-0.3618299898202199,-0.3994057494620618,76.61360283590177
-0.4791382991749547,-0.27618729610356463,-0.23244260483360038,0.3786103782191796,-0.23730015285005396,-0.27630515380155485,-0.23506178683861473,-0.12335617464365972,-0.3774078650280341,-0.3994057494620618,76.43139423146609
-0.4965034932056159,-0.44490858226092267,-0.4636327891484845,0.3786103782191796,-0.23730015285005396,-0.20960472688246673,-0.23506178683861473,-0.2853805206670858,-0.3774078650280341,-0.3994057494620618,68.86745755117452
-0.181357619918293,-0.3271583080974437,0.667916852311156,-1.683687874001186,-0.23527325879044492,-0.2751630840236878,-0.23456024813350868,-0.28387530075857353,0.039281662958974846,-0.2970100062174223,113.45152344658312
-0.47672746544054145,-0.4446265485099546,-0.30233028719107446,1.0660431289593015,-0.23723908693937296,-0.27630515380155485,-0.23506178683861473,-0.20681987873961194,-0.3774078650280341,-0.3994057494620618,75.39919314086079
-0.36849139159631683,-0.24778366876917202,0.18268090740644113,0.3786103782191796,-0.23730015285005396,-0.27630515380155485,-0.23506178683861473,-0.22076905698024862,-0.3774078650280341,-0.3994057494620618,92.94565334178344
0.09464289213481593,-0.2917329362546451,-0.004356478645729098,0.3786103782191796,0.2578035428978294,-0.0860617384953533,-0.14783628163281484,-0.1850755714821489,0.23361956891045865,-0.13216755217667134,85.83775012715427
-0.5522199641098582,-0.37475943879009305,-0.22263693963412162,-1.683687874001186,-0.23527325879044492,-0.275795593960473,-0.2302566568201539,-0.17099187850437975,0.5565129001117499,-0.3864965402030431,77.88150317691478
-0.3784576499162384,-0.2503420582753239,0.038588827382068876,0.3786103782191796,-0.2297531828505978,-0.27630515380155485,-0.23506178683861473,-0.2631196768190341,-0.3774078650280341,-0.3994057494620618,87.13546684547092
0.2585021981813738,-0.2707011751052843,0.26213156910149255,0.3786103782191796,-0.23458381406939227,-0.2632683453204722,-0.22212608224011754,-0.2218640069405069,-0.32848782272566923,-0.3368192244516279,96.40917261700535
-0.5568741993193121,-0.37535682178663987,-0.23308933548407457,1.0660431289593015,-0.2359465369293635,-0.272290150120752,-0.1506648301884313,-0.2793354283803528,-0.29825189390966717,3.8910285221737864,77.46443246237955
-0.22358755419488174,-0.4410164201496754,0.47098576364362227,0.3786103782191796,-0.23730015285005396,-0.27630515380155485,-0.23323580690426277,-0.2853805206670858,-0.3774078650280341,-0.3994057494620618,106.68950560720286
0.0673715604185398,-0.29523328145151007,-0.16028161520550593,0.3786103782191796,-0.21560431724045584,-0.27033934193559156,-0.2270516680419249,-0.279767220686548,0.4764409957787701,0.03912303711032531,79.55823948063608
-0.4946721627002409,-0.44488246493251743,-0.264166735946153,1.0660431289593015,-0.23730015285005396,-0.27630515380155485,-0.23506178683861473,-0.2853805206670858,-0.3774078650280341,-0.3994057494620618,76.94802284203405
-0.4001997019773816,-0.2559233542893202,-0.03517711445909824,0.3786103782191796,-0.23730015285005396,0.07778565737550526,-0.23506178683861473,0.5624725932157012,-0.3774078650280341,-0.3994057494620618,84.20664742275335
-0.49433243792981313,-0.280087709267424,-0.4046975601847222,1.0660431289593015,-0.2297531828505978,-0.27630515380155485,-0.23506178683861473,-0.25631995685698794,-0.3774078650280341,-0.3994057494620618,69.4945969474094
-0.0077824329906648676,-0.30487948877985016,-0.11595928531292911,0.3786103782191796,0.07024302216796093,-0.25458670245163856,-0.23261470279646848,-0.2725437793025346,2.947284106696478,-0.3408227645543132,81.45687451481464
0.4055919953940204,-0.25182182331793257,0.5796348722468918,-1.683687874001186,4.628580709868071,2.5976915844060295,-0.23456024813350868,-0.28387530075857353,0.020103340759398753,-0.2970100062174223,109.07033452709278
-0.474859211872916,-0.44459990460715987,-0.3871001856608974,0.3786103782191796,-0.23730015285005396,-0.27630515380155485,-0.23506178683861473,-0.2853805206670858,-0.3774078650280341,-0.3994057494620618,71.96467833960217
-0.4843583281385709,-0.36604922419570524,-0.09980413389317076,-1.683687874001186,-0.2350177703155842,-0.2754977815064359,-0.22867845710328777,-0.18371428234236833,0.2863180396621283,-0.38011060981461336,82.76471769629184
-0.5404964551291666,-0.44553598328477295,-0.5015556860107032,1.0660431289593015,-0.23730015285005396,-0.18708983213482738,-0.23506178683861473,-0.2853805206670858,-0.3774078650280341,-0.3994057494620618,67.33781212636377
-0.44344538076991535,-0.44415189954145573,-0.1476611196095599,1.0660431289593015,-0.23527325879044492,-0.24281081550760292,-0.23506178683861473,0.06327629739077961,-0.3631998364205971,-0.3994057494620618,81.66013923649396
-0.2923032699305953,-0.34139846612030467,0.19382028874011958,0.3786103782191796,-0.22882258072967668,-0.2700360650328565,-0.2270516680419249,-0.279767220686548,-0.059909678449803855,0.03912303711032531,94.3968444384965
-0.5492026333397078,-0.3743721566661935,-0.2928093040477804,-1.683687874001186,-0.23246436809197657,-0.27380107018572913,-0.22144843896052016,-0.2805850702883134,0.07600340504426005,0.4729887997396613,75.03451719101415
2.3581581348726663,2.8197401578788464,1.6048087343465427,-1.683687874001186,-0.23730015285005396,0.5847621803353796,-0.23506178683861473,0.607248513764985,-0.3774078650280341,-0.3994057494620618,117.7949299760067
-0.146436676291761,-0.3226761156411005,0.7373457782925847,0.3786103782191796,-0.23333482205578762,-0.259011539784786,0.3953014530201081,-0.22683163618280885,-0.3235724783748181,2.909235319281924,116.21637966729509
-0.2132315876771205,-0.33124941340577213,0.5382321748621757,0.3786103782191796,-0.04118871031056247,-0.08184455021272709,-0.23057318714418545,-0.28142175195327734,-0.14062761205505012,-0.050965634504033304,108.24138617562716
-0.5228640637244912,-0.3709915338713816,-0.3816225749568958,0.3786103782191796,-0.23714575846085242,-0.26856202999659035,-0.21551653221895972,-0.279506262096511,-0.3727263169709345,0.6230998039259255,71.40037159780637
2.37861365139902,2.838702231453955,1.5315511094145413,-1.683687874001186,-0.22294112167216948,2.2444846478058595,-0.23506178683861473,-0.2853805206670858,-0.3760704608340948,-0.3994057494620618,114.62455369165464
-0.4772361453875812,-0.3651350738181957,-0.43954342731268137,1.0660431289593015,-0.19235550139599028,-0.26361123947626725,-0.23323580690426277,-0.28322828487296636,0.4538899316309388,-0.1386802230364207,68.99130671338447
-0.23059682053316063,-0.33347828547012404,0.175486533643511,0.3786103782191796,-0.2345930622015301,-0.1730543956541984,-0.23285224363638365,-0.2814903544692149,-0.37125207603487936,-0.22485900870406061,93.56950423381872
1.8385329539194033,4.2284438024562405,1.2337041563480973,-1.683687874001186,-0.23730015285005396,-0.27630515380155485,-0.23506178683861473,-0.2853805206670858,-0.3774078650280341,-0.3994057494620618,87.71410760121086
-0.5307747334809635,-0.37200688857331304,-0.1991254529231266,-1.683687874001186,-0.2262991819881955,-0.2759923141135984,-0.22918743684675258,-0.18371428234236833,7.878851845511654,-0.3816491227279485,78.80460918438688
-0.3098504996936335,-0.23273025176358197,0.12070127925400985,-1.683687874001186,-0.23730015285005396,-0.27630515380155485,-0.23506178683861473,0.40810079058774107,-0.3774078650280341,-0.3994057494620618,90.27392425252684
-0.5390536793048115,-0.44551540728829975,-0.289847681995367,1.0660431289593015,-0.23730015285005396,-0.27630515380155485,-0.23506178683861473,-0.20681987873961194,-0.3774078650280341,-0.3994057494620618,75.91438715005702
-0.5622547367468034,-0.44584628674167254,-0.5174707642063857,1.0660431289593015,-0.23730015285005396,-0.27630515380155485,-0.23506178683861473,-0.2853805206670858,-0.3774078650280341,-0.3994057494620618,66.69636883384004
-0.584195646250379,-0.3788635993995383,-0.3783914228441749,0.3786103782191796,-0.22959271716854243,-0.2760087074596922,-0.22212608224011754,-0.2804492104038096,5.726921932086945,0.4067243990561265,71.61535551147439
2.961531297228202,1.5507136066989762,2.2835749483445276,-0.9962551232610641,-0.23128103075690754,-0.27465352418260597,1.2784948950641446,2.544510925883555,0.47823920115884794,-0.2350418957145317,158.84795312400897
-0.31530048181963033,-0.34435021710241853,0.4178540567935496,-1.683687874001186,-0.23720343574296385,-0.1730543956541984,-0.21115385778906381,-0.2685527270518144,-0.37718793515475857,0.03720274764033895,103.50451317857332
0.941127161273172,1.8078174348645486,0.6051423356783139,-0.9962551232610641,-0.23730015285005396,4.528559996267715,-0.23506178683861473,20.83558813521887,-0.3774078650280341,-0.3994057494620618,88.10450612896031
-0.26963565946596213,-0.33848902032426625,0.4030877228973895,0.3786103782191796,0.14677491602622905,-0.07651261439572349,0.8813245755701815,0.15547000792662885,0.07393961871835,0.3788109732027036,102.8436898881384
-0.4135794990629477,-0.44372597039411377,0.05965327756323787,1.0660431289593015,-0.23730015285005396,-0.27630515380155485,-0.2282629037303277,-0.2853805206670858,-0.3774078650280341,-0.3994057494620618,90.05438918234458
3.1565491386261293,2.509917966354867,2.401007503768726,-1.683687874001186,-0.23730015285005396,2.1021521525709193,-0.23506178683861473,0.5624725932157012,-0.3774078650280341,-0.3994057494620618,153.3600752454834
-0.31990279898209617,-0.34494093628480715,0.23724713059441033,-1.683687874001186,-0.23077944313218104,-0.1730543956541984,1.315022825170201,-0.1722603524755389,-0.36258009665214797,3.8116672006458017,96.19400654407686
-0.20467607761837742,-0.33015129180128233,0.5147253704072149,0.3786103782191796,1.0019231505527846,0.1714162535901588,-0.20305222058042274,-0.2686078780940387,0.2724462701465056,0.18707761684890956,107.27734047748284
-0.36137831423588157,0.29875516237658983,0.14058989423457796,0.3786103782191796,-0.23730015285005396,0.5847621803353796,-0.23506178683861473,-0.2853805206670858,-0.3774078650280341,-0.3994057494620618,85.40281474384409
-0.40458756730822243,-0.44359773290014576,-0.11895944474314347,1.0660431289593015,-0.23730015285005396,-0.27630515380155485,-0.23506178683861473,-0.2853805206670858,-0.3774078650280341,-0.3994057494620618,82.81699324842258
3.543929383049963,6.879469072469729,3.2122485752564462,-1.683687874001186,-0.23730015285005396,-0.27630515380155485,-0.23506178683861473,-0.2853805206670858,-0.3774078650280341,-0.3994057494620618,139.55380323609398
-0.2292698451062949,-0.33330796477914676,0.175486533643511,-1.683687874001186,-0.1905531745755445,-0.25946645513888855,-0.22042233885042875,-0.26816263431413023,0.27439939526682516,-0.1381160638873422,93.56768502284817
-0.3665004020613981,-0.3509218578555242,0.027845816082910337,0.3786103782191796,-0.16904519606227253,-0.24045700423097027,-0.20125886673733623,-0.27458705815957674,0.06962723950582328,0.5630279775157865,87.7745439981839
2.1051217675513043,4.642854006188983,1.2546788610801007,-0.9962551232610641,-0.23730015285005396,0.07478567504034259,-0.23506178683861473,-0.2853805206670858,-0.3774078650280341,-0.3994057494620618,84.13748926543842
-0.3117694684926271,-0.4422740172946829,0.10458860907937492,0.3786103782191796,-0.23730015285005396,-0.24281081550760292,-0.23506178683861473,-0.2373210953843985,-0.3774078650280341,-0.3994057494620618,91.85931789773342
-0.45164589924053034,-0.2691298563670723,-0.10432023882522068,0.3786103782191796,-0.22534831869228542,-0.27630515380155485,-0.23506178683861473,-0.2853805206670858,-0.3774078650280341,-0.3994057494620618,81.54655485900653
-0.18296610910853658,-0.3273647618001765,0.47591779068180323,1.0660431289593015,-0.23527325879044492,-0.27249233472257534,-0.2321333884520299,-0.07147249538429643,-0.25259509347764375,-0.395198672250806,105.67538993426037
-0.44124993467408075,-0.36051615160585665,0.08125693967414428,1.0660431289593015,-0.23560237934026546,-0.27599641245012185,-0.23323580690426277,-0.28322828487296636,0.9136898948814154,-0.1386802230364207,90.04083318941659
-0.4390964871344225,-0.4440898782498622,-0.26977752697682017,0.3786103782191796,-0.23730015285005396,-0.27630515380155485,-0.23506178683861473,-0.2373210953843985,-0.3774078650280341,-0.3994057494620618,76.7122506606336
-0.4391226392371006,-0.2659150714450778,-0.26977752697682017,1.0660431289593015,-0.23730015285005396,-0.22749669803165867,-0.23506178683861473,-0.2853805206670858,-0.3774078650280341,-0.3994057494620618,74.80914915631644
0.5808952849228722,-0.22932119761028763,0.8098455030971743,0.3786103782191796,-0.23484749172996278,-0.2723543573929526,-0.21363623906445045,-0.2769733495963067,-0.23165165347501154,0.38377039723308864,118.15638349381209
-0.5049625519749386,-0.44502922024255953,-0.3094857575644511,1.0660431289593015,-0.23730015285005396,-0.20960472688246673,-0.23506178683861473,0.5624725932157012,-0.3774078650280341,-0.3994057494620618,75.11360899031371
-0.2583196836297456,-0.3370365858748514,0.6033929699707987,0.3786103782191796,-0.23715331227870545,-0.2716713013057116,0.8813245755701815,0.15547000792662885,-0.36996777765411515,0.3788109732027036,110.94301829437156
2.358665168865832,2.8202101736748837,1.4767631445876597,-1.683687874001186,-0.23730015285005396,0.06548518335646851,-0.23506178683861473,-0.2373210953843985,-0.3774078650280341,-0.3994057494620618,112.60247829184776
-0.5082418996708845,-0.36911474170569986,-0.24254571248152013,0.3786103782191796,-0.22882258072967668,-0.2700360650328565,-0.23261470279646848,-0.2725437793025346,-0.059909678449803855,-0.3408227645543132,77.0146599062361
2.775267788527733,0.559235398780067,2.332248432724715,-1.683687874001186,-0.23730015285005396,-0.27630515380155485,-0.23506178683861473,0.05116459045937241,-0.3774078650280341,-0.3994057494620618,171.40990170686038
0.5920872689449634,-0.2278846778274368,0.8098455030971743,0.3786103782191796,-0.21351713383087967,-0.2677669527110418,-0.22538761019014966,-0.279924602928993,0.2765876643370517,0.14550277478021942,118.14103989384556
-0.5804947321644517,-0.3783885776081765,-0.558373687350717,-1.683687874001186,4.628580709868071,2.5976915844060295,-0.23323580690426277,-0.28425597746465836,0.020103340759398753,0.0995904733621317,64.31877213053212
-0.47911344032319697,-0.27618091470912043,-0.23244260483360038,0.3786103782191796,-0.23730015285005396,-0.27630515380155485,-0.23506178683861473,-0.12335617464365972,-0.3774078650280341,-0.3994057494620618,76.43132607120491
1.9683349139275108,1.6965295094377708,1.426357409329282,-1.683687874001186,-0.23730015285005396,2.1021521525709193,-0.23506178683861473,-0.2853805206670858,-0.3774078650280341,-0.3994057494620618,122.56255862275356
3.796265283332834,2.9478337200902005,3.706627732024896,-0.9962551232610641,-0.23730015285005396,0.21840914628016828,-0.23506178683861473,-0.2853805206670858,-0.3774078650280341,-0.3994057494620618,201.57643770132063
-0.5396249597248677,-0.37314283775417134,-0.39059972439850243,-1.683687874001186,-0.22914082942950312,-0.27330653757856666,-0.2218422416059699,-0.26014421083366396,0.2614546947198895,-0.2384271789210336,71.05966419615343
-0.10477876521525806,-0.3173292161766698,0.667916852311156,-1.683687874001186,-0.23527325879044492,-0.2751630840236878,-0.21115385778906381,-0.2685527270518144,0.039281662958974846,0.03720274764033895,113.34653801145932
-0.4382162521139496,-0.44407732487020946,-0.03893530707185631,0.3786103782191796,-0.23730015285005396,-0.27630515380155485,-0.23506178683861473,0.5624725932157012,-0.3774078650280341,-0.3994057494620618,86.06408397174845
0.3125258002162338,-0.2637671075699167,0.37729425560482943,0.3786103782191796,-0.2176252106036396,-0.1730543956541984,-0.14783628163281484,-0.1850755714821489,-0.33266802855913913,-0.13216755217667134,101.00062355256112
-0.12319100977774827,-0.31969247487222346,0.6162930578863488,0.3786103782191796,-0.22412354125366757,-0.27082021342100926,-0.23261470279646848,-0.2725437793025346,0.18662707600640646,-0.3408227645543132,111.28037749380552
-0.4513296154220708,-0.36180990441775557,-0.3710456504911333,-1.683687874001186,4.628580709868071,2.5976915844060295,-0.22147438719684825,-0.27507265636062495,0.020103340759398753,0.005678221546085815,71.73079813656885
-0.43745300345249494,-0.36002880576948254,-0.33289906356915433,-1.683687874001186,-0.23527325879044492,-0.21569895329283134,-0.05838972187484425,-0.09390417294850639,-0.36955572262885594,-0.1158554225708143,73.25718302728387
-0.13041842313702764,-0.3206201318675294,0.7064528192110007,-1.683687874001186,-0.1135021851782737,-0.18834802144752538,0.7627780863481606,0.02520055589806391,-0.04694959205401246,0.587926369467768,114.94287226303508
-0.37710979261656086,-0.3522836002763854,0.0286649355342974,0.3786103782191796,-0.23535472706897193,-0.1730543956541984,0.2175297043446982,-0.07147249538429643,-0.3729840639201124,0.25080883790021175,87.8222733715481
-0.2845108268501995,-0.3403982861147192,0.0286649355342974,0.3786103782191796,-0.23333482205578762,-0.1730543956541984,-0.23285224363638365,-0.2814903544692149,-0.36839090075649317,-0.22485900870406061,87.69532523748822
-0.2154554642313441,-0.33153485365108115,0.38024462764130734,0.3786103782191796,-0.2368174850681743,-0.25395146029050436,-0.21250011334443847,-0.276506583458457,-0.3723382708669095,0.3819204021948199,101.8439836721374
-0.47030241764759845,-0.44453491836305553,-0.27906836291033726,0.3786103782191796,-0.23730015285005396,-0.19652010447527726,-0.22429466793206604,-0.2853805206670858,-0.3774078650280341,-0.3994057494620618,76.34061031277216
0.47356652155332024,-0.2430971189790947,0.5244360246779671,0.3786103782191796,-0.2284086738691881,-0.27060436769744106,-0.22212608224011754,-0.2218640069405069,-0.011212000756044636,-0.3368192244516279,106.74090854986775
5.351965618761792,6.525670774238773,2.4708859548322564,-0.9962551232610641,-0.23730015285005396,3.737731319581777,-0.23506178683861473,1.6433738343278559,-0.3774078650280341,-0.3994057494620618,113.2983922992516
-0.38618407198193255,-0.4433352733769565,-0.10432023882522068,0.3786103782191796,-0.23730015285005396,-0.23519064179834182,-0.22429466793206604,-0.2853805206670858,-0.3774078650280341,-0.3994057494620618,83.40725894572371
-0.5331087904405871,-0.37230647075554113,-0.4997606196936405,0.3786103782191796,-0.16904519606227253,-0.24045700423097027,-0.22212608224011754,-0.2218640069405069,0.06962723950582328,-0.3368192244516279,66.62836337174876
-0.4892457364452786,-0.27878192696867027,-0.23244260483360038,0.3786103782191796,-0.23730015285005396,-0.27630515380155485,-0.23323580690426277,-0.2162547424020831,-0.3774078650280341,-0.391288042515419,76.45910772245328
-0.45725984143905213,-0.44434891302699503,-0.03893530707185631,1.0660431289593015,-0.23527325879044492,-0.27630515380155485,-0.23506178683861473,0.5624725932157012,-0.3774078650280341,-0.3994057494620618,86.06698482983833
1.8385329539194033,2.853613726390409,1.2337041563480973,-1.683687874001186,-0.23730015285005396,-0.27630515380155485,-0.23506178683861473,-0.2853805206670858,-0.3774078650280341,-0.3994057494620618,102.39879413384747
0.48183321846719285,-0.24203606728064966,0.5796348722468918,-1.683687874001186,4.628580709868071,2.5976915844060295,-0.21115385778906381,-0.2685527270518144,0.020103340759398753,0.03720274764033895,108.96581196652764
-0.49366044488337046,-0.36724317467847184,-0.32162211392989704,-1.683687874001186,-0.2369248622359729,-0.2738133651952995,0.035582642769349554,-0.1382213982441685,-0.342046364734058,0.1657775309123723,73.79109641787204
-0.34092770434149183,-0.34763953667788505,0.19505782251244627,-1.683687874001186,0.8703328902923962,0.03911648616461518,-0.2224796269600877,-0.28237142599743253,0.4470692267519424,0.8855753807487293,94.51364132396267
3.9056248241611753,4.254227386764732,3.6485254828346516,-0.30882237252094225,-0.23730015285005396,4.4044787596838555,2.4822286812303114,2.544510925883555,-0.3774078650280341,-0.10432308858558424,185.2688664408338
0.17937546201827373,0.8000288837289076,0.1505401459510589,0.3786103782191796,-0.23730015285005396,0.42798441496746586,-0.23323580690426277,-0.2524001974169479,-0.3774078650280341,-0.38239127673667533,80.45177237084727
-0.43459437965321907,-0.3596618940913312,-0.3229537963367296,-1.683687874001186,-0.21076161403238222,-0.2592150904987839,-0.22918743684675258,-0.18371428234236833,-0.012815548991977786,-0.3816491227279485,73.65617044065539
-0.23937013750946814,-0.3346043631497214,0.26948870890028725,0.3786103782191796,-0.16904519606227253,-0.24045700423097027,-0.14783628163281484,-0.1850755714821489,0.06962723950582328,-0.13216755217667134,97.3897836803436
-0.15833809295195006,-0.3242036929180664,0.6175579139514523,0.3786103782191796,-0.23458381406939227,-0.2632683453204722,0.11094217213900119,-0.08865406275822625,-0.32848782272566923,0.1410942498027899,111.37980455650752
3.4421371935179796,4.4829094034679,3.3151043410472956,-0.9962551232610641,-0.23646690320407973,-0.23243382743023697,-0.23506178683861473,4.445747601103308,-0.3729485459507648,-0.3994057494620618,169.3186092726664
1.785914708843939,4.146649156369212,1.3479308965997843,-0.9962551232610641,-0.23730015285005396,0.8223728030673987,-0.23494603735303357,-0.2853805206670858,-0.3774078650280341,-0.3994057494620618,93.2153606815478
-0.4502822148477974,-0.3616754678743739,-0.09918210319523015,0.3786103782191796,-0.19235550139599028,-0.26361123947626725,4.14849283267825,2.544510925883555,0.4538899316309388,0.07662394865985454,82.74320114571572
0.18320679389163858,-0.2803655328819266,-0.1264908759858485,-1.683687874001186,4.628580709868071,2.5976915844060295,-0.22866561018236062,-0.2837327151372131,0.020103340759398753,0.7934608989332425,80.76837890855215
-0.5398017702330591,-0.3731655318352504,-0.5075685982373593,-1.683687874001186,0.8703328902923962,0.03911648616461518,0.2175297043446982,-0.07147249538429643,0.4470692267519424,0.25080883790021175,66.32121929981302
1.406978204052589,1.3122544700263936,1.076414862186857,-0.9962551232610641,-0.23730015285005396,-0.1226311952940644,-0.23506178683861473,-0.2853805206670858,-0.3774078650280341,-0.3994057494620618,112.49003073789146
-0.4957257338853337,-0.44489749032774706,-0.24512052283366223,1.0660431289593015,-0.23527325879044492,-0.24281081550760292,-0.23506178683861473,-0.2853805206670858,-0.3631998364205971,-0.3994057494620618,77.71979072495654
-0.5874550645880691,-0.4462056785806773,-0.4201648683948494,1.0660431289593015,-0.23730015285005396,-0.27630515380155485,-0.2282629037303277,-0.2853805206670858,-0.3774078650280341,-0.3994057494620618,70.64230081605534
-0.5193941668231478,-0.3705461637266964,-0.22263693963412162,-1.683687874001186,-0.23527325879044492,-0.275795593960473,-0.2121825654425117,-0.18371428234236833,0.5565129001117499,-0.33024783499313526,77.83650079832353
-0.38717774090534174,-0.4433494444823483,-0.11565986084209338,0.3786103782191796,-0.23730015285005396,-0.27630515380155485,-0.23506178683861473,-0.2606782343400798,-0.3774078650280341,-0.3994057494620618,82.94801524899967
3.759224688129311,2.9224776925746014,3.4372794780810025,-0.9962551232610641,-0.23730015285005396,-0.27630515380155485,-0.23506178683861473,-0.2853805206670858,-0.3774078650280341,-0.3994057494620618,190.93532934224703
-0.2564337778984143,-0.33679452504932644,0.39159892119053585,-1.683687874001186,-0.21190351126390242,-0.1730543956541984,-0.22515127772398505,-0.28507248191905243,-0.31965716989546616,9.487673559004065,102.3601521445311
-0.4218054818940876,-0.44384328438764303,-0.26977752697682017,1.0660431289593015,-0.23730015285005396,-0.27630515380155485,-0.23506178683861473,-0.2373210953843985,-0.3774078650280341,-0.3994057494620618,76.70961676890356
0.5610562068517571,-0.23186759403708965,0.8098455030971743,0.3786103782191796,-0.2284086738691881,-0.27060436769744106,-0.21363623906445045,-0.2769733495963067,-0.011212000756044636,0.38377039723308864,118.183581788326
-0.35766775936288103,-0.3497881655677022,-0.056837796091764085,1.0660431289593015,0.14677491602622905,-0.07651261439572349,0.1198106178903082,-0.24808765494448104,0.07393961871835,2.524907380100316,84.33170037432323
-0.284972996983136,-0.3404576068336995,0.209409326642432,0.3786103782191796,-0.23333482205578762,-0.2646153319245116,0.2109651821454038,-0.0980566428837856,-0.29776521460813676,0.33231501887645315,95.0183440384063
-0.44754058854578693,-0.36132357312432345,-0.23622115404645613,-1.683687874001186,-0.20350161851491244,-0.24148295447400633,0.04199643624291464,-0.26399536775776644,-0.1495228093182349,3.5819967685205225,77.18766462319338
-0.32973412717504763,-0.23783448067876053,0.23967144803751206,0.3786103782191796,-0.23730015285005396,-0.27630515380155485,-0.23506178683861473,-0.24161615094103814,-0.3774078650280341,-0.3994057494620618,95.14820750344886
1.7113097337669894,-0.08422961104442836,0.3833090224993101,-0.9962551232610641,-0.21522083744066495,-0.2435444177452998,1.2784948950641446,2.544510925883555,-0.21917156181778819,-0.2350418957145317,99.3266395471999
-0.47327448451441295,-0.364626584509596,-0.22176390649167874,0.3786103782191796,-0.23333482205578762,-0.26975737814926215,0.2109651821454038,-0.0980566428837856,-0.2352208924340301,0.33231501887645315,77.80864187722064
-0.26506876054982137,-0.3379028471644077,0.5382321748621757,0.3786103782191796,-0.04118871031056247,-0.08184455021272709,-0.23374141592094969,-0.2819113855964395,-0.14062761205505012,-0.2824417681305355,108.31245211374716
0.7019139709699013,1.0971415515334992,0.32806655349760744,-0.9962551232610641,-0.23730015285005396,0.11521986318066352,-0.23506178683861473,-0.2853805206670858,-0.3774078650280341,-0.3994057494620618,84.47030165309607
-0.45095747247251156,-0.3617621389180877,-0.056837796091764085,0.3786103782191796,0.1566191644065754,-0.23843105987621332,-0.2338423469284317,-0.28142713254276264,2.0645558250916665,-0.30461447694590327,84.45959548533484
-0.544918671280321,0.12861495839813963,-0.39666781264415857,0.3786103782191796,1.4971600617613097,0.12501898580822354,-0.23506178683861473,0.5624725932157012,0.637305158568072,-0.3994057494620618,65.45451032361392
1.7388966341183698,2.661115375332875,1.2530091208301533,-0.9962551232610641,-0.23730015285005396,0.7489497381376842,-0.23506178683861473,4.445747601103308,-0.3774078650280341,-0.3994057494620618,105.23697676087907
-0.5291130512062258,-0.2890160706611914,-0.22735735788400002,1.0660431289593015,-0.23730015285005396,-0.27630515380155485,-0.23506178683861473,-0.2853805206670858,-0.3774078650280341,-0.3994057494620618,76.77443500218965
-0.3223997328074226,-0.4424256196970511,0.10458860907937492,1.0660431289593015,-0.23527325879044492,-0.24281081550760292,-0.23506178683861473,-0.2373210953843985,-0.3631998364205971,-0.3994057494620618,91.86093717694118
-0.22455686327883737,-0.33270304150388164,0.175486533643511,0.3786103782191796,-0.23535472706897193,-0.1730543956541984,-0.1929485624615568,-0.2688002341681381,-0.3729840639201124,0.38114988981155323,93.56122378168956
-0.44501781340884916,-0.26742839281943875,-0.1476611196095599,1.0660431289593015,-0.23730015285005396,0.07778565737550526,-0.23506178683861473,-0.2524001974169479,-0.3774078650280341,-0.3994057494620618,79.77253920188659
-0.39780477978679407,-0.35493985482582036,-0.44451754453977976,-1.683687874001186,-0.15274455131044676,-0.24985039154270913,-0.22538761019014966,-0.279924602928993,0.37302646926825367,0.14550277478021942,68.68089732133622
0.38765147620713225,-0.2541245348546637,0.7037885084558053,0.3786103782191796,1.0019231505527846,0.1714162535901588,0.09701343871200721,-0.12886320798186285,0.2724462701465056,0.2526001056190466,114.12468910761228
-0.310043337639216,-0.2327797542509277,0.12070127925400985,-1.683687874001186,-0.23730015285005396,-0.27630515380155485,-0.23506178683861473,0.40810079058774107,-0.3774078650280341,-0.3994057494620618,90.2744529931486
-0.47132068586656606,0.19683960638478054,-0.23389353380215566,1.0660431289593015,-0.23730015285005396,-0.15009005000115444,-0.23506178683861473,-0.20681987873961194,-0.3774078650280341,-0.3994057494620618,71.32016978191068
-0.2322719142540588,-0.3336932880347676,0.36869610209281806,0.3786103782191796,-0.1540190286347518,-0.1730543956541984,-0.1806822969208768,-0.2679783491242587,-0.18803074606762718,0.5608990210289683,101.3991798698197
-0.474859211872916,-0.27508883249786414,-0.3871001856608974,0.3786103782191796,-0.23730015285005396,-0.27630515380155485,-0.23506178683861473,-0.2853805206670858,-0.3774078650280341,-0.3994057494620618,70.15411498266775
1.7388966341183698,2.661115375332875,1.2530091208301533,-0.9962551232610641,-0.23730015285005396,4.528559996267715,-0.23506178683861473,0.7241404751857262,-0.3774078650280341,-0.3994057494620618,105.23697676087907
-0.5385228226115618,-0.29143160712893257,-0.402437183467209,0.3786103782191796,-0.23730015285005396,-0.27630515380155485,-0.2343111323450354,-0.2853805206670858,-0.3774078650280341,-0.3994057494620618,69.70733540136894
-0.044288124633572894,-0.3095650876985207,0.7787451305314476,-1.683687874001186,-0.2368174850681743,-0.25395146029050436,0.7627780863481606,0.02520055589806391,-0.3723382708669095,0.587926369467768,117.75352580062314
-0.47888007330380655,-0.27612100820114877,-0.23244260483360038,1.0660431289593015,-0.23730015285005396,-0.11175557627301247,-0.23506178683861473,-0.2853805206670858,-0.3774078650280341,-0.3994057494620618,76.43068620428161
1.9879105129116976,4.46065003726312,1.217917442326719,-0.9962551232610641,-0.23730015285005396,-0.27630515380155485,-0.23506178683861473,0.7964367658049412,-0.3774078650280341,-0.3994057494620618,84.59433410900738
-0.179638182659141,-0.3269376139262166,0.5554788153346545,0.3786103782191796,7.817292830604307,2.5976915844060295,-0.17756768177946694,-0.18371428234236833,0.28060063524408096,-0.22561607667078068,108.8940338759804
2.37861365139902,0.4574122521761561,1.5315511094145413,-1.683687874001186,-0.23730015285005396,-0.27630515380155485,-0.22212608224011754,2.196724418174937,-0.3774078650280341,-0.3978041741971664,140.059331049063
-0.19682420913262735,-0.3291434843928855,0.175486533643511,0.3786103782191796,-0.2284086738691881,-0.27060436769744106,-0.1929485624615568,-0.2688002341681381,-0.011212000756044636,0.38114988981155323,93.52320382469271
-0.2960160424787784,-0.2291788758082705,0.2020476969981903,0.3786103782191796,-0.23730015285005396,-0.2512178698293657,-0.23323580690426277,-0.2524001974169479,-0.3774078650280341,-0.38239127673667533,93.53152854741958
0.7818529593457533,-0.20352776596721595,0.502771859296602,1.0660431289593015,0.13131359221323136,-0.11734843951534216,-0.22538761019014966,-0.279924602928993,0.16705319413760414,0.14550277478021942,105.4405977812003
-0.09093344603393379,-0.31555213403782856,0.7337305011350107,1.0660431289593015,0.012366799320948673,-0.22395027082670316,0.2175297043446982,-0.07147249538429643,0.7422311972368435,0.25080883790021175,115.99382428763334
-0.5732934885726947,-0.4460037147459435,-0.24512052283366223,0.3786103782191796,-0.23730015285005396,-0.27630515380155485,-0.23506178683861473,-0.2853805206670858,-0.3774078650280341,-0.3994057494620618,77.73160640974461
-0.029635526967439953,-0.30768438930080977,0.7929700313219389,0.3786103782191796,-0.21560431724045584,-0.27033934193559156,-0.14783628163281484,-0.1850755714821489,0.4764409957787701,-0.13216755217667134,118.30972245346872
-0.19644899600488458,-0.14785247470631488,-0.25978614518770426,-1.683687874001186,1.5510470922212114,0.04916560732010544,-0.23300564350408792,-0.2845855385706329,0.9126644218657028,0.39542276718183944,73.95288633943183
2.3812480567028356,-0.4038678296074235,1.5510071380068853,-0.30882237252094225,-0.23730015285005396,0.2911327617765479,-0.23506178683861473,0.7122291952126464,-0.3774078650280341,-0.3994057494620618,150.04695283914438
-0.45558025865261564,-0.2701398265595154,-0.14674449310018547,0.3786103782191796,-0.23730015285005396,-0.22749669803165867,-0.23506178683861473,-0.2853805206670858,-0.3774078650280341,-0.3994057494620618,79.83863499525177
-0.36316839660567385,-0.35049418643066627,0.25297755090025836,-1.683687874001186,-0.23333482205578762,-0.27203741936847275,0.7627780863481606,0.02520055589806391,-0.15925736578249597,0.587926369467768,96.8905980617707
-0.44033974082211047,0.22555865430530175,-0.5439174024529883,1.0660431289593015,-0.23730015285005396,-0.27630515380155485,-0.23502979673353377,-0.2853805206670858,-0.3774078650280341,-0.3994057494620618,58.45361466676985
-0.5408296264595962,-0.44554073477284495,-0.4989972641597908,0.3786103782191796,-0.23730015285005396,-0.27630515380155485,-0.23506178683861473,0.06327629739077961,-0.3774078650280341,-0.3994057494620618,67.44151063192439
-0.3109817380358281,-0.3437958952886766,0.2875431736269745,-1.683687874001186,-0.235727899790197,-0.2749021565983617,0.7627780863481606,0.02520055589806391,-0.11429637216784286,0.587926369467768,98.21938859005492
-0.40021772598903504,-0.3552495626441689,0.10400745521337018,0.3786103782191796,-0.23723054477152047,-0.2749130854957576,-0.16003583222273957,-0.18371428234236833,-0.36566772504203715,-0.17262187153000788,90.90625776558632
-0.5506179814859281,-0.2945364963005852,-0.21126820181814,0.3786103782191796,-0.23646690320407973,-0.27630515380155485,-0.23506178683861473,-0.2853805206670858,-0.3774078650280341,-0.3994057494620618,77.48520915721402
-0.545577836591829,-0.2932426653168175,-0.21126820181814,0.3786103782191796,-0.23646690320407973,-0.27630515380155485,-0.23506178683861473,-0.2564504361520064,-0.3774078650280341,-0.3994057494620618,77.47138962943848
-0.4308271934005882,-0.3591783660978221,0.25202225685559737,-1.683687874001186,-0.2350177703155842,-0.2754977815064359,0.06853607612397558,-0.22770732712154118,0.2863180396621283,1.2183096216106803,96.94465334982618
-0.2644430069965208,-0.22107391604682178,0.00856453518419602,0.3786103782191796,-0.23730015285005396,-0.11175557627301247,-0.23506178683861473,-0.2853805206670858,-0.3774078650280341,-0.3994057494620618,85.60649563473494
-0.5598024789603852,-0.3757326739702936,-0.37749500405825626,0.3786103782191796,-0.23706217228946944,-0.2742997011294151,-0.16003583222273957,-0.18371428234236833,-0.349546445399309,-0.17262187153000788,71.61822986608831
-0.5427134200418936,-0.445567600297933,-0.5015556860107032,1.0660431289593015,-0.23527325879044492,-0.27630515380155485,-0.23415328057403956,-0.2853805206670858,-0.3774078650280341,-0.3994057494620618,67.33814983059024
-0.10932749561313605,-0.317913057360727,-0.22501264044940442,-1.683687874001186,-0.234092321733946,-0.2742395921937379,1.315022825170201,-0.1722603524755389,-0.012781961492715713,3.8116672006458017,77.17807645604297
-0.527072850609544,-0.4453445439533179,-0.4421172314418982,1.0660431289593015,-0.23730015285005396,-0.27630515380155485,-0.23506178683861473,-0.2853805206670858,-0.3774078650280341,-0.3994057494620618,69.7437605163472
-0.27367284092784055,-0.33900720289363917,0.49670133567341324,1.0660431289593015,7.817292830604307,2.5976915844060295,-0.23323580690426277,-0.25895510055741294,0.28060063524408096,-0.37817078676004984,106.64173476075686
0.5414982964001905,-0.23437790188058222,0.8098455030971743,0.3786103782191796,-0.19589153530834783,-0.25320146470671373,-0.21363623906445045,-0.2769733495963067,0.04339973540979095,0.38377039723308864,118.21039461736127
4.2563737596733136,3.2627995871921405,3.7783056739708374,-0.30882237252094225,-0.23730015285005396,-0.27630515380155485,-0.23506178683861473,0.7122291952126464,-0.3774078650280341,-0.3994057494620618,201.11610221342087
-0.4875843334431598,-0.44478138259710887,-0.24110482289144483,1.0660431289593015,-0.23730015285005396,-0.27630515380155485,-0.23506178683861473,-0.2853805206670858,-0.3774078650280341,-0.3994057494620618,77.88123612374994
-0.42243351442830457,-0.3581010159273086,0.0549290219817669,0.3786103782191796,-0.17727744559349787,-0.25554844542247396,-0.23295387422866864,-0.28364931600019094,0.30153194033586206,-0.025224871319325142,88.94843033540882
-0.5190778697539661,-0.2864399882343019,-0.22891736853015632,1.0660431289593015,-0.23527325879044492,-0.20610201526709465,-0.23506178683861473,-0.12307772913779551,-0.37062912939595055,-0.3994057494620618,76.68371988696005
-0.5635932629436593,-0.2978673174428058,-0.5218482585309332,0.3786103782191796,-0.23730015285005396,-0.27630515380155485,-0.23506178683861473,-0.12335617464365972,-0.3774078650280341,-0.3994057494620618,64.9384491409523
-0.2736605493856879,-0.3390056252427571,0.0286649355342974,0.3786103782191796,-0.23333482205578762,-0.1730543956541984,-0.22538761019014966,-0.279924602928993,-0.36839090075649317,0.14550277478021942,87.6804500985841
-0.4219466176887427,-0.35803852148510734,0.08125693967414428,1.0660431289593015,-0.23560237934026546,-0.27599641245012185,-0.2274245467419042,-0.279207639380077,0.9136898948814154,-0.01919366056836804,90.01436939414442
0.25112465609185086,-0.2716481015072069,0.3715232678943518,-1.683687874001186,1.4833415874367017,-0.16142195048848337,-0.22934980411965847,-0.2846608668234271,3.139071658540477,2.0397562069463073,100.85100473523566
2.2334012143901214,4.842263392408016,1.3438546532295195,-0.9962551232610641,-0.23730015285005396,0.07478567504034259,-0.23506178683861473,-0.24870373244054775,-0.3774078650280341,-0.3994057494620618,85.620302712546
-0.5148853714953118,-0.2853637524790976,-0.22796870690554102,1.0660431289593015,-0.23730015285005396,-0.27630515380155485,-0.23506178683861473,-0.2853805206670858,-0.3774078650280341,-0.3994057494620618,76.71065705267962
-0.17030731554094003,-0.32573997325946885,0.6468937281646157,0.3786103782191796,-0.04118871031056247,-0.08184455021272709,-0.23295387422866864,-0.28364931600019094,-0.14062761205505012,-0.025224871319325142,112.58467731824852
-0.456126769372978,-0.3624256314004118,-0.2742013152409071,1.0660431289593015,-0.1540190286347518,-0.1730543956541984,0.11094217213900119,-0.08865406275822625,-0.18803074606762718,0.1410942498027899,75.66076914186024
4.634340649376471,3.7700423558509533,2.0353126023207806,-0.9962551232610641,-0.23730015285005396,-0.27630515380155485,-0.23506178683861473,-0.17683385353804273,-0.3774078650280341,-0.3994057494620618,125.08540042830244
-0.13041842313702764,-0.3206201318675294,0.7064528192110007,-1.683687874001186,0.8703328902923962,0.03911648616461518,-0.1235351859239987,-0.19877320716434785,0.4470692267519424,-0.0036736301269580905,114.94287226303508
-0.296030866224133,-0.34187691264127706,-0.09918210319523015,0.3786103782191796,-0.23676100792534793,-0.24777526714967082,4.14849283267825,2.544510925883555,-0.3729709649270296,0.07662394865985454,82.53173095572026
0.701059077545177,1.096434417091598,0.3471574449515944,-0.9962551232610641,-0.23730015285005396,0.24138851916713153,-0.23506178683861473,-0.2853805206670858,-0.3774078650280341,-0.3994057494620618,85.25127204230607
-0.4151899240759065,0.24887230052526493,-0.03893530707185631,0.3786103782191796,-0.23730015285005396,0.5847621803353796,-0.23506178683861473,-0.2853805206670858,-0.3774078650280341,-0.3994057494620618,78.66262526860523
-0.48338019690563705,-0.44472142574372336,-0.22735735788400002,0.3786103782191796,-0.23730015285005396,-0.27630515380155485,-0.23506178683861473,-0.2853805206670858,-0.3774078650280341,-0.3994057494620618,78.4375382253769
0.0821283306606323,-0.29333921223715925,-0.13115258843562969,0.3786103782191796,-0.22656151831662388,-0.2707642028218555,0.11094217213900119,-0.08865406275822625,0.07762098163842816,0.1410942498027899,80.71809491198646
-0.31365980240267216,-0.44230097609397084,-0.11475011488326356,0.3786103782191796,-0.23730015285005396,-0.23519064179834182,-0.23506178683861473,-0.2853805206670858,-0.3774078650280341,-0.3994057494620618,82.97367243433574
-0.34975206837282113,-0.4428157021690666,0.14058989423457796,1.0660431289593015,-0.23527325879044492,-0.24281081550760292,-0.23506178683861473,0.5624725932157012,-0.3631998364205971,-0.3994057494620618,93.3236013757099
-0.5877334855172535,-0.44620964925163004,-0.5029581071250692,0.3786103782191796,-0.23730015285005396,-0.27543220812206076,-0.23506178683861473,-0.2853805206670858,-0.3774078650280341,-0.3994057494620618,67.28819219948359
0.5049928887659345,-0.23906346434601566,0.5244360246779671,0.3786103782191796,-0.22656151831662388,-0.2707642028218555,-0.22212608224011754,-0.2218640069405069,0.07762098163842816,-0.3368192244516279,106.6978247136186
-0.4723890651281094,-0.3645129386661035,-0.22263693963412162,-1.683687874001186,-0.21190351126390242,-0.1730543956541984,0.11094217213900119,-0.08865406275822625,-0.31965716989546616,0.1410942498027899,77.77205936636913
-0.4615782980367768,-0.44441050024395873,-0.2974130699150918,1.0660431289593015,-0.23730015285005396,-0.27630515380155485,-0.23506178683861473,-0.2073081672354028,-0.3774078650280341,-0.3994057494620618,75.59609367708349
3.759224688129311,3.6260295335574346,3.4372794780810025,-0.9962551232610641,-0.23730015285005396,-0.27630515380155485,-0.23506178683861473,-0.2853805206670858,-0.3774078650280341,-0.3994057494620618,183.4206273989666
-0.5095155451767935,-0.36927821736488287,-0.011770907482233244,-1.683687874001186,-0.23646690320407973,-0.2731344074445819,-0.23217192921481133,-0.2833466578416429,-0.31570748896279255,0.037242969518116516,86.36564226153243
-0.2968487685002723,-0.22939264083888697,0.12070127925400985,-1.683687874001186,-0.23730015285005396,-0.27630515380155485,-0.23506178683861473,0.40810079058774107,-0.3774078650280341,-0.3994057494620618,90.23827492316586
-0.4843583281385709,-0.23818422871627828,-0.09980413389317076,-1.683687874001186,-0.230214459914632,-0.1730543956541984,-0.23300564350408792,-0.2845855385706329,-0.3612953530201598,0.39542276718183944,81.39897991545611
0.6387189901211714,-0.22189937711169389,0.8098455030971743,0.3786103782191796,-0.23484749172996278,-0.2723543573929526,-0.20125886673733623,-0.27458705815957674,-0.23165165347501154,0.5630279775157865,118.07711034622776
-0.373996601869225,-0.44316146304701914,0.00845898725439144,0.3786103782191796,-0.23730015285005396,-0.27543220812206076,-0.23506178683861473,-0.2853805206670858,-0.3774078650280341,-0.3994057494620618,87.97435715955103
-0.4050272347682426,-0.35586687540064615,-0.13071862391150826,1.0660431289593015,-0.20176854679085746,-0.2592711010979376,-0.23261470279646848,-0.2725437793025346,0.11233828113959185,-0.3408227645543132,81.4035395701174
-0.39116600634539156,-0.3540877512699526,0.23725546813872578,1.0660431289593015,-0.23527325879044492,-0.27249233472257534,-0.1929485624615568,-0.2688002341681381,-0.25259509347764375,0.38114988981155323,96.2920422902302
-0.48760239203754835,-0.2783600720505285,-0.3931929424399143,0.3786103782191796,-0.22534831869228542,-0.27630515380155485,-0.23506178683861473,-0.2853805206670858,-0.3774078650280341,-0.3994057494620618,69.94222332433732
-0.07262553566515101,-0.3132022669029662,0.5001786632686283,0.3786103782191796,-0.22555347191360212,-0.27516854847238575,-0.23330919970995542,-0.18371428234236833,2.0490885836043256,-0.39410813602300454,106.5069846771089
-0.4181089673562666,-0.35754594924667454,-0.09880505031240584,1.0660431289593015,-0.23527325879044492,-0.24946788013385415,-0.2170719000318019,-0.27600618863632426,-0.35967549315747466,0.1903409256956361,82.71436868643723
-0.3869503819402459,0.2750500934455219,0.14058989423457796,0.3786103782191796,-0.23730015285005396,0.5847621803353796,-0.23506178683861473,-0.2853805206670858,-0.3774078650280341,-0.3994057494620618,85.65601076606335
-0.13430977079920153,-0.12835624940493043,-0.19369813608868006,-1.683687874001186,1.5510470922212114,0.04916560732010544,-0.2330769375553717,-0.28450617487572477,0.9126644218657028,0.29821873253752196,76.42202780457362
-0.025699784649025382,-0.3071792267050228,-0.10904453810618749,0.3786103782191796,-0.21733082349665728,-0.26678471805758913,-0.22934980411965847,-0.2189840464185008,0.11506332505940804,-0.3729683173980732,81.76157108350041
-0.23917464586498963,-0.334579271297006,0.39126584464068914,-1.683687874001186,-0.23077944313218104,-0.1730543956541984,4.14849283267825,2.544510925883555,-0.36258009665214797,0.07662394865985454,102.32299709212094
-0.5293826625014817,-0.28908528126023264,-0.22735735788400002,1.0660431289593015,-0.23730015285005396,-0.27630515380155485,-0.23506178683861473,-0.2853805206670858,-0.3774078650280341,-0.3994057494620618,76.77517424696568
-0.47902248586693463,-0.36536435518890115,-0.20567208731460587,0.3786103782191796,-0.22414090797508668,-0.2747751081661349,0.11094217213900119,-0.08865406275822625,1.641891736868955,0.1410942498027899,78.46843994356136
-0.5212961568074749,-0.3707902890072434,-0.3590415502228416,-1.683687874001186,-0.19111949912523568,-0.2683420859364987,-0.23323580690426277,-0.2838107336847499,0.9842055915585266,-0.04194144587934909,72.31303310465758
2.7752627216471364,3.2063922305724444,2.332248432724715,-1.683687874001186,-0.23730015285005396,0.06548518335646851,-0.23506178683861473,-0.2853805206670858,-0.3774078650280341,-0.3994057494620618,143.13537603686973
0.5993819471850922,-0.22694838721258312,0.8098455030971743,0.3786103782191796,-0.19977786869908581,-0.2653434697135105,-0.1977577627915985,-0.26263138832324323,0.42627768822808865,0.1045219690207835,118.13103928764562
0.10597905738307604,-0.29027791044254164,-0.22501264044940442,-1.683687874001186,1.4833415874367017,-0.16142195048848337,-0.22866561018236062,-0.2837327151372131,3.139071658540477,0.7934608989332425,76.88290290925953
-0.25267557674942526,-0.3363121503168573,0.19382028874011958,0.3786103782191796,-0.23527325879044492,-0.2741193743223835,-0.22538761019014966,-0.279924602928993,-0.1596875866548219,0.14550277478021942,94.34251703143732
-0.4316492296470195,-0.44398366996635097,-0.01795415140016194,1.0660431289593015,-0.23730015285005396,-0.27630515380155485,-0.23506178683861473,-0.2853805206670858,-0.3774078650280341,-0.3994057494620618,86.91308015580152
0.42918029856526946,-0.2487942042574963,0.5244360246779671,0.3786103782191796,-0.23484749172996278,-0.2723543573929526,-0.21733710627074335,-0.18371428234236833,-0.23165165347501154,-0.34582866650631566,106.8017596418823
-0.2824721178440103,-0.34013661259793376,0.2875431736269745,-1.683687874001186,0.06312351354327168,-0.12685248191321405,0.7627780863481606,0.02520055589806391,0.09455152775547762,0.587926369467768,98.18030345496562
-0.2564337778984143,-0.33679452504932644,0.39159892119053585,-1.683687874001186,-0.2262991819881955,-0.2759923141135984,-0.2121825654425117,-0.18371428234236833,7.878851845511654,-0.33024783499313526,102.3601521445311
-0.42612003430493534,0.2387401899975315,-0.06477014213172563,0.3786103782191796,-0.23730015285005396,-0.15009005000115444,-0.23506178683861473,-0.2853805206670858,-0.3774078650280341,-0.3994057494620618,77.7242166559842
0.3717571106844251,-0.2561646173337096,0.5244360246779671,0.3786103782191796,-0.2176252106036396,-0.1730543956541984,-0.22042233885042875,-0.26816263431413023,-0.33266802855913913,-0.1381160638873422,106.88048370205848
-0.5335403421818594,-0.37236186152561707,-0.5152847205929776,1.0660431289593015,0.2578035428978294,-0.0860617384953533,-0.23319599416911233,-0.18371428234236833,0.23361956891045865,-0.3937659452213381,66.00003675359261
2.5608015341087027,1.0368207905720532,2.0287019421526304,-0.9962551232610641,-0.23730015285005396,-0.23905673925212614,-0.23506178683861473,-0.2303384353798522,-0.3774078650280341,-0.3994057494620618,154.01137786787584
0.16697225875993027,-0.2824492770005791,0.14252692379269835,0.3786103782191796,-0.22104991394820073,-0.25881891796818407,0.04199643624291464,-0.26399536775776644,-0.15921648246848444,3.5819967685205225,91.68918650879073
0.18320679389163858,-0.2803655328819266,-0.1264908759858485,-1.683687874001186,4.628580709868071,2.5976915844060295,-0.22866561018236062,-0.2837327151372131,0.020103340759398753,0.7934608989332425,80.76837890855215
-0.527853560219193,-0.4453556779617367,-0.401853379082988,1.0660431289593015,-0.23730015285005396,-0.27630515380155485,-0.23506178683861473,-0.2853805206670858,-0.3774078650280341,-0.3994057494620618,71.3750638678038
0.3717571106844251,-0.2561646173337096,0.5244360246779671,0.3786103782191796,-0.22104991394820073,-0.25881891796818407,-0.21733710627074335,-0.18371428234236833,-0.15921648246848444,-0.34582866650631566,106.88048370205848
-0.5088681360828573,-0.36919512075134225,-0.39059972439850243,-1.683687874001186,0.8703328902923962,0.03911648616461518,-0.22771124931388215,-0.28242792218702817,0.4470692267519424,0.36564828431233243,71.01749826763957
-0.5154763276999516,-0.3700432990518194,-0.4595669754591381,-1.683687874001186,-0.1905531745755445,-0.25946645513888855,0.8813245755701815,0.15547000792662885,0.27439939526682516,0.3788109732027036,68.23253035653595
3.885692807227369,0.19485801938431246,3.6485254828346516,-0.30882237252094225,2.7789760966016375,2.5976915844060295,-0.23506178683861473,4.323570555660632,-0.13099747341853565,-0.3994057494620618,228.62736413296204
-0.49938898516495406,-0.36797844747953284,-0.056837796091764085,0.3786103782191796,-0.12614049900709648,-0.26849782272438966,-0.23463771125078223,-0.2817741805645644,2.965456569285477,-0.36326859153688296,84.52599244900631
0.23689134981117693,-0.2734749827828775,0.14252692379269835,0.3786103782191796,-0.22656151831662388,-0.2707642028218555,0.04199643624291464,-0.26399536775776644,0.07762098163842816,3.5819967685205225,91.59333124657846
-0.1923091599888421,-0.20255678842492186,0.32947122366889675,0.3786103782191796,-0.23527325879044492,-0.27630515380155485,-0.23506178683861473,-0.2853805206670858,-0.3774078650280341,-0.3994057494620618,98.4094057296299
-0.23445908315425784,-0.3339740167587696,0.5695772816479134,0.3786103782191796,-0.22191422602272942,-0.2606303827115473,-0.1235351859239987,-0.19877320716434785,-0.14694729547366625,-0.0036736301269580905,109.5403527460758
-0.515603971831535,-0.28554822086234594,-0.22891736853015632,0.3786103782191796,-0.23730015285005396,-0.11147279105289468,-0.23506178683861473,-0.12335617464365972,-0.3774078650280341,-0.3994057494620618,76.67419483761381
0.7019139709699013,1.0971415515334992,0.32806655349760744,-0.9962551232610641,-0.23730015285005396,-0.27630515380155485,-0.23506178683861473,0.10013602565981782,-0.3774078650280341,-0.3994057494620618,84.47030165309607
-0.23481286190415476,-0.33401942516642785,0.6693261559647833,0.3786103782191796,-0.23723054477152047,-0.2749130854957576,0.8813245755701815,0.15547000792662885,-0.36566772504203715,0.3788109732027036,113.58190191233685
-0.46814729316992104,-0.27336584862320756,-0.04526145271838463,0.3786103782191796,-0.23730015285005396,-0.27630515380155485,-0.23506178683861473,-0.2564504361520064,-0.3774078650280341,-0.3994057494620618,83.98441178066987
2.5608015341087027,5.3512046017120305,2.0287019421526304,-0.9962551232610641,-0.23730015285005396,-0.22040520973392214,-0.23506178683861473,-0.24870373244054775,-0.3774078650280341,-0.3994057494620618,107.92904743954514
0.012524700272793243,-0.3022730162716367,-0.0749389835577925,0.3786103782191796,-0.21351713383087967,-0.2677669527110418,-0.16003583222273957,-0.18371428234236833,0.2765876643370517,-0.17262187153000788,83.09086453451962
-0.3133227492947993,-0.34409637007301785,0.4178540567935496,-1.683687874001186,-0.2222177200689925,-0.26583663620849857,-0.23456024813350868,-0.28387530075857353,-0.03914027711092498,-0.2970100062174223,103.50180181509732
-0.04322114897875989,0.593683895575827,-0.17964341395362335,0.3786103782191796,-0.23730015285005396,0.11139611520428815,-0.23506178683861473,0.06327629739077961,-0.3774078650280341,-0.3994057494620618,69.27924080864523
-0.37978466081083234,-0.3526269264525133,0.1278561514393036,-1.683687874001186,0.14677491602622905,-0.07651261439572349,0.035582642769349554,-0.1382213982441685,0.07393961871835,0.1657775309123723,91.84441255622858
-0.3118245450377491,-0.3439040717236139,0.19382028874011958,0.3786103782191796,-0.22882258072967668,-0.2700360650328565,-0.1977577627915985,-0.26263138832324323,-0.059909678449803855,0.1045219690207835,94.42360704247174
-0.433294213230162,-0.35949501440458104,-0.44451754453977976,-1.683687874001186,-0.15274455131044676,-0.24985039154270913,-0.1977577627915985,-0.26263138832324323,0.37302646926825367,0.1045219690207835,68.7295513998909
2.6032719462153597,0.5150831859888186,2.205332331139689,-1.683687874001186,-0.23730015285005396,-0.19411028259949084,-0.23506178683861473,0.05116459045937241,-0.3774078650280341,-0.3994057494620618,166.7398224041273
-0.10932749561313605,-0.317913057360727,-0.22501264044940442,-1.683687874001186,1.4833415874367017,-0.16142195048848337,-0.23217192921481133,-0.2833466578416429,3.139071658540477,0.037242969518116516,77.17807645604297
-0.29655955515228033,-0.3419447712178046,0.19093253599532223,0.3786103782191796,-0.22412354125366757,-0.27082021342100926,0.8813245755701815,0.15547000792662885,0.18662707600640646,0.3788109732027036,94.28568984118918
-0.5346663028896759,-0.4454528371785704,-0.3501880848546847,1.0660431289593015,-0.23527325879044492,-0.27630515380155485,-0.2282629037303277,-0.2853805206670858,-0.3774078650280341,-0.3994057494620618,73.46918559129708
-0.4786199653848578,-0.3653126906552166,-0.056837796091764085,0.3786103782191796,-0.21111473736790395,-0.27426691443722756,-0.2338423469284317,-0.28142713254276264,2.638919400160859,-0.30461447694590327,84.49751925510489
-0.3126164903559515,-0.3440057199313212,0.23914557570690667,-1.683687874001186,0.07024302216796093,-0.25458670245163856,-0.22918743684675258,-0.18371428234236833,2.947284106696478,-0.3816491227279485,96.260927939189
3.5194329994521367,-0.3876357241253511,3.376090523425745,-1.683687874001186,-0.23730015285005396,1.7933780144457792,-0.23506178683861473,4.323570555660632,-0.3774078650280341,-0.3994057494620618,223.8120451972173
0.09464289213481593,-0.2917329362546451,-0.004356478645729098,0.3786103782191796,-0.14047715111713602,-0.17443690117477426,0.2109651821454038,-0.0980566428837856,-0.1542491451950359,0.33231501887645315,85.83775012715427
0.1065436772618485,-0.29020544003657556,-0.028779252642825985,0.3786103782191796,-0.20439099232157032,-0.2671931855977593,-0.16003583222273957,-0.18371428234236833,0.47055880814622025,-0.17262187153000788,84.83201013443943
-0.24307247126304926,-0.33507956715905857,0.47591779068180323,1.0660431289593015,-0.23527325879044492,-0.27249233472257534,-0.2314895160388301,-0.18371428234236833,-0.25259509347764375,-0.38860770724925175,105.75779248009329
-0.3314872799918387,-0.3464278340601888,0.15456157984103705,1.0660431289593015,-0.1962015948224645,-0.27194588985278245,-0.2274245467419042,-0.279207639380077,1.8361332552004432,-0.01919366056836804,92.86009990442486
-0.4644473153543615,-0.4444514164342718,-0.06473426671163081,0.3786103782191796,-0.236291682868461,-0.27630515380155485,-0.22429466793206604,-0.2853805206670858,-0.3774078650280341,-0.3994057494620618,85.02290245939649
-0.28786518826373786,-0.2270865098249154,0.2555920087965237,1.0660431289593015,-0.23730015285005396,-0.27630515380155485,-0.23323580690426277,-0.2524001974169479,-0.3774078650280341,-0.38239127673667533,95.67838722187724
-0.5713521278305608,-0.2998590577598935,-0.41216625702215104,0.3786103782191796,-0.23527325879044492,-0.27630515380155485,-0.23506178683861473,-0.2853805206670858,-0.3774078650280341,-0.3994057494620618,69.40320186625533
-0.47912747374215925,-0.27618451715957437,-0.23244260483360038,0.3786103782191796,-0.23730015285005396,-0.11175557627301247,-0.23506178683861473,-0.2853805206670858,-0.3774078650280341,-0.3994057494620618,76.43136454930965
-0.3672485602680226,-0.35101788587543536,-0.3710456504911333,-1.683687874001186,-0.23720343574296385,-0.1730543956541984,4.14849283267825,2.544510925883555,-0.37718793515475857,0.07662394865985454,71.61552759360701
-0.2647591019625839,-0.33786310169250405,0.37921116645092207,0.3786103782191796,-0.21351713383087967,-0.2677669527110418,0.2175297043446982,-0.07147249538429643,0.2765876643370517,0.25080883790021175,101.86970830074608
-0.16917550218863645,-0.19661826009712913,0.6327380526216815,0.3786103782191796,-0.23730015285005396,-0.27630515380155485,-0.23506178683861473,-0.2853805206670858,-0.3774078650280341,-0.3994057494620618,110.63203633418782
-0.5057843827553244,-0.4450409406962526,-0.264166735946153,1.0660431289593015,-0.23730015285005396,-0.27630515380155485,-0.23506178683861473,-0.2853805206670858,-0.3774078650280341,-0.3994057494620618,76.94971553624694
-0.14237952034608103,-0.32215536929562893,0.5001786632686283,0.3786103782191796,-0.2284086738691881,-0.27060436769744106,-0.1735725437656004,-0.2500825084961555,-0.011212000756044636,0.13593006689463796,106.6026135874882
2.4378457020761664,2.017931700675659,1.5448600135939712,-0.9962551232610641,-0.23730015285005396,-0.1226311952940644,-0.23506178683861473,-0.23208712696257427,-0.3774078650280341,-0.3994057494620618,123.93045460927384
-0.2904611586780273,-0.34116202642817295,0.30998121649478727,-1.683687874001186,0.31146473538285435,-0.11556566312764302,0.06853607612397558,-0.22770732712154118,0.42415558072791176,1.2183096216106803,99.10027448070028
-0.5760361853711521,-0.3010614792979854,-0.5513120018934556,0.3786103782191796,-0.23730015285005396,-0.220110129504234,-0.23506178683861473,-0.2853805206670858,-0.3774078650280341,-0.3994057494620618,63.778919953409016
-0.2691870587708966,-0.3384314412773529,0.175486533643511,0.3786103782191796,-0.2345930622015301,-0.1730543956541984,-0.1977577627915985,-0.26263138832324323,-0.37125207603487936,0.1045219690207835,93.622409346707
-0.23765779016226843,-0.2141980138306636,0.40695403653033085,0.3786103782191796,-0.23730015285005396,-0.27630515380155485,-0.23506178683861473,-0.24161615094103814,-0.3774078650280341,-0.3994057494620618,101.6727597739196
-0.2688773594467963,-0.33839169057676866,0.22946403933765808,0.3786103782191796,-0.2368174850681743,-0.25395146029050436,-0.22929689006910708,-0.28201630709140285,-0.3723382708669095,0.12719973524403946,95.808741908936
-0.5284585251170288,-0.44536430560533463,-0.5015556860107032,1.0660431289593015,-0.23730015285005396,-0.23185869420478,-0.23415328057403956,-0.2853805206670858,-0.3774078650280341,-0.3994057494620618,67.33597842127462
-0.49407880630482853,-0.4448740028423622,-0.30233028719107446,1.0660431289593015,-0.23730015285005396,-0.27630515380155485,-0.23506178683861473,-0.20681987873961194,-0.3774078650280341,-0.3994057494620618,75.40183622335208
-0.4874951997907053,-0.36645184969764133,-0.23622115404645613,0.3786103782191796,-0.23719658788939615,-0.27181064474750877,-0.20461350306478088,-0.25109271417202034,-0.3719977716596958,-0.12650764571894124,77.2424402170961
-0.2619246685839492,-0.3374992949167309,0.3595793870126711,1.0660431289593015,-0.23333482205578762,-0.2629650684177372,-0.2170719000318019,-0.27600618863632426,-0.30761757730217015,0.1903409256956361,101.07049236716144
0.3380827304215031,-0.2604868101931209,0.30341290060150383,0.3786103782191796,-0.17693724140439765,-0.25863176060028004,-0.23285224363638365,-0.2814903544692149,0.4244998914572508,-0.22485900870406061,97.97247697381904
-0.3066894623965044,-0.3432449707289948,0.22946403933765808,0.3786103782191796,-0.2368174850681743,-0.25395146029050436,-0.23057318714418545,-0.28142175195327734,-0.3723382708669095,-0.050965634504033304,95.8605802407642
-0.4513296154220708,-0.36180990441775557,-0.3710456504911333,-1.683687874001186,4.628580709868071,2.5976915844060295,-0.22147438719684825,-0.27507265636062495,0.020103340759398753,0.005678221546085815,71.73079813656885
-0.490226144458341,-0.3668023734325918,-0.15722669551029167,0.3786103782191796,-0.226907934991435,-0.2699868849945752,7.021126615034065,2.544510925883555,0.008767280779204748,0.38857603114134814,80.44643759983504
-0.525581185065509,-0.37134028334699504,-0.30736101451481673,-1.683687874001186,1.0019231505527846,0.1714162535901588,-0.1269120181692828,-0.21893024052364782,0.2724462701465056,0.10075105405897981,74.41260907035742
-0.04322114897875989,-0.16428513314394083,-0.17964341395362335,0.3786103782191796,-0.23730015285005396,0.07778565737550526,-0.23506178683861473,0.0963709581674801,-0.3774078650280341,-0.3994057494620618,77.37517774075513
2.9191856630741198,3.339807458731974,2.190540161314258,-0.30882237252094225,-0.22294112167216948,2.2444846478058595,-0.23506178683861473,-0.10715790999816821,-0.3760704608340948,-0.3994057494620618,135.9694165770473
-0.4652158616167565,-0.44446237697638624,-0.05799478554500644,0.3786103782191796,-0.23730015285005396,-0.27630515380155485,-0.23506178683861473,-0.2853805206670858,-0.3774078650280341,-0.3994057494620618,85.29605194211486
-0.5695416605042616,-0.37698272283821,-0.1540826838762106,-1.683687874001186,-0.20863934419782518,-0.1730543956541984,-0.22091452855862248,-0.27418754939029333,-0.3122346169387954,-0.010983324569783303,80.68254623791361
-0.07045157715372649,-0.312923233766161,0.741412871000985,0.3786103782191796,1.0019231505527846,0.1714162535901588,-0.21579782890836932,-0.27522465801358464,0.2724462701465056,0.18351042276018412,116.2769758380269
-0.4039061137074197,-0.35572297664420904,0.25297755090025836,-1.683687874001186,-0.22240155316889226,-0.2756890372108634,0.7627780863481606,0.02520055589806391,5.300086643799319,0.587926369467768,96.94644725111236
-0.3584298297477507,-0.34988597925128406,0.10400745521337018,0.3786103782191796,0.2578035428978294,-0.0860617384953533,-0.16003583222273957,-0.18371428234236833,0.23361956891045865,-0.17262187153000788,90.84896883789456
-0.44754058854578693,-0.36132357312432345,-0.23622115404645613,-1.683687874001186,0.07024302216796093,-0.25458670245163856,-0.20461350306478088,-0.25109271417202034,2.947284106696478,-0.12650764571894124,77.18766462319338
-0.39672313970877005,-0.25503090296606684,-0.35819619815633397,1.0660431289593015,-0.23730015285005396,-0.27630515380155485,-0.23506178683861473,-0.2853805206670858,-0.3774078650280341,-0.3994057494620618,71.11084367491371
4.705324263329797,3.8216709504330453,2.088501372208563,-0.9962551232610641,-0.23730015285005396,-0.27630515380155485,-0.23506178683861473,-0.03995165703204578,-0.3774078650280341,-0.3994057494620618,126.6887542390889
0.582836799132163,-0.22907199929434763,0.8098455030971743,0.3786103782191796,-0.22104991394820073,-0.25881891796818407,-0.20125886673733623,-0.27458705815957674,-0.15921648246848444,0.5630279775157865,118.15372178367224
-0.05604414338777499,-0.16757686142153236,-0.07880247592719,-1.683687874001186,-0.23730015285005396,-0.19411028259949084,-0.23506178683861473,0.40810079058774107,-0.3774078650280341,-0.3994057494620618,81.49564324660955
-0.44936552826069287,0.2171918332933173,-0.5146702858916454,1.0660431289593015,-0.23730015285005396,-0.27630515380155485,-0.23506178683861473,-0.12335617464365972,-0.3774078650280341,-0.3994057494620618,59.72785170900613
-0.4359215606847473,-0.2229871591032484,-0.11934412308507861,-1.683687874001186,-0.18895550680141568,-0.2632983997883108,0.25930725521357073,-0.12710779066228417,0.495269342950619,0.5604867002436392,80.44504717798961
1.0986558001616011,-0.4221593848869878,0.8174332613921659,-0.9962551232610641,-0.23730015285005396,1.2026137334883948,-0.23506178683861473,0.0058680978773859626,-0.3774078650280341,-0.3994057494620618,120.52350405033036
-0.5785560291780681,-0.37813974011988893,-0.2179217783802258,1.0660431289593015,-0.20976747512578145,-0.27351282051691345,0.035582642769349554,-0.1382213982441685,1.9376154729748931,0.1657775309123723,78.10863088399721
-0.14947827859344992,-0.3230665130781694,-0.18183319376418947,0.3786103782191796,-0.22122880529810318,-0.1730543956541984,-0.22934980411965847,-0.2189840464185008,-0.3408624229980788,-0.3729683173980732,78.98242307979415
-0.3843660576719277,-0.3532149604606984,0.0286649355342974,0.3786103782191796,-0.22104991394820073,-0.25881891796818407,0.2175297043446982,-0.07147249538429643,-0.15921648246848444,0.25080883790021175,87.83222131536583
-0.2708094405451542,-0.3386396781287867,0.08505938625640967,1.0660431289593015,-0.21591656524385702,-0.26599100688421506,-0.23261470279646848,-0.2725437793025346,0.10935947618460375,-0.3408227645543132,89.96121471878428
-0.42637623565345445,-0.3586070742836299,-0.11934412308507861,-1.683687874001186,-0.23509690891196963,-0.2754171808881415,-0.22867845710328777,-0.18371428234236833,0.20514727831822152,-0.38011060981461336,81.89361596963664
1.338371756689699,1.37278146367382,1.0952140090262628,-0.30882237252094225,-0.23718155085011863,-0.27630515380155485,-0.23506178683861473,-0.2853805206670858,-0.3774078650280341,-0.3994057494620618,112.605134502919
-0.3671162685081459,-0.3510009058895994,0.0286649355342974,0.3786103782191796,0.2650903650581417,-0.05906326359106374,-0.1977577627915985,-0.26263138832324323,0.16555738622139343,0.1045219690207835,87.80857279478954
-0.4616868477101121,-0.2717074192168171,-0.2974130699150918,0.3786103782191796,-0.23730015285005396,-0.19701600319461426,-0.23506178683861473,-0.2853805206670858,-0.3774078650280341,-0.3994057494620618,73.75143617921924
-0.41197126588646404,-0.4437030347449236,-0.11895944474314347,0.3786103782191796,-0.23730015285005396,-0.27630515380155485,-0.23506178683861473,-0.2853805206670858,-0.3774078650280341,-0.3994057494620618,82.81811798711486
-0.44371100365582045,-0.36083203610607134,-0.2053285440835166,0.3786103782191796,0.2650903650581417,-0.05906326359106374,-0.14783628163281484,-0.1850755714821489,0.16555738622139343,-0.13216755217667134,78.43394757986657
1.2512733553044195,1.551550171847505,0.9843494781817785,-0.9962551232610641,-0.23730015285005396,-0.27630515380155485,-0.22718070963876236,-0.05796318033408292,-0.3774078650280341,-0.3887559995895485,106.2043036436334
-0.3919088328521071,-0.3541830949525398,0.4178540567935496,-1.683687874001186,-0.23720343574296385,-0.1730543956541984,-0.23456024813350868,-0.28387530075857353,-0.37718793515475857,-0.2970100062174223,103.6095390515568
-0.2621146426964577,-0.3375236785801019,0.19382028874011958,0.3786103782191796,-0.22882258072967668,-0.2700360650328565,-0.22538761019014966,-0.279924602928993,-0.059909678449803855,0.14550277478021942,94.35545747628277
-0.4513955414224659,-0.3618183661885716,-0.08150367637968105,-1.683687874001186,-0.22372177697888665,-0.25457030910554473,0.7627780863481606,0.02520055589806391,-0.23072970259083425,0.587926369467768,83.46092257483228
-0.47912747374215925,-0.27618451715957437,-0.23244260483360038,0.3786103782191796,-0.23730015285005396,-0.27630515380155485,-0.23506178683861473,-0.12335617464365972,-0.3774078650280341,-0.3994057494620618,76.43136454930965
-0.4738508241123954,-0.2748299742000122,-0.2684180797183626,-1.683687874001186,-0.23730015285005396,0.07778565737550526,-0.23506178683861473,0.40810079058774107,-0.3774078650280341,-0.3994057494620618,74.9594444947852
-0.5335242670055149,-0.44543655015329037,-0.4989972641597908,1.0660431289593015,-0.23730015285005396,-0.27630515380155485,-0.23506178683861473,0.06327629739077961,-0.3774078650280341,-0.3994057494620618,67.4403978264175
-0.5896291624822537,-0.3795610051090284,-0.45354513188390344,-1.683687874001186,-0.23333482205578762,-0.27203741936847275,-0.1934587505787722,-0.27753965663963437,-0.15925736578249597,1.23116071825217,68.57814905700765
-0.5808050064950052,-0.3784284021123101,-0.4595669754591381,0.3786103782191796,-0.2345930622015301,-0.1730543956541984,0.8813245755701815,0.15547000792662885,-0.37125207603487936,0.3788109732027036,68.32209241378997
3.1573339327561936,3.5605686898491866,2.979043259152424,-0.30882237252094225,-0.22294112167216948,2.2444846478058595,-0.23506178683861473,-0.2853805206670858,-0.3760704608340948,-0.3994057494620618,165.55558153307442
0.6566916505995256,-0.21959254015797278,0.3860216388025597,0.3786103782191796,-0.14047715111713602,-0.17443690117477426,0.09701343871200721,-0.12886320798186285,-0.1542491451950359,0.2526001056190466,100.88235798552388
-0.18085413987217147,-0.3270936851454187,0.5001786632686283,0.3786103782191796,-0.16904519606227253,-0.24045700423097027,-0.22042233885042875,-0.26816263431413023,0.06962723950582328,-0.1381160638873422,106.65536019342574
0.05421679058292556,-0.29692172981512543,-0.10904453810618749,0.3786103782191796,-0.19300477674920766,-0.1730543956541984,-0.22934980411965847,-0.2189840464185008,-0.27668239105917264,-0.3729683173980732,81.65200981548635
-0.490226144458341,-0.3668023734325918,-0.15722669551029167,0.3786103782191796,7.817292830604307,2.5976915844060295,-0.22569968861088963,-0.2791592140747093,0.28060063524408096,0.06304873082524251,80.44643759983504
-0.5230718666619029,-0.37101820591004225,-0.3783914228441749,0.3786103782191796,-0.22959271716854243,-0.2760087074596922,0.11094217213900119,-0.08865406275822625,5.726921932086945,0.1410942498027899,71.53155814180371
-0.43745300345249494,-0.36002880576948254,-0.33289906356915433,-1.683687874001186,-0.04118871031056247,-0.08184455021272709,-0.23323580690426277,-0.2257044026856388,-0.14062761205505012,-0.39000261082981436,73.25718302728387
-0.17392141786161464,-0.3262038525386608,0.47591779068180323,1.0660431289593015,-0.23527325879044492,-0.27249233472257534,0.2175297043446982,-0.07147249538429643,-0.25259509347764375,0.25080883790021175,105.66299015562954
-0.2456158360093134,-0.33540601453119584,0.23914557570690667,-1.683687874001186,-0.20916189896182596,-0.2578257544173356,0.04199643624291464,-0.26399536775776644,-0.019901755818103623,3.5819967685205225,96.169073694601
-0.5904369033884953,-0.44624820376276425,-0.30233028719107446,1.0660431289593015,-0.23730015285005396,-0.27630515380155485,-0.23506178683861473,-0.20681987873961194,-0.3774078650280341,-0.3994057494620618,75.41651418981517
-0.36555857270433106,-0.3508009716479648,-0.06842030738929084,-1.683687874001186,-0.11725057314765833,-0.20881921238213952,-0.14783628163281484,-0.1850755714821489,0.0402508122243208,-0.13216755217667134,83.87328316716417
3.4421371935179796,4.4829094034679,3.3151043410472956,-0.9962551232610641,-0.23730015285005396,4.528559996267715,-0.2343111323450354,-0.2421824579843658,-0.3774078650280341,-0.3940656023585939,169.3186092726664
-0.5772203095530744,-0.3779682970887107,-0.5385541642674625,0.3786103782191796,-0.23512550046552547,-0.1730543956541984,7.021126615034065,2.544510925883555,-0.3724628140671741,0.38857603114134814,65.11721909719114
-0.5385228226115618,-0.29143160712893257,-0.402437183467209,1.0660431289593015,-0.23646690320407973,-0.27630515380155485,-0.23506178683861473,-0.2853805206670858,-0.3774078650280341,-0.3994057494620618,69.70733540136894
-0.19644899600488458,-0.329095324827993,-0.25978614518770426,-1.683687874001186,-0.2350177703155842,-0.2754977815064359,1.3760170801958096,0.035095459961528075,0.2863180396621283,1.145488362564228,75.88875789668967
1.3159790511403913,1.0724058145702733,1.042413053923368,-0.9962551232610641,-0.23730015285005396,0.0028434757077667005,-0.23506178683861473,-0.2853805206670858,-0.3774078650280341,-0.3994057494620618,113.6743821666238
-0.3870906727182369,-0.3535646717725579,0.15456157984103705,1.0660431289593015,-0.23546408093676943,-0.27431746058768336,-0.2274245467419042,-0.279207639380077,-0.16053036043788269,-0.01919366056836804,92.9363291246499
0.7514496376874498,-0.20743011008603549,0.502771859296602,1.0660431289593015,0.13131359221323136,-0.11734843951534216,-0.2270516680419249,-0.279767220686548,0.16705319413760414,0.03912303711032531,105.48227907776555
-0.21551307010746443,-0.33154224751266026,0.10605032588445008,-1.683687874001186,-0.23527325879044492,-0.23321387748186623,-0.22866561018236062,-0.2837327151372131,-0.36636413280861485,0.7934608989332425,90.7357993014207
-0.3613979856741351,-0.19960533540232067,0.0908555818402873,-1.683687874001186,1.5510470922212114,0.04916560732010544,-0.2292765385112027,-0.28461513181280207,0.9126644218657028,1.9234234349514676,88.71099378193942
-0.36204307040948525,-0.24612835172569242,0.2555920087965237,0.3786103782191796,-0.23730015285005396,-0.27630515380155485,-0.23506178683861473,-0.2853805206670858,-0.3774078650280341,-0.3994057494620618,95.88177488714936
-0.5446022962120647,-0.4455945383078163,-0.4421172314418982,1.0660431289593015,-0.23730015285005396,-0.27630515380155485,-0.2282629037303277,-0.2853805206670858,-0.3774078650280341,-0.3994057494620618,69.74643072904811
-0.4039061137074197,-0.35572297664420904,0.25297755090025836,-1.683687874001186,0.8703328902923962,0.03911648616461518,-0.22163999799929515,-0.2847738592026184,0.4470692267519424,6.399537167812967,96.94644725111236
-0.5307747334809635,-0.37200688857331304,-0.1991254529231266,-1.683687874001186,-0.23077944313218104,-0.1730543956541984,-0.22515127772398505,-0.28507248191905243,-0.36258009665214797,9.487673559004065,78.80460918438688
-0.494323515849555,-0.4448774927419324,-0.29745326632587116,0.3786103782191796,-0.23730015285005396,-0.19652010447527726,-0.23506178683861473,-0.2853805206670858,-0.3774078650280341,-0.3994057494620618,75.59945321471034
-0.37606780498218656,-0.4431910012935216,0.2020476969981903,0.3786103782191796,-0.23730015285005396,-0.27630515380155485,-0.23506178683861473,-0.2606782343400798,-0.3774078650280341,-0.3994057494620618,95.81741174974758
-0.34505227066522653,-0.348168935317843,0.10400745521337018,0.3786103782191796,0.07024302216796093,-0.25458670245163856,-0.16003583222273957,-0.18371428234236833,2.947284106696478,-0.17262187153000788,90.8306289336662
-0.5242756794461199,-0.3711727183607358,-0.23308933548407457,0.3786103782191796,-0.14361692727613823,-0.2701658456894323,-0.22212608224011754,-0.2804492104038096,3.205342764603683,0.4067243990561265,77.41974166873227
-0.45727175833515515,0.2098628315455224,-0.03893530707185631,0.3786103782191796,-0.23730015285005396,0.5847621803353796,-0.23323580690426277,-0.2853805206670858,-0.3774078650280341,-0.3994057494620618,79.07928899581387
-0.4977485322517463,-0.3677678911511815,-0.3816225749568958,0.3786103782191796,-0.22412354125366757,-0.27082021342100926,-0.234922696660062,-0.27775622536641764,0.18662707600640646,-0.39379947754841904,71.36593957332316
0.701059077545177,1.096434417091598,0.3471574449515944,-0.9962551232610641,-0.23730015285005396,-0.27630515380155485,-0.23506178683861473,0.2243684562858777,-0.3774078650280341,-0.3994057494620618,85.25127204230607
-0.48352472818256165,-0.27731331487433136,-0.22735735788400002,1.0660431289593015,-0.23730015285005396,-0.27630515380155485,-0.23506178683861473,-0.2853805206670858,-0.3774078650280341,-0.3994057494620618,76.64943679092721
-0.43068895936964136,-0.3591606234062916,0.007488311616049165,1.0660431289593015,7.817292830604307,2.5976915844060295,-0.2314895160388301,-0.27224515658610055,0.28060063524408096,-0.31583011910423453,87.0378120840198
-0.4892595857318993,-0.27878548215140997,-0.23244260483360038,0.3786103782191796,-0.23730015285005396,-0.27630515380155485,-0.23323580690426277,-0.2162547424020831,-0.3774078650280341,-0.391288042515419,76.45914569568723
-0.03656242572354084,-0.30857347447796,-0.28184672423566426,-1.683687874001186,-0.21190351126390242,-0.1730543956541984,0.04199643624291464,-0.26399536775776644,-0.31965716989546616,3.5819967685205225,74.77583559588612
-0.30200161655187696,-0.34264327372143377,0.19382028874011958,0.3786103782191796,-0.23527325879044492,-0.2741193743223835,-0.1977577627915985,-0.26263138832324323,-0.1596875866548219,0.1045219690207835,94.41014034301172
-0.4523813068610308,-0.36194489170459754,-0.32162211392989704,-1.683687874001186,-0.23519532033334456,-0.27452920797472813,0.035582642769349554,-0.1382213982441685,-0.09914067289005127,0.1657775309123723,73.73450496996367
-0.4817833868033126,-0.3657187238875849,-0.3183224924075798,-1.683687874001186,-0.11725057314765833,-0.20881921238213952,-0.23261470279646848,-0.2725437793025346,0.0402508122243208,-0.3408227645543132,73.90848913485685
-0.44452000970890015,-0.4441672252496394,-0.26977752697682017,1.0660431289593015,-0.23730015285005396,-0.27630515380155485,-0.23506178683861473,-0.2373210953843985,-0.3774078650280341,-0.3994057494620618,76.71307681105446
-0.10477876521525806,-0.3173292161766698,0.667916852311156,-1.683687874001186,-0.21076161403238222,-0.2592150904987839,-0.23323580690426277,-0.28425597746465836,-0.012815548991977786,0.0995904733621317,113.34653801145932
0.48183321846719285,-0.24203606728064966,0.5796348722468918,-1.683687874001186,-0.21076161403238222,-0.2592150904987839,4.14849283267825,2.544510925883555,-0.012815548991977786,0.07662394865985454,108.96581196652764
-0.4067857299999514,-0.2576140213821532,-0.03303797810419061,0.3786103782191796,-0.23730015285005396,-0.27630515380155485,-0.23415328057403956,-0.2853805206670858,-0.3774078650280341,-0.3994057494620618,84.3113670952709
-0.5647900447291869,-0.2981745374508531,-0.5633747386661087,1.0660431289593015,-0.23730015285005396,-0.27630515380155485,-0.23506178683861473,-0.2373210953843985,-0.3774078650280341,-0.3994057494620618,63.25939410361314
-0.4270285007066952,-0.2628104442009408,-0.3479540702010942,0.3786103782191796,-0.23730015285005396,-0.27630515380155485,-0.23506178683861473,-0.2853805206670858,-0.3774078650280341,-0.3994057494620618,71.60887063533255
-0.4485057755654084,-0.26832377055225937,-0.10432023882522068,0.3786103782191796,-0.22534831869228542,-0.27630515380155485,-0.23506178683861473,-0.2853805206670858,-0.3774078650280341,-0.3994057494620618,81.53794498225521
-0.39021100094453237,-0.35396517388346277,0.23373243558875959,-1.683687874001186,-0.23095967581422563,-0.2755742837882069,-0.22147438719684825,-0.27507265636062495,1.6594276816365374,0.005678221546085815,96.14800660162804
2.268203758128105,-0.4054799990446501,1.4504211531052613,-1.683687874001186,-0.23730015285005396,0.2911327617765479,-0.23506178683861473,0.607248513764985,-0.3774078650280341,-0.3994057494620618,145.98919507346253
-0.5517061102244701,-0.37469348432925764,-0.37323538413793983,0.3786103782191796,0.13131359221323136,-0.11734843951534216,0.2109651821454038,-0.0980566428837856,0.16705319413760414,0.33231501887645315,71.7796975205546
-0.5768430629950974,-0.37791987652784537,-0.4810111419939956,0.3786103782191796,-0.22333356721838404,-0.2732491608672384,-0.22929689006910708,-0.28201630709140285,0.6956226633180564,0.12719973524403946,67.44790661318315
-0.4991201130204408,-0.4449458989106564,-0.3501880848546847,1.0660431289593015,-0.23730015285005396,-0.19652010447527726,-0.2282629037303277,-0.2853805206670858,-0.3774078650280341,-0.3994057494620618,73.46377093701703
-0.5000274175263489,-0.2815496396699706,-0.24635129333967365,0.3786103782191796,-0.23730015285005396,-0.2512178698293657,-0.23506178683861473,-0.20278981721512326,-0.3774078650280341,-0.3994057494620618,75.92519586275753
0.10794128673371081,-0.2900260532852125,-0.004356478645729098,0.3786103782191796,0.07024302216796093,-0.25458670245163856,-0.14783628163281484,-0.1850755714821489,2.947284106696478,-0.13216755217667134,85.81951875311732
-0.36873043362871016,-0.35120808811251014,0.25297755090025836,-1.683687874001186,-0.20863934419782518,-0.1730543956541984,-0.2314895160388301,-0.28117828027906755,-0.3122346169387954,-0.13816502268735537,96.89822331131646
-0.1665290133165043,-0.3252550185025394,0.7144547706682186,1.0660431289593015,-0.09111824617976509,-0.04859201377365851,7.021126615034065,2.544510925883555,-0.22668480401773147,0.38857603114134814,115.31655600007556
1.2970483030061943,0.8141089303064825,0.9235422893370051,-0.9962551232610641,-0.23730015285005396,-0.12881421899577034,-0.23506178683861473,2.0565762038513635,-0.3774078650280341,-0.3994057494620618,111.61753754004458
0.3897227384922752,-0.2538586830412401,0.5244360246779671,0.3786103782191796,-0.19589153530834783,-0.25320146470671373,-0.21733710627074335,-0.18371428234236833,0.04339973540979095,-0.34582866650631566,106.85585380572492
-0.5460556824491838,0.1275609596192812,-0.47459449425626343,0.3786103782191796,-0.23730015285005396,-0.24679166638404373,-0.23323580690426277,-0.2853805206670858,-0.3774078650280341,-0.3994057494620618,62.30877295800666
-0.20555576853352062,-0.3302642023808456,0.37921116645092207,0.3786103782191796,0.2650903650581417,-0.05906326359106374,-0.20125886673733623,-0.27458705815957674,0.16555738622139343,0.5630279775157865,101.7885437580674
-0.488952079570388,-0.36663884394465046,-0.02261245823017096,1.0660431289593015,-0.23560237934026546,-0.27599641245012185,-0.23262303421548558,-0.18371428234236833,0.9136898948814154,-0.39203403683245447,85.89823386337794
1.2747172775781734,1.570942068443702,0.9100483624236968,-0.9962551232610641,-0.23730015285005396,-0.2207685955723344,-0.23506178683861473,-0.2853805206670858,-0.3774078650280341,-0.3994057494620618,102.98706208470236
2.228905991352867,2.0204947654103087,1.4484846729958274,-0.9962551232610641,-0.2297531828505978,-0.11017908282366014,-0.23506178683861473,-0.2853805206670858,-0.36674168265109364,-0.3994057494620618,119.9986839991667
1.3037238368362098,1.347580951786601,1.0647263546885026,-0.9962551232610641,-0.23730015285005396,-0.27630515380155485,-0.23506178683861473,0.5866247142678354,-0.3774078650280341,-0.3994057494620618,111.63917609572896
-0.5050037605574716,0.16561570941293105,-0.3094857575644511,1.0660431289593015,-0.23730015285005396,0.5847621803353796,-0.23506178683861473,-0.2197037002621595,-0.3774078650280341,-0.3994057494620618,68.59125431474911
-0.29686756395400304,-0.4420614953421692,0.2591958816927001,0.3786103782191796,-0.23730015285005396,-0.20960472688246673,-0.23506178683861473,-0.2853805206670858,-0.3774078650280341,-0.3994057494620618,98.12055628376037
-0.28282207921929337,-0.3401815310357939,0.3298416519910847,1.0660431289593015,-0.23527325879044492,-0.27249233472257534,-0.23323580690426277,-0.28322828487296636,-0.25259509347764375,-0.1386802230364207,99.8943951999236
-0.4444381530633638,-0.26727959104274207,-0.05938219144504962,0.3786103782191796,-0.23730015285005396,-0.27630515380155485,-0.23506178683861473,-0.2564504361520064,-0.3774078650280341,-0.3994057494620618,83.34733919098662
-0.4774073284503918,-0.36515704560226286,0.25297755090025836,-1.683687874001186,0.8703328902923962,0.03911648616461518,-0.21598398206457592,-0.2591891562000234,0.4470692267519424,-0.17556060496533163,97.04721340962756
-0.5742927401701474,-0.3775925360685071,-0.1991254529231266,-1.683687874001186,-0.2262991819881955,-0.2759923141135984,-0.22848486290872236,-0.27977394642340464,7.878851845511654,-0.03890792901211191,78.86426999918622
1.2747172775781734,1.570942068443702,0.9100483624236968,-0.9962551232610641,-0.23730015285005396,-0.27630515380155485,-0.23506178683861473,-0.23069624458062457,-0.3774078650280341,-0.3994057494620618,102.98706208470236
-0.4181089673562666,-0.35754594924667454,-0.09880505031240584,0.3786103782191796,-0.21733082349665728,-0.26678471805758913,-0.23323580690426277,-0.25895510055741294,0.11506332505940804,-0.37817078676004984,82.71436868643723
-0.47937808622647765,-0.36540999740481783,0.007488311616049165,1.0660431289593015,-0.206213439124148,-0.27390899304751326,7.021126615034065,2.544510925883555,2.6686141546683086,0.38857603114134814,87.10456222266689
-0.5647900447291869,-0.2981745374508531,-0.5633747386661087,0.3786103782191796,-0.23730015285005396,-0.27630515380155485,-0.23506178683861473,-0.2373210953843985,-0.3774078650280341,-0.3994057494620618,63.25939410361314
-0.39698425936782944,-0.44348929911942553,-0.06477014213172563,1.0660431289593015,-0.23730015285005396,-0.24281081550760292,-0.23506178683861473,-0.16110235503040088,-0.3774078650280341,-0.3994057494620618,85.01117259723874
-0.07045157715372649,-0.312923233766161,0.741412871000985,1.0660431289593015,-0.21591656524385702,-0.26599100688421506,0.8813245755701815,0.15547000792662885,0.10935947618460375,0.3788109732027036,116.2769758380269
-0.45305311610405474,-0.4442889192537451,-0.06473426671163081,0.3786103782191796,-0.23730015285005396,-0.24692417926496849,-0.22429466793206604,-0.2853805206670858,-0.3774078650280341,-0.3994057494620618,85.02116681206086
-0.3133227492947993,-0.34409637007301785,0.4178540567935496,-1.683687874001186,-0.23674342941464324,-0.27477647427830937,-0.22147438719684825,-0.27507265636062495,-0.29190173899164457,0.005678221546085815,103.50180181509732
-0.3561649889776844,-0.44290715936534164,0.14058989423457796,1.0660431289593015,-0.23730015285005396,-0.24281081550760292,-0.23506178683861473,0.5624725932157012,-0.3774078650280341,-0.3994057494620618,93.32457823843777
-0.165197406430451,-0.3250841033519262,0.38024462764130734,0.3786103782191796,-0.2368174850681743,-0.25395146029050436,-0.23323580690426277,-0.2762200670683649,-0.3723382708669095,-0.33814865074238104,101.77508261469583
2.0328634060969204,3.0670133291552015,1.5462815597817792,-1.683687874001186,-0.23730015285005396,-0.27630515380155485,-0.23506178683861473,-0.24442078321025004,-0.3774078650280341,-0.3994057494620618,112.7827074328074
-0.042823677409238835,-0.30937712215063,0.5001786632686283,0.3786103782191796,-0.22555347191360212,-0.27516854847238575,-0.2270516680419249,-0.279767220686548,2.0490885836043256,0.03912303711032531,106.46612795407972
-0.019349772717656567,-0.1581572287124721,-0.2120096154964761,0.3786103782191796,-0.23730015285005396,-0.11175557627301247,-0.23506178683861473,-0.2853805206670858,-0.3774078650280341,-0.3994057494620618,75.99849322104774
-0.42691931697118307,-0.26278241617736264,-0.09685073174128991,-1.683687874001186,-0.23730015285005396,-0.27630515380155485,-0.23506178683861473,0.06327629739077961,-0.3774078650280341,-0.3994057494620618,81.78136476481167
0.12599994503147444,-0.287708178291353,0.2145281904386813,0.3786103782191796,7.817292830604307,2.5976915844060295,-0.2314895160388301,-0.268352300093487,0.28060063524408096,-0.3349365156802321,94.66229988676383
-0.41031126751599845,-0.44367936085183524,-0.14674449310018547,0.3786103782191796,-0.23730015285005396,-0.27543220812206076,-0.23506178683861473,-0.2373210953843985,-0.3774078650280341,-0.3994057494620618,81.69222672739862
-0.48090541353278443,-0.36560603377210243,-0.37749500405825626,0.3786103782191796,-0.1540190286347518,-0.1730543956541984,-0.21551653221895972,-0.279506262096511,-0.18803074606762718,0.6230998039259255,71.51006629043773
-0.5759309516591948,-0.30103446526566524,-0.5513120018934556,1.0660431289593015,-0.23730015285005396,-0.220110129504234,-0.23506178683861473,-0.2853805206670858,-0.3774078650280341,-0.3994057494620618,63.7786314140444
0.5246153181359812,-0.23654487533427065,0.8098455030971743,0.3786103782191796,-0.21351713383087967,-0.2677669527110418,-0.22042233885042875,-0.26816263431413023,0.2765876643370517,-0.1381160638873422,118.23354026019084
2.2862568491924304,3.3452716231789776,1.3187318654560916,-0.9962551232610641,-0.23730015285005396,-0.27630515380155485,-0.23506178683861473,-0.19523815987250667,-0.3774078650280341,-0.3994057494620618,100.59202564109012
-0.3635075164746233,-0.44301187405305087,-0.18598830463459062,0.3786103782191796,-0.23730015285005396,-0.19652010447527726,-0.23506178683861473,-0.2853805206670858,-0.3774078650280341,-0.3994057494620618,80.09523709140558
2.3836921691771047,2.8434099702019098,1.4810445701853776,-1.683687874001186,-0.23730015285005396,0.06548518335646851,-0.23506178683861473,-0.2853805206670858,-0.3774078650280341,-0.3994057494620618,112.52812986515244
-0.45727175833515515,0.2098628315455224,-0.03893530707185631,0.3786103782191796,-0.23730015285005396,0.5847621803353796,-0.23323580690426277,-0.2853805206670858,-0.3774078650280341,-0.3994057494620618,79.07928899581387
1.1154096302917558,-0.16071491387861403,0.7797828411421127,1.0660431289593015,-0.23730015285005396,2.5976915844060295,1.3274715551472174,0.10978476775432958,-0.3774078650280341,0.815738697462363,116.20568352427787
-0.2648088287130381,-0.337869484248146,0.1278561514393036,-1.683687874001186,0.06312351354327168,-0.12685248191321405,-0.22928073602002047,-0.2788323432634774,0.09455152775547762,-0.12809702947628282,91.68678695829668
2.268203758128105,1.6563480950860814,1.4504211531052613,-1.683687874001186,-0.23730015285005396,0.630235956287365,-0.23506178683861473,0.2733493075179224,-0.3774078650280341,-0.3994057494620618,123.96661950315358
-0.4488506804616322,-0.26841230940393196,-0.05938219144504962,0.3786103782191796,-0.23730015285005396,-0.27630515380155485,-0.23506178683861473,-0.2853805206670858,-0.3774078650280341,-0.3994057494620618,83.35943786001735
-0.3625331491466405,-0.4429979782153429,0.1987230168475908,1.0660431289593015,-0.23730015285005396,-0.19652010447527726,-0.23506178683861473,-0.2853805206670858,-0.3774078650280341,-0.3994057494620618,95.68065935171788
3.6169251293383198,4.669863392973522,3.4770927346152294,-0.9962551232610641,-0.23730015285005396,4.528559996267715,-0.23506178683861473,-0.18688613984395186,-0.3774078650280341,-0.3994057494620618,173.8842716288887
-0.38705264016342494,-0.2525484362506895,-0.11895944474314347,1.0660431289593015,-0.23730015285005396,-0.27630515380155485,-0.23506178683861473,-0.2853805206670858,-0.3774078650280341,-0.3994057494620618,80.77637813356701
-0.5395494399864345,-0.37313314460253344,-0.43954342731268137,0.3786103782191796,-0.23580739136872508,-0.2757764683900303,-0.23323580690426277,-0.28322828487296636,0.28552151828663896,-0.1386802230364207,69.07673484328829
-0.28000918626879717,-0.33982048902908146,0.4005529355936845,0.3786103782191796,-0.15932202055686015,-0.2632697114326467,-0.1235351859239987,-0.19877320716434785,1.0270904754755281,-0.0036736301269580905,102.75522116511893
-0.5505183537472288,-0.4456789095434055,-0.4989972641597908,0.3786103782191796,-0.23730015285005396,-0.27630515380155485,-0.23506178683861473,0.06327629739077961,-0.3774078650280341,-0.3994057494620618,67.4429864893614
0.5544715988437806,-0.2327127453210001,0.7522280016525386,0.3786103782191796,-0.19300477674920766,-0.1730543956541984,7.021126615034065,2.544510925883555,-0.27668239105917264,0.38857603114134814,115.85838689811398
-0.5279468077245572,-0.44535700780127874,-0.4421172314418982,1.0660431289593015,-0.23723908693937296,-0.27630515380155485,-0.2282629037303277,-0.2853805206670858,-0.3774078650280341,-0.3994057494620618,69.74389364385398
1.8742156434325214,-0.4110988193226391,1.388725859103976,-1.683687874001186,-0.23730015285005396,0.2911327617765479,-0.23506178683861473,-0.2853805206670858,-0.3774078650280341,-0.3994057494620618,143.54978710532706
-0.3162304511944887,-0.3444695810509189,0.0286649355342974,0.3786103782191796,-0.22656151831662388,-0.2707642028218555,0.2175297043446982,-0.07147249538429643,0.07762098163842816,0.25080883790021175,87.7388111132781
-0.4805079267319958,-0.3655550153242894,-0.2660531015817998,-1.683687874001186,0.8703328902923962,0.03911648616461518,-0.16700433284643587,-0.2758151777095962,0.4470692267519424,1.7871097209794868,76.02429789561901
-0.4620517799933992,-0.363186121672113,-0.360943898014183,0.3786103782191796,-0.15127833408624627,-0.2013752671433866,-0.1735725437656004,-0.2500825084961555,-0.10786507441492409,0.13593006689463796,72.15474365990526
-0.460784380883216,-0.2714757513646036,-0.05799478554500644,0.3786103782191796,-0.23730015285005396,-0.27630515380155485,-0.23506178683861473,-0.2853805206670858,-0.3774078650280341,-0.3994057494620618,83.44836587845475
-0.4546042153118064,-0.3622302076913522,-0.23622115404645613,1.0660431289593015,0.2578035428978294,-0.0860617384953533,-0.20461350306478088,-0.25109271417202034,0.23361956891045865,-0.12650764571894124,77.19734847041802
-0.16157776547350186,-0.32461951317459836,0.5001786632686283,0.3786103782191796,-0.16904519606227253,-0.24045700423097027,-0.1977577627915985,-0.26263138832324323,0.06962723950582328,0.1045219690207835,106.62893333497112
-0.5830238645136326,-0.4461424834844158,-0.4903576337084296,1.0660431289593015,-0.23730015285005396,-0.27630515380155485,-0.23506178683861473,-0.2629407722186479,-0.3774078650280341,-0.3994057494620618,67.7979499445342
-0.5635512097575446,-0.4458647762558759,-0.289847681995367,1.0660431289593015,-0.23730015285005396,-0.27630515380155485,-0.23506178683861473,-0.20681987873961194,-0.3774078650280341,-0.3994057494620618,75.91811879214312
-0.505482235318723,-0.44503663165219676,-0.2641056020427684,1.0660431289593015,-0.23730015285005396,-0.23185869420478,-0.23506178683861473,-0.2853805206670858,-0.3774078650280341,-0.3994057494620618,76.95214619078625
-0.5299313750900763,-0.37189864136619133,-0.32162211392989704,-1.683687874001186,-0.2341231723732149,-0.2750865817419168,0.035582642769349554,-0.1382213982441685,0.23471345391153844,0.1657775309123723,73.84082188588619
-0.5113980012680046,-0.2844685266975448,-0.22891736853015632,1.0660431289593015,-0.23730015285005396,-0.11175557627301247,-0.23506178683861473,-0.12307772913779551,-0.3774078650280341,-0.3994057494620618,76.66266252490315
0.3453001893141776,-0.25956043087907127,0.5374419933133854,0.3786103782191796,-0.21351713383087967,-0.2677669527110418,-0.23261470279646848,-0.2725437793025346,0.2765876643370517,-0.3408227645543132,107.44365742355322
-0.5295962544862298,-0.44538053121370225,-0.22735735788400002,0.3786103782191796,-0.23730015285005396,-0.27630515380155485,-0.23506178683861473,-0.2853805206670858,-0.3774078650280341,-0.3994057494620618,78.44457819154223
1.3736230493441914,1.6527530587915449,0.2302223549451702,-0.9962551232610641,-0.23730015285005396,-0.27630515380155485,-0.23506178683861473,20.83558813521887,-0.3774078650280341,-0.3994057494620618,74.57186281614227
-0.38695102423807864,-0.252522350922704,-0.11895944474314347,1.0660431289593015,-0.23730015285005396,-0.27630515380155485,-0.23506178683861473,-0.2853805206670858,-0.3774078650280341,-0.3994057494620618,80.77609951377883
0.3284945676238933,-0.2617174754185871,0.46887366886927423,-1.683687874001186,4.628580709868071,2.5976915844060295,-0.22934980411965847,-0.2846608668234271,0.020103340759398753,2.0397562069463073,104.68883109926678
0.09874517433221484,0.7252853569391804,-0.0316061018807592,0.3786103782191796,-0.23730015285005396,0.42798441496746586,-0.23506178683861473,-0.2853805206670858,-0.3774078650280341,-0.3994057494620618,73.87093711610446
-0.021167869971778656,-0.30659754386173005,-0.11595928531292911,0.3786103782191796,-0.23458381406939227,-0.2632683453204722,0.2109651821454038,-0.0980566428837856,-0.32848782272566923,0.33231501887645315,81.47522521921253
-0.5369068874703262,-0.37279396622637434,-0.47586279484498006,0.3786103782191796,-0.08144124073861328,-0.2711876975959449,-0.15756680665722766,-0.21160053249729976,6.773343558559191,-0.07662145714927855,67.60172808218421
-0.4892985593928151,-0.27879548688958783,-0.23244260483360038,0.3786103782191796,-0.23527325879044492,-0.20610201526709465,-0.23506178683861473,-0.2853805206670858,-0.37062912939595055,-0.3994057494620618,76.45925255721617
-0.5751300784765231,-0.4460299070807096,-0.46534200486735355,1.0660431289593015,-0.23730015285005396,-0.27630515380155485,-0.23506178683861473,-0.2631196768190341,-0.3774078650280341,-0.3994057494620618,68.81019013053852
-0.5154763276999516,-0.3700432990518194,-0.4595669754591381,-1.683687874001186,1.0019231505527846,0.1714162535901588,-0.1929485624615568,-0.2688002341681381,0.2724462701465056,0.38114988981155323,68.23253035653595
0.19505307071393851,-0.27884503294422375,0.26213156910149255,0.3786103782191796,-0.2176252106036396,-0.1730543956541984,-0.23261470279646848,-0.2725437793025346,-0.33266802855913913,-0.3408227645543132,96.4961579118524
0.8986090591216698,1.2598400439563782,0.5799452387490377,-0.9962551232610641,-0.23730015285005396,-0.27630515380155485,-0.23506178683861473,-0.2853805206670858,-0.3774078650280341,-0.3994057494620618,92.9367087286752
-0.4875843334431598,-0.44478138259710887,-0.24110482289144483,0.3786103782191796,-0.23730015285005396,-0.27630515380155485,-0.23506178683861473,-0.2853805206670858,-0.3774078650280341,-0.3994057494620618,77.88123612374994
1.2214414616399156,2.1759686231840294,0.9364208433093295,-0.9962551232610641,-0.23730015285005396,-0.27630515380155485,-0.23506178683861473,-0.2853805206670858,-0.3774078650280341,-0.3994057494620618,97.59312971709728
-0.5168896769919538,-0.3702247060493662,-0.5422970746027026,-1.683687874001186,-0.203003348922327,-0.26813307077380294,0.25930725521357073,-0.12710779066228417,0.6079524236364298,0.5604867002436392,64.88287488852865
-0.03656242572354084,-0.30857347447796,-0.28184672423566426,-1.683687874001186,0.07024302216796093,-0.25458670245163856,-0.2121825654425117,-0.18371428234236833,2.947284106696478,-0.33024783499313526,74.77583559588612
-0.5137110841442695,-0.3698167255252416,-0.45231265800813814,1.0660431289593015,-0.2285519140226814,-0.1730543956541984,0.11094217213900119,-0.08865406275822625,-0.3575148066583804,0.1410942498027899,68.52399995844925
2.861706403467058,2.4807502259156786,2.172789789057832,-0.30882237252094225,-0.23646690320407973,-0.27630515380155485,-0.23506178683861473,-0.2853805206670858,-0.3774078650280341,-0.3994057494620618,144.4259761176441
2.4378667834542043,2.8936293337903103,1.554102062616875,-0.30882237252094225,-0.23730015285005396,4.4044787596838555,-0.23506178683861473,0.12256232263454248,-0.3774078650280341,-0.3994057494620618,114.95146501055868
-0.5798103642110174,-0.44609665448605224,-0.44791955363839653,1.0660431289593015,-0.23730015285005396,-0.27630515380155485,-0.23506178683861473,0.06327629739077961,-0.3774078650280341,-0.3994057494620618,69.51672800493135
-0.57734153866978,0.09855926187427849,-0.3963997032993332,0.3786103782191796,-0.236291682868461,-0.27630515380155485,-0.23502979673353377,-0.2853805206670858,-0.3774078650280341,-0.3994057494620618,65.78639973070302
-0.07874002723781975,0.5607582257700359,0.7690265126341208,0.3786103782191796,-0.23730015285005396,0.5847621803353796,-0.23506178683861473,-0.2853805206670858,-0.3774078650280341,-0.3994057494620618,108.06379808893756
0.28833088151795677,-0.26687258728521457,0.30341290060150383,0.3786103782191796,-0.23535472706897193,-0.1730543956541984,-0.1806822969208768,-0.2679783491242587,-0.3729840639201124,0.5608990210289683,98.04068404645818
-0.45727175833515515,0.2098628315455224,-0.03893530707185631,0.3786103782191796,-0.23730015285005396,0.5847621803353796,-0.23323580690426277,-0.2853805206670858,-0.3774078650280341,-0.3994057494620618,79.07928899581387
-0.5720687053999011,-0.3000430068885329,-0.43356206860566704,1.0660431289593015,-0.23730015285005396,-0.27630515380155485,-0.23506178683861473,-0.20278981721512326,-0.3774078650280341,-0.3994057494620618,68.53837142586262
-0.2897017534778228,-0.3410645548278615,0.39159892119053585,-1.683687874001186,-0.23196631028867673,-0.16013370670794677,-0.22515127772398505,-0.28507248191905243,-0.3666279591554375,9.487673559004065,102.40576072545642
2.467410094562311,0.480206753490503,1.9555307561042774,0.3786103782191796,-0.23730015285005396,0.07778565737550526,-0.23506178683861473,2.544510925883555,-0.3774078650280341,-0.3994057494620618,156.9922848216569
2.5182461931352598,2.599540605125443,2.048852279471849,-0.9962551232610641,-0.23730015285005396,-0.27630515380155485,-0.23506178683861473,2.0565762038513635,-0.3774078650280341,-0.3994057494620618,138.13616184491116
-0.29144674693340716,-0.34128852920228375,0.29012424603974646,1.0660431289593015,-0.23546408093676943,-0.27431746058768336,0.2175297043446982,-0.07147249538429643,-0.16053036043788269,0.25080883790021175,98.29717256481332
-0.12239371537240981,-0.31959014009549713,0.5001786632686283,0.3786103782191796,-0.16904519606227253,-0.24045700423097027,-0.23285224363638365,-0.2814903544692149,0.06962723950582328,-0.22485900870406061,106.57521413838968
-0.5219781501791915,-0.4452718864161472,-0.3501880848546847,1.0660431289593015,-0.23730015285005396,-0.27630515380155485,-0.23506178683861473,-0.2853805206670858,-0.3774078650280341,-0.3994057494620618,73.4672528395554
1.2214414616399156,3.2691799550601974,0.9364208433093295,-0.9962551232610641,-0.23730015285005396,-0.27630515380155485,-0.23506178683861473,-0.2853805206670858,-0.3774078650280341,-0.3994057494620618,85.91643890126514
-0.4119790566338066,-0.25894717490231794,-0.11895944474314347,1.0660431289593015,-0.23730015285005396,-0.27630515380155485,-0.23506178683861473,-0.2853805206670858,-0.3774078650280341,-0.3994057494620618,80.84472364981605
-0.5395989590314735,-0.37313950049865396,-0.20567208731460587,0.3786103782191796,-0.22414090797508668,-0.2747751081661349,-0.22212608224011754,-0.2804492104038096,1.641891736868955,0.4067243990561265,78.55148698596106
-0.3737666964807378,0.28727124725272146,0.14058989423457796,0.3786103782191796,-0.23730015285005396,0.5847621803353796,-0.23506178683861473,-0.2853805206670858,-0.3774078650280341,-0.3994057494620618,85.52547549785085
-0.3724279016148101,-0.24879419103328426,-0.03303797810419061,1.0660431289593015,-0.23730015285005396,-0.27630515380155485,-0.23506178683861473,-0.2564504361520064,-0.3774078650280341,-0.3994057494620618,84.21716167585296
-0.022847149090670215,-0.30681308363291404,0.5001786632686283,0.3786103782191796,-0.22555347191360212,-0.27516854847238575,-0.23285224363638365,-0.2814903544692149,2.0490885836043256,-0.22485900870406061,106.43874122276962
-0.40755241033720163,0.25595220472898633,-0.420229559067662,1.0660431289593015,-0.23730015285005396,-0.27630515380155485,-0.23506178683861473,-0.12335617464365972,-0.3774078650280341,-0.3994057494620618,63.13986708990727
-0.36821186667846884,-0.351141528717743,0.12498248513762435,-1.683687874001186,0.8703328902923962,0.03911648616461518,0.11094217213900119,-0.08865406275822625,0.4470692267519424,0.1410942498027899,91.7121278293604
-0.5795194707200968,-0.37826340030668093,-0.5470312688537023,1.0660431289593015,-0.22294112167216948,-0.27380653463442706,0.11094217213900119,-0.08865406275822625,0.9718633232597608,0.1410942498027899,64.77694345192464
-0.3622255498073676,-0.24617519512084082,0.2555920087965237,1.0660431289593015,-0.23730015285005396,-0.27630515380155485,-0.23506178683861473,-0.2853805206670858,-0.3774078650280341,-0.3994057494620618,95.88227522576274
-0.4927160008056349,-0.4448545673343146,-0.4225732518408768,1.0660431289593015,-0.23730015285005396,-0.19652010447527726,-0.23506178683861473,-0.2853805206670858,-0.3774078650280341,-0.3994057494620618,70.5303001306993
-0.5440413629573871,0.12942821505416655,-0.350053032074865,0.3786103782191796,-0.23730015285005396,-0.27630515380155485,-0.2282629037303277,-0.2853805206670858,-0.3774078650280341,-0.3994057494620618,67.3342994902512
-0.4242316724085773,-0.358331814104491,-0.011770907482233244,-1.683687874001186,-0.23646690320407973,-0.2731344074445819,-0.22518593897104094,-0.2659673538041284,-0.31570748896279255,-0.24307104178271466,86.24872272119282
0.4861894386952203,1.0844425866106993,0.6335839985269408,0.3786103782191796,1.4971600617613097,0.12501898580822354,-0.23506178683861473,-0.2853805206670858,0.637305158568072,-0.3994057494620618,96.9831788482244
-0.19202779642683174,-0.3285278525509357,0.6693261559647833,0.3786103782191796,1.0019231505527846,0.1714162535901588,0.2109651821454038,-0.0980566428837856,0.2724462701465056,0.33231501887645315,113.52324591998288
2.4378457020761664,4.02684026209082,1.5448600135939712,-0.9962551232610641,-0.23730015285005396,-0.22218115556074886,-0.23506178683861473,-0.1340648928667753,-0.3774078650280341,-0.3994057494620618,102.47311743672056
1.987799315031923,4.460477181037893,1.4934807553094103,-1.683687874001186,-0.23730015285005396,-0.27630515380155485,-0.23506178683861473,2.0565762038513635,-0.3774078650280341,-0.3994057494620618,95.75990564848628
-0.4246342046813132,-0.35838348015153676,-0.21330421877511396,0.3786103782191796,-0.21632948375434613,-0.26436533339658136,1.315022825170201,-0.1722603524755389,0.03496365964860124,3.8116672006458017,78.0846807762514
0.21156511525818716,-0.2767256697824906,0.14252692379269835,0.3786103782191796,-0.23484749172996278,-0.2723543573929526,0.2109651821454038,-0.0980566428837856,-0.23165165347501154,0.33231501887645315,91.62805213349829
-0.5335929042027563,-0.4454375290154978,-0.4705795756694098,0.3786103782191796,-0.23730015285005396,-0.21068668772465654,-0.23506178683861473,-0.12335617464365972,-0.3774078650280341,-0.3994057494620618,68.59167643497985
1.993586362476694,-0.04799868357191437,1.4444291281965174,-0.9962551232610641,1.442794458112383,2.5976915844060295,-0.19842942780106146,-0.2163879119918442,-0.24015492902672483,-0.23623597136017915,141.92815307180524
-0.5151800866621044,-0.247854576976506,-0.11934412308507861,-1.683687874001186,-0.18895550680141568,-0.2632983997883108,-0.2330769375553717,-0.28450617487572477,0.495269342950619,0.29821873253752196,80.71065835620142
-0.5758388443285857,-0.30101082084260244,-0.5513120018934556,1.0660431289593015,-0.23730015285005396,-0.220110129504234,-0.23506178683861473,-0.2853805206670858,-0.3774078650280341,-0.3994057494620618,63.77837886578627
-0.5742086771324489,-0.3775817463625514,-0.5285354671892096,1.0660431289593015,-0.23095967581422563,-0.2088738568691188,-0.23340911313954224,-0.28262296855587027,-0.3553311426320546,-0.21522646154547787,65.51897156179406
0.9287398476488626,0.3851074347895866,0.6750101283489018,-0.9962551232610641,-0.23730015285005396,-0.23470703808857515,-0.23506178683861473,0.28460819101590973,-0.3774078650280341,-0.3994057494620618,106.13111299925076
0.6966463909919235,1.0927844151698671,0.35149094942925807,-0.9962551232610641,-0.23730015285005396,-0.27630515380155485,-0.23506178683861473,-0.17927933145911096,-0.3774078650280341,-0.3994057494620618,85.46581862243495
-0.15908662360979237,-0.32429976874304417,0.7511293437170757,-1.683687874001186,-0.2262991819881955,-0.2759923141135984,0.035582642769349554,-0.1382213982441685,7.878851845511654,0.1657775309123723,116.79212707551484
3.8856829492042912,0.19485675408182973,3.6485254828346516,-0.9962551232610641,17.907687025055715,2.5976915844060295,-0.23506178683861473,4.323570555660632,1.1049210155146092,-0.3994057494620618,228.62737764777427
-0.1319378108645046,-0.3208151491695585,0.6684087101522348,0.3786103782191796,-0.15127833408624627,-0.2013752671433866,0.2109651821454038,-0.0980566428837856,-0.10786507441492409,0.33231501887645315,113.4036979135207
0.028905221660908503,-0.3001705344434826,0.001286451465444903,0.3786103782191796,1.0019231505527846,0.1714162535901588,-0.21733710627074335,-0.18371428234236833,0.2724462701465056,-0.34582866650631566,86.15648141042092
-0.41031126751599845,-0.44367936085183524,-0.14674449310018547,1.0660431289593015,-0.23730015285005396,-0.27543220812206076,-0.23506178683861473,-0.2373210953843985,-0.3774078650280341,-0.3994057494620618,81.69222672739862
-0.5109895943565743,-0.3694674153483209,-0.3229537963367296,-1.683687874001186,-0.23674342941464324,-0.27477647427830937,-0.22918743684675258,-0.18371428234236833,-0.29190173899164457,-0.3816491227279485,73.7609041153507
-0.5784703086523059,-0.3016863311991984,-0.5633747386661087,0.3786103782191796,-0.23646690320407973,-0.27630515380155485,-0.23506178683861473,-0.2373210953843985,-0.3774078650280341,-0.3994057494620618,63.29690389573908
-0.17685457712513908,-0.3265803310343402,0.39126584464068914,-1.683687874001186,4.628580709868071,2.5976915844060295,-0.20971271309495995,-0.2671847121751772,0.020103340759398753,0.028716836181344827,102.23755967523913
0.05051318611655365,-0.2973970969237003,-0.16028161520550593,0.3786103782191796,-0.22412354125366757,-0.27082021342100926,-0.22042233885042875,-0.26816263431413023,0.18662707600640646,-0.1381160638873422,79.5813513927747
2.2862568491924304,4.924427058949151,1.3187318654560916,-0.9962551232610641,-0.23730015285005396,-0.18475787865298646,-0.23506178683861473,-0.2853805206670858,-0.3774078650280341,-0.3994057494620618,83.7249211426548
2.784537854040984,2.4246231350151435,2.2765281222500993,-0.9962551232610641,0.6191368900757989,0.21240371716114498,1.2784948950641446,2.544510925883555,0.034044342129171117,-0.2350418957145317,149.22816136247792
-0.20721614548290934,-0.2063834878774281,0.36016945584462934,0.3786103782191796,-0.23730015285005396,-0.11175557627301247,1.3274715551472174,0.10978476775432958,-0.3774078650280341,0.815738697462363,99.69393746084891
0.40297951830378415,-0.2521571414362359,0.5374419933133854,0.3786103782191796,-0.23458381406939227,-0.2632683453204722,-0.20125886673733623,-0.27458705815957674,-0.32848782272566923,0.5630279775157865,107.3645822078804
1.9873976271454759,1.8448382056858927,1.5494832035182395,-0.9962551232610641,-0.22172001524783533,-0.2607164477785397,1.2784948950641446,2.544510925883555,-0.14274984746319846,-0.2350418957145317,125.96657857484917
-0.45164589924053034,-0.44426885037767144,-0.10432023882522068,0.3786103782191796,-0.23730015285005396,-0.27630515380155485,-0.22429466793206604,-0.2853805206670858,-0.3774078650280341,-0.3994057494620618,83.41723056756138
-0.5289192851154709,-0.28896632991423066,-0.4225732518408768,0.3786103782191796,-0.23730015285005396,-0.19701600319461426,-0.23323580690426277,-0.2853805206670858,-0.3774078650280341,-0.3994057494620618,68.86524352443871
-0.29991212044462606,-0.3423750815502932,0.29012424603974646,1.0660431289593015,-0.23546408093676943,-0.27431746058768336,-0.2321333884520299,-0.07147249538429643,-0.16053036043788269,-0.395198672250806,98.30877813040982
-0.23917464586498963,-0.334579271297006,0.39126584464068914,-1.683687874001186,4.628580709868071,2.5976915844060295,-0.22918743684675258,-0.18371428234236833,0.020103340759398753,-0.3816491227279485,102.32299709212094
-0.5877334855172535,-0.44620964925163004,-0.5029581071250692,1.0660431289593015,-0.23730015285005396,-0.27543220812206076,-0.23506178683861473,-0.2853805206670858,-0.3774078650280341,-0.3994057494620618,67.28819219948359
-0.3990195050514502,-0.35509576792129677,0.22946403933765808,0.3786103782191796,-0.2368174850681743,-0.25395146029050436,-0.2341352185663994,-0.28318120471497,-0.3723382708669095,-0.26993632935802886,95.9871596958986
2.2180223230052736,-0.019191753840238107,1.3234207196426409,-0.9962551232610641,1.442794458112383,2.5976915844060295,0.6885552550860871,0.407126903890902,-0.24015492902672483,0.010463093554010148,136.7181251515887
2.9191856630741198,3.339807458731974,2.190540161314258,-0.9962551232610641,-0.22294112167216948,2.2444846478058595,-0.23506178683861473,-0.10715790999816821,-0.3760704608340948,-0.3994057494620618,135.9694165770473
-0.1783967718818856,-0.3267782756769257,0.5839995519153597,1.0660431289593015,0.012366799320948673,-0.22395027082670316,-0.2274245467419042,-0.279207639380077,0.7422311972368435,-0.01919366056836804,110.04777484596764
-0.35820122124018944,-0.24514212938593052,0.12659765130510095,0.3786103782191796,-0.22534831869228542,-0.27630515380155485,-0.23506178683861473,-0.22076905698024862,-0.3774078650280341,-0.3994057494620618,90.6453727158802
-0.47394938984001217,0.19440282224943764,-0.4046975601847222,0.3786103782191796,-0.23730015285005396,-0.24679166638404373,-0.23506178683861473,-0.12335617464365972,-0.3774078650280341,-0.3994057494620618,64.42651992514355
-0.39110307287732876,-0.35407967359831755,-0.22263693963412162,-1.683687874001186,-0.23196631028867673,-0.16013370670794677,-0.22928073602002047,-0.2788323432634774,-0.3666279591554375,-0.12809702947628282,77.66062070227562
-0.284972996983136,-0.3404576068336995,0.209409326642432,0.3786103782191796,0.2578035428978294,-0.0860617384953533,-0.2314895160388301,-0.2738700946106607,0.23361956891045865,-0.3040316662034217,95.0183440384063
-0.21601269279122784,-0.33160637536235793,0.175486533643511,0.3786103782191796,-0.19589153530834783,-0.25320146470671373,-0.1929485624615568,-0.2688002341681381,0.04339973540979095,0.38114988981155323,93.54951018973404
0.9287398476488626,0.3851074347895866,0.6750101283489018,-0.9962551232610641,-0.23730015285005396,0.302567120676963,-0.23506178683861473,-0.24442078321025004,-0.3774078650280341,-0.3994057494620618,106.13111299925076
-0.333351470064126,-0.34666710762531794,0.0286649355342974,0.3786103782191796,-0.23333482205578762,-0.1730543956541984,-0.23330919970995542,-0.18371428234236833,-0.36839090075649317,-0.39410813602300454,87.762283096801
-0.5172259095815092,-0.28596458058190793,-0.3853236962149684,1.0660431289593015,-0.23527325879044492,-0.2457561533557863,-0.23506178683861473,-0.2373210953843985,-0.3618299898202199,-0.3994057494620618,70.34224966146718
-0.5127529937851075,-0.3696937521764611,-0.16803303143916726,0.3786103782191796,-0.22333356721838404,-0.2732491608672384,-0.21250011334443847,-0.276506583458457,0.6956226633180564,0.3819204021948199,80.03953031047784
3.0285987845283966,2.961748891024746,2.3108003905284398,-0.9962551232610641,-0.2297531828505978,0.5713988710445957,-0.23506178683861473,-0.20617555314874744,-0.37531759422751926,-0.3994057494620618,144.8795228504848
-0.5758159787494662,-0.30100495113144365,-0.5513120018934556,0.3786103782191796,-0.23730015285005396,-0.220110129504234,-0.23506178683861473,-0.2853805206670858,-0.3774078650280341,-0.3994057494620618,63.77831617086135
-0.4249243524283845,-0.3584207213571885,0.1278561514393036,-1.683687874001186,-0.23527325879044492,-0.275795593960473,0.035582642769349554,-0.1382213982441685,0.5565129001117499,0.1657775309123723,91.90629661265903
-0.37083203650290586,-0.44311633192912986,0.009545160842544453,0.3786103782191796,-0.23730015285005396,-0.20960472688246673,-0.23506178683861473,-0.24161615094103814,-0.3774078650280341,-0.3994057494620618,88.01787858548784
0.07184898525219001,-0.29465859251905,-0.0749389835577925,0.3786103782191796,-0.1540190286347518,-0.1730543956541984,-0.20125886673733623,-0.27458705815957674,-0.18803074606762718,0.5630279775157865,83.00953417385908
-0.35641994612729416,-0.34962800554650436,0.0286649355342974,0.3786103782191796,-0.23404954029825503,-0.05906326359106374,-0.1977577627915985,-0.26263138832324323,-0.37389472216807157,0.1045219690207835,87.79390871991231
-0.3346905190492569,-0.34683897798838764,-0.09880505031240584,1.0660431289593015,-0.23527325879044492,-0.24946788013385415,-0.19515715168451112,-0.18371428234236833,-0.35967549315747466,-0.2787844530847612,82.60000654134086
-0.29663601872219175,-0.3419545855126274,0.20583436880424177,0.3786103782191796,-0.04118871031056247,-0.08184455021272709,-0.0878982724624434,-0.21033474882088327,-0.14062761205505012,0.20322505009180464,94.88950336021271
-0.30251365430575855,-0.230846846011287,0.22772546759806206,0.3786103782191796,-0.23730015285005396,-0.27630515380155485,-0.23506178683861473,-0.2631196768190341,-0.3774078650280341,-0.3994057494620618,94.58961185312504
-0.5742927401701474,-0.3775925360685071,-0.1991254529231266,-1.683687874001186,-0.22999956438617772,-0.2706111982583135,-0.22515127772398505,-0.28507248191905243,-0.07637218625384996,9.487673559004065,78.86426999918622
-0.44267581978237786,-0.4441409245279448,-0.2974130699150918,1.0660431289593015,-0.23730015285005396,-0.27630515380155485,-0.23506178683861473,-0.2073081672354028,-0.3774078650280341,-0.3994057494620618,75.59321431405864
-0.4720108655034343,-0.2743576474103774,-0.1476611196095599,1.0660431289593015,-0.23730015285005396,-0.27630515380155485,-0.23323580690426277,-0.2524001974169479,-0.3774078650280341,-0.38239127673667533,79.84655120769311
-0.34172662137634113,-0.34774207972326043,-0.05281688424593978,0.3786103782191796,-0.2345930622015301,-0.1730543956541984,-0.14783628163281484,-0.1850755714821489,-0.37125207603487936,-0.13216755217667134,84.47274264592878
-0.4348663205568103,-0.44402955017178314,-0.03893530707185631,1.0660431289593015,-0.23730015285005396,-0.19652010447527726,-0.23506178683861473,0.5624725932157012,-0.3774078650280341,-0.3994057494620618,86.06357368579908
2.0328634060969204,0.8260050279654366,1.5462815597817792,-1.683687874001186,-0.23730015285005396,-0.23470703808857515,-0.23506178683861473,-0.2853805206670858,-0.3774078650280341,-0.3994057494620618,136.7191232800502
-0.5714536238599134,-0.29988511230996406,-0.5218482585309332,1.0660431289593015,-0.23527325879044492,-0.20610201526709465,-0.23506178683861473,-0.2853805206670858,-0.37062912939595055,-0.3994057494620618,64.96000139357406
-0.43495274587372956,0.23055234852115472,-0.03893530707185631,0.3786103782191796,-0.23730015285005396,0.5847621803353796,-0.23506178683861473,-0.20681987873961194,-0.3774078650280341,-0.3994057494620618,78.85830236147414
0.31808447403759105,-0.26305363756361283,0.30341290060150383,0.3786103782191796,-0.2284086738691881,-0.27060436769744106,-0.1806822969208768,-0.2679783491242587,-0.011212000756044636,0.5608990210289683,97.99989349312224
-0.4832426256670427,-0.2772408977151333,-0.22735735788400002,1.0660431289593015,-0.23730015285005396,-0.27630515380155485,-0.23506178683861473,-0.2853805206670858,-0.3774078650280341,-0.3994057494620618,76.64866329658713
-0.373996601869225,-0.44316146304701914,0.00845898725439144,1.0660431289593015,-0.23730015285005396,-0.27543220812206076,-0.23506178683861473,-0.2853805206670858,-0.3774078650280341,-0.3994057494620618,87.97435715955103
-0.46842270694120663,-0.3640038464452684,0.23373243558875959,-1.683687874001186,-0.23720343574296385,-0.1730543956541984,-0.22934980411965847,-0.2846608668234271,-0.37718793515475857,2.0397562069463073,96.25523058686096
-0.3622801639612762,-0.2461892148535993,0.2555920087965237,1.0660431289593015,-0.23730015285005396,-0.27630515380155485,-0.23506178683861473,-0.2853805206670858,-0.3774078650280341,-0.3994057494620618,95.8824249718182
-0.3977094389609024,-0.4434996411923226,0.10458860907937492,0.3786103782191796,-0.23730015285005396,-0.27630515380155485,-0.23506178683861473,-0.2373210953843985,-0.3774078650280341,-0.3994057494620618,91.87240889934668
-0.22508809336494157,-0.3327712262445342,0.6684087101522348,0.3786103782191796,-0.21600714046166478,-0.27158933457524265,0.2109651821454038,-0.0980566428837856,0.6827099516108097,0.33231501887645315,113.53140187276814
-0.3953154647961054,0.2672957394368938,-0.03893530707185631,0.3786103782191796,-0.23730015285005396,0.5847621803353796,-0.23506178683861473,-0.2853805206670858,-0.3774078650280341,-0.3994057494620618,78.46584282255587
-0.40230415346366155,-0.256463577753922,-0.03303797810419061,0.3786103782191796,-0.23730015285005396,-0.27630515380155485,-0.23506178683861473,-0.2564504361520064,-0.3774078650280341,-0.3994057494620618,84.29907910103208
-0.04275947256125848,-0.30936888129412976,-0.28184672423566426,-1.683687874001186,-0.21190351126390242,-0.1730543956541984,0.2109651821454038,-0.0980566428837856,-0.31965716989546616,0.33231501887645315,74.78433140927042
-0.4382162521139496,-0.44407732487020946,-0.03893530707185631,0.3786103782191796,-0.23730015285005396,-0.27630515380155485,-0.23506178683861473,0.5624725932157012,-0.3774078650280341,-0.3994057494620618,86.06408397174845
-0.39702864571446594,0.26570763665886943,-0.06477014213172563,0.3786103782191796,-0.23730015285005396,-0.15009005000115444,-0.23506178683861473,-0.2524001974169479,-0.3774078650280341,-0.3994057494620618,77.43617487707539
-0.46650459482394346,-0.36375765184771214,-0.3790882327472921,1.0660431289593015,-0.01583809759581441,-0.16721973055698539,0.8813245755701815,0.15547000792662885,0.09925001864360909,0.3788109732027036,71.42577806929948
-0.36369064329278084,-0.24655129211514812,-0.18598830463459062,1.0660431289593015,-0.23730015285005396,-0.27630515380155485,-0.23506178683861473,-0.20681987873961194,-0.3774078650280341,-0.3994057494620618,77.996823540523
-0.48437796817953777,-0.4447356553543575,-0.19990300482424772,1.0660431289593015,-0.23527325879044492,-0.27630515380155485,-0.23506178683861473,-0.2853805206670858,-0.3774078650280341,-0.3994057494620618,79.5499313567794
0.2235701992070446,-0.27518478654380135,0.14252692379269835,0.3786103782191796,-0.22656151831662388,-0.2707642028218555,0.2109651821454038,-0.0980566428837856,0.07762098163842816,0.33231501887645315,91.61159381785806
-0.4320963835381654,-0.3593412698990811,-0.056837796091764085,1.0660431289593015,-0.23682941586459635,-0.27264260706176835,0.1198106178903082,-0.24808765494448104,-0.34723133344346535,2.524907380100316,84.43373796061266
0.4055919953940204,-0.25182182331793257,0.5796348722468918,-1.683687874001186,4.628580709868071,2.5976915844060295,-0.23456024813350868,-0.28387530075857353,0.020103340759398753,-0.2970100062174223,109.07033452709278
-0.31012568617981595,-0.23280089354266134,0.12070127925400985,-1.683687874001186,-0.23730015285005396,-0.27630515380155485,-0.23506178683861473,0.40810079058774107,-0.3774078650280341,-0.3994057494620618,90.27467878386854
3.3846024720150547,2.8610688322546647,3.0908716324438235,-0.9962551232610641,-0.23730015285005396,-0.27630515380155485,-0.23506178683861473,0.14034651603082574,-0.3774078650280341,-0.3994057494620618,177.55743725884915
-0.3499727368894786,0.30932802650008695,0.14058989423457796,0.3786103782191796,-0.23730015285005396,0.5847621803353796,-0.23323580690426277,-0.2524001974169479,-0.3774078650280341,-0.38239127673667533,85.28988500939283
1.863604960953448,4.267418039227158,1.477440168327484,-0.9962551232610641,-0.23717166735012402,-0.27630515380155485,-0.23506178683861473,-0.25805385181862545,-0.3774078650280341,-0.3994057494620618,97.17214577266968
-0.2141979234501853,-0.4408825109131698,0.32947122366889675,0.3786103782191796,-0.23730015285005396,-0.27630515380155485,-0.23323580690426277,-0.2853805206670858,-0.3774078650280341,-0.3994057494620618,100.95498469850058
-0.4164656220836735,0.24768974033658767,-0.06477014213172563,0.3786103782191796,-0.23730015285005396,-0.27630515380155485,-0.23323580690426277,-0.2524001974169479,-0.3774078650280341,-0.38239127673667533,77.62862568541628
-0.5172259095815092,-0.28596458058190793,-0.3853236962149684,0.3786103782191796,-0.23527325879044492,-0.2457561533557863,-0.23506178683861473,-0.2373210953843985,-0.3618299898202199,-0.3994057494620618,70.34224966146718
-0.4025854725524374,-0.35555346897323364,-0.47918911472576664,-1.683687874001186,-0.23020019943606831,-0.2746316663878143,-0.23323580690426277,-0.28425597746465836,0.6187019609303225,0.0995904733621317,67.28282361468202
-0.5202196222107758,-0.2867330819320928,-0.3902354222826412,1.0660431289593015,-0.23730015285005396,-0.11175557627301247,-0.23506178683861473,-0.2373210953843985,-0.3774078650280341,-0.3994057494620618,70.15147238937438
0.08378074102174346,-0.2931271211397775,0.15081184596111857,0.3786103782191796,-0.22122880529810318,-0.1730543956541984,0.3953014530201081,-0.22683163618280885,-0.3408624229980788,2.909235319281924,92.138879447478
-0.5814140048279998,-0.30244199306982655,-0.5364758639376908,0.3786103782191796,-0.23646690320407973,-0.27630515380155485,-0.23506178683861473,-0.2853805206670858,-0.3774078650280341,-0.3994057494620618,64.39471258489782
-0.4406658735220072,-0.4441122598896367,-0.19793194105488596,0.3786103782191796,-0.23730015285005396,-0.20960472688246673,-0.23506178683861473,-0.2631196768190341,-0.3774078650280341,-0.3994057494620618,79.623125294009
-0.1789392769474521,-0.32684790759003823,0.6693261559647833,0.3786103782191796,0.07024302216796093,-0.25458670245163856,0.8813245755701815,0.15547000792662885,2.947284106696478,0.3788109732027036,113.5053022732935
-0.5758388443285857,-0.30101082084260244,-0.5513120018934556,0.3786103782191796,-0.23730015285005396,-0.27630515380155485,-0.23506178683861473,-0.2300478835476461,-0.3774078650280341,-0.3994057494620618,63.77837886578627
-0.25820496429198597,-0.3370218613543515,0.4483357498188988,-1.683687874001186,-0.23527325879044492,-0.2751630840236878,-0.22934980411965847,-0.2846608668234271,0.039281662958974846,2.0397562069463073,104.6611242228546
1.379513984516513,1.402705488140527,0.22798923685352188,-0.30882237252094225,-0.23718155085011863,-0.27630515380155485,-0.23506178683861473,0.5624725932157012,-0.3774078650280341,-0.3994057494620618,77.15217499825428
-0.5759500080241797,-0.3010393571320646,-0.5513120018934556,1.0660431289593015,-0.23730015285005396,-0.220110129504234,-0.23506178683861473,-0.2853805206670858,-0.3774078650280341,-0.3994057494620618,63.77868366451949
-0.48336745364832484,-0.2772729416966492,-0.22735735788400002,1.0660431289593015,-0.23730015285005396,-0.27630515380155485,-0.23506178683861473,-0.2853805206670858,-0.3774078650280341,-0.3994057494620618,76.64900556130188
-0.5382957786796198,-0.4455045985678265,-0.4989972641597908,1.0660431289593015,-0.23730015285005396,-0.27630515380155485,-0.23506178683861473,0.06327629739077961,-0.3774078650280341,-0.3994057494620618,67.44112465779389
-0.3420085761942472,-0.4427052691654999,-0.11475011488326356,0.3786103782191796,-0.23730015285005396,-0.23519064179834182,-0.23506178683861473,-0.2853805206670858,-0.3774078650280341,-0.3994057494620618,82.97799072582941
-0.11163189428942474,-0.3182088328264112,0.7787451305314476,-1.683687874001186,-0.2194177245205193,-0.26342818044488664,0.7627780863481606,0.02520055589806391,-0.051355862843314525,0.587926369467768,117.84585043759522
-0.3134185018238623,-0.3441086601550968,0.14080432394995981,-1.683687874001186,-0.11725057314765833,-0.20881921238213952,-0.22042233885042875,-0.26816263431413023,0.0402508122243208,-0.1381160638873422,92.27798943629264
-0.4025854725524374,-0.35555346897323364,-0.47918911472576664,-1.683687874001186,-0.23527325879044492,-0.2751630840236878,-0.22866561018236062,-0.2837327151372131,0.039281662958974846,0.7934608989332425,67.28282361468202
3.679542462480243,7.090278532588809,3.3064510968304326,-1.683687874001186,-0.23730015285005396,-0.18475787865298646,-0.23506178683861473,-0.2853805206670858,-0.3774078650280341,-0.3994057494620618,141.11849621026715
1.379513984516513,1.9125461322967894,0.22798923685352188,-0.30882237252094225,-0.23730015285005396,0.5847621803353796,-0.23495494115961674,-0.2853805206670858,-0.3774078650280341,-0.3994057494620618,71.70652017052723
-0.41189606420497066,-0.2589258703211795,-0.11895944474314347,1.0660431289593015,-0.23730015285005396,-0.27630515380155485,-0.23506178683861473,-0.2853805206670858,-0.3774078650280341,-0.3994057494620618,80.8444960936248
-0.508254031215951,-0.36911629882054653,-0.3229537963367296,-1.683687874001186,-0.20916189896182596,-0.2578257544173356,-0.21115385778906381,-0.2685527270518144,-0.019901755818103623,0.03720274764033895,73.75715380741333
-0.36578753036395045,-0.3508303589493431,0.4030877228973895,0.3786103782191796,-0.2288916946332104,-0.1730543956541984,0.8813245755701815,0.15547000792662885,-0.35828745080442054,0.3788109732027036,102.97550886144818
-0.41801604689209504,-0.44378924175681966,-0.06420598930622724,1.0660431289593015,-0.23730015285005396,-0.18708983213482738,-0.23506178683861473,-0.20681987873961194,-0.3774078650280341,-0.3994057494620618,85.03723148496357
-0.5721464682171868,-0.44598735663514677,-0.43356206860566704,0.3786103782191796,-0.23730015285005396,-0.19242723240052892,-0.23506178683861473,-0.2853805206670858,-0.3774078650280341,-0.3994057494620618,70.09721645300318
0.0821283306606323,-0.29333921223715925,-0.13115258843562969,0.3786103782191796,0.14677491602622905,-0.07651261439572349,-0.22538761019014966,-0.279924602928993,0.07393961871835,0.14550277478021942,80.71809491198646
2.3671765571996177,2.8281001515008475,1.5315511094145413,-1.683687874001186,-0.22294112167216948,2.2444846478058595,-0.23506178683861473,-0.2853805206670858,-0.3760704608340948,-0.3994057494620618,114.73779548306992
0.3284945676238933,-0.2617174754185871,0.46887366886927423,-1.683687874001186,-0.23095967581422563,-0.2755742837882069,4.14849283267825,2.544510925883555,1.6594276816365374,0.07662394865985454,104.68883109926678
-0.41167115933512133,-0.4436987548067393,-0.11895944474314347,1.0660431289593015,-0.23730015285005396,-0.27630515380155485,-0.23506178683861473,-0.2853805206670858,-0.3774078650280341,-0.3994057494620618,82.81807227270134
-0.5772203095530744,-0.3779682970887107,-0.5385541642674625,0.3786103782191796,7.817292830604307,2.5976915844060295,-0.23310269499584443,-0.18371428234236833,0.28060063524408096,-0.39348392617299843,65.11721909719114
-0.24518871909369555,-0.3353511929823387,0.29012424603974646,1.0660431289593015,-0.1962015948224645,-0.27194588985278245,-0.2321333884520299,-0.07147249538429643,1.8361332552004432,-0.395198672250806,98.23375533038806
-0.4646620024738227,-0.3635211504054787,0.018705460032333462,1.0660431289593015,-0.1962015948224645,-0.27194588985278245,-0.1929485624615568,-0.2688002341681381,1.8361332552004432,0.38114988981155323,87.53882063682185
2.5754361510291437,1.3635009185581979,2.032300320497297,-0.9962551232610641,-0.1764944606046391,-0.21565113936672448,1.2784948950641446,2.544510925883555,-0.14203366216614158,-0.2350418957145317,150.66785623051885
-0.42532339801951674,-0.35847193987973014,-0.056837796091764085,0.3786103782191796,-0.12614049900709648,-0.26849782272438966,0.11094217213900119,-0.08865406275822625,2.965456569285477,0.1410942498027899,84.42445256669393
-0.381822542327359,-0.44327307187809895,-0.11565986084209338,0.3786103782191796,-0.23730015285005396,-0.27630515380155485,-0.23506178683861473,-0.2606782343400798,-0.3774078650280341,-0.3994057494620618,82.94719950618708
-0.42174908961244373,-0.4438424801550183,-0.26977752697682017,0.3786103782191796,-0.23730015285005396,-0.27630515380155485,-0.23506178683861473,-0.2373210953843985,-0.3774078650280341,-0.3994057494620618,76.7096081788209
-0.5733182118810516,-0.3774674528693648,-0.5082285771282028,1.0660431289593015,-0.07394411181770137,-0.20008975558719896,0.8813245755701815,0.15547000792662885,0.12582228367993625,0.3788109732027036,66.34043119952159
2.2334012143901214,0.9060835991912054,1.3438546532295195,-0.9962551232610641,-0.23730015285005396,-0.23905673925212614,-0.23506178683861473,0.06032235376335067,-0.3774078650280341,-0.3994057494620618,127.6630012290713
-0.5804947321644517,-0.3783885776081765,-0.558373687350717,-1.683687874001186,-0.23527325879044492,-0.2751630840236878,4.14849283267825,2.544510925883555,0.039281662958974846,0.07662394865985454,64.31877213053212
-0.5058065595976243,-0.44504125696896885,-0.264166735946153,1.0660431289593015,-0.23730015285005396,-0.27630515380155485,-0.23506178683861473,-0.2853805206670858,-0.3774078650280341,-0.3994057494620618,76.94971891438493
-0.44769327332752246,-0.26811519707037623,-0.2974130699150918,0.3786103782191796,-0.23730015285005396,-0.19701600319461426,-0.23506178683861473,-0.2853805206670858,-0.3774078650280341,-0.3994057494620618,73.71306732397349
1.74850709046792,1.6710856735066595,1.2840541629360367,-0.9962551232610641,-0.23730015285005396,-0.1660667318817225,-0.23506178683861473,-0.2853805206670858,-0.3774078650280341,-0.3994057494620618,117.06928359046628
-0.5722076759860556,-0.3000786813490845,-0.43356206860566704,1.0660431289593015,-0.23730015285005396,-0.27630515380155485,-0.23506178683861473,-0.20278981721512326,-0.3774078650280341,-0.3994057494620618,68.53875246805798
2.4378667834542043,0.4726228343616083,1.554102062616875,-0.30882237252094225,-0.23730015285005396,0.13799568535362894,-0.23506178683861473,4.323570555660632,-0.3774078650280341,-0.3994057494620618,140.81045817378654
-0.4940749160777675,-0.44487394736229596,-0.264166735946153,1.0660431289593015,-0.23730015285005396,-0.27630515380155485,-0.23506178683861473,-0.2853805206670858,-0.3774078650280341,-0.3994057494620618,76.94793186508286
-0.5784294501624472,-0.3016758426157867,-0.5633747386661087,0.3786103782191796,-0.23730015285005396,-0.22749669803165867,-0.2343111323450354,-0.2853805206670858,-0.3774078650280341,-0.3994057494620618,63.29679186621467
3.1573339327561936,2.5104551948050755,2.979043259152424,-0.30882237252094225,-0.23730015285005396,-0.27630515380155485,-0.22212608224011754,2.196724418174937,-0.3774078650280341,-0.3978041741971664,176.77194038852022
-0.36893805658644163,-0.4430893211327028,0.14058989423457796,1.0660431289593015,-0.23730015285005396,-0.27630515380155485,-0.23506178683861473,0.5624725932157012,-0.3774078650280341,-0.3994057494620618,93.3265239250346
3.679542462480243,0.791367334583353,3.3064510968304326,-1.683687874001186,-0.23730015285005396,-0.27630515380155485,-0.23506178683861473,-0.19523815987250667,-0.3774078650280341,-0.3994057494620618,208.3977462426149
0.04346975241206139,-0.2983011396596201,-0.14589281894906914,-1.683687874001186,0.8703328902923962,0.03911648616461518,-0.05838972187484425,-0.09390417294850639,0.4470692267519424,-0.1158554225708143,80.1739319170333
0.5610562068517571,-0.23186759403708965,0.8098455030971743,0.3786103782191796,-0.21351713383087967,-0.2677669527110418,-0.2270516680419249,-0.279767220686548,0.2765876643370517,0.03912303711032531,118.183581788326
-0.05540181196554982,-0.3109915579008808,-0.13115258843562969,0.3786103782191796,-0.2288916946332104,-0.1730543956541984,-0.1977577627915985,-0.26263138832324323,-0.35828745080442054,0.1045219690207835,80.90664124011107
-0.18085413987217147,-0.3270936851454187,0.5001786632686283,0.3786103782191796,-0.22104991394820073,-0.25881891796818407,-0.1735725437656004,-0.2500825084961555,-0.15921648246848444,0.13593006689463796,106.65536019342574
-0.3953154647961054,0.2672957394368938,-0.03893530707185631,0.3786103782191796,-0.23730015285005396,0.5847621803353796,-0.23506178683861473,-0.2853805206670858,-0.3774078650280341,-0.3994057494620618,78.46584282255587
-0.4877363823419371,-0.4447835510265712,-0.26759881489420095,0.3786103782191796,-0.23730015285005396,-0.27630515380155485,-0.22429466793206604,-0.2853805206670858,-0.3774078650280341,-0.3994057494620618,76.80792465199482
-0.5742086771324489,-0.3775817463625514,-0.5285354671892096,0.3786103782191796,-0.23546563405819715,-0.27350462384386653,-0.22934980411965847,-0.2189840464185008,-0.22360794222985328,-0.3729683173980732,65.51897156179406
-0.28716535977455476,-0.34073900220692754,0.14080432394995981,-1.683687874001186,-0.11725057314765833,-0.20881921238213952,-0.2270516680419249,-0.279767220686548,0.0402508122243208,0.03912303711032531,92.24199780972546
-0.5625371666301522,-0.3760836781291438,-0.20567208731460587,0.3786103782191796,-0.22849840192985343,-0.2735893227986844,-0.22212608224011754,-0.2804492104038096,0.38351477847078325,0.4067243990561265,78.5829340181091
-0.4445311805923737,-0.2673034716854429,-0.26977752697682017,1.0660431289593015,-0.23730015285005396,-0.22749669803165867,-0.23506178683861473,-0.2853805206670858,-0.3774078650280341,-0.3994057494620618,74.82397878702247
0.523532193737211,-0.23668389712192248,0.6625384279069514,0.3786103782191796,-0.14047715111713602,-0.17443690117477426,-0.20125886673733623,-0.27458705815957674,-0.1542491451950359,0.5630279775157865,112.26726517353411
-0.5306589853539593,-0.3719920320050816,-0.5264660928033746,-1.683687874001186,1.4833415874367017,-0.16142195048848337,-0.22147438719684825,-0.27507265636062495,3.139071658540477,0.005678221546085815,65.54310258691656
4.694930831907544,-0.37087148477047643,1.9785922693523852,-0.9962551232610641,-0.23730015285005396,-0.27630515380155485,-0.23506178683861473,1.7525406143950797,-0.3774078650280341,-0.3994057494620618,167.0170065416413
-0.5049625519749386,-0.44502922024255953,-0.3094857575644511,1.0660431289593015,-0.23730015285005396,-0.20960472688246673,-0.23506178683861473,0.5624725932157012,-0.3774078650280341,-0.3994057494620618,75.11360899031371
-0.40938675871089525,-0.35642643145210867,-0.28010648865722376,0.3786103782191796,-0.23458381406939227,-0.2632683453204722,-0.1929485624615568,-0.2688002341681381,-0.32848782272566923,0.38114988981155323,75.35745851449717
-0.45380800688987905,-0.3621280123033751,-0.3590415502228416,-1.683687874001186,-0.19111949912523568,-0.2683420859364987,0.035582642769349554,-0.1382213982441685,0.9842055915585266,0.1657775309123723,72.2205105302175
-0.11163189428942474,-0.3182088328264112,0.7787451305314476,-1.683687874001186,0.8703328902923962,0.03911648616461518,-0.21895193879183736,-0.2727011615449796,0.4470692267519424,-0.008950250567179133,117.84585043759522
0.054826615418289905,-0.2968434572373282,-0.1264908759858485,-1.683687874001186,-0.22633765704174594,-0.25658942289942926,4.14849283267825,2.544510925883555,-0.24685971141235952,0.07662394865985454,80.94438113463087
-0.26983725884799253,-0.3385148961207226,0.0908555818402873,-1.683687874001186,-0.23160888057101447,-0.2750169100210182,1.3760170801958096,0.035095459961528075,0.6598470093542369,1.145488362564228,90.19469958023932
-0.2878074885618345,-0.2270716980161986,0.2555920087965237,1.0660431289593015,-0.23730015285005396,-0.27630515380155485,-0.23323580690426277,-0.2524001974169479,-0.3774078650280341,-0.38239127673667533,95.6782290155856
-0.4715426733105488,-0.3644043021109075,-0.21330421877511396,0.3786103782191796,-0.23580739136872508,-0.2757764683900303,1.315022825170201,-0.1722603524755389,0.28552151828663896,3.8116672006458017,78.14898972954052
-0.4891661809529773,-0.4448039419498745,-0.4225732518408768,1.0660431289593015,-0.23730015285005396,-0.19652010447527726,-0.23506178683861473,-0.2853805206670858,-0.3774078650280341,-0.3994057494620618,70.52975939631035
-0.5017948469553956,-0.2820033478480035,-0.47459449425626343,0.3786103782191796,-0.2372646428465019,-0.27630515380155485,-0.23506178683861473,-0.25631995685698794,-0.3774078650280341,-0.3994057494620618,66.68336700771196
-0.23649186051151136,-0.3342349289332386,0.23404466321010947,0.3786103782191796,-0.22412354125366757,-0.27082021342100926,-0.15756680665722766,-0.21160053249729976,0.18662707600640646,-0.07662145714927855,95.94991512363433
-0.40485813811260885,-0.25711919868155525,-0.11475011488326356,0.3786103782191796,-0.23730015285005396,-0.27630515380155485,-0.23506178683861473,-0.2853805206670858,-0.3774078650280341,-0.3994057494620618,80.99572883228757
-0.3559444961186759,-0.4429040148295013,0.0989017193308155,0.3786103782191796,-0.23730015285005396,-0.21068668772465654,-0.23506178683861473,-0.2853805206670858,-0.3774078650280341,-0.3994057494620618,91.63565752917818
-0.5739845682649085,-0.446013570506672,-0.401853379082988,1.0660431289593015,-0.23730015285005396,-0.27630515380155485,-0.23506178683861473,-0.24489696537969896,-0.3774078650280341,-0.3994057494620618,71.38209087860515
-0.43157160354625124,-0.3592739130445198,-0.36771829000809103,0.3786103782191796,-0.22555347191360212,-0.27516854847238575,0.8813245755701815,0.15547000792662885,2.0490885836043256,0.3788109732027036,71.83851026680466
-0.23676025610659396,-0.33426937819453173,0.4178540567935496,-1.683687874001186,-0.21076161403238222,-0.2592150904987839,-0.22147438719684825,-0.27507265636062495,-0.012815548991977786,0.005678221546085815,103.39683881071842
-0.46650459482394346,-0.36375765184771214,-0.3790882327472921,0.3786103782191796,1.0019231505527846,0.1714162535901588,-0.03555196677797142,-0.17796915791944073,0.2724462701465056,0.1714040922936427,71.42577806929948
-0.4179334763831718,-0.44378806418614525,0.00845898725439144,0.3786103782191796,-0.23730015285005396,-0.27630515380155485,-0.23506178683861473,-0.2853805206670858,-0.3774078650280341,-0.3994057494620618,87.98104994396799
2.228905991352867,2.0204947654103087,1.4484846729958274,-0.9962551232610641,-0.23730015285005396,-0.27630515380155485,-0.2282629037303277,-0.12180387457715107,-0.3774078650280341,-0.3866327269583305,119.9986839991667
-0.35003637855788544,-0.3488086583172267,0.009196176704647448,-1.683687874001186,-0.20176854679085746,-0.2592711010979376,0.7627780863481606,0.02520055589806391,0.11233828113959185,0.587926369467768,86.99643146943696
-0.4527627436483374,-0.4442847781373471,-0.23389353380215566,1.0660431289593015,-0.23730015285005396,-0.27630515380155485,-0.23506178683861473,-0.16110235503040088,-0.3774078650280341,-0.3994057494620618,78.1680783191445
-0.07745421904961516,-0.31382204076908454,0.6468937281646157,0.3786103782191796,-0.04118871031056247,-0.08184455021272709,-0.23323580690426277,-0.2762200670683649,-0.14062761205505012,-0.33814865074238104,112.45738078481858
0.28614008540140373,-0.26715378157171543,0.36242828135525007,0.3786103782191796,1.0019231505527846,0.1714162535901588,-0.2054147184600289,-0.27640838770035037,0.2724462701465056,0.6160557358285936,100.43454095305486
-0.04012767744464204,-0.3090310836577172,-0.2207314747028319,0.3786103782191796,-0.04118871031056247,-0.08184455021272709,-0.1648131696449372,-0.2725451244499059,-0.14062761205505012,1.2825164487266467,77.2566474850432
-0.5204553783975453,-0.2867936017515556,-0.3902354222826412,1.0660431289593015,-0.23730015285005396,-0.11175557627301247,-0.23506178683861473,-0.2373210953843985,-0.3774078650280341,-0.3994057494620618,70.15211880713414
0.0406106110545248,-0.29866811776769825,-0.051827013054168175,1.0660431289593015,-0.1135021851782737,-0.18834802144752538,0.8813245755701815,0.15547000792662885,-0.04694959205401246,0.3788109732027036,83.9886811796926
-0.4179403442875805,-0.44378816213204547,0.00845898725439144,1.0660431289593015,-0.23730015285005396,-0.27630515380155485,-0.23506178683861473,-0.2853805206670858,-0.3774078650280341,-0.3994057494620618,87.98105099013716
-0.5056350968610976,-0.3687801518958093,0.007488311616049165,0.3786103782191796,7.817292830604307,2.5976915844060295,-0.2340255109495711,-0.2816558075958878,0.28060063524408096,-0.313906958637599,87.14055915285363
-0.1302421628304351,-0.43968518461669326,0.6322496144029539,0.3786103782191796,-0.23527325879044492,-0.24281081550760292,-0.23323580690426277,-0.2853805206670858,-0.3631998364205971,-0.3994057494620618,113.208468724157
-0.40478541260276796,-0.44360055445011504,-0.11895944474314347,0.3786103782191796,-0.23730015285005396,-0.27630515380155485,-0.23506178683861473,-0.2853805206670858,-0.3774078650280341,-0.3994057494620618,82.8170233856574
0.6231961442822994,-0.22389177408882227,0.8538975407025419,0.3786103782191796,-0.20439099232157032,-0.2671931855977593,-0.23330919970995542,-0.18371428234236833,0.47055880814622025,-0.39410813602300454,119.88304414440732
-0.40622485032238603,-0.2574700406990087,-0.03303797810419061,0.3786103782191796,-0.23730015285005396,-0.27630515380155485,-0.23506178683861473,-0.2853805206670858,-0.3774078650280341,-0.3994057494620618,84.3098292243474
-0.5224110983867268,-0.3709333946114113,-0.2928093040477804,-1.683687874001186,-0.23246436809197657,-0.27380107018572913,-0.21393057347064254,-0.284055550506331,0.07600340504426005,4.501718805655525,74.99778745712638
-0.5453149597446925,-0.373873163814034,-0.49623200114237126,0.3786103782191796,-0.0914464489760147,-0.19662119677618894,-0.05838972187484425,-0.09390417294850639,0.05234694388038261,-0.1158554225708143,66.78805009490766
-0.5049625519749386,-0.44502922024255953,-0.3094857575644511,1.0660431289593015,-0.23730015285005396,-0.20960472688246673,-0.23506178683861473,0.5624725932157012,-0.3774078650280341,-0.3994057494620618,75.11360899031371
-0.4018360797938161,-0.44355849284882465,-0.06477014213172563,1.0660431289593015,-0.23730015285005396,-0.27630515380155485,-0.23506178683861473,-0.16110235503040088,-0.3774078650280341,-0.3994057494620618,85.01191166182856
2.467410094562311,0.012817804673751182,1.9555307561042774,0.3786103782191796,-0.23730015285005396,2.5976915844060295,-0.23506178683861473,0.06327629739077961,-0.3774078650280341,-0.3994057494620618,161.98450918572726
0.4365562646962674,-0.24784748013388233,0.5244360246779671,0.3786103782191796,-0.22294112167216948,-0.21179870303468498,-0.22042233885042875,-0.26816263431413023,-0.3251446446426304,-0.1381160638873422,106.79164759441537
-0.24545213433735627,-0.3353850030027852,0.43097126409830305,1.0660431289593015,-0.23527325879044492,-0.2744895907216681,7.021126615034065,2.544510925883555,-0.11529165329203751,0.38857603114134814,103.94016416960508
-0.5292321888651004,-0.2890466539078289,-0.22735735788400002,1.0660431289593015,-0.23730015285005396,-0.27630515380155485,-0.23506178683861473,-0.2853805206670858,-0.3774078650280341,-0.3994057494620618,76.77476166466077
-0.1263669529551727,-0.32010011530439125,0.6468937281646157,0.3786103782191796,-0.04118871031056247,-0.08184455021272709,-0.21250011334443847,-0.276506583458457,-0.14062761205505012,0.3819204021948199,112.52443747653956
-0.5433941183187808,-0.29268209366245934,-0.21726977910270076,0.3786103782191796,-0.23646690320407973,-0.27630515380155485,-0.23506178683861473,-0.2853805206670858,-0.3774078650280341,-0.3994057494620618,77.22226394125715
-0.43221340060033436,-0.3593562893383874,0.027845816082910337,0.3786103782191796,-0.16904519606227253,-0.24045700423097027,-0.21363623906445045,-0.2769733495963067,0.06962723950582328,0.38377039723308864,87.86463293685571
-0.426074446276118,-0.4439041657765506,-0.06477014213172563,1.0660431289593015,-0.23730015285005396,-0.27630515380155485,-0.23506178683861473,-0.16110235503040088,-0.3774078650280341,-0.3994057494620618,85.01560382617298
-0.4650210387264633,-0.2725633231111289,-0.14385261210503314,0.3786103782191796,-0.23527325879044492,-0.27630515380155485,-0.23323580690426277,-0.22820503164893133,-0.3774078650280341,-0.3895913548665783,79.98167756244862
-0.4474385925359472,-0.3613104816755135,-0.5264660928033746,-1.683687874001186,-0.23720343574296385,-0.1730543956541984,1.315022825170201,-0.1722603524755389,-0.37718793515475857,3.8116672006458017,65.42901196509867
-0.4394923038856758,-0.26600996625187,-0.2974130699150918,0.3786103782191796,-0.23730015285005396,-0.19701600319461426,-0.23506178683861473,-0.2524001974169479,-0.3774078650280341,-0.3994057494620618,73.69058115991089
-0.5613755354655852,-0.297298015451499,-0.4989972641597908,1.0660431289593015,-0.23730015285005396,0.07778565737550526,-0.23506178683861473,-0.2853805206670858,-0.3774078650280341,-0.3994057494620618,65.85811650789638
-0.47911466345873,-0.27618122869427036,-0.23244260483360038,0.3786103782191796,-0.23730015285005396,-0.11175557627301247,-0.23506178683861473,-0.2853805206670858,-0.3774078650280341,-0.3994057494620618,76.43132942490918
-0.15963447594180197,-0.3243700869914852,0.5695772816479134,0.3786103782191796,-0.23458381406939227,-0.2632683453204722,-0.1235351859239987,-0.19877320716434785,-0.32848782272566923,-0.0036736301269580905,109.4377722886293
-0.4817625156056861,-0.3657160450159726,-0.15722669551029167,0.3786103782191796,-0.22618043879540312,-0.27441855288859507,7.021126615034065,2.544510925883555,1.0064381088978167,0.38857603114134814,80.43483442607032
0.37723153882855076,-0.2554619604756128,0.37729425560482943,0.3786103782191796,-0.22294112167216948,-0.21179870303468498,-0.14783628163281484,-0.1850755714821489,-0.3251446446426304,-0.13216755217667134,100.91191551233824
-0.05502252014973149,-0.10347981914573831,-0.19369813608868006,-1.683687874001186,1.5510470922212114,0.04916560732010544,0.25930725521357073,-0.12710779066228417,0.9126644218657028,0.5604867002436392,76.15632036423847
0.5808952849228722,-0.22932119761028763,0.8098455030971743,0.3786103782191796,-0.21351713383087967,-0.2677669527110418,-0.23285224363638365,-0.2814903544692149,0.2765876643370517,-0.22485900870406061,118.15638349381209
-0.23954378841719887,-0.33462665168799777,0.10524975355024696,-1.683687874001186,-0.21591656524385702,-0.26599100688421506,0.7627780863481606,0.02520055589806391,0.10935947618460375,0.587926369467768,90.73631101674688
-0.1789392769474521,-0.32684790759003823,0.6693261559647833,0.3786103782191796,1.0019231505527846,0.1714162535901588,0.04199643624291464,-0.26399536775776644,0.2724462701465056,3.5819967685205225,113.5053022732935
0.07285115470577098,-0.2945299615057287,-0.13115258843562969,0.3786103782191796,-0.23484749172996278,-0.2723543573929526,0.11094217213900119,-0.08865406275822625,-0.23165165347501154,0.1410942498027899,80.730813414478
-0.061986691988284964,-0.3118367440985815,0.5001786632686283,0.3786103782191796,-0.22555347191360212,-0.27516854847238575,-0.1977577627915985,-0.26263138832324323,2.0490885836043256,0.1045219690207835,106.4923994024014
-0.31990279898209617,-0.34494093628480715,0.23724713059441033,-1.683687874001186,1.4833415874367017,-0.16142195048848337,-0.22918743684675258,-0.18371428234236833,3.139071658540477,-0.3816491227279485,96.19400654407686
-0.10031820508337636,-0.3167566918718285,0.7337305011350107,1.0660431289593015,0.012366799320948673,-0.22395027082670316,-0.2321333884520299,-0.07147249538429643,0.7422311972368435,-0.395198672250806,116.0066902806827
-0.20754171534827728,-0.33051910373537363,0.590065028430912,1.0660431289593015,-0.2359465369293635,-0.272290150120752,4.14849283267825,2.544510925883555,-0.29825189390966717,0.07662394865985454,110.33345785523215
-0.5822169237381376,-0.3786096253027207,-0.36781052757308624,0.3786103782191796,-0.22191422602272942,-0.2606303827115473,-0.10366570554747957,-0.20691941964508997,-0.14694729547366625,0.11523647690202082,72.04130002525342
-0.5050037605574716,0.16561570941293105,-0.3094857575644511,0.3786103782191796,-0.23730015285005396,0.5847621803353796,-0.23506178683861473,-0.2197037002621595,-0.3774078650280341,-0.3994057494620618,68.59125431474911
-0.49053271605624515,-0.44482343064728036,-0.264166735946153,1.0660431289593015,-0.23730015285005396,-0.27630515380155485,-0.23506178683861473,-0.2853805206670858,-0.3774078650280341,-0.3994057494620618,76.94739229140202
1.4858745090573384,1.3662626972049148,0.309263928536573,-0.9962551232610641,-0.23730015285005396,2.1021521525709193,-0.23506178683861473,-0.2507389404133619,-0.3774078650280341,-0.3994057494620618,80.83405487600197
-0.4050062855893073,0.2583124386902641,-0.11475011488326356,0.3786103782191796,-0.23730015285005396,-0.27630515380155485,-0.23506178683861473,-0.2853805206670858,-0.3774078650280341,-0.3994057494620618,75.49035609163015
0.07285115470577098,-0.2945299615057287,-0.13115258843562969,0.3786103782191796,0.14677491602622905,-0.07651261439572349,-0.23285224363638365,-0.2814903544692149,0.07393961871835,-0.22485900870406061,80.730813414478
-0.3869503819402459,-0.4433462020262543,0.14058989423457796,1.0660431289593015,-0.23730015285005396,-0.27630515380155485,-0.23506178683861473,0.5624725932157012,-0.3774078650280341,-0.3994057494620618,93.32926769349277
0.2248731469541557,-0.27501754986699306,0.14252692379269835,0.3786103782191796,0.07024302216796093,-0.25458670245163856,-0.23285224363638365,-0.2814903544692149,2.947284106696478,-0.22485900870406061,91.6098075475266
-0.08137649686323624,-0.3143254751612336,0.5001786632686283,0.3786103782191796,-0.22555347191360212,-0.27516854847238575,-0.22042233885042875,-0.26816263431413023,2.0490885836043256,-0.1381160638873422,106.51898176785537
-0.5021252890572655,-0.4449887569142987,-0.4225732518408768,0.3786103782191796,-0.23730015285005396,-0.27630515380155485,-0.23506178683861473,-0.2073081672354028,-0.3774078650280341,-0.3994057494620618,70.53173342194913
3.0320472387245214,-0.39458652516079695,2.2818069624397324,-0.9962551232610641,-0.23730015285005396,1.7933780144457792,-0.23506178683861473,-0.18068501046214522,-0.3774078650280341,-0.3994057494620618,179.55425749401508
3.8829356848022067,4.95438952094209,3.3025875006215855,-0.9962551232610641,-0.23730015285005396,4.528559996267715,-0.23506178683861473,-0.16236679355944605,-0.3774078650280341,-0.3994057494620618,163.77559978235809
-0.536061879703958,-0.37268550731768985,-0.11934412308507861,-1.683687874001186,-0.23592775827937373,-0.275832478989184,-0.19150926212738806,-0.27257337254470376,0.3042880729974101,0.6456472247026437,82.04398900814877
-0.5722228897382794,-0.44598844651267444,-0.43356206860566704,0.3786103782191796,-0.23730015285005396,-0.19242723240052892,-0.23506178683861473,-0.2853805206670858,-0.3774078650280341,-0.3994057494620618,70.09722809408534
-0.4434525874504674,-0.26702659130696177,-0.12191540690340927,0.3786103782191796,-0.23730015285005396,-0.27630515380155485,-0.23506178683861473,-0.2853805206670858,-0.3774078650280341,-0.3994057494620618,80.81126758179924
-0.48213395645295265,-0.27695629665502913,-0.4225732518408768,0.3786103782191796,-0.23730015285005396,-0.19701600319461426,-0.23506178683861473,-0.2853805206670858,-0.3774078650280341,-0.3994057494620618,68.73696325422335
-0.5581067289906135,-0.44578713036302964,-0.21126820181814,0.3786103782191796,-0.236291682868461,-0.27630515380155485,-0.2343111323450354,-0.2853805206670858,-0.3774078650280341,-0.3994057494620618,79.10073109533255
-0.39772547567750177,-0.4434998698982786,-0.18598830463459062,0.3786103782191796,-0.23730015285005396,-0.19652010447527726,-0.23506178683861473,-0.2853805206670858,-0.3774078650280341,-0.3994057494620618,80.10044941992614
-0.47911344032319697,-0.27618091470912043,-0.23244260483360038,1.0660431289593015,-0.23730015285005396,-0.11175557627301247,-0.23506178683861473,-0.2853805206670858,-0.3774078650280341,-0.3994057494620618,76.43132607120491
-0.3671162685081459,-0.3510009058895994,0.0286649355342974,0.3786103782191796,-0.19589153530834783,-0.25320146470671373,0.2175297043446982,-0.07147249538429643,0.04339973540979095,0.25080883790021175,87.80857279478954
-0.5642102279428356,-0.37629841982899326,-0.33198561493785556,-1.683687874001186,-0.15274455131044676,-0.24985039154270913,0.11094217213900119,-0.08865406275822625,0.37302646926825367,0.1410942498027899,73.46796624865127
-0.43842437721829836,-0.2657358240119788,-0.16655796139953108,0.3786103782191796,-0.23730015285005396,-0.11175557627301247,-0.2282629037303277,-0.23616561379243062,-0.3774078650280341,-0.3569517794299125,78.98890471099735
-0.007495899909094757,-0.3048427115257633,-0.13115258843562969,0.3786103782191796,-0.2288916946332104,-0.1730543956541984,-0.22538761019014966,-0.279924602928993,-0.35828745080442054,0.14550277478021942,80.84096484625859
4.1877381226117185,3.445214420084881,3.6153225357773993,-0.9962551232610641,-0.23730015285005396,-0.1660667318817225,-0.23506178683861473,-0.2853805206670858,-0.3774078650280341,-0.3994057494620618,192.5648780108538
-0.4246342046813132,-0.35838348015153676,-0.21330421877511396,0.3786103782191796,1.4833415874367017,-0.16142195048848337,-0.2161698172276903,-0.2736239326417083,3.139071658540477,0.09441955545491237,78.0846807762514
-0.43915379764584817,-0.4440906955777249,-0.26977752697682017,1.0660431289593015,-0.23730015285005396,-0.27630515380155485,-0.23506178683861473,-0.2373210953843985,-0.3774078650280341,-0.3994057494620618,76.71225939058769
0.082476666490799,-0.2932945024421736,-0.02546155435611301,-1.683687874001186,-0.21076161403238222,-0.2592150904987839,-0.23323580690426277,-0.24295053713339218,-0.012815548991977786,-0.38618060149639505,84.99941254306052
-0.3928319417186983,-0.2540320125315033,0.007242726981846693,0.3786103782191796,-0.23730015285005396,-0.2512178698293657,-0.23506178683861473,-0.2853805206670858,-0.3774078650280341,-0.3994057494620618,85.90497450132621
-0.5199209060350783,-0.286656399961318,-0.3902354222826412,1.0660431289593015,-0.23730015285005396,-0.22749669803165867,-0.23506178683861473,-0.12335617464365972,-0.3774078650280341,-0.3994057494620618,70.15065334218947
-0.5380232560872046,-0.3729372549944725,-0.5385541642674625,1.0660431289593015,7.817292830604307,2.5976915844060295,0.25930725521357073,-0.12710779066228417,0.28060063524408096,0.5604867002436392,65.06348207370546
2.082206230631024,0.3813229506052183,1.5681646442149428,0.3786103782191796,-0.23730015285005396,-0.11175557627301247,-0.23506178683861473,2.544510925883555,-0.3774078650280341,-0.3994057494620618,142.3553492610603
-0.5440185273639655,-0.3737067634011701,-0.25372250347172426,-1.683687874001186,0.31146473538285435,-0.11556566312764302,0.035582642769349554,-0.1382213982441685,0.42415558072791176,0.1657775309123723,76.61090932503612
-0.2897017534778228,-0.3410645548278615,0.39159892119053585,-1.683687874001186,-0.2262991819881955,-0.2759923141135984,-0.2302566568201539,-0.17099187850437975,7.878851845511654,-0.3864965402030431,102.40576072545642
-0.5206382254762805,-0.37070584183763056,-0.43954342731268137,0.3786103782191796,-0.23580739136872508,-0.2757764683900303,-0.2274245467419042,-0.279207639380077,0.28552151828663896,-0.01919366056836804,69.05080859913426
2.187317844930526,2.6613727979883146,1.3124231695782036,-1.683687874001186,-0.23730015285005396,0.06548518335646851,-0.23506178683861473,0.06327629739077961,-0.3774078650280341,-0.3994057494620618,107.64123163905936
-0.15779433071368015,-0.32413389964362105,0.7337305011350107,1.0660431289593015,0.012366799320948673,-0.22395027082670316,-0.2314895160388301,-0.18371428234236833,0.7422311972368435,-0.38860770724925175,116.08548691562753
-0.0077824329906648676,-0.30487948877985016,-0.11595928531292911,0.3786103782191796,-0.23458381406939227,-0.2632683453204722,0.04199643624291464,-0.26399536775776644,-0.32848782272566923,3.5819967685205225,81.45687451481464
-0.5804947321644517,-0.3783885776081765,-0.558373687350717,-1.683687874001186,4.628580709868071,2.5976915844060295,-0.23323580690426277,-0.28425597746465836,0.020103340759398753,0.0995904733621317,64.31877213053212
-0.32739889504637854,-0.34590307939269904,0.19382028874011958,0.3786103782191796,-0.22882258072967668,-0.2700360650328565,-0.22042233885042875,-0.26816263431413023,-0.059909678449803855,-0.1381160638873422,94.4449586273024
-0.3953154647961054,-0.4434654997802332,-0.03893530707185631,1.0660431289593015,-0.23730015285005396,-0.27630515380155485,-0.23506178683861473,0.5624725932157012,-0.3774078650280341,-0.3994057494620618,86.05754901167192
-0.47515757035099376,-0.36486828339441524,-0.5429519752280663,0.3786103782191796,-0.22240155316889226,-0.2756890372108634,-0.2314895160388301,-0.27224515658610055,5.300086643799319,-0.31583011910423453,64.79913086329928
-0.5721312582904273,-0.30005906453560216,-0.43356206860566704,1.0660431289593015,-0.23730015285005396,-0.27630515380155485,-0.23506178683861473,-0.20278981721512326,-0.3774078650280341,-0.3994057494620618,68.53854293906834
0.6966463909919235,1.0927844151698671,0.35149094942925807,-0.9962551232610641,-0.23730015285005396,-0.16855032381493093,-0.23506178683861473,-0.2853805206670858,-0.3774078650280341,-0.3994057494620618,85.46581862243495
-0.4023466080374781,-0.4435657736939593,-0.03303797810419061,0.3786103782191796,-0.23730015285005396,-0.24692417926496849,-0.23506178683861473,-0.2853805206670858,-0.3774078650280341,-0.3994057494620618,86.2975348700604
-0.011259905094549215,-0.4379883315961298,-0.09549371997898905,0.3786103782191796,-0.23730015285005396,-0.19242723240052892,-0.23506178683861473,0.40810079058774107,-0.3774078650280341,-0.3994057494620618,83.70773104127657
-0.42721929882707554,-0.35871528359886024,0.07391821220706697,0.3786103782191796,-0.23333482205578762,-0.1730543956541984,7.021126615034065,2.544510925883555,-0.36839090075649317,0.38857603114134814,89.72428864742642
-0.021167869971778656,-0.30659754386173005,-0.11595928531292911,0.3786103782191796,0.2578035428978294,-0.0860617384953533,-0.23261470279646848,-0.2725437793025346,0.23361956891045865,-0.3408227645543132,81.47522521921253
-0.18002342696521792,-0.3269870610185121,0.3595793870126711,0.3786103782191796,-0.19300477674920766,-0.1730543956541984,-0.2314895160388301,-0.27224515658610055,-0.27668239105917264,-0.31583011910423453,100.9582102297246
3.9772331362951885,3.2921075832987072,3.3655524864943915,-0.9962551232610641,-0.23730015285005396,-0.27630515380155485,-0.23506178683861473,0.5866247142678354,-0.3774078650280341,-0.3994057494620618,184.08144743749384
-0.40938675871089525,-0.35642643145210867,-0.28010648865722376,-1.683687874001186,-0.1905531745755445,-0.25946645513888855,-0.23261470279646848,-0.2725437793025346,0.27439939526682516,-0.3408227645543132,75.35745851449717
0.0665442066725652,-0.29533947442151093,-0.04926614633909805,-1.683687874001186,0.07024302216796093,-0.25458670245163856,0.035582642769349554,-0.1382213982441685,2.947284106696478,0.1657775309123723,84.0568744356043
-0.4381302370665563,-0.36011573043648437,-0.44451754453977976,-1.683687874001186,-0.15274455131044676,-0.24985039154270913,-0.23330919970995542,-0.18371428234236833,0.37302646926825367,-0.39410813602300454,68.73618132493615
0.30301735591695006,-0.26498754072217057,0.3642175289512649,0.3786103782191796,1.0019231505527846,0.1714162535901588,-0.05838972187484425,-0.09390417294850639,0.2724462701465056,-0.1158554225708143,100.48388981114223
