origin,destination,distance_km,co2_saved_kg,is_substitutable,cluster_kmeans,cluster_dbscan
"Aalen, Hauptbahnhof",Bahnhof Überlingen,137.80301235879767,84.22732362015894,1,0,0
"Aalen, Hauptbahnhof",Friedrichshafen Stadtbahnhof,139.95207723702694,77.996823540523,1,0,0
"Aalen, Hauptbahnhof",Ludwigshafen(Bodensee) Bahnhof,137.70287826396392,80.91856033285605,1,0,0
"Aalen, Hauptbahnhof",Radolfzell Bahnhof,148.56278798389337,80.74614840614245,1,0,0
"Aalen, Hauptbahnhof","Salem, Bahnhof",134.24714503378314,71.11084367491371,1,0,0
"Aalen, Hauptbahnhof",Singen (Htw) Bahnhof,151.9163407560318,89.2390556299333,1,0,0
"Aalen, Hauptbahnhof",Sipplingen Bahnhof,137.85545165756537,80.91613807765924,1,0,0
"Aalen, Hauptbahnhof",Uhldingen-Mühlhofen Bahnhof,137.92262364863683,84.22542467132145,1,0,0
"Aalen, Hauptbahnhof",Überlingen Bahnhof Therme,138.44309451462885,84.21716167585296,1,0,0
Aberdeen,London Euston,637.2963549703024,139.62637492953286,0,1,0
Aichstetten Bahnhof,München Hbf Gleis 24,113.8397403727203,76.71065705267962,1,0,0
Aichstetten Bahnhof,München Hbf Gleis 24,113.8397403727203,76.71065705267962,1,0,0
Aichstetten Bahnhof,Pasing Gleis 3,107.1882327412858,70.441431496379,1,0,0
Aichstetten Bahnhof,Pasing Gleis 3,107.1882327412858,70.441431496379,1,0,0
"Aitrach (Kr Ravensb), Bahnhof",München Hbf Gleis 24,112.01018476370552,69.6715701124345,1,0,0
"Aitrach (Kr Ravensb), Bahnhof",München Hbf Gleis 24,112.01018476370552,69.6715701124345,1,0,0
"Aitrach (Kr Ravensb), Bahnhof",Pasing Gleis 3,105.22087082562533,63.25939410361314,1,0,0
"Aitrach (Kr Ravensb), Bahnhof",Pasing Gleis 3,105.22087082562533,63.25939410361314,1,0,0
Albbruck Bahnhof,Friedrichshafen Hafenbahnhof,101.44281864633192,75.4159397157161,1,0,0
Albbruck Bahnhof,Friedrichshafen Stadtbahnhof,100.79148746825037,75.41651418981517,1,0,0
Albi Ville,Paris Austerlitz,547.0695210058518,141.92815307180524,1,1,0
Altona,Augsburg Hbf,580.5282387217205,107.64123163905936,1,1,0
Altona,Kufstein Bahnhof,682.0702359922998,143.13537603686973,0,1,0
Altona,München Hbf Gleis 10,612.3717062607185,112.64689965574428,0,1,0
Altona,München Hbf Gleis 12,612.4426841781553,112.64283049173764,0,1,0
Altona,München Hbf Gleis 14,612.427282339529,112.64371347914609,0,1,0
Altona,Ostbahnhof Gleis 6,614.4433928225856,112.52812986515244,0,1,0
Altona,Ostbahnhof Gleis 8,614.4582494975222,112.52727813197832,0,1,0
Altona,Pasing Gleis 9,610.121063131595,112.60247829184776,0,1,0
Altona,Rosenheim,652.3626648190935,139.69683794248306,0,1,0
Amsterdam Centraal,Innsbruck Hbf,734.988320977054,146.35353512587926,0,1,0
Amsterdam Centraal,Milano Centrale,827.9841081104923,181.26921206436657,0,1,1
Amsterdam Centraal,Wien Hbf,937.867979856593,193.67130618931924,0,1,1
Amsterdam Centraal,Zürich HB,614.0212783148834,119.71921386061568,0,1,0
Ankara,Kars,873.3727363721096,163.77559978235809,0,1,1
Ankara,Kurtalan,797.2439001981827,169.3186092726664,0,1,1
Ankara,Malatya,503.08290810052176,105.23697676087907,1,1,0
Ankara,Tatvan,827.4309412029705,173.8842716288887,0,1,1
Ankara,İstanbul Halkalı,365.302805165389,88.10450612896031,1,0,0
Ankara,İzmir Basmane,519.1685123931088,106.0771254742845,1,1,0
Arad,București Nord,418.867119159711,109.89871163462205,1,1,0
Augsburg Hbf,Altona,580.5273437977149,131.70646345484306,1,1,0
Augsburg Hbf,Hamburg Hbf,580.0462721131479,133.9685959133429,1,1,0
Augsburg Hbf,Heimenkirch,109.78452091268902,65.795026211233,1,0,0
Augsburg Hbf,Hergatz,112.15772596037696,79.99081208935065,1,0,0
Augsburg Hbf,Immenstadt,102.61306351490391,67.97815981228347,1,0,0
Augsburg Hbf,Karlsruhe Hauptbahnhof,195.29929396704543,77.37517774075513,1,0,0
Augsburg Hbf,Kufstein Bahnhof,129.03117259674832,81.78137891744021,1,0,0
Augsburg Hbf,Lindau-Insel,127.91678167384742,79.7406213208436,1,0,0
Augsburg Hbf,Lindau-Reutin,126.26370387017384,79.76686558405473,1,0,0
Augsburg Hbf,Nürnberg Hbf,120.92668008996851,74.9594444947852,1,0,0
Augsburg Hbf,Nürnberg Hbf,120.95120215977556,74.95905518240495,1,0,0
Augsburg Hbf,Oberstaufen,110.60952394583622,65.78192846307876,1,0,0
Augsburg Hbf,Paris Gare de l'Est,628.9020362900421,156.9922848216569,0,1,0
Augsburg Hbf,Rosenheim,108.06192932081876,72.89649019560127,1,0,0
Augsburg Hbf,Röthenbach (Allgäu),107.98811752856136,65.8235459113594,1,0,0
Augsburg Hbf,Strasbourg Gare Centrale,233.58252553019872,90.1687467446044,1,0,0
Augsburg Hbf,Stuttgart Hauptbahnhof (oben) Gleis 10,133.646719568114,84.20664742275335,1,0,0
Augsburg Messe Bstg 2,Heimenkirch,107.67132068759152,65.82857537800665,1,0,0
Augsburg Messe Bstg 2,Hergatz,110.146954666516,80.022735094412,1,0,0
Augsburg Messe Bstg 2,Immenstadt,100.1046644783454,68.01798315538788,1,0,0
Augsburg Messe Bstg 2,Lindau-Insel,125.90633313246497,79.77253920188659,1,0,0
Augsburg Messe Bstg 2,Lindau-Reutin,124.24165795805366,79.79896758495555,1,0,0
Augsburg Messe Bstg 2,Oberstaufen,108.28113205479232,65.81889401274097,1,0,0
Augsburg Messe Bstg 2,Röthenbach (Allgäu),105.81057932391391,65.85811650789638,1,0,0
Augsburg Morellstraße,Heimenkirch,109.34075075514788,65.80207150625412,1,0,0
Augsburg Morellstraße,Hergatz,111.77178603672776,79.99693927157851,1,0,0
Augsburg Morellstraße,Immenstadt,101.92342631681974,67.98910849244025,1,0,0
Augsburg Morellstraße,Lindau-Insel,127.53267463704034,79.74671940415995,1,0,0
Augsburg Morellstraße,Lindau-Reutin,125.87205149403334,79.77308345717833,1,0,0
Augsburg Morellstraße,Oberstaufen,110.03753381087851,65.79100937846134,1,0,0
Augsburg Morellstraße,Röthenbach (Allgäu),107.50701995076057,65.83118381650458,1,0,0
Aulendorf Bahnhof,Bad Säckingen Bahnhof,134.1886378377548,87.18647768725042,1,0,0
Aulendorf Bahnhof,Badischer Bahnhof,158.0723811977853,104.83836198543818,1,0,0
Aulendorf Bahnhof,Lauchringen Bahnhof,105.08563853565626,64.51218937029441,1,0,0
Aulendorf Bahnhof,Rheinfelden (Baden) Bahnhof,145.81659379885284,95.14820750344886,1,0,0
Aulendorf Bahnhof,Tiengen (Hochrhein) Bahnhof,108.3641604209313,64.46013955684379,1,0,0
Aulendorf Bahnhof,Waldshut Bahnhof,112.62528526698723,64.39248993878779,1,0,0
Aurillac,Paris Austerlitz,435.98858180664377,125.60759035320496,1,0,0
Bad Schussenried,Bad Säckingen Bahnhof,137.40171681101629,87.13546684547092,1,0,0
Bad Schussenried,Badischer Bahnhof,161.041837679897,104.79121889432818,1,0,0
Bad Schussenried,Rheinfelden (Baden) Bahnhof,148.91691417246983,95.09898681719731,1,0,0
Bad Schussenried,Tiengen (Hochrhein) Bahnhof,111.58405707204211,64.40902047761074,1,0,0
Bad Schussenried,Waldshut Bahnhof,115.84737542074684,64.34133603550671,1,0,0
Bad Säckingen Bahnhof,Bermatingen-Ahausen Bahnhof,106.3779034002627,70.63782781258567,1,0,0
Bad Säckingen Bahnhof,Friedrichshafen Hafenbahnhof,115.47786749335746,75.909260829439,1,0,0
Bad Säckingen Bahnhof,Friedrichshafen Stadtbahnhof,114.8330132311778,75.90982959089824,1,0,0
Bad Säckingen Bahnhof,Markdorf Bahnhof,109.34646291011283,70.63520954309799,1,0,0
Bad Säckingen Bahnhof,"Salem, Bahnhof",103.44084341055547,68.81018504554264,1,0,0
Badischer Bahnhof,Bahnhof Überlingen,118.55481153186876,77.88123612374994,1,0,0
Badischer Bahnhof,Bermatingen-Ahausen Bahnhof,131.33593947129498,90.05438918234458,1,0,0
Badischer Bahnhof,Friedrichshafen Hafenbahnhof,140.80578682797096,95.6800826977891,1,0,0
Badischer Bahnhof,Friedrichshafen Stadtbahnhof,140.1538494064175,95.68065770659491,1,0,0
Badischer Bahnhof,Ludwigshafen(Bodensee) Bahnhof,111.60004778222016,71.3750638678038,1,0,0
Badischer Bahnhof,Markdorf Bahnhof,134.39347265618358,90.0516924380755,1,0,0
Badischer Bahnhof,Radolfzell Bahnhof,103.63291535438728,71.38209087860515,1,0,0
Badischer Bahnhof,"Salem, Bahnhof",128.21517661356825,86.91308015580152,1,0,0
Badischer Bahnhof,Uhldingen-Mühlhofen Bahnhof,124.29768754706564,77.87617090710455,1,0,0
Bahnhof Überlingen,Badischer Bahnhof,118.55481153186876,77.88123612374994,1,0,0
Bahnhof Überlingen,Rheinfelden (Baden) Bahnhof,105.90449980612748,67.34090974193448,1,0,0
Bar,Zemun,324.00076837130325,101.00495300216332,1,0,0
Bergen,Oslo S,304.664381805284,103.50513775882528,1,0,0
Berlin Hbf,Budapest Nyugati,689.4958375078542,137.1710519210908,0,1,0
Berlin Hbf,Graz Hbf,623.7997096354479,114.95146501055868,0,1,0
Berlin Hbf,Paris Gare du Nord,873.8472072374328,185.46631638790296,0,1,-1
Berlin Hbf,Stockholm C,810.5934008503954,178.05566890601418,0,1,1
Berlin Hbf,Stockholm C,810.5934008503954,178.05566890601418,0,1,1
Berlin Hbf,Zürich HB,668.1718928717406,135.59241936946825,0,1,0
Berlin Ostbahnhof,Paris Est,877.2913019011203,185.2688664408338,0,1,1
Beuggen Bahnhof,Bahnhof Überlingen,103.34069068019238,67.34317102158356,1,0,0
Beuggen Bahnhof,Bermatingen-Ahausen Bahnhof,116.06021655749642,79.55262000643373,1,0,0
Beuggen Bahnhof,Friedrichshafen Stadtbahnhof,124.86675182147684,85.04226150122442,1,0,0
Beuggen Bahnhof,Markdorf Bahnhof,119.10857217464434,79.5499313567794,1,0,0
Beuggen Bahnhof,"Salem, Bahnhof",112.96642633726766,76.9543488078865,1,0,0
Beuggen Bahnhof,Uhldingen-Mühlhofen Bahnhof,109.03365099008492,67.33814983059024,1,0,0
Biberach (Riß),Bad Säckingen Bahnhof,150.4562075366277,94.59058891419934,1,0,0
Biberach (Riß),Badischer Bahnhof,173.5461380227689,110.63203633418782,1,0,0
Biberach (Riß),Erzingen (Baden) Bahnhof,112.84597270039654,71.86554165161704,1,0,0
Biberach (Riß),Lauchringen Bahnhof,121.64964230646076,71.72577459295115,1,0,0
Biberach (Riß),Rheinfelden (Baden) Bahnhof,161.71879064058683,101.6727597739196,1,0,0
Biberach (Riß),Tiengen (Hochrhein) Bahnhof,124.71989843888689,71.67703120659276,1,0,0
Biberach (Riß),Waldshut Bahnhof,128.9744224828118,71.60948638287141,1,0,0
Biberach Süd,Bad Säckingen Bahnhof,150.51775081417196,94.58961185312504,1,0,0
Biberach Süd,Badischer Bahnhof,173.73075011803837,110.62910543256332,1,0,0
Biberach Süd,Erzingen (Baden) Bahnhof,112.84144032805315,71.86561360756036,1,0,0
Biberach Süd,Rheinfelden (Baden) Bahnhof,161.83859727396987,101.670857723808,1,0,0
Biberach Süd,Tiengen (Hochrhein) Bahnhof,124.7551768822576,71.67647112602582,1,0,0
Biberach Süd,Waldshut Bahnhof,129.01320728621693,71.60887063533255,1,0,0
Bielsko-Biała Gł.,Świnoujście,559.173648330782,99.8514899061957,1,1,0
Bielsko-Biała Główna,Kołobrzeg,540.2059303082054,95.31904607714704,1,1,0
Bistrița Nord,București Nord,323.07934733505,85.46581862243495,1,0,0
Blaubeuren,Donaueschingen Bahnhof,108.45611309388237,66.80473026542694,1,0,0
Blaubeuren,Geisingen Bahnhof,100.10180726261356,70.10522019560739,1,0,0
Blaustein Gleis 1,Donaueschingen Bahnhof,117.38936892916776,69.4945969474094,1,0,0
Blaustein Gleis 1,Geisingen Bahnhof,108.7767856272184,71.84511012762763,1,0,0
Bobingen,Hergatz,102.069313949782,66.2675248162342,1,0,0
Bobingen,Lindau-Insel,117.81395909938952,66.01756282983904,1,0,0
Bobingen,Lindau-Reutin,116.13483724919116,66.04422056833279,1,0,0
Bodø,Trondheim,466.18318685514294,98.9560119379782,1,0,-1
Bohumín,Hel,524.6208669884766,111.97904512255244,1,1,0
Bohumín,Łeba,542.7448652242813,102.32868930813414,1,1,0
Bolzano / Bozen,Roma Termini,519.0967485415856,131.10731855576813,1,1,0
Bratislava Nové Mesto,Split,521.7998892278248,129.18660655076874,1,1,0
Bratislava hl.st.,Humenné,363.1634335745456,106.13111299925076,1,0,0
Brașov,Budapest Keleti,538.0143949699024,119.20330284061794,1,1,0
Bregenz,Wien Hbf (Autoreisezuganlage),500.954653388415,139.6069582132322,1,1,0
Briançon,Paris Austerlitz,546.0006851829762,125.96657857484917,1,1,0
Buchloe,Nürnberg Hbf,159.27921038847057,105.44927865479256,1,0,0
Buchloe,Treuchtlingen,104.09051479160762,69.40315488224755,1,0,0
București Nord,Arad,418.867119159711,106.2043036436334,1,1,0
București Nord,Bistrița Nord,323.07934733505,85.46581862243495,1,0,0
București Nord,Budapest Keleti,637.6817691986246,138.13616184491116,0,1,0
București Nord,Chişinău,357.95964565572797,92.9367087286752,1,0,0
București Nord,Cluj-Napoca,323.9890934914132,84.47030165309607,1,0,0
București Nord,Iași,323.841447701412,85.25127204230607,1,0,0
București Nord,Oradea,433.6380428042795,108.00368338585936,1,1,0
București Nord,Satu Mare,445.75838388999847,108.55844179198168,1,1,0
București Nord,Sighetu Marmației,422.9160407266909,102.98706208470236,1,1,0
București Nord,Vatra Dornei Băi,327.293847266987,87.36205197772756,1,0,0
București Nord,Wien Hbf,852.0070230476704,183.4206273989666,0,1,1
București Nord,İstanbul Halkalı,439.9977264500113,74.57186281614227,1,0,0
Budapest Déli,Koper,459.3843013946976,80.83405487600197,1,0,0
Budapest Déli,Rijeka,426.7727575939667,107.10057467367002,1,1,0
Budapest Keleti,Brașov,538.0143949699024,123.94858980425246,1,1,0
Budapest Keleti,București Nord,637.6817691986246,143.760515049243,0,1,0
Budapest Keleti,Split,489.599545109085,83.12798554279577,1,1,0
Budapest Keleti,Stuttgart Hbf,747.9209404467774,153.3600752454834,0,1,0
Budapest Keleti,Zürich HB,792.5146364909679,177.84856702631714,0,1,1
Budapest Nyugati,Berlin Hbf,689.4958375078542,147.50935250868355,0,1,0
Budapest Nyugati,Warszawa Centralna,542.7084276088339,122.56255862275356,1,1,0
Budapest-Keleti,București Nord,637.6911655423157,143.7601172456365,0,1,0
Budapest-Nyugati,Berlin Hbf,689.5151221159268,147.5085360755162,0,1,0
Cerbère,Paris Austerlitz,714.240059971162,158.84795312400897,0,1,-1
Chelm,Świnoujście,695.1090393829659,108.391696439993,0,1,-1
Chişinău,București Nord,357.95964565572797,92.9367087286752,1,0,0
Chop,Praha hl.n.,592.6851238033265,126.64699907909451,1,1,0
Cluj-Napoca,București Nord,323.9890934914132,84.47030165309607,1,0,0
Cluj-Napoca,Iași,307.55640211776995,106.23772072852088,1,0,0
Constanța,Oradea,612.2290490739184,121.55284151541488,0,1,0
Constanța,Suceava Nord,431.7553521686727,74.14209377364946,1,0,0
Donaueschingen Bahnhof,Blaubeuren,108.45642000521116,62.30877295800666,1,0,0
Donaueschingen Bahnhof,Blaustein Gleis 2,117.41964956453032,64.62660205899434,1,0,0
Donaueschingen Bahnhof,Gerhausen,109.15787487983287,62.268558550044595,1,0,0
Donaueschingen Bahnhof,Herrlingen,116.10056117368684,61.87053434481795,1,0,0
Donaueschingen Bahnhof,Schelklingen,103.0268002437126,61.054685981664946,1,0,0
Donaueschingen Bahnhof,Schmiechen,101.66597883186908,61.13270187320594,1,0,0
Donaueschingen Bahnhof,Ulm Hbf,120.90965713213524,64.42651992514355,1,0,0
Donauwörth,Heimenkirch,136.80127192426366,80.89601826244927,1,0,0
Donauwörth,Hergatz,137.79727384873746,93.75129458292156,1,0,0
Donauwörth,Immenstadt,134.91918085097353,85.90497450132621,1,0,0
Donauwörth,Kempten (Allgäu) Hbf,116.40580801121766,75.92519586275753,1,0,0
Donauwörth,Lindau-Reutin,151.63993166569168,93.53152854741958,1,0,0
Donauwörth,Oberstaufen,140.37309676558797,80.83931197126842,1,0,0
Donauwörth,Röthenbach (Allgäu),135.8779525953176,80.91067688011562,1,0,0
Duved,Malmö C,865.1546994025,235.3905913371986,0,1,-1
Duved,Stockholm C,527.6870120417353,137.00283926338582,1,1,0
Düsseldorf Hbf,Innsbruck Hbf,552.5777240085893,122.96590815470584,1,1,0
Düsseldorf Hbf,Villach Hbf,725.8230618512234,144.8795228504848,0,1,0
Edinburgh Waverley,London Euston,531.3807187308821,120.31259625801604,1,1,0
Edirne,Villach Hbf,1154.2618380191282,99.08886599079288,0,1,-1
Enzisweiler,Esslingen (N) Gleis 3,133.36410621718568,85.01191166182856,1,0,0
Enzisweiler,Geislingen (Steige) Gleis 2,118.04560621159716,76.94739229140202,1,0,0
Enzisweiler,Göppingen Gleis 4,126.31081103480663,75.59321431405864,1,0,0
Enzisweiler,Plochingen Gleis 1,129.1285924113172,85.01564738500534,1,0,0
Enzisweiler,Stuttgart Hauptbahnhof (oben) Gleis 11,140.3460764464158,93.32537709355807,1,0,0
Enzisweiler,Stuttgart Hauptbahnhof (oben) Gleis 13,140.3460764464158,93.32537709355807,1,0,0
Eriskirch Bahnhof,Esslingen (N) Gleis 3,124.56873208110314,78.1680783191445,1,0,0
Eriskirch Bahnhof,Geislingen (Steige) Gleis 2,112.61477023983744,73.4672528395554,1,0,0
Eriskirch Bahnhof,Geislingen (Steige) Gleis 3,112.62134663918356,73.46724703917118,1,0,0
Eriskirch Bahnhof,Göppingen Gleis 4,119.51360273503931,70.5286727839467,1,0,0
Eriskirch Bahnhof,Plochingen Gleis 1,120.89560308537772,78.17131801891874,1,0,0
Eriskirch Bahnhof,Stuttgart Hauptbahnhof (oben) Gleis 11,131.05726323264034,86.06057691470568,1,0,0
Eriskirch Bahnhof,Stuttgart Hauptbahnhof (oben) Gleis 13,131.05726323264034,86.06057691470568,1,0,0
Eriskirch Bahnhof,Stuttgart Hauptbahnhof (oben) Gleis 14,131.0578083424321,86.06057643391884,1,0,0
Esslingen (N) Gleis 5,Enzisweiler,133.36192169966148,77.48389983247053,1,0,0
Esslingen (N) Gleis 5,Eriskirch Bahnhof,124.5614823112438,71.13683815993643,1,0,0
Esslingen (N) Gleis 5,Friedrichshafen Stadtbahnhof,121.36365182154807,71.32016978191068,1,0,0
Esslingen (N) Gleis 5,Kressbronn Bahnhof,129.1701054862711,77.7242166559842,1,0,0
Esslingen (N) Gleis 5,Langenargen Bahnhof,127.9468644265093,70.94275420326827,1,0,0
Esslingen (N) Gleis 5,Lindau-Aeschach,134.19438211122863,77.43617487707539,1,0,0
Esslingen (N) Gleis 5,Lindau-Reutin,135.2117135104453,77.37785126795829,1,0,0
Esslingen (N) Gleis 5,Meckenbeuren Bahnhof,117.0656204545624,71.56657592017997,1,0,0
Esslingen (N) Gleis 5,Nonnenhorn,131.41454689086078,77.59554283025906,1,0,0
Esslingen (N) Gleis 5,Ravensburg Bahnhof,108.4785150870255,60.9413736644822,1,0,0
Esslingen (N) Gleis 5,Wasserburg (Bodensee),132.14688490925818,77.55355789166435,1,0,0
Friedrichshafen Stadtbahnhof,"Aalen, Hauptbahnhof",139.98370445856744,80.09523709140558,1,0,0
Friedrichshafen Stadtbahnhof,Albbruck Bahnhof,100.80647476203784,75.41650097102206,1,0,0
Friedrichshafen Stadtbahnhof,Amstetten (Württ),107.06213929398376,64.76612109039819,1,0,0
Friedrichshafen Stadtbahnhof,Bad Säckingen Bahnhof,114.82601543062388,75.90983576295834,1,0,0
Friedrichshafen Stadtbahnhof,Badischer Bahnhof,140.15198418763168,95.68065935171788,1,0,0
Friedrichshafen Stadtbahnhof,Ebersbach (F) Gleis 2,118.28161592819012,70.52975939631035,1,0,0
Friedrichshafen Stadtbahnhof,Esslingen (N) Gleis 3,121.38700794167366,78.17088459983547,1,0,0
Friedrichshafen Stadtbahnhof,Geislingen (Steige) Gleis 2,110.84626446052906,73.46881266165275,1,0,0
Friedrichshafen Stadtbahnhof,Geislingen (Steige) Gleis 3,110.85570067737838,73.4688043389095,1,0,0
Friedrichshafen Stadtbahnhof,Giengen (Brenz),121.53951352696602,76.34061031277216,1,0,0
Friedrichshafen Stadtbahnhof,Gingen (F) Gleis 2,114.45651731616572,73.46562841863408,1,0,0
Friedrichshafen Stadtbahnhof,Göppingen Gleis 4,117.1727415081429,70.53073742354883,1,0,0
Friedrichshafen Stadtbahnhof,Heidenheim (Brenz),124.95603460256758,77.9014219251849,1,0,0
Friedrichshafen Stadtbahnhof,Kuchen Gleis 2,112.48129690822525,73.46737056303388,1,0,0
Friedrichshafen Stadtbahnhof,Langenau (Württ),105.25188629786628,68.72727115017724,1,0,0
Friedrichshafen Stadtbahnhof,Laufenburg (Baden) Ost Bahnhof,105.40351530536084,75.91814640806882,1,0,0
Friedrichshafen Stadtbahnhof,"Oberkochen, Bahnhof",134.07403493412627,80.10044941992614,1,0,0
Friedrichshafen Stadtbahnhof,Plochingen Gleis 1,117.95562056455488,78.1739110835021,1,0,0
Friedrichshafen Stadtbahnhof,Reichenbach (F) Gleis 2,117.30431409953152,68.52905956946543,1,0,0
Friedrichshafen Stadtbahnhof,Rheinfelden (Baden) Bahnhof,127.09165228131144,85.04029913901884,1,0,0
Friedrichshafen Stadtbahnhof,Sontheim (Brenz),117.39090983186986,75.59945321471034,1,0,0
Friedrichshafen Stadtbahnhof,Stuttgart Hauptbahnhof (oben) Gleis 11,127.65956358024194,86.06357368579908,1,0,0
Friedrichshafen Stadtbahnhof,Stuttgart Hauptbahnhof (oben) Gleis 12,127.65956358024194,86.06357368579908,1,0,0
Friedrichshafen Stadtbahnhof,Stuttgart Hauptbahnhof (oben) Gleis 13,127.65492577625218,86.0635777763422,1,0,0
Friedrichshafen Stadtbahnhof,Stuttgart Hauptbahnhof (oben) Gleis 14,127.6446373522191,86.06358685073221,1,0,0
Friedrichshafen Stadtbahnhof,Stuttgart Hauptbahnhof (oben) Gleis 3,127.6446373522191,86.06358685073221,1,0,0
Friedrichshafen Stadtbahnhof,Stuttgart Hauptbahnhof (oben) Gleis 9,127.6446373522191,86.06358685073221,1,0,0
Friedrichshafen Stadtbahnhof,Süßen Gleis 3,116.56250554411736,73.46377093701703,1,0,0
Friedrichshafen Stadtbahnhof,Uhingen Gleis 2,117.66853838969269,70.5303001306993,1,0,0
Friedrichshafen Stadtbahnhof,Westerstetten,102.56489736166856,64.77008765778248,1,0,0
Gare de Abancourt,Gare de Douai,121.04214810077254,70.01082258947396,1,0,0
Gare de Abancourt,Gare de Lille Flandres,140.34803448212614,90.32022434531147,1,0,0
Gare de Achiet,Gare de Montérolier - Buchy,119.11196414056704,81.39897991545611,1,0,0
Gare de Achiet,Gare de Morgny,129.12585780649314,80.41305888402738,1,0,0
Gare de Achiet,Gare de Rouen Rive Droite,142.89633491237322,80.1458565462649,1,0,0
Gare de Albert,Gare de Longuerue - Vieux-Manoir,110.18241632096364,80.7806374226126,1,0,0
Gare de Albert,Gare de Montérolier - Buchy,104.091917755095,81.6904288955198,1,0,0
Gare de Albert,Gare de Morgny,113.78884109993614,80.71065835620142,1,0,0
Gare de Albert,Gare de Rouen Rive Droite,127.47731657982725,80.44504717798961,1,0,0
Gare de Alençon,Gare de Saint-Pierre-des-Corps,125.47063305884618,77.18766462319338,1,2,0
Gare de Alençon,Gare de Tours,124.25069765639644,77.19734847041802,1,0,0
Gare de Amboise,Gare de Ancenis,162.64896729222335,101.3991798698197,1,0,0
Gare de Amboise,Gare de Angers Saint-Laud,115.80121674819208,72.99797486800192,1,0,0
Gare de Amboise,Gare de Batz-sur-Mer,261.1530142980163,97.97247697381904,1,0,0
Gare de Amboise,Gare de La Baule les Pins,252.5605385309297,98.04068404645818,1,0,0
Gare de Amboise,Gare de La Baule-Escoublac,254.3438923024764,98.02652778421964,1,0,0
Gare de Amboise,Gare de Le Croisic,263.2133282109692,97.95612220197802,1,0,0
Gare de Amboise,Gare de Le Pouliguen,257.6991821862513,97.99989349312224,1,0,0
Gare de Amboise,Gare de Nantes,191.58577335839283,76.69990019487322,1,0,0
Gare de Amboise,Gare de Pornichet,251.1785769460136,98.05165405751924,1,0,0
Gare de Amboise,Gare de Saint-Nazaire,240.97028165950857,92.21058934407868,1,0,0
Gare de Amboise,Gare de Savenay,220.8749125149457,88.06905114562466,1,0,0
Gare de Amiens,Gare de Rouen Rive Droite,100.24579146241774,64.98803586140686,1,0,0
Gare de Ancenis,Gare de Amboise,162.64896729222335,101.3991798698197,1,0,0
Gare de Ancenis,Gare de Beaugency,215.1726727797946,83.00953417385908,1,0,0
Gare de Ancenis,Gare de Blois - Chambord,189.5211651066743,114.95828319389938,1,0,0
Gare de Ancenis,Gare de Cinq-Mars-la-Pile,123.25149393041268,71.48194046065584,1,0,0
Gare de Ancenis,Gare de La Suze,107.35304870450578,75.79281534062407,1,0,0
Gare de Ancenis,Gare de Langeais,119.7083054973186,71.51006629043773,1,0,0
Gare de Ancenis,Gare de Le Mans,123.98774242632932,75.66076914186024,1,0,0
Gare de Ancenis,Gare de Mer,204.9269735280253,83.09086453451962,1,0,0
Gare de Ancenis,Gare de Meung-sur-Loire,221.1646772361008,84.83201013443943,1,0,0
Gare de Ancenis,Gare de Onzain - Chaumont-sur-Loire,178.32767535961003,115.04713711551156,1,0,0
Gare de Ancenis,Gare de Orléans,238.53537143257515,98.54523705823874,1,0,0
Gare de Ancenis,Gare de Saint-Pierre-des-Corps,143.17104836412358,90.8306289336662,1,2,0
Gare de Ancenis,Gare de Tours,140.86065478534013,90.84896883789456,1,0,0
Gare de Angers Maître École,Gare de Batz-sur-Mer,148.02054395011527,87.73982896059775,1,0,0
Gare de Angers Maître École,Gare de La Baule les Pins,139.48190559676507,87.80760867184664,1,0,0
Gare de Angers Maître École,Gare de La Baule-Escoublac,141.20777507702854,87.79390871991231,1,0,0
Gare de Angers Maître École,Gare de Le Croisic,149.99580813538762,87.72414931349505,1,0,0
Gare de Angers Maître École,Gare de Le Pouliguen,144.582719401939,87.76711841186116,1,0,0
Gare de Angers Maître École,Gare de Pornichet,138.22865640182744,87.81755696395605,1,0,0
Gare de Angers Maître École,Gare de Saint-Nazaire,127.9793953692838,78.41928317676175,1,0,0
Gare de Angers Maître École,Gare de Savenay,107.4196073474612,70.37709548830132,1,0,0
Gare de Angers Saint-Laud,Gare de Amboise,115.80121674819208,72.99797486800192,1,0,0
Gare de Angers Saint-Laud,Gare de Batz-sur-Mer,146.17324467701118,87.75449282222765,1,0,0
Gare de Angers Saint-Laud,Gare de Beaugency,167.26302364897745,101.7885437580674,1,0,0
Gare de Angers Saint-Laud,Gare de Blois - Chambord,141.83601158421044,84.81961948308314,1,0,0
Gare de Angers Saint-Laud,Gare de La Baule les Pins,137.6345007464922,87.8222733715481,1,0,0
Gare de Angers Saint-Laud,Gare de La Baule-Escoublac,139.3604489398111,87.80857279478954,1,0,0
Gare de Angers Saint-Laud,Gare de Le Croisic,148.14876860615473,87.7388111132781,1,0,0
Gare de Angers Saint-Laud,Gare de Le Pouliguen,142.7353749003057,87.78178263251513,1,0,0
Gare de Angers Saint-Laud,Gare de Mer,157.03821353576552,101.86970830074608,1,0,0
Gare de Angers Saint-Laud,Gare de Meung-sur-Loire,173.27380497566878,104.46761299315592,1,0,0
Gare de Angers Saint-Laud,Gare de Onzain - Chaumont-sur-Loire,131.0146559588578,84.9055194040372,1,0,0
Gare de Angers Saint-Laud,Gare de Orléans,190.6900933952656,78.81603108555784,1,0,0
Gare de Angers Saint-Laud,Gare de Pornichet,136.38129542805925,87.83222131536583,1,0,0
Gare de Angers Saint-Laud,Gare de Rennes,109.53651231033768,66.32121929981302,1,0,0
Gare de Angers Saint-Laud,Gare de Saint-Nazaire,126.1320278831638,78.43394757986657,1,0,0
Gare de Angers Saint-Laud,Gare de Savenay,105.57339467157422,70.39175072452251,1,0,0
Gare de Argentan,Gare de Château-du-Loir,121.78396072739858,78.71976451413308,1,2,-1
Gare de Argentan,Gare de Folligny,101.75592653493317,73.8621663276751,1,0,0
Gare de Argentan,Gare de Granville,114.9850170189044,73.75715380741333,1,0,0
Gare de Argentan,Gare de Paris Montparnasse Hall 1 - 2,172.21991062098007,102.23755967523913,1,0,0
Gare de Argentan,Gare de Paris Montparnasse Vaugirard,172.21991062098007,102.23755967523913,1,0,0
Gare de Argentan,Gare de Saint-Pierre-des-Corps,160.34438310396112,96.169073694601,1,2,0
Gare de Argentan,Gare de Tours,159.17521391056027,96.17835455965825,1,0,0
Gare de Argentan,Gare de Versailles Chantiers,158.51685489289568,96.10667008651286,1,2,0
Gare de Arras,Gare de Longuerue - Vieux-Manoir,134.8425159019506,97.69512352256903,1,0,0
Gare de Arras,Gare de Montérolier - Buchy,128.35714774997408,95.47291029372498,1,0,0
Gare de Arras,Gare de Morgny,138.79698613364403,97.61839098219326,1,0,0
Gare de Arras,Gare de Rouen Rive Droite,152.59929710635038,97.35057094007888,1,0,0
Gare de Audrieu,Gare de Dol-de-Bretagne,112.73255503877326,72.31303310465758,1,0,0
Gare de Audrieu,Gare de Pontchaillou,146.14700544124057,98.24247428566645,1,0,0
Gare de Audrieu,Gare de Rennes,146.82964317548848,98.237055507332,1,0,0
Gare de Auffay,Gare de Paris Saint-Lazare,128.98025517967406,89.72428864742642,1,0,0
Gare de Auray,Gare de Brest,135.32916459634853,95.01812827557728,1,0,0
Gare de Auray,Gare de Nantes,121.05080006509672,66.20308156896402,1,0,0
Gare de Batz-sur-Mer,Gare de Amboise,261.1530142980163,97.97247697381904,1,0,0
Gare de Batz-sur-Mer,Gare de Angers Saint-Laud,146.17324467701118,87.75449282222765,1,0,0
Gare de Batz-sur-Mer,Gare de Beaugency,313.0748992752962,118.07711034622776,1,0,0
Gare de Batz-sur-Mer,Gare de Blois - Chambord,287.9934341711524,106.71359018869693,1,0,0
Gare de Batz-sur-Mer,Gare de Le Mans,215.34575412117556,80.730813414478,1,0,0
Gare de Batz-sur-Mer,Gare de Mer,303.08836014902613,118.15638349381209,1,0,0
Gare de Batz-sur-Mer,Gare de Meung-sur-Loire,318.8455368455178,119.81595584795323,1,0,0
Gare de Batz-sur-Mer,Gare de Onzain - Chaumont-sur-Loire,276.8861712352258,106.8017596418823,1,0,0
Gare de Batz-sur-Mer,Gare de Orléans,335.9406990091849,105.45531793181271,1,0,0
Gare de Batz-sur-Mer,Gare de Sablé-sur-Sarthe,172.03462542193543,93.49729734175918,1,0,0
Gare de Batz-sur-Mer,Gare de Saint-Pierre-des-Corps,241.60096499767744,91.6098075475266,1,2,0
Gare de Batz-sur-Mer,Gare de Saumur,181.62566427994855,106.57521413838968,1,0,0
Gare de Batz-sur-Mer,Gare de Tours,239.30257926176404,91.62805213349829,1,0,0
Gare de Bayeux,Gare de Dol-de-Bretagne,111.46122038792788,68.49456008583994,1,0,0
Gare de Bayeux,Gare de Mantes-la-Jolie,177.47328474790248,116.21637966729509,1,2,-1
Gare de Bayeux,Gare de Paris Saint-Lazare,224.5249043032911,94.66229988676383,1,0,0
Gare de Bayeux,Gare de Pontchaillou,147.2886781142356,96.83307609574533,1,0,0
Gare de Bayeux,Gare de Rennes,148.1016495413439,96.82662272855694,1,0,0
Gare de Bayeux,Gare de Évreux Normandie,137.26494704218797,95.64365558714888,1,0,0
Gare de Beaugency,Gare de Ancenis,215.1726727797946,83.00953417385908,1,0,0
Gare de Beaugency,Gare de Angers Saint-Laud,167.26302364897745,101.7885437580674,1,0,0
Gare de Beaugency,Gare de Batz-sur-Mer,313.0748992752962,118.07711034622776,1,0,0
Gare de Beaugency,Gare de La Baule les Pins,304.59931021641313,118.14438957217718,1,0,0
Gare de Beaugency,Gare de La Baule-Escoublac,306.28112988529045,118.13103928764562,1,0,0
Gare de Beaugency,Gare de Le Croisic,314.9773854616025,118.06200841088086,1,0,0
Gare de Beaugency,Gare de Le Pouliguen,309.6591720040533,118.10422438930688,1,0,0
Gare de Beaugency,Gare de Nantes,246.01434516349244,98.32522027043836,1,0,0
Gare de Beaugency,Gare de Pornichet,303.4236725879091,118.15372178367224,1,0,0
Gare de Beaugency,Gare de Saint-Nazaire,293.1813721314846,112.26726517353411,1,0,0
Gare de Beaugency,Gare de Saumur,139.46681317824778,87.7745439981839,1,0,0
Gare de Beaugency,Gare de Savenay,272.3611219267663,107.3645822078804,1,0,0
Gare de Beaumont-le-Roger,Gare de Paris Saint-Lazare,115.4373244300982,87.14055915285363,1,0,0
Gare de Bernay,Gare de Carentan,135.871910000843,95.9408735973669,1,0,0
Gare de Bernay,Gare de Cherbourg,171.6726291417892,100.9582102297246,1,0,0
Gare de Bernay,Gare de Lison,120.70099630863496,64.79913086329928,1,2,-1
Gare de Bernay,Gare de Paris Saint-Lazare,128.38102168807436,87.0378120840198,1,0,0
Gare de Bernay,Gare de Valognes,157.52773906408422,101.07049236716144,1,0,0
Gare de Blois - Chambord,Gare de Ancenis,189.5211651066743,114.95828319389938,1,0,0
Gare de Blois - Chambord,Gare de Angers Saint-Laud,141.83601158421044,84.81961948308314,1,0,0
Gare de Blois - Chambord,Gare de Batz-sur-Mer,287.9934341711524,106.71359018869693,1,0,0
Gare de Blois - Chambord,Gare de La Baule les Pins,279.4424485986885,106.78146791217114,1,0,0
Gare de Blois - Chambord,Gare de La Baule-Escoublac,281.1789507720268,106.76768355791916,1,0,0
Gare de Blois - Chambord,Gare de Le Croisic,289.979510648645,106.6978247136186,1,0,0
Gare de Blois - Chambord,Gare de Le Pouliguen,284.55196765932897,106.74090854986775,1,0,0
Gare de Blois - Chambord,Gare de Nantes,219.524010470536,86.06306693301501,1,0,0
Gare de Blois - Chambord,Gare de Pornichet,278.160049726904,106.79164759441537,1,0,0
Gare de Blois - Chambord,Gare de Saint-Nazaire,267.9142743307845,100.91191551233824,1,0,0
Gare de Blois - Chambord,Gare de Saumur,110.69243451109666,66.62836337174876,1,0,0
Gare de Blois - Chambord,Gare de Savenay,247.408926191244,96.40917261700535,1,0,0
Gare de Bournezeau,Gare de Langeais,141.78193767290085,96.10977228848267,1,0,0
Gare de Bournezeau,Gare de Saumur,108.497086769917,72.26958561794551,1,0,0
Gare de Bournezeau,Gare de Tours,163.88966102050065,113.53140187276814,1,0,0
Gare de Brest,Gare de Auray,135.32916459634853,95.01812827557728,1,0,0
Gare de Brest,Gare de Broons,165.93735854431398,108.24138617562716,1,0,0
Gare de Brest,Gare de Caulnes,172.21421823100502,108.1915604634342,1,0,0
Gare de Brest,Gare de Guingamp,100.31662573459631,67.75207384905515,1,0,0
Gare de Brest,Gare de Lamballe,145.52500813023016,73.11182092720834,1,0,0
Gare de Brest,Gare de Lorient,108.58434775118924,66.78805009490766,1,0,0
Gare de Brest,Gare de Montauban-de-Bretagne,180.93945967852852,112.52443747653956,1,0,0
Gare de Brest,Gare de Montfort-sur-Meu,189.3870146950316,112.45738078481858,1,0,0
Gare de Brest,Gare de Nantes,255.09699050524603,100.48388981114223,1,0,0
Gare de Brest,Gare de Plestan,150.47813031863896,108.36410152928256,1,0,0
Gare de Brest,Gare de Plénée-Jugon,156.98473343471306,108.31245211374716,1,0,0
Gare de Brest,Gare de Quédillac,173.35066631635277,112.58467731824852,1,0,0
Gare de Brest,Gare de Redon,195.8335571106044,77.2566474850432,1,0,0
Gare de Brest,Gare de Rennes,210.2713901975119,80.1739319170333,1,0,0
Gare de Brest,Gare de Saint-Brieuc,127.21282621091528,73.25718302728387,1,0,0
Gare de Brest,Gare de Vannes,151.5328576379902,94.88950336021271,1,0,0
Gare de Brest,Gare de Yffiniac,135.17363818106392,73.19399010186483,1,0,0
Gare de Bretoncelles,Gare de Angers Maître École,150.96705304417296,98.30877813040982,1,0,0
Gare de Bretoncelles,Gare de Angers Saint-Laud,152.42907944836756,98.29717256481332,1,0,0
Gare de Bretoncelles,Gare de Le Vieux Briollay,139.9775589619674,98.39601273443436,1,0,0
Gare de Bretoncelles,Gare de Morannes,124.20030825381046,87.52543194999781,1,0,0
Gare de Bretoncelles,Gare de Sablé-sur-Sarthe,112.72813042237532,87.61649809762375,1,0,0
Gare de Bretoncelles,Gare de Tiercé,135.9107362573752,92.9363291246499,1,0,0
Gare de Bretoncelles,Gare de Étriché - Châteauneuf,132.53094504464093,92.9631579072966,1,0,0
Gare de Bretteville - Norrey,Gare de Dol-de-Bretagne,116.47576126856552,72.28331953360549,1,0,0
Gare de Bretteville - Norrey,Gare de Pontchaillou,148.45366114662124,98.22416405267714,1,0,0
Gare de Bretteville - Norrey,Gare de Pontorson - Mont-Saint-Michel,102.4655218253448,64.86069232178197,1,0,0
Gare de Bretteville - Norrey,Gare de Rennes,149.05525633712557,98.21938859005492,1,0,0
Gare de Briouze,Gare de Dreux,127.57424357000814,91.0371979200491,1,0,0
Gare de Briouze,Gare de Nonancourt,114.76714515329002,86.36564226153243,1,0,0
Gare de Briouze,Gare de Paris Montparnasse Hall 1 - 2,197.63884949184765,81.06022788281788,1,0,0
Gare de Briouze,Gare de Paris Montparnasse Vaugirard,197.63884949184765,81.06022788281788,1,0,0
Gare de Briouze,Gare de Versailles Chantiers,183.88228748337255,77.17807645604297,1,2,0
Gare de Bréauté - Beuzeville,Gare de Paris Saint-Lazare,160.37265547333678,103.94016416960508,1,0,0
Gare de Caen,Gare de Château-du-Loir,175.28855456841043,116.79212707551484,1,2,-1
Gare de Caen,Gare de Dol-de-Bretagne,124.38820815543788,72.2205105302175,1,0,0
Gare de Caen,Gare de La Bonneville-sur-Iton,102.84339359826804,78.10863088399721,1,2,0
Gare de Caen,Gare de La Guierche,124.634608755515,73.73450496996367,1,0,0
Gare de Caen,Gare de La Hutte Coulombiers,102.61077441584088,68.93750980513099,1,0,0
Gare de Caen,Gare de Le Mans,137.1725331885832,91.84441255622858,1,0,0
Gare de Caen,Gare de Mantes-la-Jolie,150.79839043665098,99.08683625232136,1,2,0
Gare de Caen,Gare de Montbizot,120.64229566612252,73.76619595126726,1,0,0
Gare de Caen,Gare de Neuville,129.3766077123356,91.90629661265903,1,0,0
Gare de Caen,Gare de Paris Saint-Lazare,197.71481218340045,83.85872210540886,1,0,0
Gare de Caen,Gare de Pontchaillou,153.53468929632265,98.1838308512248,1,0,0
Gare de Caen,Gare de Pontorson - Mont-Saint-Michel,109.42923147183495,64.80541439460814,1,0,0
Gare de Caen,Gare de Rennes,153.97905768372388,98.18030345496562,1,0,0
Gare de Caen,Gare de Rouen Rive Droite,108.80825026055444,76.61090932503612,1,0,0
Gare de Caen,Gare de Saint-Pierre-des-Corps,214.25650217709892,84.0568744356043,1,2,0
Gare de Caen,Gare de Teillé,117.50542660530364,73.79109641787204,1,0,0
Gare de Caen,Gare de Tours,213.03864280728325,84.0665418032819,1,0,0
Gare de Caen,Gare de Vivoin - Beaumont,111.24119531100509,73.84082188588619,1,0,0
Gare de Caen,Gare de Écommoy,157.02962539466785,91.68678695829668,1,0,0
Gare de Caen,Gare de Évreux Normandie,110.40817099289217,78.04858168103868,1,0,0
Gare de Carentan,Gare de Bernay,135.871910000843,95.9408735973669,1,0,0
Gare de Carentan,Gare de Lisieux,108.74503317389018,76.33462415815005,1,0,0
Gare de Carentan,Gare de Mantes-la-Jolie,217.23336649406127,92.138879447478,1,2,0
Gare de Carentan,Gare de Paris Saint-Lazare,264.2433370388036,114.16739366476936,1,0,0
Gare de Carentan,Gare de Évreux Normandie,176.94797976635206,78.98242307979415,1,0,0
Gare de Cerizay,Gare de Tours,121.02621777828392,77.80864187722064,1,0,0
Gare de Cesson-Sévigné,Gare de Le Mans,134.02604237425757,91.75297034331248,1,0,0
Gare de Cesson-Sévigné,Gare de Sillé-le-Guillaume,109.56704866306592,71.05966419615343,1,0,0
Gare de Champagné,Gare de Maintenon,112.21797162862347,77.41974166873227,1,2,0
Gare de Champagné,Gare de Paris Montparnasse Hall 1 - 2,172.58487467327257,110.2884903769816,1,0,0
Gare de Champagné,Gare de Rambouillet,130.54499841252272,84.41463081156427,1,2,0
Gare de Champagné,Gare de Versailles Chantiers,158.43704484589446,106.49821530265407,1,2,0
Gare de Champagné,Gare de Épernon,118.91564892391554,84.50694458780482,1,2,0
Gare de Champtocé-sur-Loire,Gare de Le Mans,102.67700082522887,64.77694345192464,1,0,0
Gare de Chantonnay,Gare de Langeais,131.4803711242695,77.78452417240425,1,0,0
Gare de Chantonnay,Gare de Tours,153.5471391948048,95.0183440384063,1,0,0
Gare de Chartres,Gare de Angers Maître École,185.43825198040423,116.0066902806827,1,0,0
Gare de Chartres,Gare de Angers Saint-Laud,187.0590623922668,115.99382428763334,1,0,0
Gare de Chartres,Gare de La Suze,124.33540101898916,71.43702034900465,1,0,0
Gare de Chartres,Gare de Le Mans,107.92093783650158,71.56731835774724,1,0,0
Gare de Chartres,Gare de Le Vieux Briollay,175.5117421612042,116.08548691562753,1,0,0
Gare de Chartres,Gare de Morannes,161.60964757343433,107.0467457144274,1,0,0
Gare de Chartres,Gare de Noyen,133.4017350874042,89.71286121480381,1,0,0
Gare de Chartres,Gare de Sablé-sur-Sarthe,151.1497486527518,107.12977639205975,1,0,0
Gare de Chartres,Gare de Tiercé,171.95356331193508,110.04777484596764,1,0,0
Gare de Chartres,Gare de Voivres,118.4185062928538,71.48398865934071,1,0,0
Gare de Chartres,Gare de Étriché - Châteauneuf,169.06241352575483,110.07072479297034,1,0,0
Gare de Cherbourg,Gare de Bernay,171.6726291417892,100.9582102297246,1,0,0
Gare de Cherbourg,Gare de Lisieux,144.96059190123708,82.60000654134086,1,0,0
Gare de Cherbourg,Gare de Mantes-la-Jolie,251.40603229375097,93.66778166263929,1,2,0
Gare de Cherbourg,Gare de Paris Saint-Lazare,298.52481352080196,115.85838689811398,1,0,0
Gare de Cherbourg,Gare de Évreux Normandie,212.127475289548,81.65200981548635,1,0,0
Gare de Château-du-Loir,Gare de Argentan,121.78396072739858,78.71976451413308,1,0,-1
Gare de Château-du-Loir,Gare de Caen,175.28855456841043,116.79212707551484,1,0,-1
Gare de Château-du-Loir,Gare de Mézidon - Canon,158.47605246740412,102.3601521445311,1,0,-1
Gare de Château-du-Loir,Gare de Saint-Pierre-sur-Dives,152.7304514438064,102.40576072545642,1,0,-1
Gare de Château-du-Loir,Gare de Surdon,111.09554169819732,78.80460918438688,1,0,-1
Gare de Château-du-Loir,Gare de Sées,103.5796920132207,78.86426999918622,1,0,-1
Gare de Châteaubourg,Gare de Conlie,103.47442784036582,75.0697499467029,1,0,0
Gare de Châteaubourg,Gare de Le Mans,119.39754689010206,81.7723443324723,1,0,0
Gare de Cinq-Mars-la-Pile,Gare de Ancenis,123.25149393041268,71.48194046065584,1,0,0
Gare de Cinq-Mars-la-Pile,Gare de Batz-sur-Mer,221.51991440543583,79.50171677125032,1,0,0
Gare de Cinq-Mars-la-Pile,Gare de Chantonnay,135.81818830425985,77.75009057962949,1,0,0
Gare de Cinq-Mars-la-Pile,Gare de La Baule les Pins,212.91853465011212,79.56999452374808,1,0,0
Gare de Cinq-Mars-la-Pile,Gare de La Baule-Escoublac,214.72351284658984,79.55566660682445,1,0,0
Gare de Cinq-Mars-la-Pile,Gare de La Roche-sur-Yon,161.92015445903868,95.94991512363433,1,0,0
Gare de Cinq-Mars-la-Pile,Gare de Le Croisic,223.61583586434335,79.48507934670951,1,0,0
Gare de Cinq-Mars-la-Pile,Gare de Le Pouliguen,218.0646457301784,79.52914469399451,1,0,0
Gare de Cinq-Mars-la-Pile,Gare de Nantes,151.54606340593668,94.28568984118918,1,0,0
Gare de Cinq-Mars-la-Pile,Gare de Pornichet,211.48783812370377,79.5813513927747,1,0,0
Gare de Cinq-Mars-la-Pile,Gare de Pouzauges,116.79938668074522,71.36593957332316,1,0,0
Gare de Cinq-Mars-la-Pile,Gare de Saint-Nazaire,201.3142403386398,118.28060095633228,1,0,0
Gare de Cinq-Mars-la-Pile,Gare de Savenay,181.48796622433687,111.28037749380552,1,0,0
Gare de Clères,Gare de Paris Saint-Lazare,119.56027825906249,80.43483442607032,1,0,0
Gare de Condé-sur-Huisne,Gare de Angers Maître École,144.8303718312579,95.69515171992542,1,0,0
Gare de Condé-sur-Huisne,Gare de Angers Saint-Laud,146.30513226709084,95.68344507158578,1,0,0
Gare de Condé-sur-Huisne,Gare de Le Vieux Briollay,133.91502437025278,95.78179774807089,1,0,0
Gare de Condé-sur-Huisne,Gare de Morannes,118.31859266336966,85.89823386337794,1,0,0
Gare de Condé-sur-Huisne,Gare de Sablé-sur-Sarthe,106.9734169542266,85.98829186815712,1,0,0
Gare de Condé-sur-Huisne,Gare de Tiercé,129.89088234041603,90.01436939414442,1,0,0
Gare de Condé-sur-Huisne,Gare de Étriché - Châteauneuf,126.55707089267534,90.04083318941659,1,0,0
Gare de Conlie,Gare de Cesson-Sévigné,118.07193013388982,86.84842855687255,1,0,0
Gare de Conlie,Gare de Châteaubourg,103.47442784036582,75.0697499467029,1,0,0
Gare de Conlie,Gare de Noyal - Acigné,112.53999719996784,74.99778745712638,1,2,0
Gare de Conlie,Gare de Rennes,123.34328879254709,86.80658451184013,1,0,0
Gare de Conlie,Gare de Servon,107.91292062050564,75.03451719101415,1,0,0
Gare de Connerré - Beillé,Gare de Angers Maître École,101.75930311497874,70.12518621008059,1,0,0
Gare de Connerré - Beillé,Gare de Angers Saint-Laud,103.29721010635812,70.11297830438302,1,0,0
Gare de Connerré - Beillé,Gare de Paris Montparnasse Hall 1 - 2,159.88496434459168,88.08704303777776,1,0,0
Gare de Connerré - Beillé,Gare de Versailles Chantiers,145.75824434594705,83.42566730834369,1,2,0
Gare de Corbie,Gare de Rouen Rive Droite,113.49358346017776,64.88287488852865,1,0,0
Gare de Courville-sur-Eure,Gare de Angers Maître École,171.1644083306245,105.67538993426037,1,0,0
Gare de Courville-sur-Eure,Gare de Angers Saint-Laud,172.7264867673601,105.66299015562954,1,0,0
Gare de Courville-sur-Eure,Gare de Le Vieux Briollay,160.7836391402846,105.75779248009329,1,0,0
Gare de Courville-sur-Eure,Gare de Morannes,146.09620256750347,96.2056029984232,1,0,0
Gare de Courville-sur-Eure,Gare de Noyen,117.86424637118506,79.89449318385479,1,0,0
Gare de Courville-sur-Eure,Gare de Sablé-sur-Sarthe,135.20689898889484,96.2920422902302,1,0,0
Gare de Courville-sur-Eure,Gare de Tiercé,157.0124185891088,99.86983660308915,1,0,0
Gare de Courville-sur-Eure,Gare de Étriché - Châteauneuf,153.91861702266692,99.8943951999236,1,0,0
Gare de Coutances,Gare de Pontchaillou,104.40023512460868,80.68254623791361,1,0,0
Gare de Coutances,Gare de Rennes,105.83127818973033,80.67118661806268,1,0,0
Gare de Dieppe,Gare de Paris Saint-Lazare,147.04184250729423,83.24110227671386,1,0,0
Gare de Dol-de-Bretagne,Gare de Audrieu,112.73255503877326,72.31303310465758,1,0,0
Gare de Dol-de-Bretagne,Gare de Bayeux,111.46122038792788,68.49456008583994,1,0,0
Gare de Dol-de-Bretagne,Gare de Bretteville - Norrey,116.47576126856552,72.28331953360549,1,0,0
Gare de Dol-de-Bretagne,Gare de Caen,124.38820815543788,72.2205105302175,1,0,0
Gare de Dol-de-Bretagne,Gare de Le Molay-Littry,100.93098970416568,68.57814905700765,1,0,0
Gare de Douai,Gare de Abancourt,121.04214810077254,68.62295331935051,1,0,0
Gare de Douai,Gare de Longuerue - Vieux-Manoir,158.24307342811116,104.44860499182214,1,0,0
Gare de Douai,Gare de Montérolier - Buchy,151.81480097818138,102.9275814596324,1,0,0
Gare de Douai,Gare de Morgny,162.13668262171336,104.37305339902947,1,0,0
Gare de Douai,Gare de Rouen Rive Droite,175.94414318388172,104.10513343428116,1,0,0
Gare de Douai,Gare de Serqueux,138.033244990752,68.29325807529735,1,0,0
Gare de Dreux,Gare de Briouze,127.57424357000814,91.0371979200491,1,0,0
Gare de Dreux,Gare de Flers,142.51803835741958,90.91857407702662,1,0,0
Gare de Dreux,Gare de Folligny,203.78496345244147,85.10437815131422,1,0,0
Gare de Dreux,Gare de Granville,217.00814413443925,84.99941254306052,1,0,0
Gare de Dreux,Gare de Villedieu-les-Poêles,190.50605891623977,80.3090571538467,1,2,0
Gare de Dreux,Gare de Vire,165.5433313286869,90.7357993014207,1,0,0
Gare de Flers,Gare de Dreux,142.51803835741958,90.91857407702662,1,0,0
Gare de Flers,Gare de Nonancourt,129.49623816659425,86.24872272119282,1,0,0
Gare de Flers,Gare de Paris Montparnasse Hall 1 - 2,212.23279610144775,80.94438113463087,1,0,0
Gare de Flers,Gare de Paris Montparnasse Vaugirard,212.23279610144775,80.94438113463087,1,0,0
Gare de Flers,Gare de Verneuil-sur-Avre,110.16290141126734,67.46596740181226,1,0,0
Gare de Flers,Gare de Versailles Chantiers,198.61032149191615,77.06116532208316,1,2,0
Gare de Folligny,Gare de Argentan,101.75592653493317,73.8621663276751,1,0,0
Gare de Folligny,Gare de Dreux,203.78496345244147,85.10437815131422,1,0,0
Gare de Folligny,Gare de L'Aigle,148.650948096196,103.50180181509732,1,0,0
Gare de Folligny,Gare de Nonancourt,190.5112228873892,81.43070056249721,1,0,0
Gare de Folligny,Gare de Paris Montparnasse Hall 1 - 2,272.81231412534055,109.07033452709278,1,0,0
Gare de Folligny,Gare de Sainte-Gauburge,135.0786079022565,103.6095390515568,1,0,0
Gare de Folligny,Gare de Surdon,114.51256703939288,73.7609041153507,1,0,0
Gare de Folligny,Gare de Verneuil-sur-Avre,171.44220513000744,113.45152344658312,1,0,0
Gare de Folligny,Gare de Versailles Chantiers,259.44501880165495,105.07755707042568,1,2,0
Gare de Fougeré,Gare de Langeais,144.45849744892158,96.08852575698064,1,0,0
Gare de Fougeré,Gare de Saumur,110.73405362365588,72.25182857506053,1,0,0
Gare de Fougeré,Gare de Tours,166.65946406257513,113.50941517622016,1,0,0
Gare de Frénouville - Cagny,Gare de Évreux Normandie,103.59421025988388,65.51897156179406,1,0,0
Gare de Gazeran,Gare de Champagné,125.76293890803376,84.4525907999109,1,0,0
Gare de Gazeran,Gare de Le Mans,136.19631842720804,84.36977063328769,1,0,0
Gare de Gazeran,Gare de Montfort-le-Gesnois,120.103017618793,84.49751925510489,1,0,0
Gare de Gazeran,Gare de Saint-Mars-la-Brière,123.35779531452576,84.47168282975616,1,0,0
Gare de Granville,Gare de Argentan,114.9850170189044,73.75715380741333,1,0,0
Gare de Granville,Gare de Dreux,217.00814413443925,84.99941254306052,1,0,0
Gare de Granville,Gare de L'Aigle,161.87380075163756,103.39683881071842,1,0,0
Gare de Granville,Gare de Nonancourt,203.72236490680407,81.3258305171471,1,0,0
Gare de Granville,Gare de Paris Montparnasse Hall 1 - 2,285.97968129151997,108.96581196652764,1,0,0
Gare de Granville,Gare de Paris Montparnasse Vaugirard,285.97968129151997,108.96581196652764,1,0,0
Gare de Granville,Gare de Sainte-Gauburge,148.30938051292216,103.50451317857332,1,0,0
Gare de Granville,Gare de Surdon,127.7065295860424,73.65617044065539,1,0,0
Gare de Granville,Gare de Verneuil-sur-Avre,184.6678835280653,113.34653801145932,1,0,0
Gare de Granville,Gare de Versailles Chantiers,272.63576003262256,104.97284896653424,1,2,0
Gare de Guingamp,Gare de Brest,100.31662573459631,67.75207384905515,1,0,0
Gare de Guingamp,Gare de Rennes,119.77695411598872,76.02429789561901,1,0,0
Gare de Hennebont,Gare de Nantes,146.06493016303,97.13353089027414,1,0,0
Gare de Hennebont,Gare de Rennes,124.80485701421432,83.46092257483228,1,0,0
Gare de Hennebont,Gare de Savenay,111.45977277722142,71.96788432046164,1,0,0
Gare de Ingrandes,Gare de Le Mans,106.02805189346854,64.75034280854496,1,0,0
Gare de Jouy,Gare de Champagné,105.60995788266486,78.5829340181091,1,0,0
Gare de Jouy,Gare de Le Mans,116.12669680058843,78.49945214457863,1,0,0
Gare de Jouy,Gare de Saint-Mars-la-Brière,103.1958653964267,78.60209708426487,1,0,0
Gare de L'Aigle,Gare de Folligny,148.650948096196,103.50180181509732,1,0,0
Gare de L'Aigle,Gare de Granville,161.87380075163756,103.39683881071842,1,0,0
Gare de L'Aigle,Gare de Paris Montparnasse Hall 1 - 2,124.81624287370096,71.73079813656885,1,0,0
Gare de L'Aigle,Gare de Paris Montparnasse Vaugirard,124.81624287370096,71.73079813656885,1,0,0
Gare de L'Aigle,Gare de Versailles Chantiers,111.115532170879,65.54310258691656,1,2,0
Gare de L'Aigle,Gare de Villedieu-les-Poêles,135.37183478414997,96.14800660162804,1,2,0
Gare de La Baule les Pins,Gare de Amboise,252.5605385309297,98.04068404645818,1,0,0
Gare de La Baule les Pins,Gare de Angers Saint-Laud,137.6345007464922,87.8222733715481,1,0,0
Gare de La Baule les Pins,Gare de Beaugency,304.59931021641313,118.14438957217718,1,0,0
Gare de La Baule les Pins,Gare de Blois - Chambord,279.4424485986885,106.78146791217114,1,0,0
Gare de La Baule les Pins,Gare de Le Mans,207.3194909041384,80.79452589189485,1,0,0
Gare de La Baule les Pins,Gare de Mer,294.5823204369318,118.2239044370467,1,0,0
Gare de La Baule les Pins,Gare de Meung-sur-Loire,310.3940003811604,119.88304414440732,1,0,0
Gare de La Baule les Pins,Gare de Onzain - Chaumont-sur-Loire,268.3079151914478,106.8698538383578,1,0,0
Gare de La Baule les Pins,Gare de Orléans,327.51914716448044,105.522168210356,1,0,0
Gare de La Baule les Pins,Gare de Sablé-sur-Sarthe,163.98140799558186,93.56122378168956,1,0,0
Gare de La Baule les Pins,Gare de Saint-Pierre-des-Corps,233.0036987486911,91.67805264701104,1,2,0
Gare de La Baule les Pins,Gare de Saumur,173.02608368192696,106.64347760917676,1,0,0
Gare de La Baule les Pins,Gare de Tours,230.7059548122459,91.69629213837857,1,0,0
Gare de La Baule-Escoublac,Gare de Amboise,254.3438923024764,98.02652778421964,1,0,0
Gare de La Baule-Escoublac,Gare de Angers Saint-Laud,139.3604489398111,87.80857279478954,1,0,0
Gare de La Baule-Escoublac,Gare de Beaugency,306.28112988529045,118.13103928764562,1,0,0
Gare de La Baule-Escoublac,Gare de Blois - Chambord,281.1789507720268,106.76768355791916,1,0,0
Gare de La Baule-Escoublac,Gare de Le Mans,208.785488393541,80.78288880382397,1,0,0
Gare de La Baule-Escoublac,Gare de Mer,296.284237756839,118.21039461736127,1,0,0
Gare de La Baule-Escoublac,Gare de Meung-sur-Loire,312.0610917488811,119.86981077313034,1,0,0
Gare de La Baule-Escoublac,Gare de Onzain - Chaumont-sur-Loire,270.0715877327542,106.85585380572492,1,0,0
Gare de La Baule-Escoublac,Gare de Orléans,329.16895970918773,105.5090719983761,1,0,0
Gare de La Baule-Escoublac,Gare de Sablé-sur-Sarthe,165.45704316256774,93.54951018973404,1,0,0
Gare de La Baule-Escoublac,Gare de Saint-Pierre-des-Corps,234.79638436371332,91.663822308599,1,2,0
Gare de La Baule-Escoublac,Gare de Saumur,174.85831777182833,106.62893333497112,1,0,0
Gare de La Baule-Escoublac,Gare de Tours,232.4972295827897,91.68207299924995,1,0,0
Gare de La Bonneville-sur-Iton,Gare de Caen,102.84339359826804,78.10863088399721,1,0,0
Gare de La Chaize-le-Vicomte,Gare de Langeais,147.19745430773224,96.0667839174354,1,0,0
Gare de La Chaize-le-Vicomte,Gare de Saumur,113.11043507512304,72.23296485909879,1,0,0
Gare de La Chaize-le-Vicomte,Gare de Tours,169.47111346735258,113.48709630324502,1,0,0
Gare de La Chapelle-sur-Loire,Gare de Ancenis,106.08225666252685,71.61822986608831,1,0,0
Gare de La Chapelle-sur-Loire,Gare de Nantes,132.97535688913098,94.4331041095196,1,0,0
Gare de La Ferté-Bernard,Gare de Angers Maître École,118.5507058450762,74.35827924462889,1,0,0
Gare de La Ferté-Bernard,Gare de Angers Saint-Laud,120.0703567601936,74.34621625566469,1,0,0
Gare de La Ferté-Bernard,Gare de Le Vieux Briollay,107.93306112580932,74.44256210841043,1,0,0
Gare de La Ferté-Bernard,Gare de Paris Montparnasse Hall 1 - 2,143.6376404372168,82.59523282094513,1,0,0
Gare de La Ferté-Bernard,Gare de Tiercé,104.08929743458752,69.12032076598442,1,0,0
Gare de La Ferté-Bernard,Gare de Versailles Chantiers,129.42671816130442,78.0846807762514,1,2,0
Gare de La Ferté-Bernard,Gare de Étriché - Châteauneuf,100.9553522396772,69.14519802294161,1,0,0
Gare de La Guierche,Gare de Caen,124.634608755515,73.73450496996367,1,0,0
Gare de La Hutte Coulombiers,Gare de Caen,102.61077441584088,68.93750980513099,1,0,0
Gare de La Loupe,Gare de Angers Maître École,160.41814904086678,98.23375533038806,1,0,0
Gare de La Loupe,Gare de Angers Saint-Laud,161.90010433719,98.22199156924586,1,0,0
Gare de La Loupe,Gare de Le Vieux Briollay,149.53267983504705,98.32016418494386,1,0,0
Gare de La Loupe,Gare de Morannes,133.91826884679296,87.44829077881072,1,0,0
Gare de La Loupe,Gare de Noyen,105.8624654101607,74.03227448176052,1,0,0
Gare de La Loupe,Gare de Sablé-sur-Sarthe,122.51365080558122,87.53882063682185,1,0,0
Gare de La Loupe,Gare de Tiercé,145.51381262737354,92.86009990442486,1,0,0
Gare de La Loupe,Gare de Étriché - Châteauneuf,142.17831005021796,92.88657712388232,1,0,0
Gare de La Membrolle-sur-Choisille,Gare de Alençon,118.57020550748226,77.2424402170961,1,0,0
Gare de La Membrolle-sur-Choisille,Gare de La Hutte Coulombiers,104.85282483652412,66.045799941278,1,0,0
Gare de La Roche-sur-Yon,Gare de Langeais,157.60592735469476,95.9841614583886,1,0,0
Gare de La Roche-sur-Yon,Gare de Montreuil-Bellay,110.0364778500217,67.60172808218421,1,2,-1
Gare de La Roche-sur-Yon,Gare de Saumur,122.96445361801992,72.15474365990526,1,0,0
Gare de La Roche-sur-Yon,Gare de Tours,179.97733540289371,113.4036979135207,1,0,0
Gare de La Rochelle,Gare de Nantes,122.19542283082342,71.42577806929948,1,0,0
Gare de La Suze,Gare de Ancenis,107.35304870450578,75.79281534062407,1,0,0
Gare de La Suze,Gare de Batz-sur-Mer,199.81181153709863,80.85412185071041,1,0,0
Gare de La Suze,Gare de La Baule les Pins,191.6906256581237,80.91858782421771,1,0,0
Gare de La Suze,Gare de La Baule-Escoublac,193.19561231806895,80.90664124011107,1,0,0
Gare de La Suze,Gare de Le Croisic,201.4692824934889,80.84096484625859,1,0,0
Gare de La Suze,Gare de Le Pouliguen,196.52392035180551,80.88022113093926,1,0,0
Gare de La Suze,Gare de Nantes,139.5899308697578,102.97550886144818,1,0,0
Gare de La Suze,Gare de Pornichet,190.8270310611282,80.92544303812866,1,0,0
Gare de La Suze,Gare de Saint-Nazaire,180.81525730928308,75.18316606504635,1,0,0
Gare de La Suze,Gare de Savenay,159.63638960477448,111.50507763671484,1,0,0
Gare de La Villette Saint-Prest,Gare de Champagné,101.869394157093,71.61535551147439,1,0,-1
Gare de La Villette Saint-Prest,Gare de Le Mans,112.42587811661244,71.53155814180371,1,0,-1
Gare de Lamballe,Gare de Brest,145.52500813023016,73.11182092720834,1,0,0
Gare de Landerneau,Gare de Broons,149.796560936439,95.8605802407642,1,0,0
Gare de Landerneau,Gare de Caulnes,156.32696303119994,95.808741908936,1,0,0
Gare de Landerneau,Gare de Montauban-de-Bretagne,165.55328024728016,101.8439836721374,1,0,0
Gare de Landerneau,Gare de Montfort-sur-Meu,174.233181663451,101.77508261469583,1,0,0
Gare de Landerneau,Gare de Plestan,133.85054744004125,95.9871596958986,1,0,0
Gare de Landerneau,Gare de Plénée-Jugon,140.6244442085185,95.93338850335044,1,0,0
Gare de Landerneau,Gare de Quédillac,157.6703963472319,101.90655800453598,1,0,0
Gare de Landerneau,Gare de Rennes,195.11502016295373,117.75352580062314,1,0,0
Gare de Landivisiau,Gare de Rennes,183.48430247939604,117.84585043759522,1,0,0
Gare de Langeais,Gare de Ancenis,119.7083054973186,71.51006629043773,1,0,0
Gare de Langeais,Gare de Batz-sur-Mer,217.85438125339337,79.53081377341123,1,0,0
Gare de Langeais,Gare de Chantonnay,131.4803711242695,77.78452417240425,1,0,0
Gare de Langeais,Gare de La Baule les Pins,209.25190637866865,79.5991002189668,1,0,0
Gare de Langeais,Gare de La Baule-Escoublac,211.06386122476127,79.58471692139851,1,0,0
Gare de Langeais,Gare de La Roche-sur-Yon,157.60592735469476,95.9841614583886,1,0,0
Gare de Langeais,Gare de Le Croisic,219.9618801242252,79.51408444737457,1,0,0
Gare de Langeais,Gare de Le Pouliguen,214.39939168110263,79.55823948063608,1,0,0
Gare de Langeais,Gare de Nantes,147.73561966219478,94.315937143627,1,0,0
Gare de Langeais,Gare de Pornichet,207.80454783863135,79.61058935105761,1,0,0
Gare de Langeais,Gare de Pouzauges,112.46176706834768,71.40037159780637,1,0,0
Gare de Langeais,Gare de Saint-Nazaire,197.6456213998083,118.30972245346872,1,0,0
Gare de Langeais,Gare de Savenay,177.9149200645628,111.3087403342218,1,0,0
Gare de Laval,Gare de Batz-sur-Mer,156.0848611152262,92.21884776325015,1,0,0
Gare de Laval,Gare de La Baule les Pins,148.95964625317686,92.2754077188251,1,0,0
Gare de Laval,Gare de La Baule-Escoublac,150.10067105901624,92.26635026391634,1,0,0
Gare de Laval,Gare de Le Croisic,157.27580910441134,92.209394018112,1,0,0
Gare de Laval,Gare de Le Pouliguen,153.16850353456132,92.24199780972546,1,0,0
Gare de Laval,Gare de Nantes,111.99250211049272,74.41260907035742,1,0,0
Gare de Laval,Gare de Pornichet,148.63441099649532,92.27798943629264,1,0,0
Gare de Laval,Gare de Saint-Nazaire,139.62947338295731,83.87328316716417,1,0,0
Gare de Laval,Gare de Savenay,119.55667366418234,73.90848913485685,1,0,0
Gare de Le Croisic,Gare de Amboise,263.2133282109692,97.95612220197802,1,0,0
Gare de Le Croisic,Gare de Angers Saint-Laud,148.14876860615473,87.7388111132781,1,0,0
Gare de Le Croisic,Gare de Beaugency,314.9773854616025,118.06200841088086,1,0,0
Gare de Le Croisic,Gare de Blois - Chambord,289.979510648645,106.6978247136186,1,0,0
Gare de Le Croisic,Gare de Le Mans,216.94798421585375,80.71809491198646,1,0,0
Gare de Le Croisic,Gare de Mer,305.0212903539292,118.14103989384556,1,0,0
Gare de Le Croisic,Gare de Meung-sur-Loire,320.7259365182442,119.80102923535112,1,0,0
Gare de Le Croisic,Gare de Onzain - Chaumont-sur-Loire,278.9148835996967,106.78565572313312,1,0,0
Gare de Le Croisic,Gare de Orléans,337.79508936096494,105.4405977812003,1,0,0
Gare de Le Croisic,Gare de Sablé-sur-Sarthe,173.65669102820002,93.48442138497664,1,0,0
Gare de Le Croisic,Gare de Saint-Pierre-des-Corps,243.6765886998857,91.59333124657846,1,2,0
Gare de Le Croisic,Gare de Saumur,183.7675134033134,106.5582121400484,1,0,0
Gare de Le Croisic,Gare de Tours,241.3759372411304,91.61159381785806,1,0,0
Gare de Le Havre,Gare de Paris Saint-Lazare,174.00320428267304,115.31655600007556,1,0,0
Gare de Le Havre,Gare de Vernon - Giverny,107.82127701663256,80.33228015533558,1,0,0
Gare de Le Mans,Gare de Ancenis,123.98774242632932,75.66076914186024,1,0,0
Gare de Le Mans,Gare de Batz-sur-Mer,215.34575412117556,80.730813414478,1,0,0
Gare de Le Mans,Gare de Caen,137.1725331885832,91.84441255622858,1,0,0
Gare de Le Mans,Gare de Cesson-Sévigné,134.02604237425757,91.75297034331248,1,0,0
Gare de Le Mans,Gare de Chartres,107.92093783650158,71.56731835774724,1,0,0
Gare de Le Mans,Gare de Châteaubourg,119.39754689010206,81.7723443324723,1,0,0
Gare de Le Mans,Gare de La Baule les Pins,207.3194909041384,80.79452589189485,1,0,0
Gare de Le Mans,Gare de La Baule-Escoublac,208.785488393541,80.78288880382397,1,0,0
Gare de Le Mans,Gare de Le Croisic,216.94798421585375,80.71809491198646,1,0,0
Gare de Le Mans,Gare de Le Pouliguen,212.0934918933134,80.75662987204278,1,0,0
Gare de Le Mans,Gare de Maintenon,122.56059021698034,77.33764196237789,1,2,0
Gare de Le Mans,Gare de Mézidon - Canon,121.1791356052228,77.77205936636913,1,0,0
Gare de Le Mans,Gare de Nantes,156.19599956587234,102.8436898881384,1,0,0
Gare de Le Mans,Gare de Noyal - Acigné,128.58968096457167,81.69937717218916,1,2,0
Gare de Le Mans,Gare de Paris Montparnasse Hall 1 - 2,183.0206472320865,110.20565121440973,1,0,0
Gare de Le Mans,Gare de Pornichet,206.516856235288,80.80089720589618,1,0,0
Gare de Le Mans,Gare de Rambouillet,140.99226941794407,84.33170037432323,1,2,0
Gare de Le Mans,Gare de Rennes,139.17123183659922,91.7121278293604,1,0,0
Gare de Le Mans,Gare de Saint-Nazaire,196.57982303050272,75.05802694235132,1,0,0
Gare de Le Mans,Gare de Saint-Pierre-sur-Dives,115.53578003464834,77.81685632288836,1,0,0
Gare de Le Mans,Gare de Savenay,175.4178307999511,111.37980455650752,1,0,0
Gare de Le Mans,Gare de Servon,123.89741863631296,81.73662435055088,1,0,0
Gare de Le Mans,Gare de Versailles Chantiers,168.81804784372875,106.41581090085728,1,2,0
Gare de Le Mans,Gare de Vitré,105.3210090475381,73.46796624865127,1,0,0
Gare de Le Mans,Gare de Épernon,129.30768988018804,84.42445256669393,1,2,0
Gare de Le Molay-Littry,Gare de Dol-de-Bretagne,100.93098970416568,68.57814905700765,1,0,0
Gare de Le Molay-Littry,Gare de Pontchaillou,139.08167186944706,96.89822331131646,1,0,0
Gare de Le Molay-Littry,Gare de Rennes,140.0422727192513,96.8905980617707,1,0,0
Gare de Le Pouliguen,Gare de Amboise,257.6991821862513,97.99989349312224,1,0,0
Gare de Le Pouliguen,Gare de Angers Saint-Laud,142.7353749003057,87.78178263251513,1,0,0
Gare de Le Pouliguen,Gare de Beaugency,309.6591720040533,118.10422438930688,1,0,0
Gare de Le Pouliguen,Gare de Blois - Chambord,284.55196765932897,106.74090854986775,1,0,0
Gare de Le Pouliguen,Gare de Le Mans,212.0934918933134,80.75662987204278,1,0,0
Gare de Le Pouliguen,Gare de Mer,299.66201919237386,118.183581788326,1,0,0
Gare de Le Pouliguen,Gare de Meung-sur-Loire,315.4383161754115,119.84300236563251,1,0,0
Gare de Le Pouliguen,Gare de Onzain - Chaumont-sur-Loire,273.43619344990725,106.82914556554216,1,0,0
Gare de Le Pouliguen,Gare de Orléans,332.54423315470865,105.48227907776555,1,0,0
Gare de Le Pouliguen,Gare de Sablé-sur-Sarthe,168.77102212972747,93.52320382469271,1,0,0
Gare de Le Pouliguen,Gare de Saint-Pierre-des-Corps,238.14611668068855,91.63723213346684,1,2,0
Gare de Le Pouliguen,Gare de Saumur,178.1739826096871,106.6026135874882,1,0,0
Gare de Le Pouliguen,Gare de Tours,235.8478481025464,91.65547578944016,1,0,0
Gare de Le Theil - La Rouge,Gare de Angers Maître École,127.64776607780438,74.28606678050149,1,0,0
Gare de Le Theil - La Rouge,Gare de Angers Saint-Laud,129.1340425681915,74.2742687177208,1,0,0
Gare de Le Theil - La Rouge,Gare de Le Vieux Briollay,116.81345998371611,74.37206950227636,1,0,0
Gare de Le Theil - La Rouge,Gare de Morannes,101.49640946799312,63.39098060491119,1,0,0
Gare de Le Theil - La Rouge,Gare de Paris Montparnasse Hall 1 - 2,135.63022107570706,82.65879571583679,1,0,0
Gare de Le Theil - La Rouge,Gare de Tiercé,112.84618416300248,69.05080859913426,1,0,0
Gare de Le Theil - La Rouge,Gare de Versailles Chantiers,121.32531311102665,78.14898972954052,1,2,0
Gare de Le Theil - La Rouge,Gare de Étriché - Châteauneuf,109.58009142502804,69.07673484328829,1,0,0
Gare de Le Vieux Briollay,Gare de Batz-sur-Mer,153.62695905587623,87.69532523748822,1,0,0
Gare de Le Vieux Briollay,Gare de La Baule les Pins,145.1918545821072,87.762283096801,1,0,0
Gare de Le Vieux Briollay,Gare de La Baule-Escoublac,146.84809510347938,87.74913585954233,1,0,0
Gare de Le Vieux Briollay,Gare de Le Croisic,155.50087426173576,87.6804500985841,1,0,0
Gare de Le Vieux Briollay,Gare de Le Pouliguen,150.22443963347214,87.72233443666326,1,0,0
Gare de Le Vieux Briollay,Gare de Pornichet,144.07256548852004,87.77116801362588,1,0,0
Gare de Le Vieux Briollay,Gare de Saint-Nazaire,133.85183772932547,78.37266772930774,1,0,0
Gare de Le Vieux Briollay,Gare de Savenay,112.91129204701976,70.33350249515622,1,0,0
Gare de Lille Flandres,Gare de Abancourt,140.34803448212614,88.71099378193942,1,0,0
Gare de Lille Flandres,Gare de Longuerue - Vieux-Manoir,175.45624206127624,76.50180618746295,1,0,0
Gare de Lille Flandres,Gare de Montérolier - Buchy,168.83582393666882,73.95288633943183,1,0,0
Gare de Lille Flandres,Gare de Morgny,179.56768211947713,76.42202780457362,1,0,0
Gare de Lille Flandres,Gare de Poix-de-Picardie,122.57809000837072,78.77057062180076,1,0,0
Gare de Lille Flandres,Gare de Rouen Rive Droite,193.26111854161437,76.15632036423847,1,0,0
Gare de Lille Flandres,Gare de Serqueux,156.16118200948134,88.40415546731862,1,0,0
Gare de Lisieux,Gare de Carentan,108.74503317389018,76.33462415815005,1,0,0
Gare de Lisieux,Gare de Cherbourg,144.96059190123708,82.60000654134086,1,0,0
Gare de Lisieux,Gare de Paris Saint-Lazare,155.49875143051614,106.64173476075686,1,0,0
Gare de Lisieux,Gare de Valognes,130.5536701203894,82.71436868643723,1,0,0
Gare de Lison,Gare de Bernay,120.70099630863496,64.79913086329928,1,0,-1
Gare de Lison,Gare de Mantes-la-Jolie,202.16016438035743,116.02041521677266,1,2,-1
Gare de Lison,Gare de Paris Saint-Lazare,249.04948135965213,94.46762379409044,1,0,-1
Gare de Lison,Gare de Pontchaillou,131.90126948138428,96.95522134547288,1,0,-1
Gare de Lison,Gare de Rennes,133.00659756913183,96.94644725111236,1,0,-1
Gare de Lison,Gare de Évreux Normandie,161.75003532705017,95.44929295634364,1,0,-1
Gare de Longuerue - Vieux-Manoir,Gare de Albert,110.18241632096364,82.04398900814877,1,0,0
Gare de Longuerue - Vieux-Manoir,Gare de Arras,134.8425159019506,99.2412278099008,1,0,0
Gare de Longuerue - Vieux-Manoir,Gare de Douai,158.24307342811116,106.26302007174884,1,0,0
Gare de Longuerue - Vieux-Manoir,Gare de Lille Flandres,175.45624206127624,78.51358745893754,1,0,0
Gare de Lorient,Gare de Brest,108.58434775118924,66.78805009490766,1,0,0
Gare de Lorient,Gare de Nantes,149.55456388135477,97.10583017781808,1,0,0
Gare de Lorient,Gare de Pontchâteau,102.2111327177882,72.04130002525342,1,0,0
Gare de Lorient,Gare de Rennes,131.96782986128065,83.40406289637227,1,0,0
Gare de Lorient,Gare de Savenay,115.00521442622636,71.93974060465183,1,0,0
Gare de Maintenon,Gare de Champagné,112.21797162862347,77.41974166873227,1,0,0
Gare de Maintenon,Gare de Le Mans,122.56059021698034,77.33764196237789,1,0,0
Gare de Maintenon,Gare de Montfort-le-Gesnois,106.58799006560002,77.46443246237955,1,0,0
Gare de Maintenon,Gare de Saint-Mars-la-Brière,109.82534739282656,77.43873431991602,1,0,0
Gare de Mantes-la-Jolie,Gare de Caen,150.79839043665098,99.08683625232136,1,0,0
Gare de Mer,Gare de Ancenis,204.9269735280253,83.09086453451962,1,0,0
Gare de Mer,Gare de Angers Saint-Laud,157.03821353576552,101.86970830074608,1,0,0
Gare de Mer,Gare de Batz-sur-Mer,303.08836014902613,118.15638349381209,1,0,0
Gare de Mer,Gare de La Baule les Pins,294.5823204369318,118.2239044370467,1,0,0
Gare de Mer,Gare de La Baule-Escoublac,296.284237756839,118.21039461736127,1,0,0
Gare de Mer,Gare de Le Croisic,305.0212903539292,118.14103989384556,1,0,0
Gare de Mer,Gare de Le Pouliguen,299.66201919237386,118.183581788326,1,0,0
Gare de Mer,Gare de Nantes,235.50167531059327,98.40866984373068,1,0,0
Gare de Mer,Gare de Pornichet,293.36843493124536,118.23354026019084,1,0,0
Gare de Mer,Gare de Saint-Nazaire,283.12011064155996,112.34713146724114,1,0,0
Gare de Mer,Gare de Saumur,128.11774053125802,87.86463293685571,1,0,0
Gare de Mer,Gare de Savenay,262.3995175336142,107.44365742355322,1,0,0
Gare de Meung-sur-Loire,Gare de Ancenis,221.1646772361008,84.83201013443943,1,0,0
Gare de Meung-sur-Loire,Gare de Angers Saint-Laud,173.27380497566878,104.46761299315592,1,0,0
Gare de Meung-sur-Loire,Gare de Batz-sur-Mer,318.8455368455178,119.81595584795323,1,0,0
Gare de Meung-sur-Loire,Gare de La Baule les Pins,310.3940003811604,119.88304414440732,1,0,0
Gare de Meung-sur-Loire,Gare de La Baule-Escoublac,312.0610917488811,119.86981077313034,1,0,0
Gare de Meung-sur-Loire,Gare de Le Croisic,320.7259365182442,119.80102923535112,1,0,0
Gare de Meung-sur-Loire,Gare de Le Pouliguen,315.4383161754115,119.84300236563251,1,0,0
Gare de Meung-sur-Loire,Gare de Nantes,252.1821734458732,100.43454095305486,1,0,0
Gare de Meung-sur-Loire,Gare de Pornichet,309.24581475377227,119.8921584419175,1,0,0
Gare de Meung-sur-Loire,Gare de Saint-Nazaire,299.0109440338461,114.01414930500614,1,0,0
Gare de Meung-sur-Loire,Gare de Saumur,146.29826273527604,91.97366163453717,1,0,0
Gare de Meung-sur-Loire,Gare de Savenay,278.127703608079,108.9812457671528,1,0,0
Gare de Montbizot,Gare de Caen,120.64229566612252,73.76619595126726,1,0,0
Gare de Montfort-le-Gesnois,Gare de Maintenon,106.58799006560002,77.46443246237955,1,2,0
Gare de Montfort-le-Gesnois,Gare de Paris Montparnasse Hall 1 - 2,166.92003740310744,110.33345785523215,1,0,0
Gare de Montfort-le-Gesnois,Gare de Rambouillet,124.88051444041557,84.45959548533484,1,2,0
Gare de Montfort-le-Gesnois,Gare de Versailles Chantiers,152.78894018028035,106.54304995748971,1,2,0
Gare de Montfort-le-Gesnois,Gare de Épernon,113.26900628738174,84.55176763705363,1,2,0
Gare de Montlouis,Gare de Ancenis,150.24344878391395,90.7744882191339,1,0,-1
Gare de Montlouis,Gare de Nantes,178.9562669910133,113.4489710666186,1,0,-1
Gare de Montreuil-Bellay,Gare de La Roche-sur-Yon,110.0364778500217,67.60172808218421,1,0,-1
Gare de Montville,Gare de Paris Saint-Lazare,118.09855316902532,80.44643759983504,1,0,0
Gare de Montérolier - Buchy,Gare de Achiet,119.11196414056704,82.76471769629184,1,0,0
Gare de Montérolier - Buchy,Gare de Albert,104.091917755095,82.88394682449972,1,0,0
Gare de Montérolier - Buchy,Gare de Arras,128.35714774997408,96.94465334982618,1,0,0
Gare de Montérolier - Buchy,Gare de Douai,151.81480097818138,104.66828996764824,1,0,0
Gare de Montérolier - Buchy,Gare de Lille Flandres,168.83582393666882,75.88875789668967,1,0,0
Gare de Morannes,Gare de Batz-sur-Mer,162.9382671377893,93.56950423381872,1,0,0
Gare de Morannes,Gare de La Baule les Pins,154.7325810499738,93.6346409699838,1,0,0
Gare de Morannes,Gare de La Baule-Escoublac,156.27347589461988,93.622409346707,1,0,0
Gare de Morannes,Gare de Le Croisic,164.6504551566331,93.55591288532514,1,0,0
Gare de Morannes,Gare de Le Pouliguen,159.6183113958012,93.59585804249863,1,0,0
Gare de Morannes,Gare de Nantes,102.45498023228492,68.32209241378997,1,0,0
Gare de Morannes,Gare de Pornichet,153.81378166925998,93.64193439946791,1,0,0
Gare de Morannes,Gare de Saint-Nazaire,143.74541015276736,84.47274264592878,1,0,0
Gare de Morannes,Gare de Savenay,122.5714778716398,75.43277882913186,1,0,0
Gare de Morgny,Gare de Achiet,129.12585780649314,81.89361596963664,1,0,0
Gare de Morgny,Gare de Albert,113.78884109993614,82.01536120825328,1,0,0
Gare de Morgny,Gare de Arras,138.79698613364403,99.20983722520162,1,0,0
Gare de Morgny,Gare de Douai,162.13668262171336,106.23211260197004,1,0,0
Gare de Morgny,Gare de Lille Flandres,179.56768211947713,78.48095084775554,1,0,0
Gare de Morlaix,Gare de Broons,120.84975985189352,80.75471281406064,1,0,0
Gare de Morlaix,Gare de Caulnes,127.95332453669998,80.69832471759264,1,0,0
Gare de Morlaix,Gare de Montauban-de-Bretagne,138.32437643639352,88.88081775038803,1,0,0
Gare de Morlaix,Gare de Montfort-sur-Meu,147.4661751198173,88.80825015243902,1,0,0
Gare de Morlaix,Gare de Plestan,103.8021278998335,80.89003691649609,1,0,0
Gare de Morlaix,Gare de Plénée-Jugon,111.21479329526782,80.83119517858712,1,0,0
Gare de Morlaix,Gare de Quédillac,129.80679202964447,88.94843033540882,1,0,0
Gare de Morlaix,Gare de Rennes,168.116029465507,104.4325014401762,1,0,0
Gare de Mézidon - Canon,Gare de Château-du-Loir,158.47605246740412,102.3601521445311,1,2,-1
Gare de Mézidon - Canon,Gare de Le Mans,121.1791356052228,77.77205936636913,1,0,0
Gare de Mézidon - Canon,Gare de Neuville,113.061041380683,77.83650079832353,1,0,0
Gare de Mézidon - Canon,Gare de Saint-Pierre-des-Corps,196.4492998355937,74.77583559588612,1,2,0
Gare de Mézidon - Canon,Gare de Tours,195.37902856017195,74.78433140927042,1,0,0
Gare de Mézidon - Canon,Gare de Écommoy,140.89213272097885,77.61557759526426,1,0,0
Gare de Nantes,Gare de Amboise,191.58577335839283,76.69990019487322,1,0,0
Gare de Nantes,Gare de Auray,121.05080006509672,66.20308156896402,1,0,0
Gare de Nantes,Gare de Beaugency,246.01434516349244,98.32522027043836,1,0,0
Gare de Nantes,Gare de Blois - Chambord,219.524010470536,86.06306693301501,1,0,0
Gare de Nantes,Gare de Brest,255.09699050524603,100.48388981114223,1,0,0
Gare de Nantes,Gare de Cinq-Mars-la-Pile,151.54606340593668,94.28568984118918,1,0,0
Gare de Nantes,Gare de Hennebont,146.06493016303,97.13353089027414,1,0,0
Gare de Nantes,Gare de La Rochelle,122.19542283082342,71.42577806929948,1,0,0
Gare de Nantes,Gare de La Suze,139.5899308697578,102.97550886144818,1,0,0
Gare de Nantes,Gare de Langeais,147.73561966219478,94.315937143627,1,0,0
Gare de Nantes,Gare de Laval,111.99250211049272,74.41260907035742,1,0,0
Gare de Nantes,Gare de Le Mans,156.19599956587234,102.8436898881384,1,0,0
Gare de Nantes,Gare de Lorient,149.55456388135477,97.10583017781808,1,0,0
Gare de Nantes,Gare de Mer,235.50167531059327,98.40866984373068,1,0,0
Gare de Nantes,Gare de Meung-sur-Loire,252.1821734458732,100.43454095305486,1,0,0
Gare de Nantes,Gare de Onzain - Chaumont-sur-Loire,207.75599870360205,86.15648141042092,1,0,0
Gare de Nantes,Gare de Orléans,269.71386693675174,114.12468910761228,1,0,0
Gare de Nantes,Gare de Port Boulet,128.22858315833884,71.83851026680466,1,2,0
Gare de Nantes,Gare de Quimper,209.77759743662503,83.9886811796926,1,0,0
Gare de Nantes,Gare de Quimperlé,167.41495213078218,107.27734047748284,1,0,0
Gare de Nantes,Gare de Rosporden,190.59641760411063,116.2769758380269,1,0,0
Gare de Nantes,Gare de Sablé-sur-Sarthe,113.73767829905503,68.23253035653595,1,0,0
Gare de Nantes,Gare de Saint-Pierre-des-Corps,171.8598690727835,113.5053022732935,1,2,0
Gare de Nantes,Gare de Saumur,111.1654018469412,71.97395780005454,1,0,0
Gare de Nantes,Gare de Tours,169.59939455912993,113.52324591998288,1,0,0
Gare de Nantes,Gare de Vannes,103.7479995413415,66.34043119952159,1,0,0
Gare de Neuillé-Pont-Pierre,Gare de Alençon,103.40382846905187,65.35967808900746,1,0,0
Gare de Neuville,Gare de Caen,129.3766077123356,91.90629661265903,1,0,0
Gare de Neuville,Gare de Mézidon - Canon,113.061041380683,77.83650079832353,1,0,0
Gare de Neuville,Gare de Saint-Pierre-sur-Dives,107.391807494156,77.88150317691478,1,0,0
Gare de Nogent-le-Rotrou,Gare de Angers Maître École,138.34581959016754,74.20114563172035,1,0,0
Gare de Nogent-le-Rotrou,Gare de Angers Saint-Laud,139.84134375435576,74.18927416090503,1,0,0
Gare de Nogent-le-Rotrou,Gare de Le Vieux Briollay,127.5557945388572,74.28679685057764,1,0,0
Gare de Nogent-le-Rotrou,Gare de Morannes,112.25137249387446,63.30560770841174,1,0,0
Gare de Nogent-le-Rotrou,Gare de Paris Montparnasse Hall 1 - 2,124.99713593096853,82.74320114571572,1,0,0
Gare de Nogent-le-Rotrou,Gare de Sablé-sur-Sarthe,101.10905596366544,63.39405541702854,1,0,0
Gare de Nogent-le-Rotrou,Gare de Tiercé,123.60169401419716,68.96543136193547,1,0,0
Gare de Nogent-le-Rotrou,Gare de Versailles Chantiers,110.66916553413898,78.23357822900584,1,2,0
Gare de Nogent-le-Rotrou,Gare de Étriché - Châteauneuf,120.34201255173832,68.99130671338447,1,0,0
Gare de Nonancourt,Gare de Briouze,114.76714515329002,86.36564226153243,1,0,0
Gare de Nonancourt,Gare de Flers,129.49623816659425,86.24872272119282,1,0,0
Gare de Nonancourt,Gare de Folligny,190.5112228873892,81.43070056249721,1,0,0
Gare de Nonancourt,Gare de Granville,203.72236490680407,81.3258305171471,1,0,0
Gare de Nonancourt,Gare de Villedieu-les-Poêles,177.21411977414817,77.68480394427843,1,2,0
Gare de Nonancourt,Gare de Vire,152.1961080065607,86.06853115440316,1,0,0
Gare de Noyal - Acigné,Gare de Le Mans,128.58968096457167,81.69937717218916,1,0,0
Gare de Oissel,Gare de Paris Saint-Lazare,103.07408127646129,65.11721909719114,1,0,0
Gare de Onzain - Chaumont-sur-Loire,Gare de Ancenis,178.32767535961003,115.04713711551156,1,0,0
Gare de Onzain - Chaumont-sur-Loire,Gare de Angers Saint-Laud,131.0146559588578,84.9055194040372,1,0,0
Gare de Onzain - Chaumont-sur-Loire,Gare de Batz-sur-Mer,276.8861712352258,106.8017596418823,1,0,0
Gare de Onzain - Chaumont-sur-Loire,Gare de La Baule les Pins,268.3079151914478,106.8698538383578,1,0,0
Gare de Onzain - Chaumont-sur-Loire,Gare de La Baule-Escoublac,270.0715877327542,106.85585380572492,1,0,0
Gare de Onzain - Chaumont-sur-Loire,Gare de Le Croisic,278.9148835996967,106.78565572313312,1,0,0
Gare de Onzain - Chaumont-sur-Loire,Gare de Le Pouliguen,273.43619344990725,106.82914556554216,1,0,0
Gare de Onzain - Chaumont-sur-Loire,Gare de Nantes,207.75599870360205,86.15648141042092,1,0,0
Gare de Onzain - Chaumont-sur-Loire,Gare de Pornichet,266.96880411804426,106.88048370205848,1,0,0
Gare de Onzain - Chaumont-sur-Loire,Gare de Saint-Nazaire,256.73916218378366,101.00062355256112,1,0,0
Gare de Onzain - Chaumont-sur-Loire,Gare de Savenay,236.4508391608771,96.4961579118524,1,0,0
Gare de Orléans,Gare de Ancenis,238.53537143257515,98.54523705823874,1,0,0
Gare de Orléans,Gare de Angers Saint-Laud,190.6900933952656,78.81603108555784,1,0,0
Gare de Orléans,Gare de Batz-sur-Mer,335.9406990091849,105.45531793181271,1,0,0
Gare de Orléans,Gare de La Baule les Pins,327.51914716448044,105.522168210356,1,0,0
Gare de Orléans,Gare de La Baule-Escoublac,329.16895970918773,105.5090719983761,1,0,0
Gare de Orléans,Gare de Le Croisic,337.79508936096494,105.4405977812003,1,0,0
Gare de Orléans,Gare de Le Pouliguen,332.54423315470865,105.48227907776555,1,0,0
Gare de Orléans,Gare de Nantes,269.71386693675174,114.12468910761228,1,0,0
Gare de Orléans,Gare de Pornichet,326.40232427847974,105.53103355042506,1,0,0
Gare de Orléans,Gare de Saint-Nazaire,316.17889747905593,100.88235798552388,1,0,0
Gare de Orléans,Gare de Saint-Pierre-des-Corps,105.77578390427468,71.79322998147535,1,2,0
Gare de Orléans,Gare de Saumur,164.30941858641518,113.41910310918132,1,0,0
Gare de Orléans,Gare de Savenay,295.2319064576074,122.66231381187634,1,0,0
Gare de Orléans,Gare de Tours,107.48055348360818,71.7796975205546,1,0,0
Gare de Paris Montparnasse Hall 1 - 2,Gare de Argentan,172.21991062098007,102.23755967523913,1,0,0
Gare de Paris Montparnasse Hall 1 - 2,Gare de Briouze,197.63884949184765,81.06022788281788,1,0,0
Gare de Paris Montparnasse Hall 1 - 2,Gare de Champagné,172.58487467327257,110.2884903769816,1,0,0
Gare de Paris Montparnasse Hall 1 - 2,Gare de Connerré - Beillé,159.88496434459168,88.08704303777776,1,0,0
Gare de Paris Montparnasse Hall 1 - 2,Gare de Flers,212.23279610144775,80.94438113463087,1,0,0
Gare de Paris Montparnasse Hall 1 - 2,Gare de Folligny,272.81231412534055,109.07033452709278,1,0,0
Gare de Paris Montparnasse Hall 1 - 2,Gare de Granville,285.97968129151997,108.96581196652764,1,0,0
Gare de Paris Montparnasse Hall 1 - 2,Gare de L'Aigle,124.81624287370096,71.73079813656885,1,0,0
Gare de Paris Montparnasse Hall 1 - 2,Gare de La Ferté-Bernard,143.6376404372168,82.59523282094513,1,0,0
Gare de Paris Montparnasse Hall 1 - 2,Gare de Le Mans,183.0206472320865,110.20565121440973,1,0,0
Gare de Paris Montparnasse Hall 1 - 2,Gare de Le Theil - La Rouge,135.63022107570706,82.65879571583679,1,0,0
Gare de Paris Montparnasse Hall 1 - 2,Gare de Montfort-le-Gesnois,166.92003740310744,110.33345785523215,1,0,0
Gare de Paris Montparnasse Hall 1 - 2,Gare de Nogent-le-Rotrou,124.99713593096853,82.74320114571572,1,0,0
Gare de Paris Montparnasse Hall 1 - 2,Gare de Saint-Mars-la-Brière,170.1778676062793,110.3075971990794,1,0,0
Gare de Paris Montparnasse Hall 1 - 2,Gare de Sainte-Gauburge,139.3376012715138,71.61552759360701,1,0,0
Gare de Paris Montparnasse Hall 1 - 2,Gare de Sceaux - Boëssé,151.6373715061088,82.53173095572026,1,0,0
Gare de Paris Montparnasse Hall 1 - 2,Gare de Surdon,161.45681955498824,102.32299709212094,1,0,0
Gare de Paris Montparnasse Hall 1 - 2,Gare de Verneuil-sur-Avre,102.50856667631032,64.31877213053212,1,0,0
Gare de Paris Montparnasse Hall 1 - 2,Gare de Villedieu-les-Poêles,259.49707470370964,104.68883109926678,1,2,-1
Gare de Paris Montparnasse Hall 1 - 2,Gare de Vire,234.404908230287,80.76837890855215,1,0,0
Gare de Paris Montparnasse Vaugirard,Gare de Argentan,172.21991062098007,102.23755967523913,1,0,0
Gare de Paris Montparnasse Vaugirard,Gare de Briouze,197.63884949184765,81.06022788281788,1,0,0
Gare de Paris Montparnasse Vaugirard,Gare de Flers,212.23279610144775,80.94438113463087,1,0,0
Gare de Paris Montparnasse Vaugirard,Gare de Folligny,272.81231412534055,109.07033452709278,1,0,0
Gare de Paris Montparnasse Vaugirard,Gare de Granville,285.97968129151997,108.96581196652764,1,0,0
Gare de Paris Montparnasse Vaugirard,Gare de L'Aigle,124.81624287370096,71.73079813656885,1,0,0
Gare de Paris Montparnasse Vaugirard,Gare de Surdon,161.45681955498824,102.32299709212094,1,0,0
Gare de Paris Montparnasse Vaugirard,Gare de Verneuil-sur-Avre,102.50856667631032,64.31877213053212,1,0,0
Gare de Paris Montparnasse Vaugirard,Gare de Villedieu-les-Poêles,259.49707470370964,104.68883109926678,1,2,-1
Gare de Paris Montparnasse Vaugirard,Gare de Vire,234.404908230287,80.76837890855215,1,0,0
Gare de Paris Saint-Lazare,Gare de Auffay,128.98025517967406,89.72428864742642,1,0,0
Gare de Paris Saint-Lazare,Gare de Bayeux,224.5249043032911,94.66229988676383,1,0,0
Gare de Paris Saint-Lazare,Gare de Beaumont-le-Roger,115.4373244300982,87.14055915285363,1,0,0
Gare de Paris Saint-Lazare,Gare de Bernay,128.38102168807436,87.0378120840198,1,0,0
Gare de Paris Saint-Lazare,Gare de Bréauté - Beuzeville,160.37265547333678,103.94016416960508,1,0,0
Gare de Paris Saint-Lazare,Gare de Caen,197.71481218340045,83.85872210540886,1,0,0
Gare de Paris Saint-Lazare,Gare de Carentan,264.2433370388036,114.16739366476936,1,0,0
Gare de Paris Saint-Lazare,Gare de Cherbourg,298.52481352080196,115.85838689811398,1,0,0
Gare de Paris Saint-Lazare,Gare de Clères,119.56027825906249,80.43483442607032,1,0,0
Gare de Paris Saint-Lazare,Gare de Dieppe,147.04184250729423,89.85533843637697,1,0,0
Gare de Paris Saint-Lazare,Gare de Le Havre,174.00320428267304,115.31655600007556,1,0,0
Gare de Paris Saint-Lazare,Gare de Lisieux,155.49875143051614,106.64173476075686,1,0,0
Gare de Paris Saint-Lazare,Gare de Lison,249.04948135965213,94.46762379409044,1,2,-1
Gare de Paris Saint-Lazare,Gare de Montville,118.09855316902532,80.44643759983504,1,0,0
Gare de Paris Saint-Lazare,Gare de Oissel,103.07408127646129,65.11721909719114,1,0,0
Gare de Paris Saint-Lazare,Gare de Pont-l'Évêque,161.94309099675755,108.9717950987178,1,0,0
Gare de Paris Saint-Lazare,Gare de Romilly-la-Puthenaye,108.33284338567869,68.22732139123384,1,0,0
Gare de Paris Saint-Lazare,Gare de Rouen Rive Droite,109.84367355231086,65.06348207370546,1,0,0
Gare de Paris Saint-Lazare,Gare de Serquigny,119.97208509862132,87.10456222266689,1,2,0
Gare de Paris Saint-Lazare,Gare de Trouville - Deauville,171.7391634000595,108.8940338759804,1,0,0
Gare de Paris Saint-Lazare,Gare de Valognes,285.20397121216814,115.96412774435991,1,0,0
Gare de Paris Saint-Lazare,Gare de Yvetot,141.24333210243333,91.82070782104768,1,0,0
Gare de Plouaret Trégor,Gare de Caulnes,103.1392342703514,67.44790661318315,1,0,0
Gare de Plouaret Trégor,Gare de Montauban-de-Bretagne,114.20801620979978,80.03953031047784,1,0,0
Gare de Plouaret Trégor,Gare de Montfort-sur-Meu,123.579230017363,79.9651416152734,1,0,0
Gare de Plouaret Trégor,Gare de Quédillac,105.33360578865748,80.10997538040087,1,0,0
Gare de Plouaret Trégor,Gare de Rennes,143.883388447306,94.51364132396267,1,0,0
Gare de Poix-de-Picardie,Gare de Lille Flandres,122.57809000837072,80.17605100183674,1,0,0
Gare de Pont-l'Évêque,Gare de Paris Saint-Lazare,161.94309099675755,108.9717950987178,1,0,0
Gare de Pontchaillou,Gare de Audrieu,146.14700544124057,98.24247428566645,1,0,0
Gare de Pontchaillou,Gare de Bayeux,147.2886781142356,96.83307609574533,1,0,0
Gare de Pontchaillou,Gare de Bretteville - Norrey,148.45366114662124,98.22416405267714,1,0,0
Gare de Pontchaillou,Gare de Caen,153.53468929632265,98.1838308512248,1,0,0
Gare de Pontchaillou,Gare de Coutances,104.40023512460868,80.68254623791361,1,0,0
Gare de Pontchaillou,Gare de Le Molay-Littry,139.08167186944706,96.89822331131646,1,0,0
Gare de Pontchaillou,Gare de Lison,131.90126948138428,96.95522134547288,1,2,-1
Gare de Pontchaillou,Gare de Saint-Lô,119.22235082431898,97.05586660177268,1,0,0
Gare de Pontchâteau,Gare de Lorient,102.2111327177882,72.04130002525342,1,0,0
Gare de Pontchâteau,Gare de Quimper,162.27122865159674,109.5403527460758,1,0,0
Gare de Pontchâteau,Gare de Quimperlé,119.81891360282458,81.50668640958514,1,0,0
Gare de Pontchâteau,Gare de Rosporden,142.98166981258743,90.06450087849461,1,0,0
Gare de Pontorson - Mont-Saint-Michel,Gare de Bretteville - Norrey,102.4655218253448,64.86069232178197,1,0,0
Gare de Pontorson - Mont-Saint-Michel,Gare de Caen,109.42923147183495,64.80541439460814,1,0,0
Gare de Pornichet,Gare de Amboise,251.1785769460136,98.05165405751924,1,0,0
Gare de Pornichet,Gare de Angers Saint-Laud,136.38129542805925,87.83222131536583,1,0,0
Gare de Pornichet,Gare de Beaugency,303.4236725879091,118.15372178367224,1,0,0
Gare de Pornichet,Gare de Blois - Chambord,278.160049726904,106.79164759441537,1,0,0
Gare de Pornichet,Gare de Le Mans,206.516856235288,80.80089720589618,1,0,0
Gare de Pornichet,Gare de Mer,293.36843493124536,118.23354026019084,1,0,0
Gare de Pornichet,Gare de Meung-sur-Loire,309.24581475377227,119.8921584419175,1,0,0
Gare de Pornichet,Gare de Onzain - Chaumont-sur-Loire,266.96880411804426,106.88048370205848,1,0,0
Gare de Pornichet,Gare de Orléans,326.40232427847974,105.53103355042506,1,0,0
Gare de Pornichet,Gare de Sablé-sur-Sarthe,163.16744463470943,93.56768502284817,1,0,0
Gare de Pornichet,Gare de Saint-Pierre-des-Corps,231.60109585379507,91.68918650879073,1,2,0
Gare de Pornichet,Gare de Saumur,171.5291594883047,106.65536019342574,1,0,0
Gare de Pornichet,Gare de Tours,229.30666922229665,91.70739966739156,1,0,0
Gare de Port Boulet,Gare de Batz-sur-Mer,198.8180194852956,106.43874122276962,1,0,0
Gare de Port Boulet,Gare de La Baule les Pins,190.22096048563688,106.5069846771089,1,0,0
Gare de Port Boulet,Gare de La Baule-Escoublac,192.05835966773597,106.4923994024014,1,0,0
Gare de Port Boulet,Gare de La Roche-sur-Yon,136.73479649202986,72.04543467817138,1,0,0
Gare de Port Boulet,Gare de Le Croisic,200.96882831392304,106.42166810228797,1,0,0
Gare de Port Boulet,Gare de Le Pouliguen,195.36793995517417,106.46612795407972,1,0,0
Gare de Port Boulet,Gare de Nantes,128.22858315833884,71.83851026680466,1,0,0
Gare de Port Boulet,Gare de Pornichet,188.70961118525133,106.51898176785537,1,0,0
Gare de Port Boulet,Gare de Saint-Nazaire,178.62135843506266,97.25326356232615,1,0,0
Gare de Port Boulet,Gare de Savenay,159.31092787209903,91.17047661496392,1,0,0
Gare de Pouzauges,Gare de Langeais,112.46176706834768,71.40037159780637,1,0,0
Gare de Pouzauges,Gare de Tours,134.37514101773522,86.12689006224691,1,0,0
Gare de Questembert,Gare de Quimper,127.38315497518668,86.51783336105335,1,0,0
Gare de Questembert,Gare de Rosporden,107.76249625634512,64.26412203054912,1,0,0
Gare de Quimper,Gare de Nantes,209.77759743662503,83.9886811796926,1,0,0
Gare de Quimper,Gare de Pontchâteau,162.27122865159674,109.5403527460758,1,0,0
Gare de Quimper,Gare de Questembert,127.38315497518668,86.51783336105335,1,0,0
Gare de Quimper,Gare de Redon,154.40442237553742,102.75522116511893,1,0,0
Gare de Quimper,Gare de Rennes,180.2397437860367,114.94287226303508,1,0,0
Gare de Quimper,Gare de Savenay,175.19393682071907,109.4377722886293,1,0,0
Gare de Quimper,Gare de Vannes,106.49432389902486,70.86960237682656,1,0,0
Gare de Quimperlé,Gare de Nantes,167.41495213078218,107.27734047748284,1,0,0
Gare de Quimperlé,Gare de Pontchâteau,119.81891360282458,81.50668640958514,1,0,0
Gare de Quimperlé,Gare de Redon,112.13468918810524,73.92206594692026,1,0,0
Gare de Quimperlé,Gare de Rennes,142.3102597254693,86.99643146943696,1,0,0
Gare de Quimperlé,Gare de Savenay,132.8129724926896,81.4035395701174,1,0,0
Gare de Rambouillet,Gare de Champagné,130.54499841252272,84.41463081156427,1,0,0
Gare de Rambouillet,Gare de Le Mans,140.99226941794407,84.33170037432323,1,0,0
Gare de Rambouillet,Gare de Montfort-le-Gesnois,124.88051444041557,84.45959548533484,1,0,0
Gare de Rambouillet,Gare de Saint-Mars-la-Brière,128.13795015749668,84.43373796061266,1,0,0
Gare de Redon,Gare de Brest,195.8335571106044,77.2566474850432,1,0,0
Gare de Redon,Gare de Quimper,154.40442237553742,102.75522116511893,1,0,0
Gare de Redon,Gare de Quimperlé,112.13468918810524,73.92206594692026,1,0,0
Gare de Redon,Gare de Rosporden,134.74502216107342,80.79761377465704,1,0,0
Gare de Rennes,Gare de Angers Saint-Laud,109.53651231033768,66.32121929981302,1,0,0
Gare de Rennes,Gare de Audrieu,146.82964317548848,98.237055507332,1,0,0
Gare de Rennes,Gare de Bayeux,148.1016495413439,96.82662272855694,1,0,0
Gare de Rennes,Gare de Brest,210.2713901975119,80.1739319170333,1,0,0
Gare de Rennes,Gare de Bretteville - Norrey,149.05525633712557,98.21938859005492,1,0,0
Gare de Rennes,Gare de Caen,153.97905768372388,98.18030345496562,1,0,0
Gare de Rennes,Gare de Conlie,123.34328879254709,86.80658451184013,1,0,0
Gare de Rennes,Gare de Coutances,105.83127818973033,80.67118661806268,1,0,0
Gare de Rennes,Gare de Guingamp,119.77695411598872,76.02429789561901,1,0,0
Gare de Rennes,Gare de Hennebont,124.80485701421432,83.46092257483228,1,0,0
Gare de Rennes,Gare de Landerneau,195.11502016295373,117.75352580062314,1,0,0
Gare de Rennes,Gare de Landivisiau,183.48430247939604,117.84585043759522,1,0,0
Gare de Rennes,Gare de Le Mans,139.17123183659922,91.7121278293604,1,0,0
Gare de Rennes,Gare de Le Molay-Littry,140.0422727192513,96.8905980617707,1,0,0
Gare de Rennes,Gare de Lison,133.00659756913183,96.94644725111236,1,2,-1
Gare de Rennes,Gare de Lorient,131.96782986128065,83.40406289637227,1,0,0
Gare de Rennes,Gare de Morlaix,168.116029465507,104.4325014401762,1,0,0
Gare de Rennes,Gare de Plouaret Trégor,143.883388447306,94.51364132396267,1,0,0
Gare de Rennes,Gare de Quimper,180.2397437860367,114.94287226303508,1,0,0
Gare de Rennes,Gare de Quimperlé,142.3102597254693,86.99643146943696,1,0,0
Gare de Rennes,Gare de Rosporden,161.3930661768855,90.73631101674688,1,0,0
Gare de Rennes,Gare de Saint-Lô,120.31244809631905,97.04721340962756,1,0,0
Gare de Rennes,Gare de Sillé-le-Guillaume,114.87895701704254,71.01749826763957,1,0,0
Gare de Romilly-la-Puthenaye,Gare de Paris Saint-Lazare,108.33284338567869,68.22732139123384,1,0,0
Gare de Rosporden,Gare de Nantes,190.59641760411063,116.2769758380269,1,0,0
Gare de Rosporden,Gare de Pontchâteau,142.98166981258743,90.06450087849461,1,0,0
Gare de Rosporden,Gare de Questembert,107.76249625634512,64.26412203054912,1,0,0
Gare de Rosporden,Gare de Redon,134.74502216107342,80.79761377465704,1,0,0
Gare de Rosporden,Gare de Rennes,161.3930661768855,90.73631101674688,1,0,0
Gare de Rosporden,Gare de Savenay,155.99327975342123,89.96121471878428,1,0,0
Gare de Rouen Rive Droite,Gare de Achiet,142.89633491237322,81.78430592237017,1,0,0
Gare de Rouen Rive Droite,Gare de Albert,127.47731657982725,81.90670208989391,1,0,0
Gare de Rouen Rive Droite,Gare de Amiens,100.24579146241774,64.98803586140686,1,0,0
Gare de Rouen Rive Droite,Gare de Arras,152.59929710635038,99.10027448070028,1,0,0
Gare de Rouen Rive Droite,Gare de Caen,108.80825026055444,76.61090932503612,1,0,0
Gare de Rouen Rive Droite,Gare de Corbie,113.49358346017776,64.88287488852865,1,0,0
Gare de Rouen Rive Droite,Gare de Douai,175.94414318388172,106.12250898002756,1,0,0
Gare de Rouen Rive Droite,Gare de Lille Flandres,193.26111854161437,78.37225234943661,1,0,0
Gare de Rouen Rive Droite,Gare de Paris Saint-Lazare,109.84367355231086,65.06348207370546,1,0,0
Gare de Sablé-sur-Sarthe,Gare de Batz-sur-Mer,172.03462542193543,93.49729734175918,1,0,0
Gare de Sablé-sur-Sarthe,Gare de La Baule les Pins,163.98140799558186,93.56122378168956,1,0,0
Gare de Sablé-sur-Sarthe,Gare de La Baule-Escoublac,165.45704316256774,93.54951018973404,1,0,0
Gare de Sablé-sur-Sarthe,Gare de Le Croisic,173.65669102820002,93.48442138497664,1,0,0
Gare de Sablé-sur-Sarthe,Gare de Le Pouliguen,168.77102212972747,93.52320382469271,1,0,0
Gare de Sablé-sur-Sarthe,Gare de Nantes,113.73767829905503,68.23253035653595,1,0,0
Gare de Sablé-sur-Sarthe,Gare de Pornichet,163.16744463470943,93.56768502284817,1,0,0
Gare de Sablé-sur-Sarthe,Gare de Saint-Nazaire,153.222736960345,84.39751162573022,1,0,0
Gare de Sablé-sur-Sarthe,Gare de Savenay,132.0600536633633,75.35745851449717,1,0,0
Gare de Saint-Antoine-du-Rocher,Gare de Alençon,110.39056094763404,65.30421740659247,1,0,0
Gare de Saint-Brieuc,Gare de Brest,127.21282621091528,73.25718302728387,1,0,0
Gare de Saint-Genouph,Gare de Ancenis,133.6436067012202,90.90625776558632,1,0,0
Gare de Saint-Genouph,Gare de Nantes,162.2101287045115,113.58190191233685,1,0,0
Gare de Saint-Lô,Gare de Pontchaillou,119.22235082431898,97.05586660177268,1,0,0
Gare de Saint-Lô,Gare de Rennes,120.31244809631905,97.04721340962756,1,0,0
Gare de Saint-Mars-la-Brière,Gare de Maintenon,109.82534739282656,77.43873431991602,1,2,0
Gare de Saint-Mars-la-Brière,Gare de Paris Montparnasse Hall 1 - 2,170.1778676062793,110.3075971990794,1,0,0
Gare de Saint-Mars-la-Brière,Gare de Rambouillet,128.13795015749668,84.43373796061266,1,2,0
Gare de Saint-Mars-la-Brière,Gare de Versailles Chantiers,156.03711381278822,106.51726595519489,1,2,0
Gare de Saint-Mars-la-Brière,Gare de Épernon,116.51606953345464,84.52599244900631,1,2,0
Gare de Saint-Nazaire,Gare de Amboise,240.97028165950857,92.21058934407868,1,0,0
Gare de Saint-Nazaire,Gare de Angers Saint-Laud,126.1320278831638,78.43394757986657,1,0,0
Gare de Saint-Nazaire,Gare de Beaugency,293.1813721314846,112.26726517353411,1,0,0
Gare de Saint-Nazaire,Gare de Blois - Chambord,267.9142743307845,100.91191551233824,1,0,0
Gare de Saint-Nazaire,Gare de Le Mans,196.57982303050272,75.05802694235132,1,0,0
Gare de Saint-Nazaire,Gare de Mer,283.12011064155996,112.34713146724114,1,0,0
Gare de Saint-Nazaire,Gare de Meung-sur-Loire,299.0109440338461,114.01414930500614,1,0,0
Gare de Saint-Nazaire,Gare de Onzain - Chaumont-sur-Loire,256.73916218378366,101.00062355256112,1,0,0
Gare de Saint-Nazaire,Gare de Orléans,316.17889747905593,100.88235798552388,1,0,0
Gare de Saint-Nazaire,Gare de Sablé-sur-Sarthe,153.222736960345,84.39751162573022,1,0,0
Gare de Saint-Nazaire,Gare de Saint-Pierre-des-Corps,221.4060537031766,85.81951875311732,1,2,0
Gare de Saint-Nazaire,Gare de Saumur,161.423056845564,97.3897836803436,1,0,0
Gare de Saint-Nazaire,Gare de Tours,219.109332358133,85.83775012715427,1,0,0
Gare de Saint-Patrice,Gare de Ancenis,112.4871760973718,71.56738761561452,1,0,0
Gare de Saint-Patrice,Gare de Nantes,139.9641895108467,94.3776267561684,1,0,0
Gare de Saint-Piat,Gare de Champagné,109.57153915603938,78.55148698596106,1,0,0
Gare de Saint-Piat,Gare de Le Mans,120.03349964982854,78.46843994356136,1,0,0
Gare de Saint-Piat,Gare de Montfort-le-Gesnois,103.9056173286692,78.59646307342672,1,0,0
Gare de Saint-Piat,Gare de Saint-Mars-la-Brière,107.16373105401668,78.57060016667491,1,0,0
Gare de Saint-Pierre-des-Corps,Gare de Alençon,125.47063305884618,77.18766462319338,1,0,0
Gare de Saint-Pierre-des-Corps,Gare de Ancenis,143.17104836412358,90.8306289336662,1,0,0
Gare de Saint-Pierre-des-Corps,Gare de Argentan,160.34438310396112,96.169073694601,1,0,0
Gare de Saint-Pierre-des-Corps,Gare de Batz-sur-Mer,241.60096499767744,91.6098075475266,1,0,0
Gare de Saint-Pierre-des-Corps,Gare de Caen,214.25650217709892,84.0568744356043,1,0,0
Gare de Saint-Pierre-des-Corps,Gare de La Baule les Pins,233.0036987486911,91.67805264701104,1,0,0
Gare de Saint-Pierre-des-Corps,Gare de La Baule-Escoublac,234.79638436371332,91.663822308599,1,0,0
Gare de Saint-Pierre-des-Corps,Gare de Le Croisic,243.6765886998857,91.59333124657846,1,0,0
Gare de Saint-Pierre-des-Corps,Gare de Le Pouliguen,238.14611668068855,91.63723213346684,1,0,0
Gare de Saint-Pierre-des-Corps,Gare de Mézidon - Canon,196.4492998355937,74.77583559588612,1,0,0
Gare de Saint-Pierre-des-Corps,Gare de Nantes,171.8598690727835,113.5053022732935,1,0,0
Gare de Saint-Pierre-des-Corps,Gare de Orléans,105.77578390427468,71.79322998147535,1,0,0
Gare de Saint-Pierre-des-Corps,Gare de Pornichet,231.60109585379507,91.68918650879073,1,0,0
Gare de Saint-Pierre-des-Corps,Gare de Saint-Nazaire,221.4060537031766,85.81951875311732,1,0,0
Gare de Saint-Pierre-des-Corps,Gare de Savenay,201.4197963213341,81.45687451481464,1,0,0
Gare de Saint-Pierre-des-Corps,Gare de Surdon,148.7729237202397,96.260927939189,1,0,0
Gare de Saint-Pierre-des-Corps,Gare de Sées,141.19382806903533,96.32109080046826,1,0,0
Gare de Saint-Pierre-sur-Dives,Gare de Château-du-Loir,152.7304514438064,102.40576072545642,1,2,-1
Gare de Saint-Pierre-sur-Dives,Gare de Le Mans,115.53578003464834,77.81685632288836,1,0,0
Gare de Saint-Pierre-sur-Dives,Gare de Neuville,107.391807494156,77.88150317691478,1,0,0
Gare de Saint-Pierre-sur-Dives,Gare de Tours,189.56282071835943,74.83050046711872,1,0,0
Gare de Saint-Pierre-sur-Dives,Gare de Écommoy,135.21776801811055,77.66062070227562,1,0,0
Gare de Sainte-Gauburge,Gare de Folligny,135.0786079022565,103.6095390515568,1,0,0
Gare de Sainte-Gauburge,Gare de Granville,148.30938051292216,103.50451317857332,1,0,0
Gare de Sainte-Gauburge,Gare de Paris Montparnasse Hall 1 - 2,139.3376012715138,71.61552759360701,1,0,0
Gare de Sainte-Gauburge,Gare de Paris Montparnasse Vaugirard,139.3376012715138,71.61552759360701,1,0,0
Gare de Sainte-Gauburge,Gare de Versailles Chantiers,125.4882484492729,65.42901196509867,1,2,0
Gare de Sainte-Gauburge,Gare de Villedieu-les-Poêles,121.86415208914524,96.25523058686096,1,2,0
Gare de Saumur,Gare de Batz-sur-Mer,181.62566427994855,106.57521413838968,1,0,0
Gare de Saumur,Gare de Beaugency,139.46681317824778,87.7745439981839,1,0,0
Gare de Saumur,Gare de Blois - Chambord,110.69243451109666,66.62836337174876,1,0,0
Gare de Saumur,Gare de La Baule les Pins,173.02608368192696,106.64347760917676,1,0,0
Gare de Saumur,Gare de La Baule-Escoublac,174.85831777182833,106.62893333497112,1,0,0
Gare de Saumur,Gare de La Roche-sur-Yon,122.96445361801992,72.15474365990526,1,0,0
Gare de Saumur,Gare de Le Croisic,183.7675134033134,106.5582121400484,1,0,0
Gare de Saumur,Gare de Le Pouliguen,178.1739826096871,106.6026135874882,1,0,0
Gare de Saumur,Gare de Mer,128.11774053125802,87.86463293685571,1,0,0
Gare de Saumur,Gare de Meung-sur-Loire,146.29826273527604,91.97366163453717,1,0,0
Gare de Saumur,Gare de Nantes,111.1654018469412,71.97395780005454,1,0,0
Gare de Saumur,Gare de Orléans,164.30941858641518,113.41910310918132,1,0,0
Gare de Saumur,Gare de Pornichet,171.5291594883047,106.65536019342574,1,0,0
Gare de Saumur,Gare de Saint-Nazaire,161.423056845564,97.3897836803436,1,0,0
Gare de Saumur,Gare de Savenay,142.04668259247015,91.3075201939936,1,0,0
Gare de Savenay,Gare de Amboise,220.8749125149457,88.06905114562466,1,0,0
Gare de Savenay,Gare de Angers Saint-Laud,105.57339467157422,70.39175072452251,1,0,0
Gare de Savenay,Gare de Beaugency,272.3611219267663,107.3645822078804,1,0,0
Gare de Savenay,Gare de Blois - Chambord,247.408926191244,96.40917261700535,1,0,0
Gare de Savenay,Gare de Hennebont,111.45977277722142,71.96788432046164,1,0,0
Gare de Savenay,Gare de Le Mans,175.4178307999511,111.37980455650752,1,0,0
Gare de Savenay,Gare de Lorient,115.00521442622636,71.93974060465183,1,0,0
Gare de Savenay,Gare de Mer,262.3995175336142,107.44365742355322,1,0,0
Gare de Savenay,Gare de Meung-sur-Loire,278.127703608079,108.9812457671528,1,0,0
Gare de Savenay,Gare de Onzain - Chaumont-sur-Loire,236.4508391608771,96.4961579118524,1,0,0
Gare de Savenay,Gare de Orléans,295.2319064576074,122.66231381187634,1,0,0
Gare de Savenay,Gare de Quimper,175.19393682071907,109.4377722886293,1,0,0
Gare de Savenay,Gare de Quimperlé,132.8129724926896,81.4035395701174,1,0,0
Gare de Savenay,Gare de Rosporden,155.99327975342123,89.96121471878428,1,0,0
Gare de Savenay,Gare de Sablé-sur-Sarthe,132.0600536633633,75.35745851449717,1,0,0
Gare de Savenay,Gare de Saint-Pierre-des-Corps,201.4197963213341,81.45687451481464,1,2,0
Gare de Savenay,Gare de Saumur,142.04668259247015,91.3075201939936,1,0,0
Gare de Savenay,Gare de Tours,199.10804217697935,81.47522521921253,1,0,0
Gare de Savonnières,Gare de Ancenis,129.6892001497216,90.23286541103452,1,0,0
Gare de Savonnières,Gare de Nantes,158.15034398314478,110.94301829437156,1,0,0
Gare de Sceaux - Boëssé,Gare de Angers Maître École,110.08145568016904,74.42550815243791,1,0,0
Gare de Sceaux - Boëssé,Gare de Angers Saint-Laud,111.61992735554178,74.41329576427881,1,0,0
Gare de Sceaux - Boëssé,Gare de Paris Montparnasse Hall 1 - 2,151.6373715061088,82.53173095572026,1,0,0
Gare de Sceaux - Boëssé,Gare de Versailles Chantiers,137.49054544719638,78.020670115256,1,2,0
Gare de Serqueux,Gare de Douai,138.033244990752,69.87594726236131,1,0,0
Gare de Serqueux,Gare de Lille Flandres,156.16118200948134,90.19469958023932,1,0,0
Gare de Serquigny,Gare de Paris Saint-Lazare,119.97208509862132,87.10456222266689,1,0,0
Gare de Servon,Gare de Le Mans,123.89741863631296,81.73662435055088,1,0,0
Gare de Sillé-le-Guillaume,Gare de Cesson-Sévigné,109.56704866306592,71.05966419615343,1,0,0
Gare de Sillé-le-Guillaume,Gare de Rennes,114.87895701704254,71.01749826763957,1,0,0
Gare de Surdon,Gare de Château-du-Loir,111.09554169819732,78.80460918438688,1,2,-1
Gare de Surdon,Gare de Folligny,114.51256703939288,73.7609041153507,1,0,0
Gare de Surdon,Gare de Granville,127.7065295860424,73.65617044065539,1,0,0
Gare de Surdon,Gare de Paris Montparnasse Hall 1 - 2,161.45681955498824,102.32299709212094,1,0,0
Gare de Surdon,Gare de Paris Montparnasse Vaugirard,161.45681955498824,102.32299709212094,1,0,0
Gare de Surdon,Gare de Tours,147.71784950942632,96.26930311827442,1,0,0
Gare de Surdon,Gare de Versailles Chantiers,147.51452967697432,96.19400654407686,1,2,0
Gare de Surdon,Gare de Villedieu-les-Poêles,101.46002308086712,65.5198853126196,1,2,0
Gare de Sées,Gare de Château-du-Loir,103.5796920132207,78.86426999918622,1,2,-1
Gare de Sées,Gare de Tours,140.14101284647106,96.32944804770496,1,0,0
Gare de Teillé,Gare de Caen,117.50542660530364,73.79109641787204,1,0,0
Gare de Tiercé,Gare de Batz-sur-Mer,155.6643184840506,94.3699888646952,1,0,0
Gare de Tiercé,Gare de La Baule les Pins,147.2839568925189,94.4365121750088,1,0,0
Gare de Tiercé,Gare de La Baule-Escoublac,148.9096979528658,94.42360704247174,1,0,0
Gare de Tiercé,Gare de Le Croisic,157.4949292691906,94.35545747628277,1,0,0
Gare de Tiercé,Gare de Le Pouliguen,152.28115222034515,94.3968444384965,1,0,0
Gare de Tiercé,Gare de Pornichet,146.21990394547697,94.4449586273024,1,0,0
Gare de Tiercé,Gare de Saint-Nazaire,136.02899963703692,85.0434810851384,1,0,0
Gare de Tiercé,Gare de Savenay,114.98711221756132,77.0146599062361,1,0,0
Gare de Tours,Gare de Alençon,124.25069765639644,77.19734847041802,1,0,0
Gare de Tours,Gare de Ancenis,140.86065478534013,90.84896883789456,1,0,0
Gare de Tours,Gare de Argentan,159.17521391056027,96.17835455965825,1,0,0
Gare de Tours,Gare de Batz-sur-Mer,239.30257926176404,91.62805213349829,1,0,0
Gare de Tours,Gare de Caen,213.03864280728325,84.0665418032819,1,0,0
Gare de Tours,Gare de Cerizay,121.02621777828392,77.80864187722064,1,0,0
Gare de Tours,Gare de Chantonnay,153.5471391948048,95.0183440384063,1,0,0
Gare de Tours,Gare de La Baule les Pins,230.7059548122459,91.69629213837857,1,0,0
Gare de Tours,Gare de La Baule-Escoublac,232.4972295827897,91.68207299924995,1,0,0
Gare de Tours,Gare de La Hutte Coulombiers,110.61790265025436,66.00003675359261,1,0,0
Gare de Tours,Gare de La Roche-sur-Yon,179.97733540289371,113.4036979135207,1,0,0
Gare de Tours,Gare de Le Croisic,241.3759372411304,91.61159381785806,1,0,0
Gare de Tours,Gare de Le Pouliguen,235.8478481025464,91.65547578944016,1,0,0
Gare de Tours,Gare de Mézidon - Canon,195.37902856017195,74.78433140927042,1,0,0
Gare de Tours,Gare de Nantes,169.59939455912993,113.52324591998288,1,0,0
Gare de Tours,Gare de Orléans,107.48055348360818,71.7796975205546,1,0,0
Gare de Tours,Gare de Pornichet,229.30666922229665,91.70739966739156,1,0,0
Gare de Tours,Gare de Pouzauges,134.37514101773522,86.12689006224691,1,0,0
Gare de Tours,Gare de Saint-Nazaire,219.109332358133,85.83775012715427,1,0,0
Gare de Tours,Gare de Saint-Pierre-sur-Dives,189.56282071835943,74.83050046711872,1,0,0
Gare de Tours,Gare de Savenay,199.10804217697935,81.47522521921253,1,0,0
Gare de Tours,Gare de Surdon,147.71784950942632,96.26930311827442,1,0,0
Gare de Tours,Gare de Sées,140.14101284647106,96.32944804770496,1,0,0
Gare de Trouville - Deauville,Gare de Paris Saint-Lazare,171.7391634000595,108.8940338759804,1,0,0
Gare de Valognes,Gare de Bernay,157.52773906408422,101.07049236716144,1,0,0
Gare de Valognes,Gare de Lisieux,130.5536701203894,82.71436868643723,1,0,0
Gare de Valognes,Gare de Mantes-la-Jolie,238.04777518497016,93.77381950756876,1,2,0
Gare de Valognes,Gare de Paris Saint-Lazare,285.20397121216814,115.96412774435991,1,0,0
Gare de Valognes,Gare de Évreux Normandie,198.3253503192709,81.76157108350041,1,0,0
Gare de Vannes,Gare de Brest,151.5328576379902,94.88950336021271,1,0,0
Gare de Vannes,Gare de Nantes,103.7479995413415,66.34043119952159,1,0,0
Gare de Vannes,Gare de Quimper,106.49432389902486,70.86960237682656,1,0,0
Gare de Varades - Saint-Florent-le-Vieil,Gare de Le Mans,114.04254762169286,68.52399995844925,1,0,0
Gare de Verneuil-sur-Avre,Gare de Flers,110.16290141126734,67.46596740181226,1,0,0
Gare de Verneuil-sur-Avre,Gare de Folligny,171.44220513000744,113.45152344658312,1,0,0
Gare de Verneuil-sur-Avre,Gare de Granville,184.6678835280653,113.34653801145932,1,0,0
Gare de Verneuil-sur-Avre,Gare de Paris Montparnasse Hall 1 - 2,102.50856667631032,64.31877213053212,1,0,0
Gare de Verneuil-sur-Avre,Gare de Paris Montparnasse Vaugirard,102.50856667631032,64.31877213053212,1,0,0
Gare de Verneuil-sur-Avre,Gare de Villedieu-les-Poêles,158.17015677706982,104.6611242228546,1,2,-1
Gare de Verneuil-sur-Avre,Gare de Vire,133.2346810950969,67.28282361468202,1,0,0
Gare de Vernon - Giverny,Gare de Le Havre,107.82127701663256,80.33228015533558,1,0,0
Gare de Versailles Chantiers,Gare de Argentan,158.51685489289568,96.10667008651286,1,0,0
Gare de Versailles Chantiers,Gare de Briouze,183.88228748337255,77.17807645604297,1,0,0
Gare de Versailles Chantiers,Gare de Champagné,158.43704484589446,106.49821530265407,1,0,0
Gare de Versailles Chantiers,Gare de Connerré - Beillé,145.75824434594705,83.42566730834369,1,0,0
Gare de Versailles Chantiers,Gare de Flers,198.61032149191615,77.06116532208316,1,0,0
Gare de Versailles Chantiers,Gare de Folligny,259.44501880165495,105.07755707042568,1,0,0
Gare de Versailles Chantiers,Gare de Granville,272.63576003262256,104.97284896653424,1,0,0
Gare de Versailles Chantiers,Gare de L'Aigle,111.115532170879,65.54310258691656,1,0,0
Gare de Versailles Chantiers,Gare de La Ferté-Bernard,129.42671816130442,78.0846807762514,1,0,0
Gare de Versailles Chantiers,Gare de Le Mans,168.81804784372875,106.41581090085728,1,0,0
Gare de Versailles Chantiers,Gare de Le Theil - La Rouge,121.32531311102665,78.14898972954052,1,0,0
Gare de Versailles Chantiers,Gare de Montfort-le-Gesnois,152.78894018028035,106.54304995748971,1,0,0
Gare de Versailles Chantiers,Gare de Nogent-le-Rotrou,110.66916553413898,78.23357822900584,1,0,0
Gare de Versailles Chantiers,Gare de Saint-Mars-la-Brière,156.03711381278822,106.51726595519489,1,0,0
Gare de Versailles Chantiers,Gare de Sainte-Gauburge,125.4882484492729,65.42901196509867,1,0,0
Gare de Versailles Chantiers,Gare de Sceaux - Boëssé,137.49054544719638,78.020670115256,1,0,0
Gare de Versailles Chantiers,Gare de Surdon,147.51452967697432,96.19400654407686,1,0,0
Gare de Versailles Chantiers,Gare de Villedieu-les-Poêles,246.13477552102904,100.85100473523566,1,2,-1
Gare de Versailles Chantiers,Gare de Vire,221.06716362137317,76.88290290925953,1,0,0
Gare de Villedieu-les-Poêles,Gare de Dreux,190.50605891623977,80.3090571538467,1,0,0
Gare de Villedieu-les-Poêles,Gare de L'Aigle,135.37183478414997,96.14800660162804,1,0,0
Gare de Villedieu-les-Poêles,Gare de Nonancourt,177.21411977414817,77.68480394427843,1,0,0
Gare de Villedieu-les-Poêles,Gare de Paris Montparnasse Hall 1 - 2,259.49707470370964,104.68883109926678,1,0,0
Gare de Villedieu-les-Poêles,Gare de Paris Montparnasse Vaugirard,259.49707470370964,104.68883109926678,1,0,0
Gare de Villedieu-les-Poêles,Gare de Sainte-Gauburge,121.86415208914524,96.25523058686096,1,0,0
Gare de Villedieu-les-Poêles,Gare de Surdon,101.46002308086712,65.5198853126196,1,0,0
Gare de Villedieu-les-Poêles,Gare de Verneuil-sur-Avre,158.17015677706982,104.6611242228546,1,0,0
Gare de Villedieu-les-Poêles,Gare de Versailles Chantiers,246.13477552102904,100.85100473523566,1,2,-1
Gare de Vire,Gare de Dreux,165.5433313286869,90.7357993014207,1,0,0
Gare de Vire,Gare de Nonancourt,152.1961080065607,86.06853115440316,1,0,0
Gare de Vire,Gare de Paris Montparnasse Hall 1 - 2,234.404908230287,80.76837890855215,1,0,0
Gare de Vire,Gare de Paris Montparnasse Vaugirard,234.404908230287,80.76837890855215,1,0,0
Gare de Vire,Gare de Verneuil-sur-Avre,133.2346810950969,67.28282361468202,1,0,0
Gare de Vire,Gare de Versailles Chantiers,221.06716362137317,76.88290290925953,1,2,0
Gare de Vitré,Gare de Batz-sur-Mer,133.23751215433612,68.6874289175516,1,0,0
Gare de Vitré,Gare de La Baule les Pins,127.09586345383744,68.73618132493615,1,0,0
Gare de Vitré,Gare de La Baule-Escoublac,127.9310769893953,68.7295513998909,1,0,0
Gare de Vitré,Gare de Le Croisic,134.0603385861042,68.68089732133622,1,0,0
Gare de Vitré,Gare de Le Mans,105.3210090475381,73.46796624865127,1,0,0
Gare de Vitré,Gare de Le Pouliguen,130.6918271634282,68.70763656500942,1,0,0
Gare de Vitré,Gare de Pornichet,127.16616370746227,68.73562328152288,1,0,0
Gare de Vivoin - Beaumont,Gare de Caen,111.24119531100509,73.84082188588619,1,0,0
Gare de Yvetot,Gare de Paris Saint-Lazare,141.24333210243333,91.82070782104768,1,0,0
Gare de Écommoy,Gare de Caen,157.02962539466785,91.68678695829668,1,0,0
Gare de Écommoy,Gare de Mézidon - Canon,140.89213272097885,77.61557759526426,1,0,0
Gare de Écommoy,Gare de Saint-Pierre-sur-Dives,135.21776801811055,77.66062070227562,1,0,0
Gare de Épernon,Gare de Champagné,118.91564892391554,84.50694458780482,1,0,0
Gare de Épernon,Gare de Le Mans,129.30768988018804,84.42445256669393,1,0,0
Gare de Épernon,Gare de Montfort-le-Gesnois,113.26900628738174,84.55176763705363,1,0,0
Gare de Épernon,Gare de Saint-Mars-la-Brière,116.51606953345464,84.52599244900631,1,0,0
Gare de Étriché - Châteauneuf,Gare de Batz-sur-Mer,157.3342269229457,94.35673313150726,1,0,0
Gare de Étriché - Châteauneuf,Gare de La Baule les Pins,149.00874742577764,94.42282078775575,1,0,0
Gare de Étriché - Châteauneuf,Gare de La Baule-Escoublac,150.60618314561336,94.41014034301172,1,0,0
Gare de Étriché - Châteauneuf,Gare de Le Croisic,159.12511884407547,94.34251703143732,1,0,0
Gare de Étriché - Châteauneuf,Gare de Le Pouliguen,153.9707133260253,94.3834327024396,1,0,0
Gare de Étriché - Châteauneuf,Gare de Pornichet,147.99447226057828,94.43087210401713,1,0,0
Gare de Étriché - Châteauneuf,Gare de Saint-Nazaire,137.83869378063153,85.02911573302654,1,0,0
Gare de Étriché - Châteauneuf,Gare de Savenay,116.73047422524814,77.0008210986191,1,0,0
Gare de Évreux Normandie,Gare de Bayeux,137.26494704218797,95.64365558714888,1,0,0
Gare de Évreux Normandie,Gare de Caen,110.40817099289217,78.04858168103868,1,0,0
Gare de Évreux Normandie,Gare de Carentan,176.94797976635206,78.98242307979415,1,0,0
Gare de Évreux Normandie,Gare de Cherbourg,212.127475289548,81.65200981548635,1,0,0
Gare de Évreux Normandie,Gare de Frénouville - Cagny,103.59421025988388,65.51897156179406,1,0,0
Gare de Évreux Normandie,Gare de Lison,161.75003532705017,95.44929295634364,1,2,-1
Gare de Évreux Normandie,Gare de Valognes,198.3253503192709,81.76157108350041,1,0,0
Gdynia Gł.,Praha hl.n.,566.3324285438963,84.13748926543842,1,1,0
Gdynia Gł.,Zakopane,588.4871436483481,85.620302712546,1,1,0
Geisingen Bahnhof,Blaubeuren,100.1039747812892,65.95547561349733,1,0,0
Geisingen Bahnhof,Blaustein Gleis 2,108.80430640143308,67.3342994902512,1,0,0
Geisingen Bahnhof,Gerhausen,100.73495857150245,65.91930131280441,1,0,0
Geisingen Bahnhof,Herrlingen,107.56274750453576,65.52786417327361,1,0,0
Geisingen Bahnhof,Ulm Hbf,112.04560195666244,67.14847601606989,1,0,0
Geislingen (Steige) Gleis 2,Enzisweiler,118.05185230399306,75.17731730890246,1,0,0
Geislingen (Steige) Gleis 2,Eriskirch Bahnhof,112.61691784953172,71.77867287912777,1,0,0
Geislingen (Steige) Gleis 2,Friedrichshafen Stadtbahnhof,110.83532384147404,71.8069574655997,1,0,0
Geislingen (Steige) Gleis 2,Kressbronn Bahnhof,115.40771167316488,75.2192956855575,1,0,0
Geislingen (Steige) Gleis 2,Langenargen Bahnhof,115.51694795415392,71.73263200118679,1,0,0
Geislingen (Steige) Gleis 2,Lindau-Aeschach,118.43926263348206,75.17116678251149,1,0,0
Geislingen (Steige) Gleis 2,Lindau-Reutin,119.0934008076147,75.16078168485897,1,0,0
Geislingen (Steige) Gleis 2,Meckenbeuren Bahnhof,104.36400280709644,71.90969615834148,1,0,0
Geislingen (Steige) Gleis 2,Nonnenhorn,117.33069619796858,75.18876638324171,1,0,0
Geislingen (Steige) Gleis 2,Wasserburg (Bodensee),117.43384466870232,75.18712879812034,1,0,0
Geltendorf,Hergatz,103.75537461539376,76.1758955839803,1,0,0
Geltendorf,Lindau-Insel,119.0014700454264,75.93384857293312,1,0,0
Geltendorf,Lindau-Reutin,117.14009269494764,75.96339979974931,1,0,0
Giengen (Brenz),Bahnhof Überlingen,123.6840474822574,83.16738426428283,1,0,0
Giengen (Brenz),Friedrichshafen Stadtbahnhof,121.51733425814724,74.5185989650206,1,0,0
Giengen (Brenz),Ludwigshafen(Bodensee) Bahnhof,125.30393883019786,81.53794498225521,1,0,0
Giengen (Brenz),Radolfzell Bahnhof,136.05270464967822,81.36729757610514,1,0,0
Giengen (Brenz),"Salem, Bahnhof",118.5516926923062,69.94222332433732,1,0,0
Giengen (Brenz),Singen (Htw) Bahnhof,140.90013699765305,90.6453727158802,1,0,0
Giengen (Brenz),Sipplingen Bahnhof,124.7616185510772,81.54655485900653,1,0,0
Giengen (Brenz),Uhldingen-Mühlhofen Bahnhof,122.55072870142088,83.18537683324739,1,0,0
Giengen (Brenz),Überlingen Bahnhof Therme,124.52552489973388,83.15402496880297,1,0,0
Glasgow Central,London Euston,552.6122013736833,110.40118150890616,1,1,0
Graz Hbf,Berlin Hbf,623.7997096354479,140.81045817378654,0,1,0
Graz Hbf,Zürich HB,520.1972565068972,132.4903277757329,1,1,0
Grenzach Bahnhof Bstg 2,Bahnhof Überlingen,115.1920721307758,67.33271810314415,1,0,0
Grenzach Bahnhof Bstg 2,Bermatingen-Ahausen Bahnhof,127.84074918164298,79.54222957665922,1,0,0
Grenzach Bahnhof Bstg 2,Friedrichshafen Stadtbahnhof,136.49404812283586,85.03200622588662,1,0,0
Grenzach Bahnhof Bstg 2,Markdorf Bahnhof,130.86268481631188,79.53956422942944,1,0,0
Grenzach Bahnhof Bstg 2,"Salem, Bahnhof",124.7886526020784,76.94392160432093,1,0,0
Grenzach Bahnhof Bstg 2,Uhldingen-Mühlhofen Bahnhof,120.83662068320407,67.32773961132091,1,0,0
Göppingen Gleis 6,Enzisweiler,126.2984699746807,73.69950594007331,1,0,0
Göppingen Gleis 6,Eriskirch Bahnhof,119.49612795009143,68.73696325422335,1,0,0
Göppingen Gleis 6,Friedrichshafen Stadtbahnhof,117.13774355670716,68.77440496485274,1,0,0
Göppingen Gleis 6,Kressbronn Bahnhof,123.02747985462976,73.75143617921924,1,0,0
Göppingen Gleis 6,Langenargen Bahnhof,122.623298315083,68.68731629750876,1,0,0
Göppingen Gleis 6,Lindau-Aeschach,126.86062543968592,73.69058115991089,1,0,0
Göppingen Gleis 6,Lindau-Reutin,127.66082815815923,73.6778771415524,1,0,0
Göppingen Gleis 6,Meckenbeuren Bahnhof,111.4159899924604,68.86524352443871,1,0,0
Göppingen Gleis 6,Nonnenhorn,125.098056383036,73.71856370625426,1,0,0
Göppingen Gleis 6,Wasserburg (Bodensee),125.44426337980954,73.71306732397349,1,0,0
Hamburg Altona,Innsbruck Hbf,706.926686833688,135.9694165770473,0,1,0
Hamburg Altona,Innsbruck Hbf,706.926686833688,135.9694165770473,0,1,0
Hamburg Altona,Lörrach Hbf,679.3935868134943,142.54607617071989,0,1,0
Hamburg Altona,München Ost,614.4498018215177,112.52776243724368,0,1,0
Hamburg Altona,Villach Hbf,819.6719698194485,175.5876306453359,0,1,1
Hamburg Altona,Wien Hbf,748.0564796215689,165.55558153307442,0,1,1
Hamburg Altona,Zürich HB,693.549975408636,143.60548521314155,0,1,0
Hamburg Hbf,Augsburg Hbf,580.047201254215,109.9233044815071,1,1,0
Hamburg Hbf,Kufstein Bahnhof,680.9780268288359,133.76325217761195,0,1,0
Hamburg Hbf,München Hbf Gleis 10,611.5220830114138,114.74174859243033,0,1,0
Hamburg Hbf,München Hbf Gleis 12,611.591036602211,114.73779548306992,0,1,0
Hamburg Hbf,München Hbf Gleis 14,611.5755978177431,114.73868058858348,0,1,0
Hamburg Hbf,Ostbahnhof Gleis 6,613.5662989677319,114.62455369165464,0,1,0
Hamburg Hbf,Ostbahnhof Gleis 8,613.5810707018337,114.62370682813857,0,1,0
Hamburg Hbf,Pasing Gleis 9,609.3228297088086,114.74396814408928,0,1,0
Hamburg Hbf,Rosenheim,651.2490814753883,141.8299121269239,0,1,0
Heidenheim (Brenz),Bahnhof Überlingen,125.2443714567622,83.35943786001735,1,0,0
Heidenheim (Brenz),Friedrichshafen Stadtbahnhof,124.9335343788044,76.02818835590648,1,0,0
Heidenheim (Brenz),Ludwigshafen(Bodensee) Bahnhof,126.176658083473,80.81126758179924,1,0,0
Heidenheim (Brenz),Radolfzell Bahnhof,137.00828563448715,80.63930466279933,1,0,0
Heidenheim (Brenz),"Salem, Bahnhof",120.75252480555088,70.15411498266775,1,0,0
Heidenheim (Brenz),Singen (Htw) Bahnhof,141.28988846110465,89.51715694159238,1,0,0
Heidenheim (Brenz),Sipplingen Bahnhof,125.90956370976348,80.81550797207625,1,0,0
Heidenheim (Brenz),Uhldingen-Mühlhofen Bahnhof,124.62856766575216,83.36921436100343,1,0,0
Heidenheim (Brenz),Überlingen Bahnhof Therme,126.00644433599793,83.34733919098662,1,0,0
Heimenkirch,Augsburg Hbf,109.79660708497514,67.44112465779389,1,0,0
Heimenkirch,Augsburg Messe,107.6856869404106,67.4429864893614,1,0,0
Heimenkirch,Augsburg Morellstraße,109.35899469213436,67.44151063192439,1,0,0
Heimenkirch,Donauwörth,136.82057747371326,82.94719950618708,1,0,0
Heimenkirch,Inningen,104.63573836867036,67.44567654400169,1,0,0
Heimenkirch,München Hbf Gleis 15,135.91706847333336,82.81432240911424,1,0,0
Heimenkirch,München Hbf Gleis 18,135.929366814683,82.81431156197716,1,0,0
Heimenkirch,München Hbf Gleis 24,135.9569721697696,82.81428721405398,1,0,0
Heimenkirch,München Hbf Gleis 25,135.96248765980758,82.81428234939176,1,0,0
Heimenkirch,Nürnberg Hbf,219.8894769461585,86.27915043728127,1,0,0
Heimenkirch,Pasing Gleis 3,129.9152574324411,76.70961676890356,1,0,0
Heimenkirch,Pasing Gleis 4,129.92499675518297,76.7096081788209,1,0,0
Heimenkirch,Treuchtlingen,165.77046591829267,100.95498469850058,1,0,0
Hel,Bohumín,524.6208669884766,97.17214577266968,1,1,0
Hel,Kraków Gł.,511.2032428538644,93.2153606815478,1,1,0
Hergatz,Augsburg Hbf,112.15969627617795,81.67250329458201,1,0,0
Hergatz,Augsburg Messe,110.15078578905616,81.67427515363165,1,0,0
Hergatz,Augsburg Morellstraße,111.77987161020889,81.6728382999374,1,0,0
Hergatz,Bobingen,102.07176866978352,67.7979499445342,1,0,0
Hergatz,Donauwörth,137.8144589529766,95.81741174974758,1,0,0
Hergatz,Geltendorf,103.75226942140868,77.73160640974461,1,0,0
Hergatz,Geltendorf,103.75286975218218,77.73160588025287,1,0,0
Hergatz,Inningen,107.16304172513036,81.67691034389604,1,0,0
Hergatz,München Hbf Gleis 15,140.1957178974978,97.98451890739088,1,0,0
Hergatz,München Hbf Gleis 18,140.20743523832064,97.98450857269629,1,0,0
Hergatz,München Hbf Gleis 24,140.236624050587,97.98448282816386,1,0,0
Hergatz,München Hbf Gleis 24,140.2336777917243,97.98448542676418,1,0,0
Hergatz,München Hbf Gleis 25,140.2388727895563,97.9844808447761,1,0,0
Hergatz,Nürnberg Hbf,220.32667322269575,93.6579425712696,1,0,0
Hergatz,Pasing Gleis 3,134.0768045819243,91.87240889934668,1,0,0
Hergatz,Pasing Gleis 3,134.07431204803297,91.8724110977616,1,0,0
Hergatz,Pasing Gleis 4,134.0837940583623,91.87240273462848,1,0,0
Hergatz,Treuchtlingen,166.5902485776299,113.2205344281832,1,0,0
Herrlingen,Donaueschingen Bahnhof,116.10056117368684,66.68336700771196,1,0,0
Herrlingen,Geisingen Bahnhof,107.56100742284582,69.98679793386354,1,0,0
Herten (Baden) Bahnhof,Bahnhof Überlingen,109.41653560058492,67.33781212636377,1,0,0
Herten (Baden) Bahnhof,Bermatingen-Ahausen Bahnhof,121.98912127910675,79.54739071246927,1,0,0
Herten (Baden) Bahnhof,Friedrichshafen Stadtbahnhof,130.5697181036153,85.03723148496357,1,0,0
Herten (Baden) Bahnhof,Markdorf Bahnhof,124.99312997808832,79.54474117679676,1,0,0
Herten (Baden) Bahnhof,"Salem, Bahnhof",118.97408650042972,76.94905005162259,1,0,0
Herten (Baden) Bahnhof,Uhldingen-Mühlhofen Bahnhof,115.0038565489112,67.33288410928735,1,0,0
Humenné,Bratislava hl.st.,363.1634335745456,106.13111299925076,1,0,0
Humenné,Praha hl.n.,553.8529281142767,136.7191232800502,1,1,0
Iași,București Nord,323.841447701412,85.25127204230607,1,0,0
Iași,Cluj-Napoca,307.55640211776995,106.23772072852088,1,0,0
Iași,Timişoara Nord,514.1004354388759,114.93634933289678,1,1,0
Immendingen Zimmern,Herrlingen,103.05314420034222,65.78639973070302,1,0,0
Immendingen Zimmern,Ulm Hbf,107.48155041552012,67.4101330909236,1,0,0
Immenstadt,Augsburg Hbf,102.62676158132894,69.51672800493135,1,0,0
Immenstadt,Augsburg Messe,100.1087882278036,69.51894885742917,1,0,0
Immenstadt,Augsburg Morellstraße,101.93100475821196,69.51734166244934,1,0,0
Immenstadt,Donauwörth,134.94743502023678,87.92792777882842,1,0,0
Immenstadt,München Hbf Gleis 15,119.26596305438515,78.43755139440134,1,0,0
Immenstadt,München Hbf Gleis 18,119.28089392109256,78.4375382253769,1,0,0
Immenstadt,München Hbf Gleis 24,119.31468909465111,78.43750841803383,1,0,0
Immenstadt,München Hbf Gleis 25,119.32167224821224,78.43750225889238,1,0,0
Immenstadt,Nürnberg Hbf,219.30896048531343,90.13790268641364,1,0,0
Immenstadt,Pasing Gleis 3,113.91825633508488,72.92482196275152,1,0,0
Immenstadt,Pasing Gleis 4,113.92909152897624,72.9248124061105,1,0,0
Immenstadt,Treuchtlingen,164.14881413220309,106.68950560720286,1,0,0
Ingolstadt Hbf,Neu-Ulm,112.36087371589998,76.69570300088415,1,0,0
Ingolstadt Hbf,Ulm Hbf,113.71563330712785,76.67419483761381,1,0,0
Inningen,Heimenkirch,104.62104689320547,65.87700152476631,1,0,0
Inningen,Hergatz,107.15919523617276,80.07016876312812,1,0,0
Inningen,Lindau-Insel,122.91471756078042,79.82003409070265,1,0,0
Inningen,Lindau-Reutin,121.24445320008128,79.84655120769311,1,0,0
Inningen,Oberstaufen,105.1160412368082,65.86914299456728,1,0,0
Inningen,Röthenbach (Allgäu),102.72351669552953,65.90712671418461,1,0,0
Innsbruck Hbf,Amsterdam Centraal,734.988320977054,171.63566339084795,0,1,0
Innsbruck Hbf,Düsseldorf Hbf,552.5777240085893,141.97347670515327,1,1,0
Innsbruck Hbf,Hamburg Altona,706.926686833688,165.27435545305102,0,1,0
Innsbruck Hbf,Hamburg Altona,706.926686833688,165.27435545305102,0,1,0
Innsbruck Hbf,Malmö C,934.5751189636396,217.55187060389488,0,1,-1
Karlsruhe Hauptbahnhof,Augsburg Hbf,195.29929396704543,69.27924080864523,1,0,0
Karlsruhe Hauptbahnhof,München Hbf Gleis 14,250.8542793514989,86.50972762225207,1,0,0
Karlsruhe Hauptbahnhof,Paris Gare de l'Est,441.32587528698446,105.2494231840517,1,1,0
Karlsruhe Hauptbahnhof,Ulm Hauptbahnhof,133.5490380572215,79.24765885019491,1,0,0
Kars,Ankara,873.3727363721096,163.77559978235809,0,1,1
Kaufbeuren,Nürnberg Hbf,177.70873904731596,115.97939428249612,1,0,0
Kaufbeuren,Treuchtlingen,122.43366993254624,79.9819629005297,1,0,0
Kempten (Allgäu) Hbf,Donauwörth,116.42049143918432,77.67057159729426,1,0,0
Kempten (Allgäu) Hbf,München Hbf Gleis 15,103.9371689727564,70.09722809408534,1,0,0
Kempten (Allgäu) Hbf,München Hbf Gleis 18,103.95036747859172,70.09721645300318,1,0,0
Kempten (Allgäu) Hbf,München Hbf Gleis 24,103.98008910930636,70.0971902385249,1,0,0
Kempten (Allgäu) Hbf,München Hbf Gleis 25,103.98610460025392,70.09718493286188,1,0,0
Kempten (Allgäu) Hbf,Nürnberg Hbf,200.81921372105177,83.70773104127657,1,0,0
Kempten (Allgäu) Hbf,Treuchtlingen,145.60321475752542,96.44041958732618,1,0,0
Kißlegg Bahnhof,München Hbf Gleis 24,130.58397858061534,87.98104994396799,1,0,0
Kißlegg Bahnhof,München Hbf Gleis 24,130.58279244776796,87.98105099013716,1,0,0
Kißlegg Bahnhof,Pasing Gleis 3,124.07355786145324,81.69912998878786,1,0,0
Kißlegg Bahnhof,Pasing Gleis 3,124.07265185110305,81.69913078788899,1,0,0
Konya,İzmir Basmane,1127.0839930762352,140.13877051036906,0,1,-1
Koper,Budapest Déli,459.3843013946976,82.8599396451526,1,0,0
Kołobrzeg,Bielsko-Biała Główna,540.2059303082054,95.31904607714704,1,1,0
Kołobrzeg,Kraków Gł.,546.2129924240011,94.22221228521543,1,1,0
Kraków Gł.,Hel,511.2032428538644,93.2153606815478,1,1,0
Kraków Gł.,Kołobrzeg,546.2129924240011,94.22221228521543,1,1,0
Kraków Gł.,Łeba,546.0892639717985,84.59433410900738,1,1,0
Kressbronn Bahnhof,Esslingen (N) Gleis 3,129.1779788425687,85.01560382617298,1,0,0
Kressbronn Bahnhof,Geislingen (Steige) Gleis 2,115.40771167316488,76.94971891438493,1,0,0
Kressbronn Bahnhof,Geislingen (Steige) Gleis 3,115.41154176157872,76.94971553624694,1,0,0
Kressbronn Bahnhof,Göppingen Gleis 4,123.0462271064046,75.59609367708349,1,0,0
Kressbronn Bahnhof,Plochingen Gleis 1,125.20022960126592,85.01911220100381,1,0,0
Kressbronn Bahnhof,Stuttgart Hauptbahnhof (oben) Gleis 11,135.93496540939265,93.32926769349277,1,0,0
Kressbronn Bahnhof,Stuttgart Hauptbahnhof (oben) Gleis 13,135.93496540939265,93.32926769349277,1,0,0
Kressbronn Bahnhof,Stuttgart Hauptbahnhof (oben) Gleis 14,135.93496540939265,93.32926769349277,1,0,0
Kufstein Bahnhof,Altona,682.0711110763358,171.40990170686038,0,1,0
Kufstein Bahnhof,Augsburg Hbf,129.032064044754,81.78136476481167,1,0,0
Kufstein Bahnhof,Hamburg Hbf,680.9788744089788,161.99250184559216,0,1,0
Kufstein Bahnhof,Nürnberg Hbf,221.9286523485704,88.57031236715635,1,0,0
Kurtalan,Ankara,797.2439001981827,169.3186092726664,0,1,1
Langenargen Bahnhof,Esslingen (N) Gleis 3,127.95487873302692,78.16509173779751,1,0,0
Langenargen Bahnhof,Geislingen (Steige) Gleis 2,115.51694795415392,73.46469311881138,1,0,0
Langenargen Bahnhof,Geislingen (Steige) Gleis 3,115.52118299686008,73.46468938350371,1,0,0
Langenargen Bahnhof,Göppingen Gleis 4,122.64232312878946,70.52591325255942,1,0,0
Langenargen Bahnhof,Plochingen Gleis 1,124.21898471399108,78.1683867963223,1,0,0
Langenargen Bahnhof,Stuttgart Hauptbahnhof (oben) Gleis 11,134.49025986954445,86.05754901167192,1,0,0
Langenargen Bahnhof,Stuttgart Hauptbahnhof (oben) Gleis 13,134.49025986954445,86.05754901167192,1,0,0
Langenargen Bahnhof,Stuttgart Hauptbahnhof (oben) Gleis 14,134.49025986954445,86.05754901167192,1,0,0
Langenau (Württ),Bahnhof Überlingen,107.66848056618794,77.48520915721402,1,0,0
Langenau (Württ),Friedrichshafen Stadtbahnhof,105.22967266382108,67.14947703068114,1,0,0
Langenau (Württ),Ludwigshafen(Bodensee) Bahnhof,109.59258088532988,77.21152396978115,1,0,0
Langenau (Württ),Radolfzell Bahnhof,120.2802187493953,77.04184703105126,1,0,0
Langenau (Württ),"Salem, Bahnhof",102.34980216285084,64.39471258489782,1,0,0
Langenau (Württ),Singen (Htw) Bahnhof,125.42971841716152,86.82478724084469,1,0,0
Langenau (Württ),Sipplingen Bahnhof,108.91608986265446,77.22226394125715,1,0,0
Langenau (Württ),Uhldingen-Mühlhofen Bahnhof,106.37512397989124,77.50574248637807,1,0,0
Langenau (Württ),Überlingen Bahnhof Therme,108.5389471683259,77.47138962943848,1,0,0
Laufenburg (Baden) Bahnhof,Friedrichshafen Stadtbahnhof,106.50544011151844,75.91717451038978,1,0,0
Laufenburg (Baden) Bahnhof,Markdorf Bahnhof,101.03614758865211,70.64253924121151,1,0,0
Laufenburg (Baden) Ost Bahnhof,Friedrichshafen Stadtbahnhof,105.43482587871074,75.91811879214312,1,0,0
Lecce,Milano Centrale,926.0141480652628,192.5648780108538,0,1,1
Lecce,Roma Termini,504.7426979397747,117.06928359046628,1,1,0
Lecce,Torino Lingotto,1003.1453798348672,125.08540042830244,0,1,-1
Leutkirch Bahnhof,München Hbf Gleis 24,119.95300673564832,76.61360283590177,1,0,0
Leutkirch Bahnhof,München Hbf Gleis 24,119.95300673564832,76.61360283590177,1,0,0
Leutkirch Bahnhof,Pasing Gleis 3,113.43551385188118,70.34224966146718,1,0,0
Leutkirch Bahnhof,Pasing Gleis 3,113.43551385188118,70.34224966146718,1,0,0
Lindau-Aeschach,Esslingen (N) Gleis 3,134.20204792900765,85.01117259723874,1,0,0
Lindau-Aeschach,Geislingen (Steige) Gleis 2,118.43926263348206,76.94704508643792,1,0,0
Lindau-Aeschach,Göppingen Gleis 4,126.87890152800745,75.59271325824363,1,0,0
Lindau-Aeschach,Plochingen Gleis 1,129.88989405608137,85.01497591695465,1,0,0
Lindau-Aeschach,Stuttgart Hauptbahnhof (oben) Gleis 11,141.25180787536564,93.32457823843777,1,0,0
Lindau-Aeschach,Stuttgart Hauptbahnhof (oben) Gleis 13,141.25180787536564,93.32457823843777,1,0,0
Lindau-Insel,Augsburg Hbf,127.9191132447776,81.65860348881571,1,0,0
Lindau-Insel,Bobingen,117.8146556946204,67.78406471817829,1,0,0
Lindau-Insel,Geltendorf,118.99826417695716,77.71815944237022,1,0,0
Lindau-Insel,München Hbf Gleis 24,154.93545968864038,97.9715184551311,1,0,0
Lindau-Insel,München Hbf Gleis 25,154.96654513314948,97.97149103776904,1,0,0
Lindau-Insel,Pasing Gleis 3,148.9192100391445,91.85931789773342,1,0,0
Lindau-Insel,Pasing Gleis 3,148.94508102285474,91.8592950795258,1,0,0
Lindau-Reutin,Augsburg Hbf,126.17790272521736,81.66013923649396,1,0,0
Lindau-Reutin,Augsburg Messe,124.15619397815983,81.66192238360887,1,0,0
Lindau-Reutin,Augsburg Morellstraße,125.79149071834642,81.66048005188402,1,0,0
Lindau-Reutin,Bobingen,116.04552974172738,67.78562508726874,1,0,0
Lindau-Reutin,Donauwörth,151.59120739015177,95.805260657626,1,0,0
Lindau-Reutin,Esslingen (N) Gleis 3,135.25117306079133,85.0102472688725,1,0,0
Lindau-Reutin,Geislingen (Steige) Gleis 2,119.08639140103422,76.94647431886494,1,0,0
Lindau-Reutin,Geltendorf,117.14873743510208,77.71979072495654,1,0,0
Lindau-Reutin,Göppingen Gleis 4,127.68673895531812,75.59200074563275,1,0,0
Lindau-Reutin,Inningen,121.15806592589698,81.66456673255097,1,0,0
Lindau-Reutin,München Hbf Gleis 15,153.05737998657216,97.97317492142832,1,0,0
Lindau-Reutin,München Hbf Gleis 18,153.069841815314,97.97316393009538,1,0,0
Lindau-Reutin,München Hbf Gleis 24,153.21120126499412,97.97303925106075,1,0,0
Lindau-Reutin,München Hbf Gleis 24,153.0910369966553,97.97314523594544,1,0,0
Lindau-Reutin,München Hbf Gleis 25,153.10343486811882,97.9731343010228,1,0,0
Lindau-Reutin,Nürnberg Hbf,233.75840602670976,93.64609578293646,1,0,0
Lindau-Reutin,Pasing Gleis 3,147.19505701654566,91.86083860069937,1,0,0
Lindau-Reutin,Pasing Gleis 3,147.08329257003322,91.86093717694118,1,0,0
Lindau-Reutin,Pasing Gleis 4,147.09307389036667,91.86092854981663,1,0,0
Lindau-Reutin,Plochingen Gleis 1,130.87181348910102,85.01410986401473,1,0,0
Lindau-Reutin,Stuttgart Hauptbahnhof (oben) Gleis 11,142.35936198858795,93.3236013757099,1,0,0
Lindau-Reutin,Stuttgart Hauptbahnhof (oben) Gleis 13,142.35936198858795,93.3236013757099,1,0,0
Lindau-Reutin,Treuchtlingen,180.27018511528323,113.208468724157,1,0,0
London Euston,Aberdeen,637.2963549703024,139.62637492953286,0,1,0
London Euston,Edinburgh Waverley,531.3807187308821,120.31259625801604,1,1,0
London Euston,Glasgow Central,552.6122013736833,110.40118150890616,1,1,0
London Paddington,Penzance,406.76098562040863,108.19999797572127,1,1,0
Ludwigshafen(Bodensee) Bahnhof,"Aalen, Hauptbahnhof",137.7164110449805,75.20944938296601,1,0,0
Ludwigshafen(Bodensee) Bahnhof,Giengen (Brenz),125.30393883019786,76.34359550198819,1,0,0
Ludwigshafen(Bodensee) Bahnhof,Heidenheim (Brenz),126.176658083473,75.58074039760695,1,0,0
Ludwigshafen(Bodensee) Bahnhof,Langenau (Württ),109.59258088532988,72.6684731217607,1,0,0
Ludwigshafen(Bodensee) Bahnhof,"Oberkochen, Bahnhof",132.81659055546132,75.49035609163015,1,0,0
Ludwigshafen(Bodensee) Bahnhof,Sontheim (Brenz),123.18334188813404,78.34192362382404,1,0,0
Luleå C,Stockholm C,726.41863286551,161.61462293676846,0,1,0
Lörrach Hbf,Hamburg Altona,679.3935868134943,180.89648535916805,0,1,0
Löwental Bahnhof,Esslingen (N) Gleis 3,120.679888920952,78.17150827881176,1,0,0
Löwental Bahnhof,Geislingen (Steige) Gleis 3,109.48969605392097,73.47000915498738,1,0,0
Löwental Bahnhof,Göppingen Gleis 4,116.04349162119146,70.53173342194913,1,0,0
Löwental Bahnhof,Plochingen Gleis 1,117.11553565807696,78.17465203838961,1,0,0
Löwental Bahnhof,Stuttgart Hauptbahnhof (oben) Gleis 11,127.08100808209508,86.06408397174845,1,0,0
Löwental Bahnhof,Stuttgart Hauptbahnhof (oben) Gleis 12,127.08100808209508,86.06408397174845,1,0,0
Löwental Bahnhof,Stuttgart Hauptbahnhof (oben) Gleis 13,127.08100808209508,86.06408397174845,1,0,0
Malatya,Ankara,503.08290810052176,105.23697676087907,1,1,0
Malmö C,Duved,865.1546994025,199.52646842816736,0,1,1
Malmö C,Innsbruck Hbf,934.5751189636396,192.82301295611697,0,1,1
Malmö C,Stockholm C,512.1231750190567,120.55956125537298,1,1,0
Malmö C,Storlien,858.4041806146538,201.57643770132063,0,1,1
Mangalia,Satu Mare,623.7960687410105,102.47311743672056,0,1,0
Markdorf Bahnhof,"Aalen, Hauptbahnhof",135.60529892817942,79.56491764851941,1,0,0
Markdorf Bahnhof,Giengen (Brenz),118.52855167405546,76.80792465199482,1,0,0
Markdorf Bahnhof,Heidenheim (Brenz),121.32317433430846,77.81564272442883,1,0,0
Markdorf Bahnhof,Langenau (Württ),102.23633541202196,69.90275760569031,1,0,0
Markdorf Bahnhof,"Oberkochen, Bahnhof",129.8990395266097,79.5699505693116,1,0,0
Markdorf Bahnhof,Sontheim (Brenz),114.880979321055,76.73405209738621,1,0,0
Martinszell (Allgäu),München Hbf Gleis 15,111.2847931022216,78.44459078629914,1,0,0
Martinszell (Allgäu),München Hbf Gleis 18,111.29907287196136,78.44457819154223,1,0,0
Martinszell (Allgäu),München Hbf Gleis 24,111.33133570015886,78.44454973572776,1,0,0
Martinszell (Allgäu),München Hbf Gleis 25,111.33795373295328,78.44454389862284,1,0,0
Martinszell (Allgäu),Pasing Gleis 3,105.76599935349988,72.93201225340927,1,0,0
Martinszell (Allgäu),Pasing Gleis 4,105.77660398541026,72.93200290012393,1,0,0
Meckenbeuren Bahnhof,Amstetten (Württ),100.41990773388964,64.77197953863418,1,0,0
Meckenbeuren Bahnhof,Ebersbach (F) Gleis 2,113.0371480588981,70.53438501697107,1,0,0
Meckenbeuren Bahnhof,Esslingen (N) Gleis 3,117.07540413787837,78.17468743439042,1,0,0
Meckenbeuren Bahnhof,Geislingen (Steige) Gleis 2,104.36465081435276,73.47452944488867,1,0,0
Meckenbeuren Bahnhof,Geislingen (Steige) Gleis 3,104.36900358331523,73.47452560574645,1,0,0
Meckenbeuren Bahnhof,Gingen (F) Gleis 2,108.1980851007429,73.47114835584809,1,0,0
Meckenbeuren Bahnhof,Göppingen Gleis 4,111.43612781662046,70.53579711682475,1,0,0
Meckenbeuren Bahnhof,Kuchen Gleis 2,106.14830295987568,73.47295626369633,1,0,0
Meckenbeuren Bahnhof,Plochingen Gleis 1,113.18815838594232,78.17811598514363,1,0,0
Meckenbeuren Bahnhof,Reichenbach (F) Gleis 2,112.31647224081404,68.53345884598482,1,0,0
Meckenbeuren Bahnhof,Stuttgart Hauptbahnhof (oben) Gleis 11,123.7920533316591,86.06698482983833,1,0,0
Meckenbeuren Bahnhof,Stuttgart Hauptbahnhof (oben) Gleis 12,123.7920533316591,86.06698482983833,1,0,0
Meckenbeuren Bahnhof,Stuttgart Hauptbahnhof (oben) Gleis 13,123.7920533316591,86.06698482983833,1,0,0
Meckenbeuren Bahnhof,Stuttgart Hauptbahnhof (oben) Gleis 14,123.7920533316591,86.06698482983833,1,0,0
Meckenbeuren Bahnhof,Stuttgart Hauptbahnhof (oben) Gleis 3,123.7920533316591,86.06698482983833,1,0,0
Meckenbeuren Bahnhof,Stuttgart Hauptbahnhof (oben) Gleis 9,123.7920533316591,86.06698482983833,1,0,0
Meckenbeuren Bahnhof,Süßen Gleis 3,110.4234417345332,73.46918559129708,1,0,0
Meckenbeuren Bahnhof,Uhingen Gleis 2,112.19403881259156,70.5351286393263,1,0,0
Memmingen,München Hbf Gleis 13,103.27764227669354,63.778934958371785,1,0,0
Memmingen,München Hbf Gleis 14,103.27858741166268,63.778919953409016,1,0,0
Memmingen,München Hbf Gleis 16,103.28328903812078,63.77884531038737,1,0,0
Memmingen,München Hbf Gleis 17,103.2869484457607,63.778787213631674,1,0,0
Memmingen,München Hbf Gleis 18,103.28789371394446,63.77877220655399,1,0,0
Memmingen,München Hbf Gleis 20,103.29347081362364,63.77868366451949,1,0,0
Memmingen,München Hbf Gleis 22,103.29676197481564,63.7786314140444,1,0,0
Memmingen,München Hbf Gleis 24,103.3166185623091,63.77831617086135,1,0,0
Memmingen,München Hbf Gleis 24,103.31266952445796,63.77837886578627,1,0,0
Milano Centrale,Amsterdam Centraal,827.9841081104923,185.65090396448727,0,1,1
Milano Centrale,Bari Centrale,787.3072704813981,177.55743725884915,0,1,1
Milano Centrale,Lecce,926.0141480652628,192.5648780108538,0,1,1
Milano Centrale,Palermo Centrale,889.6585344822922,184.08144743749384,0,1,1
Milano Centrale,Siracusa,1064.1675173548674,132.0956903497526,0,1,-1
Murg (Baden) Bahnhof,Bermatingen-Ahausen Bahnhof,101.30647089497072,70.64230081605534,1,0,0
Murg (Baden) Bahnhof,Friedrichshafen Stadtbahnhof,109.66571259764774,75.91438715005702,1,0,0
Murg (Baden) Bahnhof,Markdorf Bahnhof,104.25086595062643,70.63970385961625,1,0,0
München Hbf,Przemyśl Gł.,838.2453718116631,208.3977462426149,0,1,-1
München Hbf,Roma Termini,697.9273301717878,164.69811943940522,0,1,0
München Hbf,Warszawa Wschodnia,814.8240894998492,204.95321430753089,0,1,-1
München Hbf Gleis 10,Altona,612.3717062607185,138.0321563670761,0,1,0
München Hbf Gleis 10,Hamburg Hbf,611.5220830114138,140.09178502158548,0,1,0
München Hbf Gleis 10,Nürnberg Hbf,149.203102195928,90.27467878386854,1,0,0
München Hbf Gleis 12,Altona,612.4426841781553,138.0310295216589,0,1,0
München Hbf Gleis 12,Hamburg Hbf,611.591036602211,140.09069031437798,0,1,0
München Hbf Gleis 12,Nürnberg Hbf,149.28826125289854,90.27332679868007,1,0,0
München Hbf Gleis 14,Karlsruhe Hauptbahnhof,250.8542793514989,96.90864091848913,1,0,0
München Hbf Gleis 14,Neu-Ulm,118.27004052632796,76.45907336104725,1,0,0
München Hbf Gleis 14,Paris Gare de l'Est,682.055877834715,169.2627718577969,0,1,0
München Hbf Gleis 14,Strasbourg Gare Centrale,286.73202954732017,108.86936840107902,1,0,0
München Hbf Gleis 14,Stuttgart Hauptbahnhof (oben) Gleis 10,189.1649470544965,115.90544180413464,1,0,0
München Hbf Gleis 14,Ulm Hauptbahnhof,120.06028133898756,76.43065149790546,1,0,0
München Hbf Gleis 14,Ulm Hbf,120.01997110091358,76.43129146324513,1,0,0
München Hbf Gleis 15,Hamburg Hbf,611.5645392980264,140.09111098557923,0,1,0
München Hbf Gleis 15,Heimenkirch,135.89494083312468,80.77673318284103,1,0,0
München Hbf Gleis 15,Hergatz,140.19567641460577,95.8824249718182,1,0,0
München Hbf Gleis 15,Immenstadt,119.25593240665782,76.64943679092721,1,0,0
München Hbf Gleis 15,Kempten (Allgäu) Hbf,103.93979648912394,68.53875246805798,1,0,0
München Hbf Gleis 15,Lindau-Reutin,153.04763849201626,95.67838722187724,1,0,0
München Hbf Gleis 15,Martinszell (Allgäu),111.33596163073996,76.77517424696568,1,0,0
München Hbf Gleis 15,Memmingen,103.28103131830464,63.77888115394717,1,0,0
München Hbf Gleis 15,Neu-Ulm,118.26787616464762,76.45910772245328,1,0,0
München Hbf Gleis 15,Nürnberg Hbf,149.250628735465,90.27392425252684,1,0,0
München Hbf Gleis 15,Oberstaufen,131.60132357216526,80.84489865047603,1,0,0
München Hbf Gleis 15,Röthenbach (Allgäu),132.8375587131624,80.82527218137756,1,0,0
München Hbf Gleis 15,Ulm Hbf,120.0177912092667,76.43132607120491,1,0,0
München Hbf Gleis 16,Neu-Ulm,118.26767349536163,76.45911094003087,1,0,0
München Hbf Gleis 16,Ulm Hbf,120.01757996561126,76.43132942490918,1,0,0
München Hbf Gleis 17,Heimenkirch,135.90479268731065,80.77657677480397,1,0,0
München Hbf Gleis 17,Hergatz,140.20510864284134,95.88227522576274,1,0,0
München Hbf Gleis 17,Immenstadt,119.26765774649556,76.64925063943194,1,0,0
München Hbf Gleis 17,Kempten (Allgäu) Hbf,103.95028984365258,68.53858587556148,1,0,0
München Hbf Gleis 17,Lindau-Reutin,153.05760361494734,95.6782290155856,1,0,0
München Hbf Gleis 17,Martinszell (Allgäu),111.3472304473458,76.77499534323324,1,0,0
München Hbf Gleis 17,Memmingen,103.2869484457607,63.778787213631674,1,0,0
München Hbf Gleis 17,Neu-Ulm,118.2669700892239,76.45912210730671,1,0,0
München Hbf Gleis 17,Oberstaufen,131.61234654142564,80.84472364981605,1,0,0
München Hbf Gleis 17,Röthenbach (Allgäu),132.8476673641591,80.82511169643433,1,0,0
München Hbf Gleis 17,Ulm Hbf,120.106207664151,76.42992237156717,1,0,0
München Hbf Gleis 18,Kempten (Allgäu) Hbf,103.95299433427608,68.53854293906834,1,0,0
München Hbf Gleis 18,Neu-Ulm,118.2654843005802,76.45914569568723,1,0,0
München Hbf Gleis 18,Nürnberg Hbf,149.2409929835017,90.274077229725,1,0,0
München Hbf Gleis 18,Ulm Hbf,120.01536754431716,76.43136454930965,1,0,0
München Hbf Gleis 19,Memmingen,103.29120388862832,63.77871965422071,1,0,0
München Hbf Gleis 19,Neu-Ulm,118.26363229200513,76.45917509817536,1,0,0
München Hbf Gleis 19,Nürnberg Hbf,149.2173243375198,90.2744529931486,1,0,0
München Hbf Gleis 19,Ulm Hbf,120.01349791995116,76.43139423146609,1,0,0
München Hbf Gleis 20,Heimenkirch,135.91730473297528,80.77637813356701,1,0,0
München Hbf Gleis 20,Hergatz,140.21697297485102,95.88208686762776,1,0,0
München Hbf Gleis 20,Immenstadt,119.2830947665297,76.64900556130188,1,0,0
München Hbf Gleis 20,Kempten (Allgäu) Hbf,103.96379763521573,68.53837142586262,1,0,0
München Hbf Gleis 20,Lindau-Reutin,153.07029058581867,95.67802759723602,1,0,0
München Hbf Gleis 20,Martinszell (Allgäu),111.36194943024262,76.77476166466077,1,0,0
München Hbf Gleis 20,Memmingen,103.29347081362364,63.77868366451949,1,0,0
München Hbf Gleis 20,Oberstaufen,131.62667988680556,80.8444960936248,1,0,0
München Hbf Gleis 20,Röthenbach (Allgäu),132.86057701899196,80.8249067427542,1,0,0
München Hbf Gleis 24,Aichstetten Bahnhof,113.8397403727203,76.71065705267962,1,0,0
München Hbf Gleis 24,"Aitrach (Kr Ravensb), Bahnhof",112.01018476370552,69.6715701124345,1,0,0
München Hbf Gleis 24,Heimenkirch,135.93485448027775,80.77609951377883,1,0,0
München Hbf Gleis 24,Hergatz,140.236624050587,95.88177488714936,1,0,0
München Hbf Gleis 24,Hergatz,140.23363390037431,95.88182235877414,1,0,0
München Hbf Gleis 24,Immenstadt,119.30465339053784,76.64866329658713,1,0,0
München Hbf Gleis 24,Kempten (Allgäu) Hbf,103.98271441278304,68.53807110310197,1,0,0
München Hbf Gleis 24,Kißlegg Bahnhof,130.58397858061534,86.02307376913025,1,0,0
München Hbf Gleis 24,Leutkirch Bahnhof,119.95300673564832,76.61360283590177,1,0,0
München Hbf Gleis 24,Lindau-Insel,154.96094164973917,95.64801162094524,1,0,0
München Hbf Gleis 24,Lindau-Reutin,153.0880796566093,95.67774517794815,1,0,0
München Hbf Gleis 24,Lindau-Reutin,153.0880796566093,95.67774517794815,1,0,0
München Hbf Gleis 24,Martinszell (Allgäu),111.38252529766038,76.77443500218965,1,0,0
München Hbf Gleis 24,Memmingen,103.31266952445796,63.77837886578627,1,0,0
München Hbf Gleis 24,Memmingen,103.30279328543628,63.77853566095698,1,0,0
München Hbf Gleis 24,Oberstaufen,131.64672660210795,80.84417783197264,1,0,0
München Hbf Gleis 24,Röthenbach (Allgäu),132.8786722250935,80.82461946326214,1,0,0
München Hbf Gleis 24,Tannheim (Württ),109.75739508529531,69.70733540136894,1,0,0
München Hbf Gleis 24,Wangen Bahnhof,138.1721695295491,85.90260364962498,1,0,0
München Ost,Hamburg Altona,614.4498018215177,137.99916452195288,0,1,0
Narvik,Stockholm C,1013.6097080275928,167.0170065416413,0,1,-1
Neu-Ulm,Ingolstadt Hbf,112.34609050600228,76.69593769912449,1,0,0
Neu-Ulm,Ingolstadt Nord,113.11566799179472,76.68371988696005,1,0,0
Neu-Ulm,München Hbf Gleis 12,118.2631496589466,76.4591827604578,1,0,0
Neu-Ulm,München Hbf Gleis 13,118.26260934148692,76.45919133853778,1,0,0
Neu-Ulm,München Hbf Gleis 14,118.2611194311073,76.45921499235497,1,0,0
Neu-Ulm,München Hbf Gleis 15,118.25895564270166,76.4592493446597,1,0,0
Neu-Ulm,München Hbf Gleis 16,118.25875328968606,76.45925255721617,1,0,0
Neu-Ulm,München Hbf Gleis 17,118.25805044074924,76.45926371564589,1,0,0
Neu-Ulm,München Hbf Gleis 18,118.25656495094788,76.45928729928198,1,0,0
Neu-Ulm,Pasing Gleis 9,111.11789736063852,70.18005843516265,1,0,0
Neu-Ulm,Weichering,104.07002631502564,64.96000139357406,1,0,0
Nice Ville,Paris Austerlitz,683.672113150376,149.22816136247792,0,1,0
Nonnenhorn,Esslingen (N) Gleis 3,131.4223965509455,85.01362424975419,1,0,0
Nonnenhorn,Geislingen (Steige) Gleis 2,117.33069619796858,76.94802284203405,1,0,0
Nonnenhorn,Göppingen Gleis 4,125.11672756753453,75.59426749567677,1,0,0
Nonnenhorn,Plochingen Gleis 1,127.40192850861138,85.01717030256752,1,0,0
Nonnenhorn,Stuttgart Hauptbahnhof (oben) Gleis 11,138.21187572183814,93.32725945859715,1,0,0
Nonnenhorn,Stuttgart Hauptbahnhof (oben) Gleis 13,138.21187572183814,93.32725945859715,1,0,0
Nürnberg Hbf,Augsburg Hbf,120.8670284661804,69.94996972592742,1,0,0
Nürnberg Hbf,Buchloe,159.19357959258426,98.85142748087706,1,0,0
Nürnberg Hbf,Heimenkirch,219.81782382423384,73.87093711610446,1,0,0
Nürnberg Hbf,Hergatz,220.25581092846963,81.22500505652286,1,0,0
Nürnberg Hbf,Immenstadt,219.2189675243734,77.76350978138936,1,0,0
Nürnberg Hbf,Kaufbeuren,177.64547635131603,108.61628306439036,1,0,0
Nürnberg Hbf,Kempten (Allgäu) Hbf,200.74204036344568,72.3763124137422,1,0,0
Nürnberg Hbf,Lindau-Reutin,233.74321169029756,80.45177237084727,1,0,0
Nürnberg Hbf,Oberstaufen,224.20693302807393,73.61930948544831,1,0,0
Nürnberg Hbf,Röthenbach (Allgäu),219.20899999113803,73.90584098645584,1,0,0
"Oberkochen, Bahnhof",Bahnhof Überlingen,132.6061363076221,84.3098292243474,1,0,0
"Oberkochen, Bahnhof",Friedrichshafen Stadtbahnhof,134.05133902811684,78.09050366032764,1,0,0
"Oberkochen, Bahnhof",Ludwigshafen(Bodensee) Bahnhof,132.81659055546132,80.99613503651624,1,0,0
"Oberkochen, Bahnhof",Radolfzell Bahnhof,143.6806273349904,80.82365758860443,1,0,0
"Oberkochen, Bahnhof","Salem, Bahnhof",128.77186260637328,71.19776925873127,1,0,0
"Oberkochen, Bahnhof",Singen (Htw) Bahnhof,147.32440152866445,89.31195725710698,1,0,0
"Oberkochen, Bahnhof",Sipplingen Bahnhof,132.84217661168918,80.99572883228757,1,0,0
"Oberkochen, Bahnhof",Uhldingen-Mühlhofen Bahnhof,132.50926865056127,84.3113670952709,1,0,0
"Oberkochen, Bahnhof",Überlingen Bahnhof Therme,133.28326677595896,84.29907910103208,1,0,0
Oberstaufen,Augsburg Hbf,110.6206789403066,67.4403978264175,1,0,0
Oberstaufen,Augsburg Messe,108.29368603934294,67.44245023415614,1,0,0
Oberstaufen,Augsburg Morellstraße,110.05384851266533,67.44089777085468,1,0,0
Oberstaufen,Donauwörth,140.396992092405,82.94404510849338,1,0,0
Oberstaufen,Inningen,105.12853219345072,67.44524189984823,1,0,0
Oberstaufen,München Hbf Gleis 15,131.61369205539594,82.81811798711486,1,0,0
Oberstaufen,München Hbf Gleis 18,131.62763241834105,82.81810569171473,1,0,0
Oberstaufen,München Hbf Gleis 24,131.65909499171215,82.81807794172502,1,0,0
Oberstaufen,München Hbf Gleis 25,131.6655224562109,82.81807227270134,1,0,0
Oberstaufen,Nürnberg Hbf,224.28858558881464,86.27527042345845,1,0,0
Oberstaufen,Pasing Gleis 3,125.99230714796076,76.71307681105446,1,0,0
Oberstaufen,Pasing Gleis 4,126.00273186098865,76.71306761645758,1,0,0
Oberstaufen,Treuchtlingen,169.5648222909339,100.9516380761799,1,0,0
Oradea,București Nord,433.6380428042795,111.8283709233931,1,1,0
Oradea,Constanța,612.2290490739184,126.95270172824684,0,1,0
Osijek,Split,288.76914352006855,107.53308627735994,1,0,0
Oslo S,Bergen,304.664381805284,103.50513775882528,1,0,0
Oslo S,Stavanger,302.65238857004414,104.91887700864706,1,0,0
Oslo S,Trondheim,392.50905060352534,120.52350405033036,1,0,0
Ostbahnhof Gleis 6,Altona,614.4433928225856,137.9992662712199,0,1,0
Ostbahnhof Gleis 6,Hamburg Hbf,613.5662989677319,140.059331049063,0,1,0
Ostbahnhof Gleis 6,Nürnberg Hbf,151.4918853239817,90.23834206292756,1,0,0
Ostbahnhof Gleis 7,Altona,614.4473939573362,137.9992027492046,0,1,0
Ostbahnhof Gleis 7,Hamburg Hbf,613.5702739717206,140.05926794189966,0,1,0
Ostbahnhof Gleis 7,Nürnberg Hbf,151.4961143339141,90.23827492316586,1,0,0
Palermo Centrale,Milano Centrale,889.6585344822922,184.08144743749384,0,1,1
Palermo Centrale,Roma Termini,427.9256667607793,111.63917609572896,1,1,0
Paris Austerlitz,Albi Ville,547.0695210058518,141.92815307180524,1,1,0
Paris Austerlitz,Aurillac,435.98858180664377,125.60759035320496,1,0,0
Paris Austerlitz,Briançon,546.0006851829762,146.19262795676732,1,1,0
Paris Austerlitz,Cerbère,714.240059971162,174.5969464463731,0,1,0
Paris Austerlitz,Nice Ville,683.672113150376,174.55411112202046,0,1,0
Paris Austerlitz,Rodez,498.31846661779787,99.3266395471999,1,0,-1
Paris Austerlitz,Tarbes,647.5588559432113,164.94652900406666,0,1,0
Paris Austerlitz,Toulouse Matabiau,585.8311066474893,136.7181251515887,1,1,0
Paris Est,Berlin Hbf,873.8489097836954,228.62736413296204,0,1,-1
Paris Gare de l'Est,Augsburg Hbf,628.9020362900421,161.98450918572726,0,1,0
Paris Gare de l'Est,Karlsruhe Hauptbahnhof,441.32587528698446,127.04739081622644,1,0,0
Paris Gare de l'Est,München Hbf Gleis 14,682.055877834715,174.67693141604886,0,1,0
Paris Gare de l'Est,Strasbourg Gare Centrale,395.4025486859449,116.20568352427787,1,0,0
Paris Gare de l'Est,Stuttgart Hauptbahnhof (oben) Gleis 10,499.3559005559778,102.78313788016614,1,0,-1
Paris Gare de l'Est,Ulm Hauptbahnhof,562.3747626477199,146.8194801269579,1,1,0
Paris Gare du Nord,Berlin Hbf,873.8472072374328,228.62737764777427,0,1,-1
Pasing,Altona,610.11208831458,137.89457932709985,0,1,0
Pasing,Hamburg Hbf,609.3138006978214,140.00298007141666,0,1,0
Pasing,Neu-Ulm,111.1294890377186,70.17987440569733,1,0,0
Pasing,Ulm Hbf,112.9700700094911,70.15065334218947,1,0,0
Pasing Gleis 4,Aichstetten Bahnhof,107.19635216412875,70.44130259242193,1,0,0
Pasing Gleis 4,"Aitrach (Kr Ravensb), Bahnhof",105.22844916184668,63.25927378994729,1,0,0
Pasing Gleis 4,Heimenkirch,129.9035038238831,74.761853999251,1,0,0
Pasing Gleis 4,Hergatz,134.08628556745558,89.86191077131902,1,0,0
Pasing Gleis 4,Hergatz,134.08361105530437,89.86195323187393,1,0,0
Pasing Gleis 4,Immenstadt,113.91864213335296,71.21672550232995,1,0,0
Pasing Gleis 4,Kißlegg Bahnhof,124.082128468751,79.83863499525177,1,0,0
Pasing Gleis 4,Leutkirch Bahnhof,113.44407294132569,70.34211377736315,1,0,0
Pasing Gleis 4,Lindau-Insel,148.95485837767336,89.625857309384,1,0,0
Pasing Gleis 4,Lindau-Reutin,147.0828010816219,89.65557809101611,1,0,0
Pasing Gleis 4,Lindau-Reutin,147.0828010816219,89.65557809101611,1,0,0
Pasing Gleis 4,Martinszell (Allgäu),105.8293888706169,71.34515048712915,1,0,0
Pasing Gleis 4,Oberstaufen,125.99037786196118,74.82397878702247,1,0,0
Pasing Gleis 4,Röthenbach (Allgäu),126.92446898730942,74.80914915631644,1,0,0
Pasing Gleis 4,Tannheim (Württ),102.86525463757238,63.29679186621467,1,0,0
Pasing Gleis 4,Wangen Bahnhof,131.90960371618706,79.71436599822347,1,0,0
Penzance,London Paddington,406.76098562040863,108.19999797572127,1,1,0
Plochingen Gleis 4,Enzisweiler,129.1243079083665,77.72684223112547,1,0,0
Plochingen Gleis 4,Eriskirch Bahnhof,120.88465213446236,71.34763083397131,1,0,0
Plochingen Gleis 4,Friedrichshafen Stadtbahnhof,117.92739568137182,71.517170346427,1,0,0
Plochingen Gleis 4,Kressbronn Bahnhof,125.1892965456396,77.9524364325506,1,0,0
Plochingen Gleis 4,Langenargen Bahnhof,124.20720904196972,71.15714864646391,1,0,0
Plochingen Gleis 4,Lindau-Aeschach,129.8801889146623,77.68350757303453,1,0,0
Plochingen Gleis 4,Lindau-Reutin,130.83748679741558,77.62862568541628,1,0,0
Plochingen Gleis 4,Meckenbeuren Bahnhof,113.17516540960816,71.7896157079072,1,0,0
Plochingen Gleis 4,Nonnenhorn,127.39115954502856,77.82620362679563,1,0,0
Plochingen Gleis 4,Ravensburg Bahnhof,104.25043079282882,61.183769737068495,1,0,0
Plochingen Gleis 4,Wasserburg (Bodensee),128.0114240827023,77.79064386085079,1,0,0
Praha hl.n.,Budapest Nyugati,443.09807236827174,101.33764831125876,1,1,0
Praha hl.n.,Chop,592.6851238033265,101.03233339856236,1,1,0
Praha hl.n.,Gdynia Gł.,566.3324285438963,100.12165572866137,1,1,0
Praha hl.n.,Humenné,553.8529281142767,112.7827074328074,1,1,0
Praha hl.n.,Przemyśl Gł.,597.6156639184852,100.59202564109012,1,1,0
Praha hl.n.,Warszawa Wschodnia,520.2907643366152,102.39879413384747,1,1,0
Praha hl.n.,Zürich HB,526.4534025440987,108.260562625991,1,1,0
Przemyśl Gł.,München Hbf,838.2453718116631,141.11849621026715,0,1,-1
Przemyśl Gł.,Praha hl.n.,597.6156639184852,83.7249211426548,1,1,0
Przemyśl Gł.,Świnoujście,741.947360049923,114.13985929852088,0,1,-1
Radolfzell Bahnhof,"Aalen, Hauptbahnhof",148.59273677891946,82.97367243433574,1,0,0
Radolfzell Bahnhof,Badischer Bahnhof,103.63746173076107,71.3820868687012,1,0,0
Radolfzell Bahnhof,Giengen (Brenz),136.0673122445756,83.40725894572371,1,0,0
Radolfzell Bahnhof,Heidenheim (Brenz),137.02364384702886,82.69359335165937,1,0,0
Radolfzell Bahnhof,Langenau (Württ),120.2944344974576,78.8453160926899,1,0,0
Radolfzell Bahnhof,"Oberkochen, Bahnhof",143.6967146772491,82.97799072582941,1,0,0
Radolfzell Bahnhof,Sontheim (Brenz),133.84081801103207,85.28597701278504,1,0,0
Ravensburg Bahnhof,"Aalen, Hauptbahnhof",123.03196371646304,68.86215007163561,1,0,0
Ravensburg Bahnhof,Bad Säckingen Bahnhof,126.65794214482554,79.623125294009,1,0,0
Ravensburg Bahnhof,Badischer Bahnhof,151.49286823383397,98.12055628376037,1,0,0
Ravensburg Bahnhof,Esslingen (N) Gleis 3,108.49263658810526,67.06475642895066,1,0,0
Ravensburg Bahnhof,Giengen (Brenz),104.02541872672286,65.63395298308612,1,0,0
Ravensburg Bahnhof,Heidenheim (Brenz),107.64781096456674,66.86295388382018,1,0,0
Ravensburg Bahnhof,"Oberkochen, Bahnhof",117.0144132188281,68.86745755117452,1,0,0
Ravensburg Bahnhof,Plochingen Gleis 1,104.26627773590624,67.06848407745831,1,0,0
Ravensburg Bahnhof,Rheinfelden (Baden) Bahnhof,138.71871105157726,88.01787858548784,1,0,0
Ravensburg Bahnhof,Stuttgart Hauptbahnhof (oben) Gleis 11,115.55347741262965,75.11360899031371,1,0,0
Ravensburg Bahnhof,Stuttgart Hauptbahnhof (oben) Gleis 12,115.55347741262965,75.11360899031371,1,0,0
Ravensburg Bahnhof,Stuttgart Hauptbahnhof (oben) Gleis 13,115.55347741262965,75.11360899031371,1,0,0
Ravensburg Bahnhof,Stuttgart Hauptbahnhof (oben) Gleis 14,115.55347741262965,75.11360899031371,1,0,0
Ravensburg Bahnhof,Stuttgart Hauptbahnhof (oben) Gleis 3,115.55347741262965,75.11360899031371,1,0,0
Ravensburg Bahnhof,Stuttgart Hauptbahnhof (oben) Gleis 9,115.55347741262965,75.11360899031371,1,0,0
Reggio Calabria Centrale,Torino Lingotto,1015.4047228783116,126.6887542390889,0,1,-1
Rheinfelden (Baden) Bahnhof,Bahnhof Überlingen,105.90412197945828,67.3409100751776,1,0,0
Rheinfelden (Baden) Bahnhof,Bermatingen-Ahausen Bahnhof,118.48403949612708,79.55048219460186,1,0,0
Rheinfelden (Baden) Bahnhof,Friedrichshafen Hafenbahnhof,127.74036283230733,85.03972697631286,1,0,0
Rheinfelden (Baden) Bahnhof,Friedrichshafen Stadtbahnhof,127.09272252390444,85.04029819506488,1,0,0
Rheinfelden (Baden) Bahnhof,Markdorf Bahnhof,121.49221827994047,79.54782898091453,1,0,0
Rheinfelden (Baden) Bahnhof,"Salem, Bahnhof",115.46372463687484,76.95214619078625,1,0,0
Rheinfelden (Baden) Bahnhof,Uhldingen-Mühlhofen Bahnhof,111.49556631390992,67.33597842127462,1,0,0
Rijeka,Budapest Déli,426.7727575939667,111.61753754004458,1,1,0
Rodez,Paris Austerlitz,498.31846661779787,99.3266395471999,1,0,-1
Rohrenfeld,Ulm Hbf,100.49707204337268,65.01672561559083,1,0,0
Roma Termini,Bolzano / Bozen,519.0967485415856,115.99848859271674,1,1,0
Roma Termini,Lecce,504.7426979397747,117.06928359046628,1,1,0
Roma Termini,Palermo Centrale,427.9256667607793,111.63917609572896,1,1,0
Roma Termini,Siracusa,587.7107886813169,119.9986839991667,1,1,0
Roma Termini,Trieste Centrale,430.04222391895206,110.64000423465166,1,1,0
Roma Tiburtina,München Hbf,696.9996357558224,144.4259761176441,0,1,0
Roma Tiburtina,Wien Hbf,759.995661238376,171.40722749206665,0,1,1
Rosenheim,Altona,652.3662832221219,166.7398224041273,0,1,0
Rosenheim,Augsburg Hbf,108.0602666635783,72.89651659194763,1,0,0
Rosenheim,Hamburg Hbf,651.2527157221531,168.826733853103,0,1,0
Rosenheim,Nürnberg Hbf,193.0846774020499,81.49564324660955,1,0,0
Röthenbach (Allgäu),Augsburg Hbf,107.99225219646824,67.44271609880556,1,0,0
Röthenbach (Allgäu),Augsburg Messe,105.81638481298909,67.44463521383778,1,0,0
Röthenbach (Allgäu),Augsburg Morellstraße,107.5168266589428,67.44313542412966,1,0,0
Röthenbach (Allgäu),Donauwörth,135.89569900138832,82.94801524899967,1,0,0
Röthenbach (Allgäu),Inningen,102.72932776881204,67.44735799815075,1,0,0
Röthenbach (Allgäu),München Hbf Gleis 15,132.8420770131358,82.81703455158213,1,0,0
Röthenbach (Allgäu),München Hbf Gleis 18,132.85473679175743,82.8170233856574,1,0,0
Röthenbach (Allgäu),München Hbf Gleis 24,132.88319053341553,82.81699828945725,1,0,0
Röthenbach (Allgäu),München Hbf Gleis 25,132.88890599222896,82.81699324842258,1,0,0
Röthenbach (Allgäu),Nürnberg Hbf,219.2825892219657,86.27968571225402,1,0,0
Röthenbach (Allgäu),Pasing Gleis 3,126.91908772253224,76.71225939058769,1,0,0
Röthenbach (Allgäu),Pasing Gleis 4,126.92898562967493,76.7122506606336,1,0,0
Röthenbach (Allgäu),Treuchtlingen,164.9373497995694,100.95571950691728,1,0,0
"Salem, Bahnhof","Aalen, Hauptbahnhof",134.25828196567016,73.12373554477632,1,0,0
"Salem, Bahnhof",Bad Säckingen Bahnhof,103.43507810911564,68.81019013053852,1,0,0
"Salem, Bahnhof",Badischer Bahnhof,128.21517661356825,86.91308015580152,1,0,0
"Salem, Bahnhof",Giengen (Brenz),118.5516926923062,71.71978740456576,1,0,0
"Salem, Bahnhof",Heidenheim (Brenz),120.75252480555088,71.96467833960217,1,0,0
"Salem, Bahnhof",Langenau (Württ),102.34980216285084,65.92934551852761,1,0,0
"Salem, Bahnhof","Oberkochen, Bahnhof",128.77186260637328,73.12857456665122,1,0,0
"Salem, Bahnhof",Rheinfelden (Baden) Bahnhof,115.4642258855352,76.95214574868493,1,0,0
"Salem, Bahnhof",Sontheim (Brenz),115.37885062846648,72.60727544487686,1,0,0
Salerno,Torino Lingotto,754.8545792186109,175.74462525107205,0,1,1
Salerno,Torino Porta Susa,757.3199307043404,175.63372881054096,0,1,1
Satu Mare,București Nord,445.75838388999847,112.49003073789146,1,1,0
Satu Mare,Mangalia,623.7960687410105,123.93045460927384,0,1,0
Schelklingen,Donaueschingen Bahnhof,103.0268002437126,65.32555895896782,1,0,0
Schwörstadt Bahnhof,Bermatingen-Ahausen Bahnhof,111.58394331680148,69.74389364385398,1,0,0
Schwörstadt Bahnhof,Friedrichshafen Stadtbahnhof,120.42986496756744,75.39919314086079,1,0,0
Schwörstadt Bahnhof,Markdorf Bahnhof,114.6381506850326,69.7411998329552,1,0,0
Schwörstadt Bahnhof,"Salem, Bahnhof",108.4824444305341,66.69387832247965,1,0,0
Sighetu Marmației,București Nord,422.9160407266909,102.98706208470236,1,1,0
Singen (Htw) Bahnhof,"Aalen, Hauptbahnhof",151.93088096408763,91.51687641876572,1,0,0
Singen (Htw) Bahnhof,Giengen (Brenz),140.90013699765305,92.758029370023,1,0,0
Singen (Htw) Bahnhof,Heidenheim (Brenz),141.28988846110465,91.63565752917818,1,0,0
Singen (Htw) Bahnhof,Langenau (Württ),125.42971841716152,88.70548043879161,1,0,0
Singen (Htw) Bahnhof,"Oberkochen, Bahnhof",147.32440152866445,91.52093933362778,1,0,0
Singen (Htw) Bahnhof,Sontheim (Brenz),139.12295602100968,95.03166294436244,1,0,0
Singen (Htw) Bahnhof,Ulm Hbf,110.60882483906184,68.59167643497985,1,0,0
Sipplingen Bahnhof,"Aalen, Hauptbahnhof",137.8685227655116,82.98313119109557,1,0,0
Sipplingen Bahnhof,Giengen (Brenz),124.7616185510772,83.41723056756138,1,0,0
Sipplingen Bahnhof,Heidenheim (Brenz),125.90956370976348,82.70339597034045,1,0,0
Sipplingen Bahnhof,Langenau (Württ),108.91608986265446,78.8553517926578,1,0,0
Sipplingen Bahnhof,"Oberkochen, Bahnhof",132.84217661168918,82.98756442840323,1,0,0
Sipplingen Bahnhof,Sontheim (Brenz),122.41799564162412,85.29605194211486,1,0,0
Siracusa,Milano Centrale,1064.1675173548674,132.0956903497526,0,1,-1
Siracusa,Roma Termini,587.7107886813169,119.9986839991667,1,1,0
Sontheim (Brenz),Bahnhof Überlingen,121.00893307118824,83.99874439233163,1,0,0
Sontheim (Brenz),Friedrichshafen Stadtbahnhof,117.3690527702162,73.8396409154021,1,0,0
Sontheim (Brenz),Ludwigshafen(Bodensee) Bahnhof,123.18334188813404,83.44836587845475,1,0,0
Sontheim (Brenz),Radolfzell Bahnhof,133.82686992968917,83.27938922726702,1,0,0
Sontheim (Brenz),"Salem, Bahnhof",115.37885062846648,70.87728495855364,1,0,0
Sontheim (Brenz),Singen (Htw) Bahnhof,139.12295602100968,92.94565334178344,1,0,0
Sontheim (Brenz),Sipplingen Bahnhof,122.41799564162412,83.46051651546435,1,0,0
Sontheim (Brenz),Uhldingen-Mühlhofen Bahnhof,119.46174454146072,84.02330755742958,1,0,0
Sontheim (Brenz),Überlingen Bahnhof Therme,121.91171788233378,83.98441178066987,1,0,0
Split,Bratislava Nové Mesto,521.7998892278248,88.22635884616297,1,1,0
Split,Budapest Keleti,489.599545109085,53.331936426547074,1,1,-1
Split,Osijek,288.76914352006855,86.9028411259992,1,0,0
Split,Vukovar,289.13228068732985,88.97455382229838,1,0,0
Split,Zagreb Gl. K.,258.35782804844297,72.37923206663618,1,0,-1
St. Georgen Bahnhof,Ulm Hbf,125.15545381179702,59.72785170900613,1,0,0
Stavanger,Oslo S,302.65238857004414,104.91887700864706,1,0,0
Stockholm C,Berlin Hbf,810.5934008503954,223.8120451972173,0,1,-1
Stockholm C,Berlin Hbf,810.5934008503954,223.8120451972173,0,1,-1
Stockholm C,Duved,527.6870120417353,137.00283926338582,1,1,0
Stockholm C,Luleå C,726.41863286551,179.55425749401508,0,1,0
Stockholm C,Malmö C,512.1231750190567,141.78911535261295,1,1,0
Stockholm C,Narvik,1013.6097080275928,167.0170065416413,0,1,-1
Stockholm C,Umeå C,513.8154445257063,138.56898299961784,1,1,0
Storlien,Malmö C,858.4041806146538,237.16072460452048,0,1,-1
Strasbourg Gare Centrale,Augsburg Hbf,233.58252553019872,80.48581673127555,1,0,-1
Strasbourg Gare Centrale,München Hbf Gleis 14,286.73202954732017,96.9831788482244,1,0,-1
Strasbourg Gare Centrale,Paris Gare de l'Est,395.4025486859449,96.6759608395817,1,0,-1
Strasbourg Gare Centrale,Stuttgart Hauptbahnhof (oben) Gleis 10,108.65278940917644,65.45451032361392,1,0,0
Strasbourg Gare Centrale,Ulm Hauptbahnhof,166.97626548789864,92.77210335131356,1,0,0
Stuttgart Hauptbahnhof (oben) Gleis 10,Augsburg Hbf,133.646719568114,78.66645630977675,1,0,0
Stuttgart Hauptbahnhof (oben) Gleis 10,München Hbf Gleis 14,189.1649470544965,108.06379808893756,1,0,0
Stuttgart Hauptbahnhof (oben) Gleis 10,Paris Gare de l'Est,499.3559005559778,78.11895123990529,1,1,0
Stuttgart Hauptbahnhof (oben) Gleis 10,Strasbourg Gare Centrale,108.65278940917644,65.45451032361392,1,0,0
Stuttgart Hauptbahnhof (oben) Gleis 11,Friedrichshafen Stadtbahnhof,127.65492577625218,78.85771252612432,1,0,0
Stuttgart Hauptbahnhof (oben) Gleis 11,Meckenbeuren Bahnhof,123.78999520430824,79.07928899581387,1,0,0
Stuttgart Hauptbahnhof (oben) Gleis 11,Ravensburg Bahnhof,115.54636041588248,68.59125431474911,1,0,0
Stuttgart Hauptbahnhof (oben) Gleis 12,Enzisweiler,140.35143187056943,85.40281474384409,1,0,0
Stuttgart Hauptbahnhof (oben) Gleis 12,Eriskirch Bahnhof,131.0578083424321,78.66262526860523,1,0,0
Stuttgart Hauptbahnhof (oben) Gleis 12,Friedrichshafen Stadtbahnhof,127.65492577625218,78.85771252612432,1,0,0
Stuttgart Hauptbahnhof (oben) Gleis 12,Kressbronn Bahnhof,135.93496540939265,85.65601076606335,1,0,0
Stuttgart Hauptbahnhof (oben) Gleis 12,Langenargen Bahnhof,134.49025986954445,78.46584282255587,1,0,0
Stuttgart Hauptbahnhof (oben) Gleis 12,Lindau-Aeschach,141.25180787536564,85.35119618748912,1,0,0
Stuttgart Hauptbahnhof (oben) Gleis 12,Lindau-Reutin,142.32125106560267,85.28988500939283,1,0,0
Stuttgart Hauptbahnhof (oben) Gleis 12,Meckenbeuren Bahnhof,123.78999520430824,79.07928899581387,1,0,0
Stuttgart Hauptbahnhof (oben) Gleis 12,Nonnenhorn,138.21187572183814,85.52547549785085,1,0,0
Stuttgart Hauptbahnhof (oben) Gleis 12,Ravensburg Bahnhof,115.54636041588248,68.59125431474911,1,0,0
Stuttgart Hauptbahnhof (oben) Gleis 12,Wasserburg (Bodensee),139.04581400140165,85.47766581628348,1,0,0
Stuttgart Hauptbahnhof (oben) Gleis 13,Friedrichshafen Stadtbahnhof,127.6446373522191,78.85830236147414,1,0,0
Stuttgart Hauptbahnhof (oben) Gleis 13,Meckenbeuren Bahnhof,123.78999520430824,79.07928899581387,1,0,0
Stuttgart Hauptbahnhof (oben) Gleis 13,Ravensburg Bahnhof,115.54636041588248,68.59125431474911,1,0,0
Stuttgart Hauptbahnhof (oben) Gleis 14,Enzisweiler,140.35143187056943,85.40281474384409,1,0,0
Stuttgart Hauptbahnhof (oben) Gleis 14,Eriskirch Bahnhof,131.0578083424321,78.66262526860523,1,0,0
Stuttgart Hauptbahnhof (oben) Gleis 14,Friedrichshafen Stadtbahnhof,127.6446373522191,78.85830236147414,1,0,0
Stuttgart Hauptbahnhof (oben) Gleis 14,Kressbronn Bahnhof,135.93496540939265,85.65601076606335,1,0,0
Stuttgart Hauptbahnhof (oben) Gleis 14,Langenargen Bahnhof,134.49025986954445,78.46584282255587,1,0,0
Stuttgart Hauptbahnhof (oben) Gleis 14,Lindau-Aeschach,141.25180787536564,85.35119618748912,1,0,0
Stuttgart Hauptbahnhof (oben) Gleis 14,Lindau-Reutin,142.32125106560267,85.28988500939283,1,0,0
Stuttgart Hauptbahnhof (oben) Gleis 14,Meckenbeuren Bahnhof,123.78999520430824,79.07928899581387,1,0,0
Stuttgart Hauptbahnhof (oben) Gleis 14,Nonnenhorn,138.21187572183814,85.52547549785085,1,0,0
Stuttgart Hauptbahnhof (oben) Gleis 14,Ravensburg Bahnhof,115.54636041588248,68.59125431474911,1,0,0
Stuttgart Hauptbahnhof (oben) Gleis 14,Wasserburg (Bodensee),139.04581400140165,85.47766581628348,1,0,0
Stuttgart Hauptbahnhof (oben) Gleis 15,Friedrichshafen Stadtbahnhof,127.6446373522191,78.85830236147414,1,0,0
Stuttgart Hauptbahnhof (oben) Gleis 15,Meckenbeuren Bahnhof,123.78999520430824,79.07928899581387,1,0,0
Stuttgart Hauptbahnhof (oben) Gleis 15,Ravensburg Bahnhof,115.54636041588248,68.59125431474911,1,0,0
Stuttgart Hauptbahnhof (oben) Gleis 16,Friedrichshafen Stadtbahnhof,127.6446373522191,78.85830236147414,1,0,0
Stuttgart Hauptbahnhof (oben) Gleis 16,Meckenbeuren Bahnhof,123.78999520430824,79.07928899581387,1,0,0
Stuttgart Hauptbahnhof (oben) Gleis 16,Ravensburg Bahnhof,115.54636041588248,68.59125431474911,1,0,0
Stuttgart Hauptbahnhof (oben) Gleis 3,Friedrichshafen Stadtbahnhof,127.6446373522191,78.85830236147414,1,0,0
Stuttgart Hauptbahnhof (oben) Gleis 3,Meckenbeuren Bahnhof,123.78999520430824,79.07928899581387,1,0,0
Stuttgart Hauptbahnhof (oben) Gleis 3,Ravensburg Bahnhof,115.54636041588248,68.59125431474911,1,0,0
Stuttgart Hbf,Budapest Keleti,747.9209404467774,142.1457486644244,0,1,0
Stuttgart Hbf,Venezia Santa Lucia,441.0151302014133,71.70652017052723,1,0,0
Stuttgart Hbf,Zagreb Gl. K.,610.0334949829656,117.7949299760067,0,1,0
Suceava Nord,Constanța,431.7553521686727,74.14209377364946,1,0,0
Szklarska Poręba Górna,Warszawa Wschodnia,413.7149523750052,97.59312971709728,1,1,0
Tannheim (Württ),München Hbf Gleis 24,109.75739508529531,69.70733540136894,1,0,0
Tannheim (Württ),München Hbf Gleis 24,109.75739508529531,69.70733540136894,1,0,0
Tannheim (Württ),Pasing Gleis 3,102.85819810416253,63.29690389573908,1,0,0
Tannheim (Württ),Pasing Gleis 3,102.85819810416253,63.29690389573908,1,0,0
Tarbes,Paris Austerlitz,647.5588559432113,150.66785623051885,0,1,0
Tatvan,Ankara,827.4309412029705,173.8842716288887,0,1,1
Timişoara Nord,Iași,514.1004354388759,119.47071517346768,1,1,0
Torino Lingotto,Lecce,1003.1453798348672,125.08540042830244,0,1,-1
Torino Lingotto,Reggio Calabria Centrale,1015.4047228783116,126.6887542390889,0,1,-1
Torino Lingotto,Salerno,754.8545792186109,175.74462525107205,0,1,1
Torino Porta Susa,Salerno,757.3199307043404,175.63372881054096,0,1,1
Toulouse Matabiau,Paris Austerlitz,585.8311066474893,123.80054925001156,1,1,0
Treuchtlingen,Buchloe,104.08755535549123,69.40320186625533,1,0,0
Treuchtlingen,Heimenkirch,165.760353710328,98.46958287393534,1,0,0
Treuchtlingen,Hergatz,166.58061439350794,110.72283319331734,1,0,0
Treuchtlingen,Immenstadt,164.13180192942843,104.22852837383586,1,0,0
Treuchtlingen,Kaufbeuren,122.45164285274512,79.98167756244862,1,0,0
Treuchtlingen,Kempten (Allgäu) Hbf,145.60005977461256,94.25729507376056,1,0,0
Treuchtlingen,Lindau-Reutin,180.32240984165168,110.5046684487826,1,0,0
Treuchtlingen,Oberstaufen,169.55080119744397,98.4094057296299,1,0,0
Treuchtlingen,Röthenbach (Allgäu),164.92853837496278,98.4827887741996,1,0,0
Triberg Bahnhof,Blaubeuren,118.78447096182757,58.908229898570504,1,0,0
Triberg Bahnhof,Herrlingen,126.71426743488963,58.45361466676985,1,0,0
Triberg Bahnhof,Ulm Hbf,132.37685784846835,63.13986708990727,1,0,0
Trieste Centrale,Roma Termini,430.04222391895206,113.6743821666238,1,1,0
Trondheim,Bodø,466.18318685514294,98.9560119379782,1,0,-1
Trondheim,Oslo S,392.50905060352534,120.52350405033036,1,0,0
Uhldingen-Mühlhofen Bahnhof,"Aalen, Hauptbahnhof",137.93405211864425,86.29342641039857,1,0,0
Uhldingen-Mühlhofen Bahnhof,Giengen (Brenz),122.55072870142088,85.02290245939649,1,0,0
Uhldingen-Mühlhofen Bahnhof,Heidenheim (Brenz),124.62856766575216,85.23789510458371,1,0,0
Uhldingen-Mühlhofen Bahnhof,Langenau (Württ),106.37512397989124,79.10073109533255,1,0,0
Uhldingen-Mühlhofen Bahnhof,"Oberkochen, Bahnhof",132.50926865056127,86.29821106941742,1,0,0
Uhldingen-Mühlhofen Bahnhof,Sontheim (Brenz),119.46174454146072,85.81451695508424,1,0,0
Ulm Hauptbahnhof,Karlsruhe Hauptbahnhof,133.5490380572215,84.78380067381897,1,0,0
Ulm Hauptbahnhof,München Hbf Gleis 14,120.06028133898756,76.43065149790546,1,0,0
Ulm Hauptbahnhof,München Hbf Gleis 15,120.05809524827512,76.43068620428161,1,0,0
Ulm Hauptbahnhof,Paris Gare de l'Est,562.3747626477199,142.3553492610603,1,1,0
Ulm Hauptbahnhof,Pasing Gleis 9,112.91847973581316,70.15147238937438,1,0,0
Ulm Hauptbahnhof,Strasbourg Gare Centrale,166.97626548789864,99.69393746084891,1,0,0
Ulm Hbf,Bad Säckingen Bahnhof,178.0601014408661,108.37282812996555,1,0,0
Ulm Hbf,Badischer Bahnhof,199.42203968546465,75.99849322104774,1,0,0
Ulm Hbf,Donaueschingen Bahnhof,120.90965713213524,69.4387088518991,1,0,0
Ulm Hbf,Erzingen (Baden) Bahnhof,141.66370360554544,85.8514480523204,1,0,0
Ulm Hbf,Geisingen Bahnhof,112.04398922757971,71.7932400032683,1,0,0
Ulm Hbf,Ingolstadt Hbf,113.70482024709771,76.67436650575486,1,0,0
Ulm Hbf,Ingolstadt Nord,114.44203244486197,76.66266252490315,1,0,0
Ulm Hbf,Lauchringen Bahnhof,150.26979000396452,85.71481782465911,1,0,0
Ulm Hbf,München Hbf Gleis 12,120.02202442288764,76.43125886470547,1,0,0
Ulm Hbf,München Hbf Gleis 13,120.0151675937152,76.43136772372542,1,0,0
Ulm Hbf,München Hbf Gleis 14,120.01997110091358,76.43129146324513,1,0,0
Ulm Hbf,München Hbf Gleis 15,120.0177912092667,76.43132607120491,1,0,0
Ulm Hbf,München Hbf Gleis 16,120.01757996561126,76.43132942490918,1,0,0
Ulm Hbf,München Hbf Gleis 17,120.01686144387276,76.4313408321603,1,0,0
Ulm Hbf,München Hbf Gleis 18,120.01536754431716,76.43136454930965,1,0,0
Ulm Hbf,Pasing Gleis 9,112.87776307168104,70.15211880713414,1,0,0
Ulm Hbf,Rheinfelden (Baden) Bahnhof,188.51691400754152,114.6380120895254,1,0,0
Ulm Hbf,Rohrenfeld,100.49707204337268,65.01672561559083,1,0,0
Ulm Hbf,Schaffhausen,127.04506348998342,78.98890471099735,1,0,0
Ulm Hbf,Singen (Htw) Bahnhof,110.69964357314616,66.93176587712064,1,0,0
Ulm Hbf,Tiengen (Hochrhein) Bahnhof,152.93543138436107,85.67249810210393,1,0,0
Ulm Hbf,Villingen Bahnhof/ZOB,118.60318229140792,65.02006975397806,1,0,0
Ulm Hbf,Waldshut Bahnhof,157.0928052423222,85.60649563473494,1,0,0
Ulm Hbf,Weichering,105.42756301329804,64.9384491409523,1,0,0
Umeå C,Stockholm C,513.8154445257063,125.879796781611,1,1,0
Vatra Dornei Băi,București Nord,327.293847266987,87.36205197772756,1,0,0
Venezia Santa Lucia,Stuttgart Hbf,441.0151302014133,77.15217499825428,1,0,0
Venezia Santa Lucia,Wien Hbf,433.9095933541052,112.605134502919,1,1,0
Villach Hbf,Düsseldorf Hbf,725.8230618512234,153.84198601822368,0,1,0
Villach Hbf,Edirne,1154.2618380191282,144.90151834177206,0,1,-1
Villach Hbf,Hamburg Altona,819.6719698194485,191.49254554771247,0,1,1
Villingen Bahnhof/ZOB,Blaustein Gleis 2,114.77998551432772,60.32267730650005,1,0,0
Villingen Bahnhof/ZOB,Ulm Hbf,118.59904663730688,60.10373053231965,1,0,0
Vukovar,Split,289.13228068732985,109.63074221916258,1,0,0
Wangen Bahnhof,Geltendorf,101.25838574557848,67.28819219948359,1,0,0
Wangen Bahnhof,Geltendorf,101.25838574557848,67.28819219948359,1,0,0
Wangen Bahnhof,München Hbf Gleis 24,138.1721695295491,87.97435715955103,1,0,0
Wangen Bahnhof,München Hbf Gleis 24,138.1721695295491,87.97435715955103,1,0,0
Wangen Bahnhof,Pasing Gleis 3,131.90038483337253,81.69222672739862,1,0,0
Wangen Bahnhof,Pasing Gleis 3,131.90038483337253,81.69222672739862,1,0,0
Warszawa Wschodnia,Budapest Nyugati,546.0700593571285,95.75990564848628,1,1,0
Warszawa Wschodnia,München Hbf,814.8240894998492,139.55380323609398,0,1,-1
Warszawa Wschodnia,Praha hl.n.,520.2907643366152,87.71410760121086,1,1,0
Warszawa Wschodnia,Szklarska Poręba Górna,413.7149523750052,85.91643890126514,1,1,-1
Wasserburg (Bodensee),Esslingen (N) Gleis 3,132.1546651154912,85.01297838888026,1,0,0
Wasserburg (Bodensee),Geislingen (Steige) Gleis 2,117.43384466870232,76.94793186508286,1,0,0
Wasserburg (Bodensee),Göppingen Gleis 4,125.46279148203377,75.59396226730419,1,0,0
Wasserburg (Bodensee),Plochingen Gleis 1,128.02178966840177,85.01662358502459,1,0,0
Wasserburg (Bodensee),Stuttgart Hauptbahnhof (oben) Gleis 11,139.04581400140165,93.3265239250346,1,0,0
Wasserburg (Bodensee),Stuttgart Hauptbahnhof (oben) Gleis 13,139.04581400140165,93.3265239250346,1,0,0
Wehr-Brennet Bahnhof,Bermatingen-Ahausen Bahnhof,108.70742949124802,69.74643072904811,1,0,0
Wehr-Brennet Bahnhof,Friedrichshafen Stadtbahnhof,117.43317280057104,75.40183622335208,1,0,0
Wehr-Brennet Bahnhof,Markdorf Bahnhof,111.7348815331235,69.7437605163472,1,0,0
Wehr-Brennet Bahnhof,"Salem, Bahnhof",105.6587354051501,66.69636883384004,1,0,0
Weichering,Neu-Ulm,104.07399206023332,64.95993843340315,1,0,0
Weichering,Ulm Hbf,105.42756301329804,64.9384491409523,1,0,0
Wien Hbf,Amsterdam Centraal,937.867979856593,201.11610221342087,0,1,1
Wien Hbf,Bregenz,500.954653388415,118.84038401166885,1,1,0
Wien Hbf,București Nord,852.0070230476704,190.93532934224703,0,1,1
Wien Hbf,Hamburg Altona,748.0564796215689,176.77194038852022,0,1,1
Wien Hbf,Roma Tiburtina,759.995661238376,173.4181760117034,0,1,1
Wien Hbf,Venezia Santa Lucia,433.9095933541052,113.75325928693394,1,1,0
Wyhlen Bahnhof,Bahnhof Überlingen,113.0050376279347,67.33464706757566,1,0,0
Wyhlen Bahnhof,Bermatingen-Ahausen Bahnhof,125.60055435998862,79.54420542849192,1,0,0
Wyhlen Bahnhof,Friedrichshafen Stadtbahnhof,134.19349203608917,85.03403531635513,1,0,0
Wyhlen Bahnhof,Markdorf Bahnhof,128.6088550411124,79.54155210729117,1,0,0
Wyhlen Bahnhof,"Salem, Bahnhof",122.57517921675787,76.94587388784679,1,0,0
Wyhlen Bahnhof,Uhldingen-Mühlhofen Bahnhof,118.61018134474033,67.32970333081744,1,0,0
Zagreb Gl. K.,Split,258.35782804844297,89.24173078770195,1,0,0
Zagreb Gl. K.,Stuttgart Hbf,610.0334949829656,129.63201991265618,0,1,0
Zagreb Gl. K.,Zürich HB,594.497774816676,123.96661950315358,1,1,0
Zakopane,Gdynia Gł.,588.4871436483481,127.6630012290713,1,1,0
Zakopane,Świnoujście,645.0313601009307,154.01137786787584,0,1,0
Zemun,Bar,324.00076837130325,84.14460101765746,1,1,-1
Zürich HB,Amsterdam Centraal,614.0212783148834,150.04695283914438,0,1,0
Zürich HB,Berlin Hbf,668.1718928717406,173.30938637829226,0,1,0
Zürich HB,Budapest Keleti,792.5146364909679,210.70146876741373,0,1,-1
Zürich HB,Graz Hbf,520.1972565068972,140.2901654397973,1,1,0
Zürich HB,Hamburg Altona,693.549975408636,182.75499422500823,0,1,0
Zürich HB,Praha hl.n.,526.4534025440987,143.54978710532706,1,1,0
Zürich HB,Zagreb Gl. K.,594.497774816676,145.98919507346253,1,1,0
Überlingen Bahnhof Therme,"Aalen, Hauptbahnhof",138.44820445419575,86.29297292803861,1,0,0
Überlingen Bahnhof Therme,Giengen (Brenz),124.51858282345408,85.02116681206086,1,0,0
Überlingen Bahnhof Therme,Heidenheim (Brenz),125.9992909599947,85.2366861266382,1,0,0
Überlingen Bahnhof Therme,Langenau (Württ),108.5320964197266,79.09882864564062,1,0,0
Überlingen Bahnhof Therme,"Oberkochen, Bahnhof",133.275934588216,86.2975348700604,1,0,0
Überlingen Bahnhof Therme,Sontheim (Brenz),121.90497312778218,85.81236202747111,1,0,0
İstanbul Halkalı,Ankara,365.302805165389,88.10450612896031,1,0,0
İstanbul Halkalı,București Nord,439.9977264500113,67.9745369057508,1,0,0
İzmir Basmane,Ankara,519.1685123931088,106.0771254742845,1,1,0
İzmir Basmane,Konya,1127.0839930762352,113.2983922992516,0,1,-1
Łeba,Bohumín,542.7448652242813,87.01025823204402,1,1,0
Łeba,Kraków Gł.,546.0892639717985,84.59433410900738,1,1,0
Świnoujście,Bielsko-Biała Gł.,559.173648330782,99.8514899061957,1,1,0
Świnoujście,Chelm,695.1090393829659,108.391696439993,0,1,-1
Świnoujście,Przemyśl Gł.,741.947360049923,114.13985929852088,0,1,-1
Świnoujście,Zakopane,645.0313601009307,107.92904743954514,0,1,-1
